image_path,split_names,task_families,width,height,aspect_ratio,shorter_side,usage_count
images/10.jpg,multi_train,multi,1128,2995,0.376628,1128,2
images/100.jpg,single_train,single,2500,3917,0.638244,2500,5
images/1000.jpg,single_train,single,2500,4341,0.575904,2500,11
images/1002.jpg,multi_test,multi,2500,3891,0.642508,2500,5
images/1003.jpg,single_train,single,2500,2813,0.888731,2500,8
images/1004.jpg,single_train,single,2250,1969,1.142712,1969,7
images/1008.jpg,multi_train,multi,2500,3718,0.672405,2500,3
images/1009.jpg,"multi_train,single_train","multi,single",2500,3451,0.724428,2500,11
images/1011.jpg,multi_train,multi,2500,2379,1.050862,2379,6
images/1012.jpg,multi_train,multi,3174,5434,0.5841,3174,2
images/1013.jpg,multi_train,multi,2539,4672,0.54345,2539,2
images/1017.jpg,single_train,single,2500,3750,0.666667,2500,7
images/1018.jpg,single_test,single,2500,2961,0.844309,2500,8
images/1023.jpg,multi_train,multi,2500,2937,0.851209,2500,3
images/1026.jpg,single_train,single,2250,2007,1.121076,2007,2
images/1028.jpg,multi_train,multi,2500,3451,0.724428,2500,2
images/1034.jpg,single_train,single,1090,1125,0.968889,1090,9
images/1035.jpg,multi_train,multi,1325,2617,0.506305,1325,3
images/1036.jpg,multi_train,multi,1413,2548,0.554553,1413,4
images/1037.jpg,multi_train,multi,1349,2013,0.670144,1349,4
images/1040.jpg,single_train,single,2914,3419,0.852296,2914,6
images/1050.jpg,"multi_train,single_train","multi,single",2164,3966,0.545638,2164,13
images/1051.jpg,multi_test,multi,2539,3976,0.638581,2539,2
images/1056.jpg,"multi_train,single_train","multi,single",3174,3313,0.958044,3174,10
images/1057.jpg,single_test,single,2500,3623,0.690036,2500,11
images/1058.jpg,"multi_train,single_train","multi,single",2500,2813,0.888731,2500,10
images/106.jpg,multi_train,multi,2500,6208,0.402706,2500,1
images/1060.jpg,multi_test,multi,2500,3750,0.666667,2500,2
images/1063.jpg,"multi_test,single_test","multi,single",2501,2763,0.905176,2501,11
images/1065.jpg,multi_train,multi,2500,3295,0.758725,2500,6
images/1066.jpg,multi_test,multi,2932,3570,0.821289,2932,4
images/1069.jpg,multi_train,multi,2500,3451,0.724428,2500,4
images/1073.jpg,multi_train,multi,3174,3608,0.879712,3174,1
images/1076.jpg,multi_train,multi,2501,3251,0.769302,2501,4
images/1077.jpg,multi_train,multi,2901,4895,0.592646,2901,3
images/1082.jpg,multi_train,multi,2500,3843,0.650533,2500,1
images/1087.jpg,single_train,single,1230,1760,0.698864,1230,8
images/1089.jpg,multi_train,multi,3394,4044,0.839268,3394,2
images/1090.jpg,"multi_train,single_train","multi,single",2257,5806,0.388736,2257,16
images/1091.jpg,multi_train,multi,2539,4070,0.623833,2539,1
images/1095.jpg,multi_train,multi,2500,3191,0.783453,2500,4
images/1096.jpg,single_train,single,1271,1892,0.671776,1271,2
images/1097.jpg,multi_train,multi,2500,2813,0.888731,2500,7
images/110.jpg,multi_train,multi,2500,2458,1.017087,2458,2
images/1103.jpg,multi_train,multi,2500,3295,0.758725,2500,4
images/1105.jpg,multi_train,multi,2539,3510,0.723362,2539,11
images/1107.jpg,multi_train,multi,2500,3306,0.756201,2500,5
images/1108.jpg,multi_train,multi,2500,3501,0.714082,2500,2
images/1110.jpg,multi_train,multi,4654,3534,1.316921,3534,4
images/1112.jpg,multi_train,multi,2676,4501,0.594535,2676,2
images/1115.jpg,single_train,single,2500,2813,0.888731,2500,7
images/1116.jpg,multi_train,multi,2500,4610,0.542299,2500,3
images/1117.jpg,multi_train,multi,805,802,1.003741,802,2
images/1118.jpg,multi_train,multi,1073,903,1.188261,903,1
images/1119.jpg,multi_train,multi,1363,1055,1.291943,1055,3
images/1124.jpg,single_train,single,2688,3423,0.785276,2688,6
images/1125.jpg,multi_train,multi,2500,4466,0.559785,2500,3
images/1126.jpg,single_train,single,2500,2813,0.888731,2500,7
images/1127.jpg,single_train,single,2387,4795,0.49781,2387,9
images/1129.jpg,multi_train,multi,2500,3295,0.758725,2500,6
images/1130.jpg,multi_train,multi,2500,4247,0.588651,2500,4
images/1135.jpg,"multi_train,single_train","multi,single",2500,2954,0.84631,2500,13
images/1137.jpg,multi_train,multi,2500,2470,1.012146,2470,4
images/1138.jpg,multi_train,multi,760,1438,0.528512,760,5
images/1139.jpg,single_train,single,2025,3137,0.645521,2025,5
images/1143.jpg,"multi_train,single_train","multi,single",2500,4757,0.525541,2500,9
images/1144.jpg,multi_train,multi,2229,5505,0.404905,2229,3
images/1152.jpg,single_train,single,1176,2880,0.408333,1176,8
images/1156.jpg,multi_train,multi,1349,1272,1.060535,1272,4
images/1158.jpg,single_train,single,3629,4801,0.755884,3629,10
images/1159.jpg,multi_train,multi,2500,3459,0.722752,2500,3
images/1160.jpg,single_train,single,821,1599,0.513446,821,7
images/1163.jpg,"multi_train,single_train","multi,single",1188,2856,0.415966,1188,15
images/1165.jpg,multi_train,multi,1708,3269,0.522484,1708,3
images/1166.jpg,multi_train,multi,2500,3297,0.758265,2500,3
images/1169.jpg,multi_train,multi,2257,4246,0.531559,2257,7
images/1170.jpg,multi_train,multi,3279,5864,0.559175,3279,3
images/1173.jpg,single_train,single,1027,2950,0.348136,1027,5
images/11733.jpg,multi_train,multi,1200,2133,0.562588,1200,3
images/11739.jpg,multi_train,multi,2433,6047,0.402348,2433,1
images/11741.jpg,single_train,single,475,1334,0.356072,475,7
images/11743.jpg,multi_train,multi,1200,2133,0.562588,1200,4
images/11744.jpg,multi_train,multi,1200,1915,0.626632,1200,4
images/11745.jpg,"multi_train,single_train","multi,single",1875,3458,0.542221,1875,10
images/11747.jpg,multi_train,multi,1200,2133,0.562588,1200,4
images/11749.jpg,multi_train,multi,1200,2133,0.562588,1200,8
images/11750.jpg,multi_train,multi,730,1184,0.616554,730,2
images/11751.jpg,multi_train,multi,1200,1350,0.888889,1200,3
images/11754.jpg,multi_train,multi,992,1819,0.545355,992,6
images/11760.jpg,single_train,single,1200,1665,0.720721,1200,10
images/11764.jpg,multi_train,multi,1200,2490,0.481928,1200,1
images/11765.jpg,multi_train,multi,1200,2490,0.481928,1200,1
images/11779.jpg,single_train,single,1875,4668,0.401671,1875,6
images/1178.jpg,single_train,single,1472,1706,0.862837,1472,8
images/11782.jpg,multi_train,multi,1200,2112,0.568182,1200,4
images/11789.jpg,multi_train,multi,1200,2133,0.562588,1200,9
images/11790.jpg,multi_train,multi,2250,3302,0.681405,2250,9
images/11795.jpg,multi_train,multi,1200,2133,0.562588,1200,5
images/11797.jpg,multi_train,multi,1200,1805,0.66482,1200,5
images/11798.jpg,multi_train,multi,1200,1997,0.600901,1200,5
images/11801.jpg,single_train,single,1200,2133,0.562588,1200,12
images/11802.jpg,single_train,single,1200,1916,0.626305,1200,5
images/11805.jpg,multi_train,multi,1200,2666,0.450113,1200,2
images/11819.jpg,single_train,single,2250,3515,0.640114,2250,7
images/11822.jpg,multi_train,multi,1200,2133,0.562588,1200,3
images/11827.jpg,multi_train,multi,2250,5751,0.391236,2250,4
images/1183.jpg,multi_train,multi,1386,1825,0.759452,1386,3
images/11834.jpg,multi_train,multi,2250,4197,0.536097,2250,7
images/1184.jpg,multi_train,multi,1349,1850,0.729189,1349,3
images/11840.jpg,single_train,single,1875,4668,0.401671,1875,9
images/11849.jpg,single_test,single,730,1622,0.450062,730,10
images/1185.jpg,single_train,single,1408,3626,0.388307,1408,7
images/11853.jpg,single_train,single,1200,2666,0.450113,1200,7
images/11858.jpg,single_train,single,1200,2637,0.455063,1200,10
images/1186.jpg,multi_train,multi,1070,1200,0.891667,1070,2
images/11860.jpg,multi_train,multi,1200,2637,0.455063,1200,3
images/11865.jpg,single_train,single,1200,2637,0.455063,1200,8
images/11867.jpg,single_train,single,1200,2637,0.455063,1200,9
images/11869.jpg,multi_train,multi,1200,2637,0.455063,1200,3
images/1187.jpg,multi_train,multi,1549,3224,0.480459,1549,3
images/11872.jpg,single_train,single,1200,2637,0.455063,1200,7
images/11873.jpg,single_train,single,1200,2637,0.455063,1200,8
images/11877.jpg,multi_train,multi,1200,2637,0.455063,1200,2
images/11879.jpg,multi_train,multi,730,1622,0.450062,730,4
images/11880.jpg,multi_train,multi,1200,2666,0.450113,1200,5
images/11881.jpg,single_train,single,1200,2666,0.450113,1200,8
images/11889.jpg,multi_train,multi,1200,2666,0.450113,1200,3
images/1189.jpg,"multi_train,single_train","multi,single",2500,3297,0.758265,2500,10
images/11891.jpg,multi_train,multi,1200,2666,0.450113,1200,4
images/11894.jpg,multi_train,multi,1200,2666,0.450113,1200,5
images/1190.jpg,multi_train,multi,2024,3472,0.582949,2024,6
images/11906.jpg,multi_train,multi,730,1622,0.450062,730,4
images/11907.jpg,single_train,single,730,1622,0.450062,730,10
images/11909.jpg,multi_train,multi,1200,2666,0.450113,1200,5
images/11918.jpg,multi_train,multi,730,1622,0.450062,730,2
images/1192.jpg,multi_train,multi,821,1570,0.52293,821,3
images/11920.jpg,single_train,single,2133,4003,0.53285,2133,8
images/11927.jpg,multi_train,multi,2500,1667,1.4997,1667,5
images/1193.jpg,multi_train,multi,1554,2915,0.533105,1554,3
images/11930.jpg,multi_train,multi,2500,1667,1.4997,1667,5
images/11939.jpg,multi_train,multi,2500,2887,0.865951,2500,2
images/1194.jpg,"multi_train,single_train","multi,single",1349,2628,0.513318,1349,11
images/11942.jpg,single_train,single,1200,1768,0.678733,1200,6
images/11951.jpg,single_train,single,2500,2728,0.916422,2500,6
images/11956.jpg,multi_train,multi,2500,3363,0.743384,2500,1
images/11959.jpg,multi_train,multi,2500,2705,0.924214,2500,1
images/11960.jpg,single_train,single,2500,2527,0.989315,2500,12
images/11961.jpg,multi_train,multi,2500,2859,0.874432,2500,1
images/11962.jpg,multi_train,multi,2500,2225,1.123596,2225,3
images/11964.jpg,multi_train,multi,2500,2601,0.961169,2500,3
images/11965.jpg,multi_train,multi,2500,2501,0.9996,2500,3
images/11975.jpg,multi_train,multi,730,991,0.73663,730,3
images/11979.jpg,single_train,single,1399,2298,0.60879,1399,11
images/1198.jpg,multi_train,multi,2388,4981,0.479422,2388,3
images/11980.jpg,multi_train,multi,2500,2681,0.932488,2500,8
images/11988.jpg,single_train,single,2500,2325,1.075269,2325,6
images/1199.jpg,multi_train,multi,2500,3297,0.758265,2500,3
images/11999.jpg,multi_test,multi,2500,3446,0.725479,2500,3
images/12000.jpg,multi_train,multi,2500,4370,0.572082,2500,4
images/12001.jpg,single_train,single,2250,2165,1.039261,2165,5
images/12002.jpg,multi_train,multi,2500,3576,0.699105,2500,2
images/12004.jpg,multi_train,multi,2500,2435,1.026694,2435,2
images/12009.jpg,"multi_train,single_train","multi,single",2500,4642,0.538561,2500,10
images/1201.jpg,"multi_train,single_train","multi,single",1613,3162,0.51012,1613,11
images/12011.jpg,multi_train,multi,1848,4188,0.441261,1848,3
images/1202.jpg,single_train,single,1071,1599,0.669794,1071,7
images/12021.jpg,single_train,single,3174,4711,0.673742,3174,10
images/12024.jpg,multi_train,multi,2500,3686,0.678242,2500,2
images/12025.jpg,multi_train,multi,720,1061,0.678605,720,2
images/12027.jpg,multi_train,multi,1601,3762,0.425572,1601,1
images/1203.jpg,single_train,single,1215,2531,0.480047,1215,9
images/12037.jpg,multi_train,multi,3400,4108,0.827653,3400,3
images/12038.jpg,multi_train,multi,720,869,0.828539,720,3
images/12040.jpg,multi_train,multi,1675,1896,0.883439,1675,3
images/12042.jpg,multi_test,multi,1348,3527,0.382194,1348,1
images/12044.jpg,single_train,single,4718,4261,1.107252,4261,6
images/12045.jpg,multi_train,multi,3817,5593,0.68246,3817,1
images/12046.jpg,multi_train,multi,2500,3176,0.787154,2500,12
images/12048.jpg,multi_train,multi,2500,4033,0.619886,2500,1
images/12051.jpg,single_test,single,1675,3871,0.432705,1675,8
images/12052.jpg,multi_train,multi,1675,3001,0.558147,1675,3
images/12057.jpg,single_train,single,1644,2555,0.643444,1644,9
images/1206.jpg,multi_train,multi,2480,3307,0.749924,2480,2
images/12061.jpg,multi_train,multi,645,606,1.064356,606,2
images/12064.jpg,multi_test,multi,1491,1340,1.112687,1340,1
images/12065.jpg,multi_train,multi,2421,2194,1.103464,2194,2
images/12074.jpg,multi_train,multi,1183,1562,0.757362,1183,1
images/12076.jpg,multi_train,multi,2500,3784,0.660677,2500,3
images/12078.jpg,single_train,single,2500,3447,0.725268,2500,9
images/12080.jpg,multi_train,multi,2500,2815,0.888099,2500,3
images/12096.jpg,multi_test,multi,1306,1866,0.699893,1306,3
images/12099.jpg,multi_train,multi,2000,4002,0.49975,2000,2
images/121.jpg,multi_train,multi,2500,2708,0.923191,2500,3
images/12109.jpg,multi_test,multi,1302,2589,0.502897,1302,1
images/12110.jpg,multi_test,multi,2500,4096,0.610352,2500,3
images/12112.jpg,multi_test,multi,951,1221,0.77887,951,1
images/12115.jpg,multi_test,multi,1302,2446,0.532298,1302,3
images/12116.jpg,"multi_train,single_train","multi,single",730,981,0.744139,730,8
images/12119.jpg,single_train,single,2500,5650,0.442478,2500,11
images/1212.jpg,multi_test,multi,1548,3190,0.485266,1548,12
images/12123.jpg,multi_train,multi,2501,4302,0.581358,2501,3
images/12125.jpg,multi_train,multi,1302,2263,0.575342,1302,4
images/1213.jpg,multi_train,multi,2617,5045,0.518731,2617,1
images/12130.jpg,multi_train,multi,1255,2611,0.480659,1255,2
images/12131.jpg,multi_train,multi,1313,3698,0.355057,1313,1
images/12138.jpg,multi_test,multi,1348,4263,0.316209,1348,1
images/12144.jpg,multi_train,multi,1302,1961,0.663947,1302,2
images/12146.jpg,multi_train,multi,942,2538,0.371158,942,1
images/12147.jpg,multi_train,multi,1399,3687,0.379441,1399,2
images/12148.jpg,single_train,single,1884,3040,0.619737,1884,7
images/12149.jpg,single_train,single,2667,4678,0.570115,2667,8
images/12154.jpg,multi_train,multi,1953,3598,0.542802,1953,2
images/12157.jpg,multi_train,multi,3387,4883,0.693631,3387,10
images/12158.jpg,"multi_train,single_train","multi,single",2053,2578,0.796354,2053,13
images/1216.jpg,single_train,single,3174,6489,0.489135,3174,9
images/12160.jpg,multi_train,multi,1906,5293,0.360098,1906,1
images/12161.jpg,single_train,single,1460,3704,0.394168,1460,11
images/12163.jpg,multi_train,multi,1472,2526,0.58274,1472,4
images/12169.jpg,multi_train,multi,2413,4248,0.568032,2413,1
images/12172.jpg,single_train,single,1890,2990,0.632107,1890,9
images/12174.jpg,single_train,single,1272,2641,0.481636,1272,8
images/12175.jpg,multi_train,multi,2250,2831,0.794772,2250,4
images/12177.jpg,single_train,single,1800,4796,0.375313,1800,3
images/12178.jpg,"multi_train,single_train","multi,single",2250,2860,0.786713,2250,15
images/12180.jpg,multi_train,multi,2250,3727,0.603703,2250,1
images/12184.jpg,multi_train,multi,2250,2777,0.810227,2250,13
images/12185.jpg,multi_train,multi,2250,3836,0.586548,2250,5
images/12188.jpg,multi_train,multi,2250,5096,0.441523,2250,8
images/12190.jpg,single_train,single,1950,4841,0.402809,1950,9
images/12191.jpg,multi_train,multi,2250,5034,0.446961,2250,2
images/12192.jpg,multi_train,multi,2250,3873,0.580945,2250,4
images/12195.jpg,multi_train,multi,2250,3814,0.589932,2250,6
images/12196.jpg,multi_train,multi,2250,2648,0.849698,2250,2
images/12197.jpg,multi_train,multi,2250,5482,0.410434,2250,3
images/1220.jpg,multi_train,multi,2196,4304,0.510223,2196,2
images/12201.jpg,multi_train,multi,1800,3879,0.464037,1800,9
images/12203.jpg,multi_train,multi,1800,3879,0.464037,1800,5
images/12204.jpg,multi_train,multi,1800,2621,0.686761,1800,2
images/12206.jpg,multi_train,multi,1800,3871,0.464996,1800,13
images/12209.jpg,multi_test,multi,1509,2978,0.506716,1509,2
images/12210.jpg,multi_test,multi,1509,3196,0.472153,1509,2
images/12213.jpg,multi_test,multi,1509,3196,0.472153,1509,2
images/12214.jpg,multi_train,multi,2250,2673,0.841751,2250,5
images/12215.jpg,multi_train,multi,1800,4066,0.442696,1800,2
images/12216.jpg,multi_train,multi,1800,2621,0.686761,1800,6
images/12218.jpg,multi_train,multi,1800,4003,0.449663,1800,6
images/12219.jpg,multi_train,multi,1800,2904,0.619835,1800,6
images/12220.jpg,multi_train,multi,2250,2673,0.841751,2250,5
images/12221.jpg,multi_test,multi,1800,3979,0.452375,1800,4
images/12222.jpg,multi_train,multi,1800,2841,0.63358,1800,4
images/12224.jpg,multi_train,multi,2250,3588,0.62709,2250,4
images/12228.jpg,multi_train,multi,720,1476,0.487805,720,2
images/1223.jpg,multi_test,multi,1349,1649,0.818072,1349,4
images/12230.jpg,multi_train,multi,720,1475,0.488136,720,4
images/12231.jpg,multi_train,multi,2250,5084,0.442565,2250,4
images/12232.jpg,"multi_train,single_train","multi,single",2250,3588,0.62709,2250,7
images/12233.jpg,multi_train,multi,2250,5084,0.442565,2250,4
images/12235.jpg,multi_train,multi,2250,5084,0.442565,2250,2
images/12236.jpg,multi_train,multi,2250,3588,0.62709,2250,3
images/12237.jpg,multi_train,multi,2250,3551,0.633624,2250,11
images/12238.jpg,multi_train,multi,2250,3551,0.633624,2250,5
images/12240.jpg,multi_train,multi,2250,3588,0.62709,2250,8
images/12241.jpg,multi_train,multi,2250,3403,0.661181,2250,9
images/12242.jpg,multi_train,multi,2250,2831,0.794772,2250,9
images/12244.jpg,multi_train,multi,2250,3403,0.661181,2250,6
images/12245.jpg,multi_train,multi,2250,3403,0.661181,2250,2
images/12246.jpg,multi_test,multi,1950,4269,0.456781,1950,4
images/12248.jpg,multi_train,multi,2250,3588,0.62709,2250,3
images/12249.jpg,multi_train,multi,2409,3705,0.650202,2409,3
images/1225.jpg,multi_test,multi,2500,3297,0.758265,2500,5
images/12252.jpg,single_test,single,2250,5051,0.445456,2250,7
images/12255.jpg,multi_train,multi,1240,1355,0.915129,1240,3
images/12256.jpg,multi_test,multi,2250,5051,0.445456,2250,4
images/12259.jpg,multi_train,multi,2365,3705,0.638327,2365,1
images/1226.jpg,multi_train,multi,3174,3900,0.813846,3174,3
images/12265.jpg,multi_train,multi,2250,5088,0.442217,2250,6
images/12266.jpg,multi_train,multi,2365,3823,0.618624,2365,9
images/12267.jpg,multi_train,multi,1240,1223,1.0139,1223,3
images/12269.jpg,multi_train,multi,1892,3165,0.597788,1892,4
images/1227.jpg,multi_train,multi,1549,2105,0.735867,1549,3
images/12270.jpg,multi_train,multi,1439,1236,1.164239,1236,2
images/12271.jpg,"multi_train,single_train","multi,single",1439,2025,0.710617,1439,8
images/12273.jpg,multi_train,multi,1439,1553,0.926594,1439,5
images/12274.jpg,multi_train,multi,1439,2057,0.699562,1439,5
images/12276.jpg,multi_train,multi,1892,3165,0.597788,1892,4
images/12278.jpg,multi_train,multi,2250,2366,0.950972,2250,3
images/12280.jpg,multi_train,multi,2250,3187,0.705993,2250,1
images/12281.jpg,"multi_train,single_train","multi,single",2250,2822,0.797307,2250,8
images/12283.jpg,multi_train,multi,1892,3328,0.56851,1892,9
images/12284.jpg,"multi_train,single_train","multi,single",1892,3468,0.545559,1892,12
images/12285.jpg,multi_train,multi,2250,6388,0.352223,2250,7
images/12286.jpg,multi_train,multi,2250,3778,0.595553,2250,5
images/12287.jpg,multi_train,multi,2250,3950,0.56962,2250,3
images/12288.jpg,single_train,single,2250,4837,0.465164,2250,11
images/12289.jpg,multi_train,multi,1950,5617,0.34716,1950,1
images/1229.jpg,multi_train,multi,2229,3191,0.698527,2229,2
images/12290.jpg,multi_train,multi,2250,4094,0.549585,2250,5
images/12291.jpg,"multi_train,single_train","multi,single",2025,4813,0.420736,2025,8
images/12292.jpg,multi_train,multi,1950,3475,0.561151,1950,3
images/12293.jpg,multi_train,multi,1950,5617,0.34716,1950,1
images/12294.jpg,single_train,single,2250,2751,0.817884,2250,9
images/12295.jpg,multi_train,multi,2250,4437,0.507099,2250,3
images/12296.jpg,"multi_test,single_test","multi,single",1950,4245,0.459364,1950,10
images/12298.jpg,multi_train,multi,2250,3391,0.663521,2250,4
images/12299.jpg,single_train,single,992,1624,0.610837,992,6
images/12303.jpg,multi_train,multi,2025,3377,0.599645,2025,4
images/12304.jpg,multi_train,multi,2025,3758,0.53885,2025,4
images/12307.jpg,multi_train,multi,2025,3724,0.54377,2025,4
images/12308.jpg,multi_train,multi,2100,4388,0.478578,2100,4
images/12309.jpg,multi_train,multi,2250,4353,0.516885,2250,4
images/12310.jpg,multi_train,multi,2250,4328,0.519871,2250,4
images/12311.jpg,multi_train,multi,2250,4776,0.471106,2250,3
images/12313.jpg,single_train,single,992,1465,0.677133,992,9
images/12314.jpg,multi_train,multi,2433,4302,0.565551,2433,1
images/12317.jpg,multi_train,multi,992,1107,0.896116,992,6
images/12318.jpg,multi_train,multi,992,1107,0.896116,992,6
images/12319.jpg,"multi_train,single_train","multi,single",992,1107,0.896116,992,14
images/12320.jpg,multi_train,multi,992,1107,0.896116,992,6
images/12322.jpg,single_train,single,992,1665,0.595796,992,6
images/12325.jpg,multi_train,multi,1275,1375,0.927273,1275,3
images/12329.jpg,multi_train,multi,1800,2918,0.616861,1800,4
images/1233.jpg,single_train,single,2500,3223,0.775675,2500,4
images/12331.jpg,multi_train,multi,824,1402,0.587732,824,13
images/12333.jpg,multi_train,multi,992,1368,0.725146,992,6
images/12334.jpg,multi_train,multi,1275,1806,0.70598,1275,3
images/12339.jpg,multi_train,multi,1800,2970,0.606061,1800,8
images/12340.jpg,multi_train,multi,1099,1435,0.765854,1099,3
images/12344.jpg,single_train,single,1950,5232,0.372706,1950,6
images/12347.jpg,multi_train,multi,2100,3902,0.538186,2100,1
images/12348.jpg,multi_train,multi,2250,3254,0.691457,2250,3
images/12349.jpg,multi_train,multi,2250,3842,0.585632,2250,3
images/1235.jpg,multi_train,multi,3174,4521,0.702057,3174,2
images/12350.jpg,"multi_train,single_train","multi,single",1384,1915,0.722715,1384,13
images/12351.jpg,"multi_train,single_train","multi,single",2250,3304,0.680993,2250,8
images/12353.jpg,multi_train,multi,1800,4768,0.377517,1800,6
images/12356.jpg,multi_train,multi,2250,3450,0.652174,2250,3
images/12358.jpg,multi_train,multi,1384,2515,0.550298,1384,4
images/12360.jpg,multi_train,multi,2100,4019,0.522518,2100,3
images/12361.jpg,multi_train,multi,1384,2515,0.550298,1384,4
images/12362.jpg,multi_train,multi,1384,2619,0.528446,1384,4
images/12363.jpg,multi_train,multi,1384,2619,0.528446,1384,4
images/12364.jpg,multi_train,multi,665,1259,0.528197,665,3
images/1237.jpg,"multi_train,single_train","multi,single",1079,1428,0.755602,1079,9
images/12371.jpg,multi_train,multi,1384,2964,0.466937,1384,3
images/12373.jpg,multi_train,multi,2250,3787,0.594138,2250,1
images/12374.jpg,"multi_train,single_train","multi,single",1384,2839,0.487496,1384,4
images/12376.jpg,multi_train,multi,2250,3691,0.609591,2250,4
images/12378.jpg,multi_train,multi,1384,2839,0.487496,1384,5
images/1238.jpg,multi_train,multi,2500,2737,0.913409,2500,2
images/12382.jpg,multi_train,multi,2250,3691,0.609591,2250,4
images/12383.jpg,multi_train,multi,1240,3043,0.407493,1240,1
images/12385.jpg,multi_train,multi,1368,2353,0.581385,1368,1
images/12386.jpg,single_train,single,2100,4327,0.485325,2100,6
images/12387.jpg,single_train,single,2250,3978,0.565611,2250,8
images/12388.jpg,multi_train,multi,2250,3279,0.686185,2250,2
images/12392.jpg,multi_train,multi,2302,3417,0.67369,2302,3
images/12393.jpg,multi_train,multi,2302,4535,0.507607,2302,3
images/12394.jpg,multi_train,multi,2302,5865,0.392498,2302,3
images/12395.jpg,multi_test,multi,2302,4733,0.486372,2302,1
images/12396.jpg,multi_train,multi,2302,5583,0.412323,2302,3
images/12398.jpg,multi_test,multi,2302,3417,0.67369,2302,1
images/12399.jpg,multi_train,multi,2302,3417,0.67369,2302,3
images/12400.jpg,multi_train,multi,1029,1215,0.846914,1029,5
images/12401.jpg,single_train,single,1107,2137,0.518016,1107,8
images/12402.jpg,multi_train,multi,992,2063,0.480853,992,4
images/12403.jpg,multi_train,multi,1107,2137,0.518016,1107,3
images/12404.jpg,multi_train,multi,992,1058,0.937618,992,4
images/12405.jpg,multi_train,multi,992,1130,0.877876,992,4
images/12406.jpg,multi_train,multi,2250,3799,0.592261,2250,3
images/12407.jpg,multi_train,multi,2250,4059,0.554324,2250,2
images/12409.jpg,multi_train,multi,1800,2372,0.758853,1800,2
images/1241.jpg,multi_train,multi,2250,1880,1.196809,1880,1
images/12411.jpg,multi_train,multi,1107,2269,0.48788,1107,7
images/12413.jpg,multi_train,multi,2250,1906,1.180483,1906,3
images/12415.jpg,single_train,single,1800,3050,0.590164,1800,10
images/12416.jpg,multi_train,multi,1107,2269,0.48788,1107,2
images/12417.jpg,multi_train,multi,2250,4463,0.504145,2250,2
images/12420.jpg,multi_train,multi,1029,1239,0.830508,1029,5
images/12421.jpg,multi_train,multi,1107,2269,0.48788,1107,3
images/12422.jpg,multi_train,multi,1029,1293,0.795824,1029,5
images/12423.jpg,single_test,single,1800,2725,0.66055,1800,2
images/12424.jpg,multi_train,multi,1800,2818,0.638751,1800,3
images/12425.jpg,multi_train,multi,1800,2818,0.638751,1800,3
images/12427.jpg,multi_train,multi,1029,1293,0.795824,1029,5
images/12429.jpg,multi_train,multi,2100,3125,0.672,2100,6
images/12432.jpg,multi_train,multi,1287,1617,0.795918,1287,5
images/12434.jpg,"multi_train,single_train","multi,single",2100,2123,0.989166,2100,11
images/12435.jpg,single_train,single,1287,1617,0.795918,1287,9
images/12440.jpg,multi_train,multi,2250,3245,0.693374,2250,3
images/12450.jpg,"multi_train,single_train","multi,single",1240,3010,0.41196,1240,7
images/12453.jpg,multi_train,multi,2100,3661,0.573614,2100,4
images/12454.jpg,multi_train,multi,1384,2836,0.488011,1384,6
images/12455.jpg,multi_train,multi,1287,1617,0.795918,1287,3
images/12457.jpg,multi_train,multi,2250,2274,0.989446,2250,4
images/12458.jpg,multi_train,multi,1287,1617,0.795918,1287,5
images/12460.jpg,multi_train,multi,1287,1617,0.795918,1287,5
images/12461.jpg,multi_train,multi,2250,3245,0.693374,2250,3
images/12463.jpg,multi_train,multi,1240,3043,0.407493,1240,1
images/12465.jpg,multi_train,multi,2250,4326,0.520111,2250,3
images/12466.jpg,multi_train,multi,1542,1270,1.214173,1270,3
images/12470.jpg,"multi_train,single_train","multi,single",1287,1617,0.795918,1287,12
images/12472.jpg,multi_train,multi,1029,1394,0.738164,1029,2
images/12474.jpg,multi_train,multi,992,2011,0.493287,992,4
images/12476.jpg,multi_train,multi,1287,1519,0.847268,1287,7
images/12477.jpg,multi_train,multi,1165,1576,0.739213,1165,3
images/12479.jpg,single_test,single,2250,2153,1.045053,2153,10
images/12480.jpg,multi_train,multi,1240,3204,0.387016,1240,3
images/12483.jpg,multi_train,multi,1029,1293,0.795824,1029,2
images/12485.jpg,multi_train,multi,1029,1339,0.768484,1029,2
images/12489.jpg,multi_train,multi,1029,1467,0.701431,1029,2
images/12490.jpg,multi_train,multi,1240,3446,0.359837,1240,3
images/12493.jpg,multi_train,multi,2250,3245,0.693374,2250,3
images/12498.jpg,multi_train,multi,2250,3542,0.635234,2250,9
images/1250.jpg,multi_test,multi,2500,2813,0.888731,2500,2
images/12500.jpg,"multi_train,single_train","multi,single",1800,4143,0.434468,1800,10
images/12504.jpg,multi_train,multi,2100,3661,0.573614,2100,8
images/12506.jpg,single_train,single,1287,1617,0.795918,1287,9
images/12507.jpg,single_train,single,2250,3869,0.581546,2250,2
images/12508.jpg,multi_train,multi,2100,2123,0.989166,2100,1
images/1251.jpg,multi_train,multi,2500,3390,0.737463,2500,2
images/12511.jpg,multi_train,multi,2250,3542,0.635234,2250,9
images/12513.jpg,multi_train,multi,2100,3661,0.573614,2100,6
images/12514.jpg,multi_train,multi,1384,3055,0.453028,1384,4
images/12516.jpg,multi_train,multi,1107,2444,0.452946,1107,7
images/12517.jpg,multi_train,multi,1107,2444,0.452946,1107,4
images/12518.jpg,multi_train,multi,1029,1514,0.679657,1029,3
images/12521.jpg,multi_train,multi,1029,1514,0.679657,1029,1
images/12522.jpg,single_test,single,1240,4074,0.304369,1240,7
images/12524.jpg,multi_train,multi,2250,3869,0.581546,2250,3
images/12525.jpg,"multi_train,single_train","multi,single",2250,4180,0.538278,2250,18
images/12527.jpg,multi_train,multi,2250,4138,0.543741,2250,4
images/12530.jpg,single_train,single,1287,1813,0.709873,1287,8
images/12531.jpg,multi_train,multi,2250,2274,0.989446,2250,4
images/12533.jpg,multi_train,multi,1287,1813,0.709873,1287,1
images/12535.jpg,multi_train,multi,2250,3869,0.581546,2250,6
images/12537.jpg,multi_train,multi,1029,1450,0.709655,1029,1
images/12538.jpg,multi_test,multi,1800,3784,0.475687,1800,3
images/12541.jpg,multi_train,multi,2250,3549,0.633981,2250,3
images/12542.jpg,multi_train,multi,1800,3461,0.520081,1800,3
images/12544.jpg,single_train,single,1287,1813,0.709873,1287,8
images/12545.jpg,multi_test,multi,2250,5064,0.444313,2250,3
images/12547.jpg,multi_train,multi,1950,2928,0.665984,1950,2
images/12548.jpg,"multi_train,single_train","multi,single",1800,1819,0.989555,1800,9
images/12549.jpg,"multi_train,single_train","multi,single",1786,2093,0.853321,1786,13
images/12550.jpg,multi_train,multi,1800,3731,0.482444,1800,8
images/12551.jpg,multi_train,multi,1107,2400,0.46125,1107,3
images/12552.jpg,multi_train,multi,1800,1819,0.989555,1800,1
images/12554.jpg,multi_train,multi,1800,3634,0.495322,1800,6
images/12556.jpg,single_train,single,2100,4080,0.514706,2100,10
images/12557.jpg,multi_train,multi,1875,2774,0.675919,1875,2
images/1256.jpg,multi_train,multi,2500,3785,0.660502,2500,3
images/12560.jpg,multi_train,multi,1950,3097,0.629642,1950,4
images/12561.jpg,multi_train,multi,1875,2774,0.675919,1875,2
images/12564.jpg,multi_test,multi,1950,4664,0.418096,1950,3
images/12569.jpg,single_train,single,2250,3574,0.629547,2250,10
images/12570.jpg,multi_train,multi,2250,4876,0.461444,2250,6
images/12571.jpg,multi_train,multi,1384,3055,0.453028,1384,5
images/12574.jpg,"multi_test,single_test","multi,single",2250,5914,0.380453,2250,13
images/1258.jpg,single_train,single,2500,5884,0.424881,2500,6
images/12584.jpg,multi_train,multi,2250,4267,0.527303,2250,6
images/12586.jpg,multi_train,multi,2250,3631,0.619664,2250,4
images/12587.jpg,multi_train,multi,1240,2035,0.609337,1240,2
images/12589.jpg,multi_test,multi,2250,2307,0.975293,2250,2
images/12590.jpg,multi_train,multi,1107,2444,0.452946,1107,2
images/12592.jpg,multi_train,multi,2250,3574,0.629547,2250,4
images/12596.jpg,single_test,single,2250,3631,0.619664,2250,7
images/126.jpg,multi_train,multi,2500,2438,1.025431,2438,2
images/1260.jpg,"multi_train,single_train","multi,single",2500,3306,0.756201,2500,9
images/12600.jpg,multi_train,multi,1950,2291,0.851157,1950,8
images/12602.jpg,multi_train,multi,2100,3314,0.633675,2100,4
images/12603.jpg,multi_test,multi,2250,2307,0.975293,2250,9
images/12604.jpg,multi_train,multi,2250,3574,0.629547,2250,13
images/12605.jpg,multi_train,multi,1384,2796,0.494993,1384,2
images/12606.jpg,multi_train,multi,2250,3631,0.619664,2250,3
images/12608.jpg,multi_train,multi,1384,2796,0.494993,1384,4
images/1261.jpg,"multi_train,single_train","multi,single",2500,3413,0.732493,2500,15
images/12610.jpg,"multi_train,single_train","multi,single",1875,4330,0.433025,1875,19
images/12612.jpg,multi_train,multi,2250,3631,0.619664,2250,2
images/12615.jpg,multi_train,multi,1107,1928,0.57417,1107,7
images/12616.jpg,multi_train,multi,1384,3055,0.453028,1384,6
images/12617.jpg,multi_test,multi,2250,2307,0.975293,2250,6
images/12619.jpg,multi_train,multi,2250,3631,0.619664,2250,4
images/1262.jpg,"multi_train,single_train","multi,single",1333,2355,0.56603,1333,14
images/12624.jpg,multi_train,multi,2250,3650,0.616438,2250,3
images/12625.jpg,multi_train,multi,1625,1910,0.850785,1625,5
images/12626.jpg,multi_train,multi,1384,2796,0.494993,1384,5
images/12628.jpg,single_test,single,1875,3219,0.582479,1875,12
images/1263.jpg,multi_train,multi,739,900,0.821111,739,4
images/12630.jpg,multi_train,multi,1384,2796,0.494993,1384,4
images/12631.jpg,multi_test,multi,2250,2307,0.975293,2250,9
images/12636.jpg,multi_train,multi,2250,3650,0.616438,2250,3
images/1264.jpg,multi_train,multi,1333,1608,0.82898,1333,3
images/12640.jpg,multi_train,multi,1384,2796,0.494993,1384,5
images/12641.jpg,multi_train,multi,2250,3650,0.616438,2250,3
images/12643.jpg,single_train,single,1107,2237,0.494859,1107,11
images/12644.jpg,multi_train,multi,1500,2220,0.675676,1500,3
images/12646.jpg,multi_train,multi,2250,3650,0.616438,2250,2
images/12649.jpg,single_train,single,1500,2220,0.675676,1500,11
images/1265.jpg,"multi_train,single_train","multi,single",2196,3416,0.642857,2196,8
images/12652.jpg,multi_train,multi,1107,2335,0.47409,1107,3
images/12653.jpg,multi_test,multi,2250,2307,0.975293,2250,7
images/12655.jpg,multi_train,multi,1107,2350,0.471064,1107,5
images/12656.jpg,multi_train,multi,1384,2746,0.504006,1384,2
images/12657.jpg,multi_train,multi,1384,2746,0.504006,1384,2
images/12658.jpg,multi_train,multi,1875,2774,0.675919,1875,3
images/12659.jpg,multi_train,multi,1875,3186,0.588512,1875,2
images/12660.jpg,multi_train,multi,1384,2746,0.504006,1384,5
images/12661.jpg,multi_train,multi,1384,2746,0.504006,1384,2
images/12667.jpg,single_train,single,1875,2653,0.706747,1875,6
images/12669.jpg,single_train,single,1875,2226,0.842318,1875,7
images/12670.jpg,single_train,single,1384,2971,0.465836,1384,9
images/12671.jpg,multi_train,multi,2250,3650,0.616438,2250,2
images/12674.jpg,multi_train,multi,2250,2538,0.886525,2250,6
images/12676.jpg,multi_train,multi,665,1319,0.50417,665,3
images/12677.jpg,multi_train,multi,1875,3327,0.563571,1875,3
images/12678.jpg,multi_train,multi,1384,2746,0.504006,1384,3
images/12679.jpg,multi_train,multi,1875,3284,0.57095,1875,3
images/12680.jpg,multi_train,multi,1384,3082,0.449059,1384,3
images/12683.jpg,multi_train,multi,1625,3959,0.410457,1625,2
images/12686.jpg,single_train,single,1500,2220,0.675676,1500,12
images/12687.jpg,"multi_train,single_train","multi,single",1500,3021,0.496524,1500,16
images/12688.jpg,multi_train,multi,2250,5404,0.416358,2250,9
images/12690.jpg,multi_train,multi,1384,3465,0.399423,1384,3
images/12692.jpg,multi_train,multi,1750,3629,0.482227,1750,2
images/12696.jpg,multi_train,multi,1875,2382,0.787154,1875,3
images/12697.jpg,multi_train,multi,1500,2826,0.530786,1500,4
images/12698.jpg,multi_train,multi,1384,3519,0.393294,1384,4
images/12699.jpg,"multi_train,single_train","multi,single",1384,3519,0.393294,1384,9
images/1270.jpg,multi_train,multi,1306,1662,0.7858,1306,5
images/12700.jpg,multi_train,multi,1875,3566,0.525799,1875,3
images/12701.jpg,multi_train,multi,1384,3519,0.393294,1384,3
images/12702.jpg,multi_train,multi,1384,3519,0.393294,1384,6
images/12703.jpg,multi_train,multi,1875,3422,0.547925,1875,3
images/12704.jpg,multi_train,multi,1875,3566,0.525799,1875,3
images/12705.jpg,multi_train,multi,2250,3650,0.616438,2250,2
images/12707.jpg,multi_train,multi,1384,3519,0.393294,1384,5
images/12708.jpg,multi_train,multi,1384,3519,0.393294,1384,3
images/12711.jpg,multi_train,multi,1875,3564,0.526094,1875,3
images/12714.jpg,multi_train,multi,1875,3566,0.525799,1875,3
images/12715.jpg,multi_train,multi,1875,2659,0.705152,1875,4
images/12716.jpg,multi_test,multi,1875,4769,0.393164,1875,4
images/12719.jpg,"multi_train,single_train","multi,single",1875,2987,0.62772,1875,17
images/12720.jpg,multi_train,multi,2250,3681,0.611247,2250,10
images/12721.jpg,multi_train,multi,1875,4769,0.393164,1875,3
images/12724.jpg,multi_train,multi,1875,3257,0.575683,1875,6
images/12725.jpg,multi_train,multi,1875,3564,0.526094,1875,2
images/12726.jpg,multi_train,multi,1875,4769,0.393164,1875,3
images/12728.jpg,multi_test,multi,2250,3681,0.611247,2250,3
images/12729.jpg,multi_test,multi,1875,4769,0.393164,1875,4
images/12730.jpg,multi_train,multi,1750,2190,0.799087,1750,5
images/12731.jpg,multi_train,multi,1875,4769,0.393164,1875,3
images/12733.jpg,multi_train,multi,1875,4769,0.393164,1875,4
images/12735.jpg,multi_test,multi,2250,3681,0.611247,2250,3
images/12737.jpg,multi_train,multi,1875,4646,0.403573,1875,3
images/12741.jpg,"multi_train,single_train","multi,single",2250,3544,0.634876,2250,11
images/12742.jpg,multi_train,multi,1500,1877,0.799148,1500,3
images/12744.jpg,multi_train,multi,1500,2853,0.525762,1500,3
images/12745.jpg,multi_train,multi,1500,3717,0.403551,1500,4
images/12746.jpg,multi_train,multi,1800,2835,0.634921,1800,4
images/12748.jpg,"multi_train,single_train","multi,single",2250,3942,0.570776,2250,10
images/12750.jpg,multi_train,multi,1875,3339,0.561545,1875,2
images/12755.jpg,multi_train,multi,2250,3942,0.570776,2250,5
images/12756.jpg,multi_train,multi,2100,3679,0.570807,2100,4
images/12758.jpg,multi_train,multi,1500,3734,0.401714,1500,3
images/12760.jpg,single_train,single,1875,2883,0.650364,1875,9
images/12765.jpg,multi_test,multi,1750,4357,0.401653,1750,4
images/12767.jpg,multi_train,multi,1688,2111,0.799621,1688,5
images/1277.jpg,multi_train,multi,2500,3306,0.756201,2500,5
images/12770.jpg,single_train,single,2025,3398,0.595939,2025,8
images/12771.jpg,multi_train,multi,1688,4201,0.401809,1688,4
images/12773.jpg,single_train,single,1875,4330,0.433025,1875,8
images/12775.jpg,multi_train,multi,1875,3789,0.494854,1875,7
images/12776.jpg,multi_train,multi,1688,4201,0.401809,1688,3
images/12779.jpg,multi_train,multi,1950,3447,0.565709,1950,5
images/1278.jpg,multi_train,multi,2500,3413,0.732493,2500,6
images/12780.jpg,multi_train,multi,1875,3339,0.561545,1875,7
images/12782.jpg,multi_train,multi,1750,4357,0.401653,1750,3
images/12783.jpg,multi_train,multi,1750,3227,0.542299,1750,3
images/12784.jpg,multi_train,multi,2025,3580,0.565642,2025,3
images/12787.jpg,multi_train,multi,1875,3789,0.494854,1875,6
images/12789.jpg,multi_test,multi,2250,3978,0.565611,2250,3
images/1279.jpg,multi_train,multi,2500,2813,0.888731,2500,2
images/12790.jpg,multi_train,multi,2100,3436,0.611176,2100,6
images/12792.jpg,multi_train,multi,2250,3978,0.565611,2250,4
images/12793.jpg,multi_train,multi,1403,2480,0.565726,1403,4
images/12795.jpg,multi_train,multi,2100,3141,0.668577,2100,9
images/12797.jpg,"multi_train,single_train","multi,single",1750,3536,0.49491,1750,12
images/12799.jpg,multi_train,multi,2100,3141,0.668577,2100,5
images/12802.jpg,multi_train,multi,2250,3978,0.565611,2250,5
images/12803.jpg,multi_train,multi,1875,3789,0.494854,1875,3
images/12805.jpg,multi_train,multi,1875,4668,0.401671,1875,3
images/12806.jpg,multi_train,multi,1875,3458,0.542221,1875,4
images/12809.jpg,multi_train,multi,1750,2190,0.799087,1750,8
images/12810.jpg,single_train,single,1750,4357,0.401653,1750,7
images/12811.jpg,multi_train,multi,1875,3458,0.542221,1875,4
images/12814.jpg,multi_train,multi,1875,3789,0.494854,1875,11
images/12816.jpg,"multi_train,single_train","multi,single",1950,3447,0.565709,1950,11
images/12817.jpg,"multi_train,single_train","multi,single",1750,3536,0.49491,1750,10
images/12818.jpg,multi_train,multi,1750,3227,0.542299,1750,3
images/12820.jpg,single_train,single,1926,3099,0.621491,1926,3
images/12822.jpg,"multi_train,single_train","multi,single",2250,3365,0.668648,2250,10
images/12828.jpg,multi_train,multi,1875,4668,0.401671,1875,3
images/12829.jpg,"multi_train,single_train","multi,single",1875,2346,0.799233,1875,11
images/12832.jpg,single_train,single,2250,3978,0.565611,2250,7
images/12835.jpg,multi_train,multi,1750,3593,0.487058,1750,4
images/12839.jpg,multi_train,multi,2250,3978,0.565611,2250,5
images/12840.jpg,multi_train,multi,1625,3177,0.511489,1625,3
images/12841.jpg,multi_train,multi,1875,3458,0.542221,1875,5
images/12845.jpg,single_train,single,1875,3666,0.511457,1875,7
images/12847.jpg,multi_train,multi,1875,4668,0.401671,1875,6
images/1285.jpg,multi_train,multi,2500,3028,0.825627,2500,3
images/12851.jpg,multi_train,multi,1875,3458,0.542221,1875,3
images/12852.jpg,multi_train,multi,2250,3978,0.565611,2250,4
images/12854.jpg,multi_train,multi,2250,3978,0.565611,2250,3
images/12855.jpg,multi_train,multi,2250,3978,0.565611,2250,10
images/12856.jpg,single_train,single,2250,3978,0.565611,2250,5
images/1286.jpg,single_train,single,2500,3393,0.736811,2500,7
images/12860.jpg,"multi_train,single_train","multi,single",2250,4446,0.506073,2250,8
images/12864.jpg,multi_train,multi,1669,3495,0.477539,1669,1
images/12868.jpg,single_train,single,1250,1550,0.806452,1250,5
images/12869.jpg,multi_train,multi,1250,1550,0.806452,1250,4
images/12870.jpg,"multi_test,single_test","multi,single",1250,1550,0.806452,1250,5
images/12871.jpg,multi_train,multi,1250,1550,0.806452,1250,5
images/12872.jpg,multi_test,multi,1250,1550,0.806452,1250,2
images/12874.jpg,multi_train,multi,2055,2173,0.945697,2055,2
images/12877.jpg,multi_train,multi,1875,3666,0.511457,1875,1
images/12878.jpg,multi_train,multi,2250,3365,0.668648,2250,7
images/12884.jpg,multi_train,multi,1875,3527,0.531613,1875,2
images/12886.jpg,multi_train,multi,1875,3850,0.487013,1875,4
images/12887.jpg,single_train,single,1875,4668,0.401671,1875,1
images/12889.jpg,multi_train,multi,1875,4668,0.401671,1875,4
images/1289.jpg,multi_train,multi,2500,4075,0.613497,2500,2
images/12890.jpg,multi_train,multi,2100,3141,0.668577,2100,8
images/12905.jpg,single_train,single,1875,4668,0.401671,1875,8
images/12909.jpg,multi_train,multi,1875,4668,0.401671,1875,4
images/1291.jpg,"multi_train,single_train","multi,single",2500,3723,0.671501,2500,11
images/12911.jpg,multi_train,multi,2250,4215,0.533808,2250,4
images/12917.jpg,multi_train,multi,1875,4668,0.401671,1875,4
images/12922.jpg,multi_train,multi,1875,2854,0.656973,1875,3
images/12924.jpg,multi_test,multi,2302,3856,0.596992,2302,6
images/12927.jpg,multi_train,multi,2773,5438,0.50993,2773,2
images/12928.jpg,multi_train,multi,2773,5438,0.50993,2773,2
images/12929.jpg,multi_train,multi,2773,5438,0.50993,2773,2
images/12931.jpg,multi_test,multi,2302,3856,0.596992,2302,6
images/12934.jpg,"multi_test,single_test","multi,single",1200,2010,0.597015,1200,11
images/12935.jpg,multi_test,multi,1200,2010,0.597015,1200,9
images/12937.jpg,multi_train,multi,1875,4668,0.401671,1875,3
images/1294.jpg,multi_train,multi,2500,2327,1.074345,2327,5
images/12940.jpg,single_train,single,1688,4201,0.401809,1688,4
images/12943.jpg,multi_train,multi,1625,4046,0.401631,1625,4
images/1295.jpg,"multi_train,single_train","multi,single",2500,3197,0.781983,2500,6
images/12951.jpg,multi_train,multi,1875,3458,0.542221,1875,1
images/12952.jpg,multi_train,multi,2250,3365,0.668648,2250,3
images/12955.jpg,multi_train,multi,2302,5120,0.449609,2302,6
images/12958.jpg,multi_train,multi,2302,5137,0.448121,2302,3
images/1296.jpg,multi_train,multi,1072,1442,0.743412,1072,2
images/12961.jpg,multi_train,multi,1200,2668,0.449775,1200,6
images/12967.jpg,multi_train,multi,1200,2678,0.448096,1200,1
images/12970.jpg,multi_test,multi,1750,4357,0.401653,1750,3
images/12972.jpg,multi_train,multi,1950,3653,0.533808,1950,7
images/12975.jpg,multi_test,multi,1254,1784,0.702915,1254,1
images/12976.jpg,multi_train,multi,1875,2281,0.822008,1875,3
images/12977.jpg,multi_train,multi,1875,1921,0.976054,1875,4
images/1298.jpg,multi_train,multi,2500,4512,0.554078,2500,3
images/12988.jpg,multi_train,multi,2009,4000,0.50225,2009,1
images/1299.jpg,multi_train,multi,1198,1617,0.740878,1198,3
images/12993.jpg,multi_train,multi,1750,2129,0.821982,1750,3
images/12995.jpg,single_train,single,1875,3458,0.542221,1875,5
images/13000.jpg,multi_train,multi,1625,4046,0.401631,1625,2
images/13005.jpg,multi_train,multi,1625,4046,0.401631,1625,2
images/13009.jpg,multi_train,multi,1472,3033,0.485328,1472,3
images/1301.jpg,multi_train,multi,2500,2602,0.960799,2500,5
images/13010.jpg,single_train,single,1625,4046,0.401631,1625,5
images/13016.jpg,multi_test,multi,1875,4668,0.401671,1875,3
images/13018.jpg,single_train,single,1750,3227,0.542299,1750,5
images/13019.jpg,multi_train,multi,1875,4668,0.401671,1875,3
images/1302.jpg,single_test,single,3328,2421,1.374639,2421,10
images/13023.jpg,multi_train,multi,1750,2302,0.760209,1750,3
images/13027.jpg,single_train,single,1400,3183,0.439837,1400,9
images/13028.jpg,multi_test,multi,2100,3141,0.668577,2100,3
images/1303.jpg,multi_train,multi,2500,2538,0.985028,2500,5
images/13030.jpg,multi_train,multi,1254,1534,0.817471,1254,5
images/13031.jpg,multi_train,multi,1875,3458,0.542221,1875,2
images/13033.jpg,single_train,single,1875,3458,0.542221,1875,8
images/13034.jpg,multi_train,multi,2300,4721,0.487185,2300,3
images/13036.jpg,multi_train,multi,1875,4668,0.401671,1875,6
images/13037.jpg,multi_train,multi,2250,4168,0.539827,2250,2
images/13038.jpg,multi_train,multi,1875,3458,0.542221,1875,3
images/13040.jpg,single_train,single,2250,4168,0.539827,2250,8
images/13045.jpg,multi_train,multi,1875,4668,0.401671,1875,3
images/1305.jpg,single_train,single,1355,1215,1.115226,1215,7
images/13050.jpg,single_train,single,1875,4668,0.401671,1875,7
images/13061.jpg,multi_train,multi,1750,3227,0.542299,1750,4
images/13062.jpg,multi_train,multi,1625,2420,0.671488,1625,2
images/13064.jpg,single_train,single,1875,4668,0.401671,1875,9
images/13065.jpg,multi_train,multi,1875,3458,0.542221,1875,4
images/13068.jpg,single_train,single,1875,3458,0.542221,1875,7
images/13070.jpg,"multi_train,single_train","multi,single",1750,4357,0.401653,1750,11
images/13071.jpg,single_test,single,1750,3227,0.542299,1750,4
images/13073.jpg,multi_train,multi,3000,5558,0.539763,3000,4
images/13074.jpg,single_train,single,1240,2907,0.426557,1240,5
images/13076.jpg,single_train,single,1750,3227,0.542299,1750,1
images/13077.jpg,multi_train,multi,1625,3489,0.465749,1625,1
images/13081.jpg,multi_train,multi,1254,1839,0.681892,1254,5
images/13087.jpg,multi_train,multi,3917,5026,0.779347,3917,1
images/13089.jpg,multi_train,multi,1875,3769,0.497479,1875,1
images/13091.jpg,multi_train,multi,2250,3365,0.668648,2250,6
images/13093.jpg,multi_train,multi,1374,2785,0.493357,1374,1
images/13096.jpg,"multi_train,single_train","multi,single",3917,5080,0.771063,3917,10
images/13098.jpg,multi_train,multi,1875,4668,0.401671,1875,7
images/13102.jpg,multi_train,multi,1750,4357,0.401653,1750,6
images/13103.jpg,multi_train,multi,1875,3476,0.539413,1875,2
images/13104.jpg,multi_train,multi,1800,3549,0.507185,1800,2
images/13110.jpg,single_train,single,1625,4046,0.401631,1625,7
images/13114.jpg,multi_train,multi,2009,4000,0.50225,2009,1
images/13115.jpg,"multi_train,single_train","multi,single",2009,2465,0.81501,2009,8
images/13116.jpg,multi_train,multi,2964,5243,0.565325,2964,3
images/13120.jpg,multi_train,multi,992,2008,0.494024,992,3
images/13123.jpg,single_train,single,1351,1491,0.906103,1351,6
images/13124.jpg,single_train,single,1351,1491,0.906103,1351,8
images/13126.jpg,multi_train,multi,1798,3693,0.486867,1798,4
images/13128.jpg,multi_test,multi,1754,2480,0.707258,1754,2
images/1313.jpg,multi_train,multi,2250,2445,0.920245,2250,4
images/13130.jpg,multi_train,multi,1754,2480,0.707258,1754,4
images/13131.jpg,multi_train,multi,1754,2480,0.707258,1754,3
images/13134.jpg,multi_train,multi,1351,1818,0.743124,1351,2
images/13139.jpg,multi_test,multi,1563,1269,1.231678,1269,1
images/1314.jpg,multi_train,multi,2250,2962,0.759622,2250,3
images/13142.jpg,multi_train,multi,2629,3123,0.841819,2629,5
images/13143.jpg,"multi_train,single_train","multi,single",2629,3123,0.841819,2629,11
images/13144.jpg,multi_train,multi,2103,2646,0.794785,2103,5
images/13145.jpg,multi_train,multi,1081,1728,0.625579,1081,4
images/13146.jpg,multi_train,multi,1889,3425,0.551533,1889,1
images/13147.jpg,multi_train,multi,992,1472,0.673913,992,3
images/1315.jpg,multi_train,multi,2500,3197,0.781983,2500,5
images/13150.jpg,multi_train,multi,992,1213,0.817807,992,1
images/13151.jpg,multi_train,multi,720,1098,0.655738,720,2
images/13152.jpg,multi_train,multi,720,1098,0.655738,720,1
images/13153.jpg,"multi_train,single_train","multi,single",720,1098,0.655738,720,5
images/13154.jpg,single_train,single,1754,2676,0.655456,1754,5
images/13156.jpg,multi_train,multi,720,1098,0.655738,720,3
images/13157.jpg,single_train,single,1754,2676,0.655456,1754,5
images/13158.jpg,multi_train,multi,720,1098,0.655738,720,1
images/1316.jpg,multi_train,multi,2500,4512,0.554078,2500,3
images/13160.jpg,multi_train,multi,2250,5015,0.448654,2250,4
images/13162.jpg,multi_train,multi,2250,3756,0.599042,2250,4
images/13165.jpg,multi_train,multi,1030,1215,0.847737,1030,3
images/13168.jpg,multi_train,multi,1030,1215,0.847737,1030,3
images/13169.jpg,multi_train,multi,2433,3445,0.706241,2433,7
images/1317.jpg,multi_train,multi,1000,1204,0.830565,1000,2
images/13172.jpg,multi_train,multi,2433,3445,0.706241,2433,9
images/13176.jpg,single_train,single,2171,3483,0.623313,2171,8
images/13177.jpg,multi_train,multi,2433,3703,0.657035,2433,6
images/13178.jpg,"multi_train,single_train","multi,single",1351,2160,0.625463,1351,10
images/1318.jpg,multi_train,multi,2500,2379,1.050862,2379,1
images/13182.jpg,multi_train,multi,2338,3855,0.606485,2338,2
images/13183.jpg,single_train,single,3187,5457,0.584021,3187,4
images/13185.jpg,multi_train,multi,992,1782,0.556678,992,1
images/13186.jpg,multi_train,multi,1351,2160,0.625463,1351,7
images/13189.jpg,multi_train,multi,1351,2258,0.598317,1351,9
images/1319.jpg,multi_test,multi,2500,2813,0.888731,2500,2
images/13190.jpg,multi_train,multi,1351,2258,0.598317,1351,7
images/13191.jpg,"multi_train,single_train","multi,single",992,1531,0.647943,992,11
images/13195.jpg,multi_train,multi,1263,2449,0.515721,1263,2
images/13196.jpg,multi_train,multi,2823,7065,0.399575,2823,3
images/13197.jpg,multi_train,multi,1355,3266,0.414881,1355,2
images/13198.jpg,multi_train,multi,2821,4688,0.601749,2821,2
images/13199.jpg,multi_train,multi,2250,3691,0.609591,2250,5
images/1320.jpg,multi_train,multi,1363,1053,1.294397,1053,7
images/13200.jpg,multi_train,multi,2055,2671,0.769375,2055,6
images/13201.jpg,multi_train,multi,1800,2953,0.60955,1800,5
images/13202.jpg,multi_train,multi,1800,2953,0.60955,1800,5
images/13203.jpg,single_train,single,2398,3536,0.678167,2398,3
images/13204.jpg,multi_train,multi,3745,3060,1.223856,3060,3
images/13205.jpg,multi_train,multi,1800,2953,0.60955,1800,5
images/13206.jpg,multi_train,multi,2398,4566,0.525186,2398,3
images/13207.jpg,multi_train,multi,2821,5015,0.562512,2821,3
images/13208.jpg,multi_train,multi,4054,3304,1.226998,3304,3
images/13210.jpg,multi_train,multi,2171,4402,0.493185,2171,4
images/13215.jpg,multi_train,multi,2171,4314,0.503245,2171,3
images/13217.jpg,multi_train,multi,2171,4314,0.503245,2171,8
images/13219.jpg,single_train,single,2569,3514,0.731076,2569,5
images/13220.jpg,multi_train,multi,2598,3842,0.67621,2598,2
images/13221.jpg,multi_train,multi,2398,5868,0.408657,2398,3
images/13222.jpg,"multi_train,single_train","multi,single",4012,3973,1.009816,3973,8
images/13223.jpg,multi_train,multi,2973,3688,0.806128,2973,2
images/13224.jpg,multi_train,multi,1234,1814,0.680265,1234,4
images/13225.jpg,multi_train,multi,4268,4086,1.044542,4086,2
images/13226.jpg,"multi_train,single_train","multi,single",1080,1528,0.706806,1080,13
images/13228.jpg,multi_train,multi,2149,3805,0.564783,2149,1
images/13229.jpg,single_test,single,730,1450,0.503448,730,5
images/13230.jpg,"multi_train,single_train","multi,single",2812,4676,0.601369,2812,13
images/13231.jpg,multi_train,multi,2569,3514,0.731076,2569,10
images/13232.jpg,multi_train,multi,1042,2061,0.50558,1042,1
images/13233.jpg,multi_train,multi,2569,3514,0.731076,2569,3
images/13235.jpg,multi_train,multi,2569,3514,0.731076,2569,13
images/13236.jpg,multi_train,multi,2055,2811,0.731057,2055,3
images/13237.jpg,"multi_train,single_train","multi,single",2250,3449,0.652363,2250,13
images/13238.jpg,multi_train,multi,2250,3449,0.652363,2250,6
images/13239.jpg,"multi_train,single_train","multi,single",2055,2721,0.755237,2055,9
images/13240.jpg,multi_train,multi,2398,4776,0.502094,2398,3
images/13247.jpg,multi_train,multi,992,1403,0.707056,992,4
images/13248.jpg,multi_train,multi,1800,2352,0.765306,1800,3
images/1325.jpg,multi_train,multi,1017,1792,0.567522,1017,4
images/13252.jpg,single_train,single,992,1428,0.694678,992,5
images/13253.jpg,single_train,single,1017,1217,0.835661,1017,8
images/13256.jpg,single_train,single,1042,1815,0.574105,1042,8
images/13257.jpg,multi_train,multi,992,1428,0.694678,992,4
images/13258.jpg,multi_train,multi,992,2267,0.437583,992,2
images/13265.jpg,multi_train,multi,1417,3200,0.442812,1417,2
images/13268.jpg,"multi_train,single_train","multi,single",1240,3082,0.402336,1240,9
images/13272.jpg,multi_train,multi,2250,3486,0.645439,2250,1
images/13273.jpg,multi_train,multi,2250,6439,0.349433,2250,1
images/13274.jpg,multi_train,multi,1800,2267,0.794001,1800,3
images/13276.jpg,multi_train,multi,1087,1168,0.930651,1087,4
images/13278.jpg,multi_train,multi,992,3002,0.330446,992,1
images/13279.jpg,multi_train,multi,1509,2523,0.598098,1509,9
images/13280.jpg,multi_train,multi,2171,3948,0.549899,2171,1
images/13281.jpg,"multi_train,single_train","multi,single",2171,3948,0.549899,2171,12
images/13282.jpg,"multi_train,single_train","multi,single",2171,3948,0.549899,2171,6
images/13283.jpg,multi_train,multi,2171,3948,0.549899,2171,3
images/13284.jpg,multi_train,multi,2171,3948,0.549899,2171,4
images/13285.jpg,multi_train,multi,2171,3948,0.549899,2171,6
images/13286.jpg,multi_train,multi,2171,3948,0.549899,2171,1
images/13288.jpg,multi_train,multi,992,2169,0.457354,992,2
images/13290.jpg,multi_train,multi,1254,2242,0.559322,1254,2
images/13293.jpg,multi_test,multi,1003,1502,0.667776,1003,3
images/13294.jpg,multi_train,multi,2171,4429,0.490178,2171,1
images/13299.jpg,multi_train,multi,1875,3458,0.542221,1875,5
images/13300.jpg,multi_train,multi,1875,3458,0.542221,1875,1
images/13301.jpg,multi_train,multi,1200,1744,0.688073,1200,2
images/13302.jpg,multi_train,multi,1200,1744,0.688073,1200,2
images/13303.jpg,multi_train,multi,1200,1627,0.737554,1200,2
images/13306.jpg,multi_train,multi,1875,4668,0.401671,1875,6
images/13307.jpg,multi_train,multi,1500,1877,0.799148,1500,8
images/13309.jpg,multi_train,multi,1875,1841,1.018468,1841,3
images/13313.jpg,multi_train,multi,1875,4668,0.401671,1875,5
images/13314.jpg,multi_train,multi,2250,3365,0.668648,2250,2
images/1332.jpg,multi_train,multi,2000,2597,0.770119,2000,4
images/13320.jpg,"multi_train,single_train","multi,single",1875,4668,0.401671,1875,11
images/13321.jpg,multi_test,multi,2250,3365,0.668648,2250,3
images/13324.jpg,multi_train,multi,1875,3458,0.542221,1875,2
images/13325.jpg,multi_train,multi,1625,2033,0.799311,1625,9
images/13327.jpg,single_train,single,1750,4357,0.401653,1750,4
images/13328.jpg,multi_train,multi,1750,4357,0.401653,1750,4
images/13329.jpg,multi_train,multi,1950,3431,0.568347,1950,1
images/1333.jpg,multi_train,multi,2000,3610,0.554017,2000,5
images/13332.jpg,multi_train,multi,1750,4357,0.401653,1750,2
images/13335.jpg,single_train,single,1875,4668,0.401671,1875,7
images/13338.jpg,multi_train,multi,2367,4483,0.527995,2367,1
images/13342.jpg,"multi_test,single_test","multi,single",1200,2075,0.578313,1200,6
images/13346.jpg,multi_train,multi,1625,2033,0.799311,1625,7
images/13351.jpg,"multi_train,single_train","multi,single",1875,3066,0.611546,1875,12
images/1336.jpg,multi_train,multi,2000,3532,0.566251,2000,5
images/13361.jpg,multi_train,multi,1875,4668,0.401671,1875,2
images/13363.jpg,multi_train,multi,1875,4668,0.401671,1875,2
images/13365.jpg,multi_train,multi,1875,3249,0.577101,1875,6
images/1337.jpg,multi_train,multi,2000,2840,0.704225,2000,3
images/13372.jpg,single_train,single,1875,3739,0.501471,1875,6
images/13373.jpg,multi_train,multi,1875,3184,0.588882,1875,3
images/13374.jpg,multi_train,multi,1875,4668,0.401671,1875,5
images/13375.jpg,multi_train,multi,1254,1839,0.681892,1254,5
images/13376.jpg,multi_train,multi,1875,4668,0.401671,1875,2
images/13378.jpg,multi_train,multi,1875,3249,0.577101,1875,3
images/13380.jpg,multi_train,multi,1875,4065,0.461255,1875,2
images/13384.jpg,multi_train,multi,1875,3249,0.577101,1875,5
images/13387.jpg,multi_train,multi,1875,4668,0.401671,1875,4
images/13388.jpg,multi_train,multi,1875,3249,0.577101,1875,11
images/13389.jpg,multi_train,multi,1480,2290,0.646288,1480,4
images/13390.jpg,multi_train,multi,1875,4805,0.390219,1875,3
images/13392.jpg,multi_train,multi,2454,2084,1.177543,2084,2
images/13394.jpg,multi_test,multi,1875,4668,0.401671,1875,3
images/13401.jpg,multi_train,multi,1854,3007,0.616561,1854,4
images/13402.jpg,"multi_train,single_train","multi,single",2123,4836,0.438999,2123,11
images/13405.jpg,multi_test,multi,1254,2074,0.604629,1254,5
images/13406.jpg,multi_train,multi,1875,1909,0.98219,1875,1
images/13407.jpg,multi_train,multi,2250,3365,0.668648,2250,4
images/13409.jpg,multi_train,multi,1663,3590,0.463231,1663,1
images/1341.jpg,single_train,single,1440,2426,0.59357,1440,5
images/13410.jpg,multi_train,multi,963,1943,0.495625,963,1
images/13411.jpg,multi_train,multi,1875,5116,0.366497,1875,3
images/13412.jpg,single_train,single,1875,4668,0.401671,1875,4
images/13414.jpg,multi_test,multi,1254,2074,0.604629,1254,5
images/13417.jpg,multi_test,multi,730,1309,0.557678,730,5
images/13424.jpg,"multi_train,single_train","multi,single",730,1521,0.479947,730,8
images/13426.jpg,"multi_train,single_train","multi,single",730,1352,0.539941,730,11
images/13427.jpg,multi_train,multi,730,1352,0.539941,730,3
images/13428.jpg,multi_train,multi,730,1153,0.633131,730,2
images/13429.jpg,multi_train,multi,730,1091,0.669111,730,6
images/1343.jpg,"multi_train,single_train","multi,single",1594,1974,0.807497,1594,8
images/13431.jpg,multi_train,multi,730,2191,0.333181,730,8
images/13432.jpg,"multi_train,single_train","multi,single",730,1352,0.539941,730,10
images/13433.jpg,multi_train,multi,730,2023,0.36085,730,2
images/13434.jpg,multi_train,multi,730,1380,0.528986,730,5
images/13435.jpg,multi_train,multi,730,1660,0.439759,730,3
images/13437.jpg,"multi_train,single_train","multi,single",730,1352,0.539941,730,11
images/13438.jpg,multi_train,multi,730,2266,0.322154,730,8
images/13439.jpg,multi_train,multi,730,1489,0.490262,730,3
images/13441.jpg,multi_train,multi,730,1352,0.539941,730,3
images/13443.jpg,multi_train,multi,730,1352,0.539941,730,5
images/13444.jpg,single_train,single,730,1788,0.408277,730,5
images/13445.jpg,multi_train,multi,730,1489,0.490262,730,3
images/13446.jpg,multi_train,multi,730,1352,0.539941,730,3
images/13451.jpg,single_test,single,730,1983,0.368129,730,7
images/13453.jpg,multi_test,multi,730,1884,0.387473,730,1
images/13456.jpg,"multi_train,single_train","multi,single",730,1312,0.556402,730,13
images/13457.jpg,multi_train,multi,730,1406,0.519203,730,5
images/13458.jpg,multi_test,multi,730,1101,0.663034,730,3
images/13459.jpg,multi_train,multi,730,1076,0.678439,730,3
images/1346.jpg,multi_train,multi,3511,3119,1.125681,3119,1
images/13462.jpg,single_train,single,730,1101,0.663034,730,7
images/13465.jpg,multi_train,multi,730,1372,0.53207,730,4
images/13467.jpg,"multi_train,single_train","multi,single",730,1183,0.617075,730,11
images/13468.jpg,multi_train,multi,730,1085,0.672811,730,5
images/13469.jpg,multi_train,multi,730,1085,0.672811,730,1
images/13470.jpg,multi_train,multi,730,1948,0.374743,730,2
images/13473.jpg,multi_train,multi,730,1661,0.439494,730,3
images/13474.jpg,multi_train,multi,730,1622,0.450062,730,2
images/13475.jpg,multi_train,multi,730,913,0.799562,730,3
images/13478.jpg,multi_train,multi,730,831,0.87846,730,5
images/13479.jpg,multi_train,multi,730,1961,0.372259,730,1
images/13480.jpg,multi_train,multi,730,1842,0.396308,730,1
images/13481.jpg,single_train,single,730,1296,0.563272,730,4
images/13483.jpg,"multi_train,single_train","multi,single",730,1297,0.562837,730,15
images/13485.jpg,single_train,single,730,1594,0.457967,730,8
images/13486.jpg,multi_train,multi,730,1393,0.524049,730,5
images/13488.jpg,multi_train,multi,730,1282,0.569423,730,5
images/13490.jpg,multi_train,multi,730,1295,0.563707,730,5
images/13491.jpg,multi_train,multi,730,1216,0.600329,730,3
images/13493.jpg,"multi_train,single_train","multi,single",730,1231,0.593014,730,19
images/13494.jpg,multi_train,multi,730,1295,0.563707,730,2
images/13495.jpg,multi_train,multi,730,1564,0.466752,730,1
images/13496.jpg,multi_train,multi,730,913,0.799562,730,9
images/13497.jpg,multi_train,multi,730,2214,0.32972,730,1
images/13498.jpg,multi_train,multi,730,2128,0.343045,730,1
images/135.jpg,multi_test,multi,2500,3354,0.745379,2500,4
images/13503.jpg,multi_train,multi,730,2048,0.356445,730,1
images/13504.jpg,multi_train,multi,730,1373,0.531682,730,2
images/13506.jpg,multi_train,multi,730,1393,0.524049,730,5
images/13507.jpg,multi_train,multi,730,2114,0.345317,730,3
images/13508.jpg,"multi_train,single_train","multi,single",730,2273,0.321161,730,9
images/13509.jpg,multi_train,multi,730,1370,0.532847,730,3
images/13510.jpg,multi_train,multi,2250,4436,0.507214,2250,2
images/13511.jpg,multi_train,multi,1359,1362,0.997797,1359,4
images/13516.jpg,multi_test,multi,1476,2365,0.624101,1476,3
images/13517.jpg,multi_test,multi,1476,1911,0.77237,1476,3
images/13518.jpg,"multi_test,single_test","multi,single",1378,3179,0.43347,1378,5
images/13519.jpg,multi_train,multi,2250,4436,0.507214,2250,3
images/13522.jpg,multi_train,multi,2250,4436,0.507214,2250,4
images/13523.jpg,multi_train,multi,2250,4436,0.507214,2250,3
images/13524.jpg,single_train,single,730,671,1.087928,671,6
images/13525.jpg,multi_train,multi,730,1726,0.422943,730,3
images/13526.jpg,multi_train,multi,730,1792,0.407366,730,3
images/13527.jpg,multi_train,multi,730,1304,0.559816,730,2
images/13529.jpg,multi_train,multi,730,1183,0.617075,730,2
images/1353.jpg,multi_train,multi,2500,3246,0.770179,2500,4
images/13530.jpg,multi_train,multi,1200,3539,0.339079,1200,2
images/13532.jpg,multi_train,multi,1200,1749,0.686106,1200,2
images/13533.jpg,multi_train,multi,1200,1750,0.685714,1200,5
images/13534.jpg,multi_train,multi,1200,1692,0.70922,1200,5
images/13535.jpg,multi_train,multi,1200,1692,0.70922,1200,2
images/13539.jpg,single_train,single,1200,1676,0.71599,1200,3
images/1354.jpg,"multi_train,single_train","multi,single",2500,3300,0.757576,2500,13
images/13543.jpg,"multi_train,single_train","multi,single",730,1485,0.491582,730,7
images/13544.jpg,multi_train,multi,730,1247,0.585405,730,1
images/13546.jpg,single_train,single,730,1379,0.529369,730,5
images/13547.jpg,multi_train,multi,730,1405,0.519573,730,3
images/13549.jpg,multi_train,multi,730,1188,0.614478,730,1
images/1355.jpg,"multi_train,single_train","multi,single",1302,2394,0.54386,1302,17
images/13551.jpg,multi_train,multi,730,1552,0.470361,730,3
images/13552.jpg,multi_train,multi,1200,1664,0.721154,1200,3
images/13554.jpg,multi_test,multi,1200,1895,0.633245,1200,3
images/13555.jpg,multi_train,multi,1200,2666,0.450113,1200,2
images/13556.jpg,multi_train,multi,1200,2323,0.516573,1200,3
images/13558.jpg,multi_train,multi,1200,3354,0.357782,1200,4
images/1356.jpg,multi_test,multi,2501,3878,0.64492,2501,6
images/13563.jpg,multi_train,multi,1200,2289,0.524246,1200,3
images/13566.jpg,multi_train,multi,1200,1446,0.829876,1200,1
images/13567.jpg,multi_train,multi,1200,3494,0.343446,1200,3
images/13568.jpg,multi_train,multi,1200,2007,0.597907,1200,5
images/1357.jpg,multi_test,multi,2500,3186,0.784683,2500,2
images/13574.jpg,multi_train,multi,1200,1677,0.715564,1200,2
images/13575.jpg,"multi_train,single_train","multi,single",1200,2005,0.598504,1200,4
images/13577.jpg,multi_train,multi,1200,2469,0.486027,1200,1
images/13578.jpg,multi_train,multi,1200,1752,0.684932,1200,2
images/13579.jpg,multi_train,multi,1200,2340,0.512821,1200,2
images/1358.jpg,multi_train,multi,2000,3225,0.620155,2000,2
images/13581.jpg,multi_train,multi,1200,2481,0.483676,1200,1
images/13583.jpg,multi_train,multi,1200,2296,0.522648,1200,3
images/13584.jpg,single_train,single,1200,1599,0.750469,1200,5
images/13585.jpg,multi_train,multi,1200,3212,0.373599,1200,1
images/13590.jpg,single_train,single,1200,3431,0.349752,1200,4
images/13592.jpg,multi_train,multi,1200,2310,0.519481,1200,1
images/13593.jpg,multi_train,multi,1200,2086,0.575264,1200,2
images/13595.jpg,multi_train,multi,1200,2338,0.513259,1200,5
images/13597.jpg,multi_train,multi,1200,2150,0.55814,1200,5
images/13599.jpg,"multi_train,single_train","multi,single",2465,5301,0.465007,2465,10
images/13603.jpg,multi_train,multi,1754,2693,0.651318,1754,2
images/13607.jpg,multi_train,multi,1374,3102,0.44294,1374,3
images/13609.jpg,multi_train,multi,1875,2592,0.72338,1875,2
images/13612.jpg,multi_train,multi,730,1391,0.524802,730,8
images/13613.jpg,multi_train,multi,2302,5097,0.451638,2302,3
images/13614.jpg,multi_test,multi,2302,3173,0.725496,2302,2
images/13616.jpg,multi_train,multi,2302,4336,0.530904,2302,5
images/13617.jpg,multi_train,multi,2302,3729,0.617324,2302,1
images/13618.jpg,multi_train,multi,2302,4312,0.533859,2302,3
images/13620.jpg,multi_train,multi,730,1069,0.682881,730,1
images/13622.jpg,multi_train,multi,730,1131,0.645447,730,1
images/13626.jpg,multi_test,multi,1875,4506,0.416112,1875,3
images/13629.jpg,single_train,single,3588,4670,0.768308,3588,6
images/1363.jpg,multi_test,multi,2000,3430,0.58309,2000,2
images/13631.jpg,single_test,single,730,1152,0.633681,730,7
images/13636.jpg,multi_test,multi,730,2022,0.361029,730,3
images/13637.jpg,multi_train,multi,730,1410,0.51773,730,5
images/13639.jpg,multi_train,multi,730,1822,0.400659,730,1
images/1364.jpg,multi_train,multi,2000,2460,0.813008,2000,3
images/13640.jpg,multi_train,multi,730,982,0.743381,730,2
images/13642.jpg,single_train,single,730,1090,0.669725,730,4
images/13643.jpg,multi_train,multi,730,1628,0.448403,730,5
images/13645.jpg,multi_train,multi,730,798,0.914787,730,2
images/13646.jpg,multi_train,multi,730,1254,0.582137,730,4
images/13649.jpg,multi_train,multi,730,764,0.955497,730,7
images/1365.jpg,multi_test,multi,1589,1936,0.820764,1589,5
images/13650.jpg,multi_train,multi,730,762,0.958005,730,3
images/13651.jpg,multi_train,multi,730,762,0.958005,730,4
images/13652.jpg,single_train,single,730,811,0.900123,730,2
images/13653.jpg,multi_train,multi,730,811,0.900123,730,2
images/13655.jpg,single_train,single,730,811,0.900123,730,4
images/13657.jpg,multi_train,multi,730,763,0.95675,730,5
images/13659.jpg,single_train,single,730,1085,0.672811,730,6
images/1366.jpg,multi_train,multi,1416,1997,0.709064,1416,1
images/13662.jpg,single_train,single,730,1085,0.672811,730,5
images/13663.jpg,multi_train,multi,730,1085,0.672811,730,5
images/13664.jpg,multi_train,multi,730,1085,0.672811,730,1
images/13665.jpg,"multi_train,single_train","multi,single",730,1085,0.672811,730,6
images/13666.jpg,multi_train,multi,730,1085,0.672811,730,2
images/13667.jpg,multi_train,multi,730,1085,0.672811,730,2
images/13668.jpg,"multi_train,single_train","multi,single",730,1194,0.61139,730,8
images/13669.jpg,single_train,single,730,1560,0.467949,730,8
images/1367.jpg,single_train,single,2500,3526,0.709019,2500,3
images/13670.jpg,multi_train,multi,730,1033,0.70668,730,2
images/13673.jpg,single_train,single,730,951,0.767613,730,6
images/13675.jpg,multi_train,multi,730,2344,0.311433,730,1
images/13677.jpg,multi_train,multi,730,1398,0.522175,730,3
images/13678.jpg,multi_train,multi,730,947,0.770855,730,2
images/13679.jpg,multi_train,multi,730,1053,0.693257,730,3
images/13680.jpg,multi_train,multi,730,1203,0.606816,730,3
images/13681.jpg,multi_train,multi,730,1216,0.600329,730,4
images/13682.jpg,multi_train,multi,730,1998,0.365365,730,4
images/13683.jpg,multi_test,multi,730,1844,0.395879,730,1
images/13684.jpg,multi_train,multi,730,564,1.294326,564,1
images/13686.jpg,multi_train,multi,730,564,1.294326,564,2
images/13687.jpg,multi_train,multi,730,564,1.294326,564,1
images/13688.jpg,multi_train,multi,730,1326,0.550528,730,5
images/13689.jpg,multi_train,multi,730,1153,0.633131,730,5
images/1369.jpg,multi_train,multi,1416,1724,0.821346,1416,3
images/13690.jpg,multi_train,multi,730,1629,0.448128,730,2
images/13691.jpg,single_train,single,730,615,1.186992,615,4
images/13693.jpg,multi_train,multi,730,1800,0.405556,730,5
images/13696.jpg,multi_train,multi,730,1029,0.709427,730,1
images/137.jpg,multi_train,multi,2500,3542,0.705816,2500,1
images/13700.jpg,multi_train,multi,730,1029,0.709427,730,2
images/13703.jpg,multi_train,multi,730,1029,0.709427,730,4
images/13705.jpg,single_train,single,730,1029,0.709427,730,7
images/13706.jpg,multi_train,multi,730,1029,0.709427,730,3
images/13707.jpg,multi_train,multi,730,1029,0.709427,730,5
images/13708.jpg,multi_train,multi,730,1029,0.709427,730,2
images/13709.jpg,multi_train,multi,730,1029,0.709427,730,3
images/13710.jpg,multi_train,multi,730,1029,0.709427,730,1
images/13712.jpg,multi_train,multi,730,1605,0.454829,730,3
images/13715.jpg,"multi_train,single_train","multi,single",730,1241,0.588235,730,12
images/13716.jpg,multi_train,multi,730,875,0.834286,730,2
images/13717.jpg,multi_train,multi,730,1040,0.701923,730,2
images/13721.jpg,"multi_train,single_train","multi,single",730,2014,0.362463,730,5
images/13722.jpg,multi_train,multi,730,1811,0.403092,730,1
images/13723.jpg,multi_train,multi,730,970,0.752577,730,1
images/13724.jpg,multi_train,multi,730,1430,0.51049,730,1
images/13725.jpg,multi_train,multi,730,1363,0.535583,730,1
images/13728.jpg,multi_train,multi,730,1095,0.666667,730,2
images/1373.jpg,multi_train,multi,2000,3857,0.518538,2000,3
images/13730.jpg,multi_train,multi,730,1592,0.458543,730,1
images/13733.jpg,multi_train,multi,730,1056,0.691288,730,2
images/13734.jpg,multi_train,multi,730,1382,0.52822,730,4
images/13735.jpg,multi_train,multi,730,1067,0.684161,730,6
images/13736.jpg,multi_train,multi,730,1366,0.534407,730,1
images/13737.jpg,multi_train,multi,730,1198,0.609349,730,1
images/13738.jpg,"multi_train,single_train","multi,single",730,1274,0.572998,730,6
images/13739.jpg,multi_train,multi,730,1198,0.609349,730,1
images/13741.jpg,single_train,single,730,1198,0.609349,730,6
images/13742.jpg,"multi_train,single_train","multi,single",730,1198,0.609349,730,5
images/13745.jpg,multi_train,multi,730,1206,0.605307,730,6
images/13747.jpg,multi_test,multi,730,1013,0.720632,730,3
images/13749.jpg,multi_train,multi,730,1221,0.597871,730,6
images/13750.jpg,single_train,single,730,1097,0.665451,730,5
images/13753.jpg,multi_train,multi,730,1454,0.502063,730,4
images/13757.jpg,multi_train,multi,730,1483,0.492245,730,1
images/1376.jpg,"multi_train,single_train","multi,single",2000,3211,0.622859,2000,14
images/13761.jpg,multi_train,multi,730,1240,0.58871,730,2
images/13762.jpg,single_train,single,730,803,0.909091,730,7
images/13764.jpg,multi_train,multi,496,744,0.666667,496,2
images/13766.jpg,multi_test,multi,496,744,0.666667,496,3
images/13768.jpg,multi_train,multi,496,744,0.666667,496,3
images/1377.jpg,single_train,single,2000,3830,0.522193,2000,7
images/13771.jpg,multi_train,multi,730,1095,0.666667,730,4
images/13774.jpg,multi_train,multi,730,1095,0.666667,730,3
images/13775.jpg,multi_test,multi,730,1095,0.666667,730,3
images/13776.jpg,"multi_train,single_train","multi,single",496,744,0.666667,496,15
images/13778.jpg,single_train,single,496,744,0.666667,496,9
images/13779.jpg,single_train,single,496,744,0.666667,496,9
images/13782.jpg,multi_test,multi,496,744,0.666667,496,3
images/13783.jpg,multi_train,multi,730,1354,0.539143,730,5
images/13784.jpg,single_test,single,730,1954,0.373593,730,1
images/13788.jpg,single_train,single,730,822,0.888078,730,6
images/13796.jpg,single_test,single,730,1138,0.641476,730,6
images/13798.jpg,multi_train,multi,730,1240,0.58871,730,1
images/13799.jpg,multi_train,multi,730,1292,0.565015,730,9
images/13800.jpg,multi_train,multi,730,1167,0.625536,730,6
images/13803.jpg,"multi_train,single_train","multi,single",730,1692,0.431442,730,9
images/13807.jpg,single_train,single,730,1271,0.574351,730,5
images/13808.jpg,multi_train,multi,730,1458,0.500686,730,3
images/13810.jpg,multi_train,multi,730,1499,0.486991,730,6
images/13811.jpg,multi_train,multi,730,1499,0.486991,730,3
images/13812.jpg,multi_train,multi,730,1738,0.420023,730,6
images/13813.jpg,multi_train,multi,730,1738,0.420023,730,4
images/13814.jpg,multi_train,multi,730,1271,0.574351,730,5
images/13815.jpg,"multi_train,single_train","multi,single",730,1271,0.574351,730,10
images/13816.jpg,multi_train,multi,730,1271,0.574351,730,3
images/13817.jpg,multi_train,multi,730,1271,0.574351,730,3
images/1382.jpg,multi_train,multi,714,1216,0.587171,714,4
images/13821.jpg,single_train,single,730,846,0.862884,730,9
images/13822.jpg,multi_train,multi,730,1697,0.430171,730,1
images/13826.jpg,multi_train,multi,1625,3197,0.508289,1625,9
images/13828.jpg,multi_test,multi,730,986,0.740365,730,3
images/13829.jpg,multi_train,multi,730,1363,0.535583,730,3
images/1383.jpg,multi_train,multi,2500,3381,0.739426,2500,6
images/13830.jpg,multi_train,multi,730,1297,0.562837,730,3
images/13831.jpg,multi_train,multi,730,1297,0.562837,730,8
images/13832.jpg,multi_train,multi,730,1297,0.562837,730,3
images/13833.jpg,multi_train,multi,730,1297,0.562837,730,8
images/13834.jpg,multi_train,multi,730,1297,0.562837,730,3
images/13836.jpg,multi_train,multi,730,1622,0.450062,730,2
images/13837.jpg,multi_train,multi,730,1604,0.455112,730,2
images/13838.jpg,multi_train,multi,730,1622,0.450062,730,2
images/13839.jpg,multi_train,multi,1200,1744,0.688073,1200,2
images/1384.jpg,multi_train,multi,1082,810,1.335802,810,4
images/13840.jpg,single_train,single,730,1038,0.703276,730,2
images/13846.jpg,multi_train,multi,1200,2951,0.406642,1200,2
images/13848.jpg,multi_train,multi,1200,2479,0.484066,1200,9
images/13849.jpg,multi_train,multi,1200,2971,0.403904,1200,2
images/1385.jpg,multi_train,multi,1342,1773,0.756909,1342,3
images/13850.jpg,"multi_train,single_train","multi,single",1200,3342,0.359066,1200,13
images/1386.jpg,multi_train,multi,1302,2750,0.473455,1302,2
images/13860.jpg,multi_train,multi,1200,2260,0.530973,1200,3
images/13867.jpg,multi_test,multi,1032,2082,0.495677,1032,1
images/13868.jpg,multi_test,multi,1032,1613,0.639802,1032,1
images/1387.jpg,multi_train,multi,2500,3373,0.74118,2500,3
images/13870.jpg,multi_train,multi,1169,3865,0.302458,1169,6
images/13872.jpg,multi_train,multi,1200,3792,0.316456,1200,5
images/13873.jpg,multi_train,multi,1200,2057,0.583374,1200,1
images/13874.jpg,multi_train,multi,1200,2100,0.571429,1200,2
images/13877.jpg,multi_train,multi,1200,2594,0.462606,1200,4
images/13878.jpg,multi_train,multi,1200,2594,0.462606,1200,2
images/13879.jpg,multi_train,multi,1200,2602,0.461184,1200,2
images/13880.jpg,multi_train,multi,1200,2604,0.460829,1200,6
images/13882.jpg,"multi_train,single_train","multi,single",1200,3255,0.368664,1200,7
images/13883.jpg,multi_train,multi,1200,3520,0.340909,1200,2
images/13886.jpg,multi_train,multi,1200,3134,0.382897,1200,3
images/13887.jpg,"multi_train,single_train","multi,single",1200,2450,0.489796,1200,2
images/13888.jpg,multi_train,multi,1200,2729,0.439722,1200,3
images/13890.jpg,multi_train,multi,1200,1795,0.668524,1200,2
images/13892.jpg,multi_train,multi,1200,2362,0.508044,1200,1
images/13893.jpg,multi_train,multi,1200,1979,0.606367,1200,1
images/13897.jpg,multi_train,multi,1200,3256,0.36855,1200,5
images/13898.jpg,multi_train,multi,1200,2233,0.537394,1200,3
images/13899.jpg,multi_train,multi,1200,2195,0.546697,1200,1
images/1390.jpg,multi_train,multi,1453,2876,0.505216,1453,2
images/13900.jpg,multi_train,multi,1200,2093,0.57334,1200,3
images/13902.jpg,single_train,single,1200,1980,0.606061,1200,8
images/13904.jpg,multi_train,multi,1200,2856,0.420168,1200,4
images/13907.jpg,multi_train,multi,1200,3319,0.361555,1200,3
images/13908.jpg,single_train,single,1200,1913,0.627287,1200,7
images/13909.jpg,multi_train,multi,1200,2633,0.455754,1200,4
images/13911.jpg,multi_train,multi,693,2197,0.31543,693,3
images/13912.jpg,multi_train,multi,693,1301,0.532667,693,3
images/13914.jpg,single_train,single,1200,1932,0.621118,1200,5
images/13917.jpg,multi_test,multi,1200,2513,0.477517,1200,2
images/13918.jpg,single_train,single,1200,3165,0.379147,1200,6
images/13919.jpg,multi_train,multi,693,2213,0.31315,693,3
images/13920.jpg,multi_train,multi,1200,2974,0.403497,1200,1
images/13921.jpg,multi_train,multi,1200,1706,0.7034,1200,2
images/13923.jpg,multi_train,multi,693,1594,0.434755,693,3
images/13926.jpg,"multi_train,single_train","multi,single",693,1069,0.648269,693,7
images/13927.jpg,multi_train,multi,693,1208,0.573675,693,2
images/13929.jpg,multi_test,multi,1200,1873,0.640683,1200,2
images/1393.jpg,"multi_train,single_train","multi,single",1363,1067,1.277413,1067,12
images/13930.jpg,multi_train,multi,1200,1543,0.777706,1200,3
images/13931.jpg,multi_train,multi,594,1351,0.439674,594,3
images/13933.jpg,multi_train,multi,1200,2722,0.440852,1200,1
images/13934.jpg,multi_train,multi,1200,2464,0.487013,1200,1
images/13935.jpg,multi_train,multi,1200,2111,0.568451,1200,4
images/13936.jpg,multi_train,multi,1200,2111,0.568451,1200,4
images/13939.jpg,single_train,single,1200,3979,0.301583,1200,4
images/13940.jpg,single_train,single,1200,3625,0.331034,1200,5
images/13941.jpg,multi_train,multi,1200,3244,0.369914,1200,2
images/13942.jpg,single_train,single,1200,3096,0.387597,1200,9
images/13943.jpg,multi_train,multi,1200,3258,0.368324,1200,2
images/13944.jpg,single_train,single,1200,2329,0.515243,1200,6
images/13945.jpg,multi_train,multi,1200,3749,0.320085,1200,3
images/13946.jpg,multi_train,multi,1200,3886,0.308801,1200,4
images/13947.jpg,"multi_train,single_train","multi,single",1200,2350,0.510638,1200,5
images/13948.jpg,multi_train,multi,1200,2350,0.510638,1200,2
images/1395.jpg,multi_train,multi,1448,3422,0.423144,1448,6
images/13950.jpg,multi_train,multi,1200,2350,0.510638,1200,1
images/13953.jpg,"multi_train,single_train","multi,single",1200,2350,0.510638,1200,2
images/13954.jpg,multi_train,multi,1200,2350,0.510638,1200,1
images/13956.jpg,single_train,single,1200,2350,0.510638,1200,6
images/13957.jpg,single_train,single,1200,2350,0.510638,1200,9
images/13959.jpg,"multi_test,single_test","multi,single",1200,2786,0.430725,1200,7
images/13960.jpg,multi_train,multi,1200,2350,0.510638,1200,2
images/13961.jpg,multi_test,multi,1200,1870,0.641711,1200,2
images/13963.jpg,multi_train,multi,1200,2247,0.534045,1200,2
images/13964.jpg,multi_test,multi,1200,2896,0.414365,1200,2
images/13966.jpg,"multi_train,single_train","multi,single",1200,1778,0.674916,1200,12
images/13967.jpg,multi_train,multi,1200,3018,0.397614,1200,5
images/13968.jpg,multi_train,multi,1200,2620,0.458015,1200,1
images/1397.jpg,multi_train,multi,2500,3774,0.662427,2500,2
images/13971.jpg,multi_train,multi,1200,2486,0.482703,1200,1
images/13972.jpg,multi_train,multi,1200,2501,0.479808,1200,6
images/13976.jpg,multi_train,multi,1200,2443,0.491199,1200,1
images/13977.jpg,"multi_train,single_train","multi,single",1200,2520,0.47619,1200,15
images/13980.jpg,multi_test,multi,1200,1874,0.640342,1200,5
images/13981.jpg,multi_train,multi,1200,3674,0.326619,1200,2
images/13982.jpg,multi_test,multi,1200,2682,0.447427,1200,3
images/13985.jpg,multi_test,multi,1200,2755,0.435572,1200,2
images/13986.jpg,single_train,single,1200,1258,0.953895,1200,4
images/13987.jpg,multi_train,multi,1200,3166,0.379027,1200,5
images/13989.jpg,"multi_train,single_train","multi,single",1200,1460,0.821918,1200,8
images/1399.jpg,multi_train,multi,2500,4106,0.608865,2500,3
images/13990.jpg,multi_train,multi,1200,2412,0.497512,1200,3
images/13991.jpg,multi_train,multi,1200,1925,0.623377,1200,4
images/13994.jpg,single_train,single,1200,2698,0.444774,1200,9
images/13995.jpg,multi_test,multi,1200,2151,0.55788,1200,3
images/13999.jpg,multi_train,multi,1200,3245,0.3698,1200,5
images/1400.jpg,multi_train,multi,1363,1078,1.264378,1078,2
images/14002.jpg,multi_train,multi,1200,2274,0.527704,1200,2
images/14005.jpg,multi_train,multi,1200,3348,0.358423,1200,6
images/14009.jpg,multi_train,multi,1200,1719,0.69808,1200,4
images/14018.jpg,single_train,single,1200,3915,0.306513,1200,11
images/14022.jpg,multi_train,multi,1200,1368,0.877193,1200,3
images/14023.jpg,multi_train,multi,1200,2179,0.550711,1200,1
images/14024.jpg,"multi_train,single_train","multi,single",1200,1796,0.668151,1200,2
images/14025.jpg,multi_train,multi,1200,2858,0.419874,1200,1
images/14026.jpg,multi_train,multi,1200,2340,0.512821,1200,1
images/14031.jpg,multi_train,multi,693,1894,0.365892,693,2
images/14032.jpg,multi_train,multi,693,1313,0.527799,693,5
images/14033.jpg,multi_train,multi,693,1145,0.60524,693,3
images/14041.jpg,multi_train,multi,1200,2358,0.508906,1200,4
images/14042.jpg,single_train,single,1200,2335,0.513919,1200,11
images/14044.jpg,single_train,single,1200,2556,0.469484,1200,7
images/14045.jpg,multi_train,multi,1200,2305,0.520607,1200,1
images/14046.jpg,multi_train,multi,1200,3128,0.383632,1200,3
images/14047.jpg,multi_train,multi,1200,2602,0.461184,1200,6
images/14049.jpg,single_train,single,1200,2428,0.494234,1200,6
images/14054.jpg,multi_test,multi,1200,2480,0.483871,1200,4
images/14055.jpg,multi_train,multi,1200,2506,0.478851,1200,7
images/14057.jpg,single_train,single,1200,2540,0.472441,1200,2
images/14062.jpg,"multi_train,single_train","multi,single",1200,2626,0.456969,1200,8
images/14064.jpg,multi_train,multi,1200,1823,0.658256,1200,1
images/14065.jpg,multi_train,multi,1200,1474,0.814111,1200,4
images/14066.jpg,single_test,single,1200,2017,0.594943,1200,5
images/14067.jpg,multi_train,multi,1200,2266,0.529568,1200,3
images/14071.jpg,multi_train,multi,1200,2755,0.435572,1200,2
images/14072.jpg,multi_train,multi,1200,3868,0.310238,1200,4
images/14075.jpg,multi_train,multi,1200,2350,0.510638,1200,2
images/14079.jpg,multi_train,multi,1200,2350,0.510638,1200,1
images/1408.jpg,single_train,single,1667,4467,0.373181,1667,10
images/14080.jpg,single_train,single,1200,2350,0.510638,1200,6
images/14081.jpg,multi_train,multi,1200,2039,0.588524,1200,6
images/14082.jpg,multi_train,multi,1200,3588,0.334448,1200,1
images/14084.jpg,multi_test,multi,1200,2681,0.447594,1200,1
images/14086.jpg,multi_train,multi,1200,2495,0.480962,1200,4
images/14087.jpg,multi_train,multi,1200,1805,0.66482,1200,2
images/14088.jpg,"multi_train,single_train","multi,single",1200,2350,0.510638,1200,6
images/14089.jpg,multi_train,multi,1200,2350,0.510638,1200,1
images/14090.jpg,multi_train,multi,1200,2350,0.510638,1200,1
images/14093.jpg,multi_train,multi,1200,2350,0.510638,1200,4
images/14095.jpg,multi_train,multi,1200,2350,0.510638,1200,4
images/14097.jpg,multi_test,multi,1200,1194,1.005025,1194,1
images/14098.jpg,multi_test,multi,1200,3638,0.329852,1200,3
images/14099.jpg,multi_train,multi,1200,3646,0.329128,1200,6
images/14102.jpg,multi_train,multi,1200,2383,0.503567,1200,4
images/14103.jpg,multi_train,multi,1200,1996,0.601202,1200,4
images/14104.jpg,multi_train,multi,1200,2216,0.541516,1200,3
images/14107.jpg,multi_train,multi,1200,3026,0.396563,1200,6
images/14108.jpg,multi_train,multi,1200,3258,0.368324,1200,3
images/14110.jpg,multi_train,multi,1200,2821,0.425381,1200,9
images/14113.jpg,single_train,single,1200,2680,0.447761,1200,8
images/14115.jpg,multi_train,multi,1200,2554,0.469851,1200,2
images/14119.jpg,multi_train,multi,1200,2279,0.526547,1200,6
images/14120.jpg,multi_train,multi,1200,2440,0.491803,1200,2
images/14121.jpg,multi_train,multi,1200,2464,0.487013,1200,4
images/14122.jpg,multi_train,multi,1200,2816,0.426136,1200,1
images/14123.jpg,multi_test,multi,1200,2557,0.4693,1200,5
images/14125.jpg,multi_test,multi,1200,2248,0.533808,1200,1
images/14126.jpg,multi_train,multi,1200,2263,0.53027,1200,3
images/14130.jpg,multi_train,multi,1200,2139,0.56101,1200,2
images/14132.jpg,multi_train,multi,1200,1960,0.612245,1200,6
images/14133.jpg,multi_train,multi,1200,2078,0.577478,1200,5
images/14134.jpg,single_train,single,1200,2404,0.499168,1200,1
images/14135.jpg,multi_train,multi,1200,2321,0.517019,1200,3
images/14138.jpg,multi_train,multi,1200,2640,0.454545,1200,3
images/14143.jpg,"multi_train,single_train","multi,single",1200,2603,0.461007,1200,8
images/14145.jpg,multi_train,multi,1875,2774,0.675919,1875,6
images/14146.jpg,single_train,single,1200,1459,0.822481,1200,7
images/14147.jpg,multi_train,multi,2632,5273,0.499147,2632,3
images/14148.jpg,multi_train,multi,1200,2830,0.424028,1200,1
images/14152.jpg,multi_test,multi,594,1362,0.436123,594,2
images/14156.jpg,single_test,single,1200,2890,0.415225,1200,6
images/14159.jpg,multi_train,multi,730,1281,0.569867,730,2
images/14161.jpg,single_train,single,1200,2050,0.585366,1200,4
images/14162.jpg,multi_train,multi,1200,2422,0.495458,1200,1
images/14163.jpg,multi_train,multi,1200,3368,0.356295,1200,1
images/14166.jpg,"multi_train,single_train","multi,single",1200,2117,0.56684,1200,9
images/1417.jpg,multi_train,multi,2000,5516,0.362582,2000,3
images/14170.jpg,multi_train,multi,1200,2115,0.567376,1200,4
images/14173.jpg,multi_train,multi,1200,2115,0.567376,1200,4
images/14175.jpg,multi_train,multi,1200,2631,0.4561,1200,2
images/14178.jpg,multi_train,multi,1200,1847,0.649702,1200,3
images/1418.jpg,multi_test,multi,2500,3963,0.630835,2500,5
images/14180.jpg,"multi_train,single_train","multi,single",1200,2213,0.54225,1200,6
images/14181.jpg,single_train,single,1200,2413,0.497306,1200,4
images/14182.jpg,multi_train,multi,1875,4668,0.401671,1875,4
images/14183.jpg,multi_train,multi,1240,2706,0.458241,1240,3
images/14184.jpg,multi_train,multi,1200,2819,0.425683,1200,3
images/14185.jpg,multi_train,multi,730,1257,0.580748,730,3
images/14186.jpg,multi_train,multi,1200,3142,0.381922,1200,2
images/14187.jpg,single_train,single,1200,3381,0.354925,1200,9
images/1419.jpg,single_train,single,1448,3281,0.441329,1448,8
images/14191.jpg,multi_train,multi,1200,2286,0.524934,1200,1
images/14192.jpg,"multi_train,single_train","multi,single",1200,2554,0.469851,1200,12
images/14197.jpg,single_train,single,1200,2948,0.407056,1200,3
images/142.jpg,multi_train,multi,2500,3354,0.745379,2500,3
images/14205.jpg,single_train,single,1200,3003,0.3996,1200,6
images/14207.jpg,multi_train,multi,1200,2043,0.587372,1200,1
images/14208.jpg,multi_train,multi,1200,1868,0.642398,1200,1
images/1421.jpg,single_train,single,2500,4627,0.540307,2500,7
images/14210.jpg,multi_train,multi,1200,2389,0.502302,1200,1
images/14211.jpg,multi_train,multi,1200,2666,0.450113,1200,3
images/14212.jpg,multi_test,multi,1200,2800,0.428571,1200,1
images/14213.jpg,multi_train,multi,1200,2725,0.440367,1200,6
images/14214.jpg,multi_train,multi,1200,2265,0.529801,1200,3
images/14216.jpg,multi_train,multi,1200,2693,0.4456,1200,5
images/14217.jpg,multi_train,multi,1200,2456,0.488599,1200,6
images/14218.jpg,multi_train,multi,1200,2043,0.587372,1200,1
images/14219.jpg,multi_train,multi,1200,1868,0.642398,1200,1
images/14221.jpg,multi_train,multi,1200,2458,0.488202,1200,3
images/14222.jpg,multi_train,multi,1200,2464,0.487013,1200,7
images/14223.jpg,multi_train,multi,1200,2296,0.522648,1200,3
images/14224.jpg,multi_test,multi,1200,2958,0.40568,1200,1
images/14225.jpg,"multi_train,single_train","multi,single",1200,2656,0.451807,1200,2
images/14227.jpg,single_train,single,1200,2133,0.562588,1200,7
images/14228.jpg,multi_train,multi,1200,2070,0.57971,1200,4
images/14229.jpg,multi_train,multi,713,972,0.733539,713,4
images/1423.jpg,multi_test,multi,2486,3185,0.780534,2486,6
images/14230.jpg,multi_train,multi,730,1013,0.720632,730,3
images/14231.jpg,multi_train,multi,730,1013,0.720632,730,7
images/14232.jpg,multi_train,multi,730,1622,0.450062,730,4
images/14233.jpg,multi_train,multi,1200,3150,0.380952,1200,2
images/14236.jpg,multi_train,multi,1875,4668,0.401671,1875,2
images/14241.jpg,multi_train,multi,1875,3458,0.542221,1875,4
images/14245.jpg,multi_train,multi,1384,3055,0.453028,1384,5
images/14246.jpg,multi_test,multi,1200,1563,0.767754,1200,2
images/14248.jpg,multi_train,multi,1875,2203,0.851112,1875,3
images/14253.jpg,single_test,single,1200,1595,0.752351,1200,10
images/1426.jpg,single_train,single,2167,5033,0.430558,2167,14
images/14260.jpg,multi_train,multi,1500,3734,0.401714,1500,6
images/14262.jpg,multi_train,multi,1500,2220,0.675676,1500,5
images/14263.jpg,"multi_train,single_train","multi,single",2250,3391,0.663521,2250,14
images/14264.jpg,multi_train,multi,1875,3458,0.542221,1875,5
images/14265.jpg,single_test,single,730,731,0.998632,730,6
images/14267.jpg,multi_train,multi,2100,3664,0.573144,2100,4
images/1427.jpg,multi_train,multi,1200,2950,0.40678,1200,2
images/14270.jpg,multi_test,multi,1200,2666,0.450113,1200,3
images/14271.jpg,multi_train,multi,1200,3015,0.39801,1200,3
images/14272.jpg,multi_test,multi,1875,2733,0.686059,1875,6
images/14274.jpg,single_train,single,1500,3717,0.403551,1500,2
images/14275.jpg,"multi_train,single_train","multi,single",2250,3642,0.617792,2250,10
images/14276.jpg,multi_train,multi,1875,2774,0.675919,1875,4
images/14278.jpg,multi_train,multi,1875,4483,0.418247,1875,2
images/14283.jpg,"multi_train,single_train","multi,single",1200,2192,0.547445,1200,9
images/14285.jpg,multi_train,multi,1875,4668,0.401671,1875,3
images/14292.jpg,multi_test,multi,1200,2133,0.562588,1200,3
images/14295.jpg,"multi_train,single_train","multi,single",2250,4089,0.550257,2250,14
images/14297.jpg,single_train,single,1875,4668,0.401671,1875,9
images/14299.jpg,multi_train,multi,1688,4201,0.401809,1688,8
images/143.jpg,single_train,single,2500,2167,1.153669,2167,6
images/14301.jpg,multi_train,multi,1800,2502,0.719424,1800,8
images/14306.jpg,multi_train,multi,1875,3458,0.542221,1875,4
images/1431.jpg,multi_train,multi,3370,3705,0.909582,3370,1
images/1432.jpg,multi_train,multi,2333,4686,0.497866,2333,5
images/14321.jpg,multi_train,multi,1500,3717,0.403551,1500,2
images/14322.jpg,multi_train,multi,1854,2640,0.702273,1854,6
images/14323.jpg,multi_train,multi,1200,1873,0.640683,1200,1
images/14329.jpg,multi_train,multi,730,1013,0.720632,730,2
images/14334.jpg,multi_train,multi,2250,4702,0.47852,2250,4
images/14336.jpg,multi_test,multi,1875,3249,0.577101,1875,5
images/14338.jpg,single_train,single,1200,2133,0.562588,1200,9
images/1434.jpg,multi_train,multi,2500,3075,0.813008,2500,2
images/14340.jpg,multi_train,multi,730,1754,0.416192,730,2
images/14342.jpg,single_train,single,1875,3458,0.542221,1875,7
images/14343.jpg,multi_train,multi,1200,3118,0.384862,1200,3
images/14346.jpg,multi_train,multi,1200,2487,0.482509,1200,4
images/14354.jpg,single_train,single,1875,4668,0.401671,1875,2
images/14355.jpg,"multi_train,single_train","multi,single",1042,2175,0.47908,1042,7
images/14357.jpg,single_train,single,1200,1702,0.705053,1200,6
images/14358.jpg,single_train,single,1500,2220,0.675676,1500,10
images/14359.jpg,multi_test,multi,1200,3772,0.318134,1200,4
images/14378.jpg,multi_train,multi,1200,2201,0.545207,1200,2
images/14380.jpg,multi_train,multi,2629,4488,0.585784,2629,4
images/14381.jpg,multi_train,multi,1875,4668,0.401671,1875,3
images/14383.jpg,single_train,single,1200,2133,0.562588,1200,8
images/14384.jpg,multi_train,multi,1875,3591,0.522139,1875,1
images/14386.jpg,single_test,single,1200,2133,0.562588,1200,6
images/14389.jpg,multi_train,multi,1200,1819,0.659703,1200,2
images/14392.jpg,multi_test,multi,1500,2660,0.56391,1500,6
images/14395.jpg,single_train,single,1688,3112,0.542416,1688,2
images/14396.jpg,single_train,single,1334,1081,1.234043,1081,2
images/14405.jpg,multi_train,multi,2250,3631,0.619664,2250,4
images/14406.jpg,multi_train,multi,1875,3458,0.542221,1875,6
images/14409.jpg,multi_train,multi,1500,2912,0.51511,1500,3
images/1441.jpg,multi_train,multi,2500,4252,0.587959,2500,2
images/14414.jpg,multi_test,multi,1200,2666,0.450113,1200,3
images/14419.jpg,multi_train,multi,1500,2220,0.675676,1500,3
images/1442.jpg,"multi_train,single_train","multi,single",2500,4121,0.606649,2500,12
images/14420.jpg,multi_train,multi,1384,3055,0.453028,1384,3
images/14422.jpg,single_train,single,1200,2133,0.562588,1200,9
images/1443.jpg,"multi_train,single_train","multi,single",2871,4518,0.635458,2871,5
images/14430.jpg,multi_train,multi,2250,4504,0.499556,2250,2
images/14432.jpg,single_train,single,1200,2637,0.455063,1200,5
images/14433.jpg,multi_train,multi,1200,1719,0.69808,1200,1
images/14435.jpg,single_train,single,1200,2133,0.562588,1200,9
images/14441.jpg,single_train,single,1200,2133,0.562588,1200,4
images/14442.jpg,multi_train,multi,730,1257,0.580748,730,2
images/14444.jpg,multi_test,multi,1200,2133,0.562588,1200,3
images/14446.jpg,multi_train,multi,1875,3458,0.542221,1875,4
images/14447.jpg,single_train,single,1200,2650,0.45283,1200,4
images/14449.jpg,multi_train,multi,882,1334,0.661169,882,2
images/14451.jpg,multi_train,multi,1200,1519,0.789993,1200,3
images/14453.jpg,multi_train,multi,1087,1094,0.993601,1087,3
images/14455.jpg,multi_train,multi,2250,2644,0.850983,2250,3
images/14456.jpg,multi_train,multi,1875,2849,0.658126,1875,6
images/1446.jpg,single_train,single,2500,4072,0.613949,2500,8
images/14460.jpg,multi_train,multi,1200,2030,0.591133,1200,4
images/14461.jpg,multi_test,multi,1200,2133,0.562588,1200,3
images/14463.jpg,multi_train,multi,1875,4668,0.401671,1875,3
images/14467.jpg,multi_train,multi,1875,4668,0.401671,1875,3
images/14468.jpg,multi_test,multi,2123,3300,0.643333,2123,3
images/1447.jpg,multi_train,multi,1628,2720,0.598529,1628,3
images/14473.jpg,multi_train,multi,1200,2666,0.450113,1200,5
images/14475.jpg,single_train,single,1875,3458,0.542221,1875,8
images/14476.jpg,multi_train,multi,730,989,0.738119,730,5
images/14484.jpg,multi_train,multi,1384,2796,0.494993,1384,6
images/14486.jpg,"multi_train,single_train","multi,single",1500,2766,0.542299,1500,7
images/14489.jpg,multi_test,multi,1200,2588,0.463679,1200,1
images/14492.jpg,multi_train,multi,1351,2353,0.574161,1351,2
images/14493.jpg,multi_train,multi,730,953,0.766002,730,4
images/14494.jpg,multi_test,multi,1200,2666,0.450113,1200,3
images/14497.jpg,"multi_train,single_train","multi,single",2171,6869,0.316058,2171,8
images/14498.jpg,multi_train,multi,1421,2036,0.697937,1421,5
images/1450.jpg,multi_train,multi,1085,2048,0.529785,1085,4
images/14500.jpg,single_train,single,1875,3458,0.542221,1875,5
images/14501.jpg,single_train,single,1200,2637,0.455063,1200,6
images/14503.jpg,multi_train,multi,1875,3213,0.583567,1875,3
images/14505.jpg,"multi_train,single_train","multi,single",939,2157,0.435327,939,8
images/14508.jpg,single_train,single,1200,2666,0.450113,1200,5
images/14509.jpg,multi_train,multi,1875,3458,0.542221,1875,4
images/14511.jpg,single_train,single,1500,2220,0.675676,1500,6
images/14514.jpg,multi_train,multi,1359,1460,0.930822,1359,3
images/14518.jpg,multi_train,multi,1200,1873,0.640683,1200,3
images/14519.jpg,multi_train,multi,2250,3789,0.593824,2250,2
images/14524.jpg,single_train,single,1311,1653,0.793103,1311,7
images/1453.jpg,"multi_train,single_train","multi,single",1025,1638,0.625763,1025,20
images/14533.jpg,multi_train,multi,977,923,1.058505,923,1
images/14536.jpg,single_train,single,432,818,0.528117,432,1
images/1454.jpg,multi_train,multi,2500,2722,0.918442,2500,2
images/14544.jpg,single_train,single,1883,3810,0.494226,1883,6
images/14550.jpg,multi_train,multi,964,1640,0.587805,964,1
images/14554.jpg,single_train,single,906,819,1.106227,819,2
images/14557.jpg,single_test,single,1240,1913,0.648197,1240,3
images/14563.jpg,multi_train,multi,1287,1660,0.775301,1287,4
images/14566.jpg,"multi_train,single_train","multi,single",1200,2464,0.487013,1200,7
images/1457.jpg,single_train,single,2501,4670,0.535546,2501,7
images/14572.jpg,multi_train,multi,1800,1676,1.073986,1676,8
images/14576.jpg,multi_train,multi,1200,2666,0.450113,1200,5
images/14577.jpg,multi_train,multi,1625,2033,0.799311,1625,3
images/14579.jpg,single_train,single,1200,2133,0.562588,1200,10
images/14582.jpg,single_train,single,1200,2133,0.562588,1200,3
images/14583.jpg,multi_train,multi,726,1017,0.713864,726,5
images/14585.jpg,multi_test,multi,1200,1532,0.78329,1200,2
images/14586.jpg,multi_train,multi,1087,1168,0.930651,1087,3
images/14587.jpg,multi_train,multi,1287,1813,0.709873,1287,8
images/14589.jpg,single_test,single,1200,2133,0.562588,1200,5
images/14591.jpg,single_test,single,730,1184,0.616554,730,10
images/14593.jpg,multi_train,multi,1107,2350,0.471064,1107,6
images/14594.jpg,multi_train,multi,730,953,0.766002,730,2
images/14595.jpg,single_train,single,1200,2666,0.450113,1200,6
images/14597.jpg,"multi_train,single_train","multi,single",1875,3458,0.542221,1875,14
images/14600.jpg,multi_train,multi,730,989,0.738119,730,4
images/14602.jpg,multi_train,multi,1875,3458,0.542221,1875,5
images/14605.jpg,multi_train,multi,1875,3458,0.542221,1875,4
images/14606.jpg,single_train,single,730,1604,0.455112,730,4
images/1462.jpg,single_train,single,1342,1921,0.698594,1342,6
images/14620.jpg,multi_train,multi,1875,3458,0.542221,1875,4
images/14624.jpg,single_train,single,1200,1803,0.665557,1200,8
images/14625.jpg,multi_train,multi,1107,2444,0.452946,1107,10
images/14626.jpg,multi_train,multi,1200,2746,0.436999,1200,2
images/14633.jpg,multi_train,multi,730,1683,0.433749,730,3
images/14642.jpg,multi_train,multi,1690,1271,1.329662,1271,3
images/14646.jpg,multi_train,multi,644,923,0.697725,644,6
images/14647.jpg,multi_train,multi,674,923,0.730228,674,4
images/14648.jpg,"multi_train,single_train","multi,single",730,953,0.766002,730,12
images/14651.jpg,single_train,single,1200,2133,0.562588,1200,9
images/14652.jpg,multi_train,multi,730,1257,0.580748,730,8
images/14655.jpg,single_train,single,5472,4387,1.247322,4387,8
images/14656.jpg,"multi_train,single_train","multi,single",1200,2978,0.402955,1200,10
images/14658.jpg,"multi_train,single_train","multi,single",2250,4197,0.536097,2250,5
images/1466.jpg,multi_test,multi,2500,4689,0.533163,2500,1
images/14663.jpg,multi_train,multi,938,2143,0.437704,938,3
images/14664.jpg,single_train,single,979,1334,0.733883,979,3
images/14665.jpg,single_train,single,1200,2133,0.562588,1200,4
images/14668.jpg,multi_train,multi,1200,1873,0.640683,1200,2
images/1467.jpg,multi_train,multi,1103,1777,0.620709,1103,4
images/14672.jpg,multi_train,multi,1200,1873,0.640683,1200,1
images/14673.jpg,multi_train,multi,1200,1873,0.640683,1200,2
images/14676.jpg,multi_train,multi,1341,1165,1.151073,1165,2
images/14677.jpg,single_train,single,1325,1380,0.960145,1325,7
images/14686.jpg,multi_train,multi,730,1013,0.720632,730,4
images/14688.jpg,single_train,single,992,2146,0.462255,992,9
images/1469.jpg,"multi_test,single_test","multi,single",1349,1649,0.818072,1349,12
images/14690.jpg,single_train,single,1875,3566,0.525799,1875,8
images/14691.jpg,single_test,single,1750,3227,0.542299,1750,7
images/14693.jpg,multi_train,multi,1501,2475,0.606465,1501,1
images/14696.jpg,multi_train,multi,2250,2307,0.975293,2250,4
images/14697.jpg,multi_train,multi,2250,2369,0.949768,2250,8
images/14698.jpg,multi_train,multi,2250,2370,0.949367,2250,4
images/14699.jpg,multi_train,multi,2250,2308,0.97487,2250,12
images/14700.jpg,multi_train,multi,2250,2350,0.957447,2250,4
images/14701.jpg,"multi_train,single_train","multi,single",2250,2328,0.966495,2250,11
images/14704.jpg,multi_train,multi,730,953,0.766002,730,6
images/14705.jpg,multi_train,multi,730,953,0.766002,730,9
images/14711.jpg,single_train,single,1620,1310,1.236641,1310,10
images/14712.jpg,multi_train,multi,1200,2666,0.450113,1200,5
images/14714.jpg,multi_train,multi,1875,4769,0.393164,1875,4
images/14716.jpg,multi_train,multi,2250,3588,0.62709,2250,4
images/14717.jpg,multi_train,multi,1200,2666,0.450113,1200,5
images/1472.jpg,multi_train,multi,1386,1706,0.812427,1386,6
images/14721.jpg,multi_train,multi,1875,4668,0.401671,1875,1
images/14723.jpg,multi_train,multi,1421,2309,0.615418,1421,5
images/14724.jpg,single_train,single,730,1668,0.43765,730,6
images/14727.jpg,"multi_train,single_train","multi,single",1200,2725,0.440367,1200,3
images/14729.jpg,multi_train,multi,1200,2637,0.455063,1200,5
images/1473.jpg,"multi_train,single_train","multi,single",830,1107,0.749774,830,8
images/14733.jpg,multi_train,multi,1200,2985,0.40201,1200,5
images/14736.jpg,multi_train,multi,730,1520,0.480263,730,3
images/14737.jpg,multi_train,multi,1875,3458,0.542221,1875,6
images/14741.jpg,multi_train,multi,1200,2094,0.573066,1200,4
images/14742.jpg,multi_train,multi,730,1622,0.450062,730,4
images/14747.jpg,multi_train,multi,1500,3065,0.489396,1500,3
images/14748.jpg,multi_train,multi,1926,2757,0.698585,1926,1
images/14749.jpg,single_train,single,1750,3227,0.542299,1750,5
images/1475.jpg,"multi_test,single_test","multi,single",2500,3075,0.813008,2500,8
images/14753.jpg,multi_train,multi,1200,2383,0.503567,1200,2
images/14754.jpg,single_train,single,1500,2220,0.675676,1500,6
images/14755.jpg,single_train,single,1200,2133,0.562588,1200,8
images/14757.jpg,multi_test,multi,1875,3066,0.611546,1875,4
images/14758.jpg,multi_train,multi,730,1182,0.617597,730,2
images/14759.jpg,multi_train,multi,730,1616,0.451733,730,2
images/14763.jpg,multi_train,multi,1750,3536,0.49491,1750,3
images/14764.jpg,multi_train,multi,730,1604,0.455112,730,3
images/14765.jpg,single_train,single,1200,2076,0.578035,1200,11
images/14766.jpg,multi_train,multi,1200,1917,0.625978,1200,1
images/14769.jpg,"multi_train,single_train","multi,single",1200,1552,0.773196,1200,9
images/1477.jpg,multi_train,multi,2250,2076,1.083815,2076,3
images/14770.jpg,single_train,single,1200,2133,0.562588,1200,8
images/14771.jpg,multi_train,multi,1200,2666,0.450113,1200,5
images/14774.jpg,single_train,single,1200,2133,0.562588,1200,5
images/1478.jpg,single_test,single,894,822,1.087591,822,3
images/14783.jpg,multi_train,multi,1200,2666,0.450113,1200,3
images/14785.jpg,"multi_train,single_train","multi,single",1200,2666,0.450113,1200,14
images/14786.jpg,multi_train,multi,1200,2391,0.501882,1200,3
images/14787.jpg,multi_train,multi,1875,4668,0.401671,1875,1
images/14789.jpg,"multi_train,single_train","multi,single",1200,1719,0.69808,1200,4
images/1479.jpg,"multi_train,single_train","multi,single",2250,2076,1.083815,2076,15
images/14792.jpg,multi_train,multi,1200,2459,0.488003,1200,1
images/14798.jpg,multi_train,multi,2100,3679,0.570807,2100,4
images/14800.jpg,multi_test,multi,1250,1704,0.733568,1250,3
images/14803.jpg,multi_train,multi,1250,1704,0.733568,1250,4
images/14805.jpg,multi_train,multi,2250,3998,0.562781,2250,5
images/14806.jpg,multi_test,multi,1250,1704,0.733568,1250,3
images/14807.jpg,multi_test,multi,1200,2651,0.452659,1200,1
images/14809.jpg,multi_test,multi,1250,1704,0.733568,1250,3
images/14814.jpg,multi_train,multi,1500,2220,0.675676,1500,3
images/14820.jpg,single_train,single,730,568,1.285211,568,5
images/14823.jpg,single_train,single,1200,2666,0.450113,1200,10
images/14826.jpg,multi_train,multi,1384,3519,0.393294,1384,2
images/14829.jpg,multi_train,multi,1875,3922,0.478072,1875,1
images/1483.jpg,multi_test,multi,4741,6570,0.721613,4741,6
images/14831.jpg,multi_test,multi,1875,2733,0.686059,1875,3
images/14833.jpg,single_test,single,1240,3858,0.32141,1240,10
images/14837.jpg,multi_train,multi,1875,3850,0.487013,1875,2
images/14838.jpg,multi_train,multi,2100,4139,0.507369,2100,5
images/1484.jpg,multi_train,multi,2500,3420,0.730994,2500,1
images/14840.jpg,multi_train,multi,1421,1921,0.739719,1421,5
images/14841.jpg,multi_train,multi,1800,1836,0.980392,1800,3
images/14845.jpg,single_train,single,988,1381,0.715424,988,8
images/14847.jpg,"multi_train,single_train","multi,single",503,1280,0.392969,503,15
images/14850.jpg,multi_train,multi,1200,1960,0.612245,1200,5
images/14851.jpg,"multi_train,single_train","multi,single",1200,2464,0.487013,1200,12
images/14852.jpg,multi_train,multi,1200,2464,0.487013,1200,4
images/14855.jpg,multi_train,multi,1200,2155,0.556845,1200,3
images/14857.jpg,multi_train,multi,1200,2470,0.48583,1200,2
images/14858.jpg,"multi_train,single_train","multi,single",1200,2025,0.592593,1200,8
images/14861.jpg,multi_train,multi,730,1198,0.609349,730,2
images/14862.jpg,multi_train,multi,730,1198,0.609349,730,2
images/14863.jpg,multi_train,multi,730,1198,0.609349,730,1
images/14864.jpg,multi_train,multi,730,1198,0.609349,730,2
images/14867.jpg,single_train,single,1200,1729,0.694043,1200,6
images/14870.jpg,multi_test,multi,1200,2586,0.464037,1200,4
images/14874.jpg,multi_test,multi,1200,2506,0.478851,1200,4
images/1488.jpg,multi_train,multi,2500,2804,0.891583,2500,5
images/14883.jpg,multi_train,multi,2250,3631,0.619664,2250,4
images/14886.jpg,"multi_test,single_test","multi,single",1200,1421,0.844476,1200,14
images/14889.jpg,multi_train,multi,1664,2812,0.59175,1664,3
images/14890.jpg,multi_test,multi,730,1232,0.592532,730,3
images/14891.jpg,multi_test,multi,730,1232,0.592532,730,8
images/14892.jpg,multi_test,multi,730,1232,0.592532,730,8
images/14893.jpg,"multi_test,single_test","multi,single",730,1232,0.592532,730,15
images/14894.jpg,multi_test,multi,730,1232,0.592532,730,3
images/14895.jpg,multi_test,multi,730,1232,0.592532,730,3
images/14899.jpg,multi_train,multi,730,1184,0.616554,730,3
images/14900.jpg,multi_train,multi,730,1184,0.616554,730,5
images/14901.jpg,multi_train,multi,730,1184,0.616554,730,3
images/14902.jpg,multi_train,multi,730,1184,0.616554,730,2
images/14910.jpg,single_test,single,1200,2133,0.562588,1200,10
images/14923.jpg,multi_train,multi,1200,2133,0.562588,1200,4
images/14926.jpg,multi_train,multi,1200,2133,0.562588,1200,4
images/1493.jpg,multi_train,multi,2500,6228,0.401413,2500,7
images/14932.jpg,single_test,single,1200,2133,0.562588,1200,8
images/14934.jpg,single_train,single,1200,2133,0.562588,1200,5
images/14938.jpg,multi_train,multi,1200,2133,0.562588,1200,5
images/1494.jpg,single_train,single,2512,4199,0.598238,2512,2
images/14945.jpg,multi_train,multi,1200,2133,0.562588,1200,5
images/14946.jpg,single_train,single,1200,2133,0.562588,1200,2
images/14948.jpg,single_train,single,1200,2133,0.562588,1200,9
images/14953.jpg,single_test,single,1200,2133,0.562588,1200,8
images/14955.jpg,multi_train,multi,1200,2133,0.562588,1200,4
images/14958.jpg,single_train,single,1200,2133,0.562588,1200,4
images/1496.jpg,multi_train,multi,1297,1377,0.941903,1297,2
images/14969.jpg,multi_test,multi,1200,2533,0.473747,1200,5
images/14970.jpg,multi_train,multi,1200,2533,0.473747,1200,4
images/14971.jpg,single_train,single,1200,2533,0.473747,1200,5
images/14979.jpg,single_train,single,1200,2186,0.548948,1200,4
images/14987.jpg,multi_test,multi,1200,2186,0.548948,1200,5
images/14988.jpg,multi_test,multi,1200,2186,0.548948,1200,5
images/1499.jpg,multi_train,multi,2500,4981,0.501907,2500,5
images/14991.jpg,single_train,single,1200,2186,0.548948,1200,7
images/14996.jpg,multi_train,multi,1200,2186,0.548948,1200,3
images/1500.jpg,multi_train,multi,2688,3300,0.814545,2688,2
images/15010.jpg,single_train,single,1200,2186,0.548948,1200,6
images/15011.jpg,multi_test,multi,1200,2186,0.548948,1200,7
images/15012.jpg,multi_train,multi,1200,2186,0.548948,1200,2
images/15013.jpg,multi_test,multi,1200,2186,0.548948,1200,4
images/15015.jpg,multi_test,multi,1200,2186,0.548948,1200,5
images/15027.jpg,single_train,single,1200,2186,0.548948,1200,8
images/15031.jpg,single_train,single,1200,2186,0.548948,1200,9
images/15032.jpg,"multi_train,single_train","multi,single",1200,2186,0.548948,1200,11
images/15033.jpg,single_train,single,1200,2186,0.548948,1200,10
images/15034.jpg,single_train,single,1200,2186,0.548948,1200,6
images/15035.jpg,multi_test,multi,1200,2186,0.548948,1200,4
images/15036.jpg,multi_test,multi,1200,2186,0.548948,1200,3
images/1504.jpg,single_train,single,1359,1861,0.730253,1359,7
images/15048.jpg,multi_train,multi,1200,2133,0.562588,1200,5
images/1505.jpg,multi_train,multi,2500,3844,0.650364,2500,5
images/15059.jpg,single_train,single,730,1622,0.450062,730,7
images/15073.jpg,multi_train,multi,730,1622,0.450062,730,3
images/15076.jpg,multi_test,multi,730,1622,0.450062,730,3
images/15081.jpg,single_train,single,730,1622,0.450062,730,2
images/15085.jpg,multi_train,multi,730,1622,0.450062,730,5
images/1509.jpg,multi_train,multi,2500,3974,0.629089,2500,4
images/15093.jpg,single_train,single,730,1622,0.450062,730,3
images/15099.jpg,multi_train,multi,1200,2133,0.562588,1200,3
images/15101.jpg,multi_test,multi,1200,2133,0.562588,1200,3
images/15103.jpg,multi_test,multi,1200,2133,0.562588,1200,3
images/15105.jpg,multi_train,multi,1200,2133,0.562588,1200,3
images/15106.jpg,"multi_train,single_train","multi,single",1200,2133,0.562588,1200,6
images/15107.jpg,single_train,single,1200,2133,0.562588,1200,8
images/15108.jpg,multi_test,multi,1200,2133,0.562588,1200,5
images/15109.jpg,multi_test,multi,1200,2133,0.562588,1200,3
images/1511.jpg,multi_train,multi,2250,2830,0.795053,2250,4
images/15110.jpg,multi_test,multi,1200,2133,0.562588,1200,5
images/15111.jpg,multi_test,multi,1200,2133,0.562588,1200,5
images/15112.jpg,multi_train,multi,1200,2133,0.562588,1200,5
images/15115.jpg,"multi_train,single_train","multi,single",1200,2133,0.562588,1200,13
images/15118.jpg,multi_train,multi,1200,2133,0.562588,1200,4
images/15119.jpg,single_train,single,1200,2133,0.562588,1200,3
images/1512.jpg,multi_test,multi,2500,4627,0.540307,2500,5
images/15120.jpg,multi_train,multi,1200,2133,0.562588,1200,5
images/15121.jpg,multi_train,multi,1200,2133,0.562588,1200,4
images/15122.jpg,multi_train,multi,1200,2133,0.562588,1200,3
images/15126.jpg,single_train,single,1200,2266,0.529568,1200,4
images/15127.jpg,multi_train,multi,1200,2266,0.529568,1200,6
images/15130.jpg,"multi_train,single_train","multi,single",1200,2266,0.529568,1200,11
images/15131.jpg,multi_train,multi,1200,2266,0.529568,1200,6
images/15133.jpg,single_test,single,1200,2266,0.529568,1200,7
images/15139.jpg,single_train,single,1200,2266,0.529568,1200,4
images/1514.jpg,multi_test,multi,1708,2845,0.600351,1708,11
images/15145.jpg,multi_test,multi,1200,2266,0.529568,1200,3
images/15149.jpg,multi_test,multi,1200,2266,0.529568,1200,3
images/1515.jpg,multi_train,multi,2500,3851,0.649182,2500,5
images/15154.jpg,multi_train,multi,1200,2266,0.529568,1200,5
images/15159.jpg,multi_train,multi,1200,3066,0.391389,1200,5
images/15161.jpg,multi_train,multi,1200,3066,0.391389,1200,5
images/15162.jpg,single_test,single,1200,3066,0.391389,1200,2
images/15163.jpg,multi_train,multi,1200,3066,0.391389,1200,5
images/15164.jpg,multi_train,multi,1200,3066,0.391389,1200,5
images/15165.jpg,multi_train,multi,1200,3066,0.391389,1200,5
images/15167.jpg,single_test,single,1200,3066,0.391389,1200,8
images/15169.jpg,multi_train,multi,1200,3066,0.391389,1200,4
images/15171.jpg,single_train,single,1200,3066,0.391389,1200,2
images/15172.jpg,"multi_train,single_train","multi,single",1200,3066,0.391389,1200,9
images/15176.jpg,multi_test,multi,1200,3066,0.391389,1200,3
images/1518.jpg,single_train,single,2663,6242,0.426626,2663,11
images/15182.jpg,multi_train,multi,1200,3066,0.391389,1200,3
images/15187.jpg,single_test,single,1200,2666,0.450113,1200,10
images/15189.jpg,multi_train,multi,1200,2666,0.450113,1200,5
images/1519.jpg,"multi_train,single_train","multi,single",2500,4447,0.562177,2500,5
images/15196.jpg,single_train,single,1200,2666,0.450113,1200,2
images/1520.jpg,multi_train,multi,2250,2197,1.024124,2197,1
images/15206.jpg,multi_test,multi,1200,2666,0.450113,1200,5
images/15207.jpg,single_train,single,1200,2666,0.450113,1200,9
images/1521.jpg,multi_train,multi,595,851,0.699177,595,4
images/15212.jpg,single_train,single,1200,2666,0.450113,1200,10
images/15216.jpg,multi_train,multi,1200,2666,0.450113,1200,5
images/15221.jpg,multi_train,multi,1200,2666,0.450113,1200,4
images/15226.jpg,multi_train,multi,1200,2666,0.450113,1200,4
images/15229.jpg,multi_train,multi,1200,2666,0.450113,1200,5
images/1523.jpg,multi_train,multi,1085,1573,0.689765,1085,2
images/15232.jpg,single_train,single,1200,2666,0.450113,1200,10
images/1524.jpg,multi_train,multi,2500,3075,0.813008,2500,2
images/15255.jpg,single_train,single,1200,2533,0.473747,1200,7
images/15260.jpg,single_train,single,1200,2533,0.473747,1200,8
images/15273.jpg,single_train,single,1200,2533,0.473747,1200,8
images/15276.jpg,multi_test,multi,1200,2533,0.473747,1200,5
images/15278.jpg,single_train,single,1200,2533,0.473747,1200,8
images/15280.jpg,single_train,single,1200,2533,0.473747,1200,9
images/1529.jpg,multi_train,multi,2536,3003,0.844489,2536,2
images/15292.jpg,single_train,single,1200,2533,0.473747,1200,7
images/15294.jpg,single_test,single,1200,2533,0.473747,1200,11
images/153.jpg,"multi_train,single_train","multi,single",2500,2083,1.200192,2083,9
images/15305.jpg,single_train,single,1200,2533,0.473747,1200,10
images/15307.jpg,single_train,single,1200,2533,0.473747,1200,10
images/1531.jpg,multi_train,multi,2250,2157,1.043115,2157,7
images/15310.jpg,single_train,single,1200,2533,0.473747,1200,9
images/15318.jpg,multi_train,multi,2092,3867,0.540988,2092,1
images/15322.jpg,multi_train,multi,1214,3292,0.368773,1214,2
images/15326.jpg,multi_train,multi,1367,1899,0.719853,1367,1
images/15337.jpg,multi_train,multi,736,2048,0.359375,736,2
images/15341.jpg,multi_train,multi,730,1257,0.580748,730,5
images/15342.jpg,"multi_train,single_train","multi,single",730,1257,0.580748,730,9
images/15345.jpg,multi_train,multi,1875,3743,0.500935,1875,5
images/15346.jpg,multi_train,multi,1800,1907,0.943891,1800,3
images/15348.jpg,multi_train,multi,994,905,1.098343,905,1
images/15353.jpg,multi_train,multi,1341,1122,1.195187,1122,3
images/15354.jpg,multi_train,multi,1341,1111,1.207021,1111,2
images/15355.jpg,multi_train,multi,2682,3130,0.856869,2682,1
images/15356.jpg,multi_train,multi,964,1636,0.589242,964,1
images/15357.jpg,multi_train,multi,1256,1498,0.838451,1256,1
images/15358.jpg,multi_train,multi,1256,1539,0.816114,1256,5
images/1536.jpg,"multi_train,single_train","multi,single",1085,1796,0.60412,1085,6
images/15364.jpg,multi_test,multi,730,659,1.107739,659,5
images/15365.jpg,multi_train,multi,652,1110,0.587387,652,5
images/15366.jpg,multi_train,multi,1800,1954,0.921187,1800,8
images/1537.jpg,multi_train,multi,1085,1772,0.612302,1085,4
images/15375.jpg,"multi_train,single_train","multi,single",730,989,0.738119,730,12
images/15376.jpg,single_train,single,730,989,0.738119,730,12
images/15377.jpg,multi_train,multi,730,989,0.738119,730,7
images/15380.jpg,multi_train,multi,730,989,0.738119,730,2
images/15381.jpg,multi_train,multi,713,972,0.733539,713,4
images/15383.jpg,multi_train,multi,1950,1954,0.997953,1950,4
images/15387.jpg,single_train,single,1236,2530,0.488538,1236,11
images/1539.jpg,multi_train,multi,2500,3075,0.813008,2500,3
images/15396.jpg,multi_train,multi,1200,1850,0.648649,1200,4
images/15399.jpg,multi_train,multi,1686,2576,0.654503,1686,4
images/15400.jpg,single_train,single,1164,1426,0.816269,1164,9
images/15401.jpg,multi_train,multi,1341,1111,1.207021,1111,4
images/15405.jpg,"multi_train,single_train","multi,single",1341,1114,1.20377,1114,15
images/1541.jpg,single_train,single,1085,1366,0.79429,1085,9
images/15410.jpg,multi_train,multi,1200,3683,0.325821,1200,5
images/15412.jpg,multi_train,multi,981,1150,0.853043,981,2
images/15413.jpg,single_train,single,1477,3789,0.389813,1477,4
images/15416.jpg,multi_train,multi,1953,1969,0.991874,1953,1
images/15418.jpg,multi_test,multi,2133,2583,0.825784,2133,1
images/1542.jpg,single_train,single,2510,7070,0.355021,2510,7
images/15424.jpg,multi_train,multi,2133,3583,0.595311,2133,3
images/15426.jpg,multi_train,multi,2133,3208,0.6649,2133,1
images/15428.jpg,multi_train,multi,2133,3208,0.6649,2133,1
images/1543.jpg,"multi_train,single_train","multi,single",2500,3807,0.656685,2500,15
images/15430.jpg,multi_train,multi,2133,2542,0.839103,2133,3
images/15432.jpg,"multi_train,single_train","multi,single",2133,2292,0.930628,2133,10
images/15434.jpg,single_train,single,2500,2563,0.975419,2500,5
images/15436.jpg,single_train,single,2133,4687,0.455089,2133,6
images/15439.jpg,single_train,single,2500,5458,0.458043,2500,7
images/15441.jpg,multi_train,multi,2500,5802,0.430886,2500,3
images/15443.jpg,multi_train,multi,2500,3250,0.769231,2500,2
images/15446.jpg,"multi_test,single_test","multi,single",2500,3667,0.681756,2500,10
images/15448.jpg,multi_test,multi,2500,4271,0.585343,2500,1
images/15449.jpg,multi_train,multi,2500,3500,0.714286,2500,3
images/15454.jpg,multi_train,multi,2500,4688,0.533276,2500,2
images/15458.jpg,"multi_train,single_train","multi,single",2500,2917,0.857045,2500,8
images/1546.jpg,multi_train,multi,2500,4351,0.574581,2500,5
images/15460.jpg,multi_train,multi,2500,4250,0.588235,2500,2
images/15463.jpg,multi_train,multi,2500,2271,1.100837,2271,2
images/15469.jpg,single_train,single,2500,5208,0.480031,2500,10
images/1547.jpg,multi_train,multi,2500,4627,0.540307,2500,3
images/15472.jpg,multi_train,multi,2500,3304,0.756659,2500,3
images/15474.jpg,multi_train,multi,2500,3208,0.779302,2500,2
images/15475.jpg,multi_train,multi,2500,3670,0.681199,2500,4
images/15478.jpg,single_train,single,2500,3139,0.796432,2500,7
images/15484.jpg,multi_train,multi,2250,2896,0.776934,2250,2
images/15487.jpg,multi_train,multi,2250,1937,1.16159,1937,3
images/15489.jpg,multi_train,multi,2250,2971,0.757321,2250,2
images/1549.jpg,single_train,single,1104,1769,0.624081,1104,9
images/15491.jpg,"multi_train,single_train","multi,single",2250,2211,1.017639,2211,5
images/15492.jpg,multi_train,multi,2250,3003,0.749251,2250,3
images/15495.jpg,single_train,single,1081,1731,0.624495,1081,10
images/15496.jpg,single_train,single,2250,2250,1.0,2250,8
images/15498.jpg,multi_train,multi,2500,3526,0.709019,2500,3
images/15499.jpg,single_train,single,2250,2809,0.800997,2250,8
images/15502.jpg,single_train,single,2250,2012,1.11829,2012,10
images/15504.jpg,single_train,single,1081,721,1.499307,721,9
images/15508.jpg,single_train,single,1081,888,1.217342,888,9
images/15512.jpg,single_train,single,1081,853,1.267292,853,8
images/15513.jpg,multi_test,multi,1081,1730,0.624855,1081,1
images/15514.jpg,multi_train,multi,2250,2558,0.879593,2250,3
images/15519.jpg,multi_test,multi,2500,2203,1.134816,2203,5
images/15527.jpg,multi_train,multi,2250,2176,1.034007,2176,2
images/15528.jpg,single_train,single,2250,2542,0.88513,2250,8
images/15530.jpg,multi_train,multi,2500,2485,1.006036,2485,5
images/15531.jpg,multi_train,multi,2250,2057,1.093826,2057,3
images/15532.jpg,multi_train,multi,2250,3517,0.63975,2250,2
images/15534.jpg,single_train,single,2250,1935,1.162791,1935,1
images/15535.jpg,multi_train,multi,2250,2871,0.783699,2250,2
images/15537.jpg,single_train,single,2250,3560,0.632022,2250,11
images/15538.jpg,"multi_train,single_train","multi,single",2500,3165,0.789889,2500,9
images/1554.jpg,multi_test,multi,2500,6220,0.401929,2500,2
images/15540.jpg,multi_train,multi,2500,3328,0.751202,2500,2
images/15542.jpg,single_train,single,2500,2915,0.857633,2500,1
images/15545.jpg,multi_train,multi,2500,2165,1.154734,2165,5
images/15546.jpg,single_train,single,2500,2810,0.88968,2500,5
images/15548.jpg,multi_train,multi,2500,2357,1.06067,2357,1
images/15551.jpg,multi_train,multi,2500,2551,0.980008,2500,3
images/15554.jpg,multi_train,multi,2500,3272,0.764059,2500,3
images/15555.jpg,single_train,single,2500,2873,0.870171,2500,6
images/15557.jpg,multi_train,multi,2250,2072,1.085907,2072,2
images/15561.jpg,multi_test,multi,2250,2417,0.930906,2250,1
images/15567.jpg,multi_train,multi,2500,2357,1.06067,2357,8
images/15569.jpg,multi_train,multi,2500,2357,1.06067,2357,3
images/15570.jpg,single_train,single,2500,2676,0.93423,2500,11
images/15575.jpg,multi_train,multi,2500,3289,0.760109,2500,2
images/15576.jpg,multi_train,multi,2500,3289,0.760109,2500,2
images/15578.jpg,multi_train,multi,2500,2447,1.021659,2447,3
images/1558.jpg,multi_train,multi,1248,2287,0.545693,1248,2
images/15580.jpg,multi_test,multi,2500,2324,1.075731,2324,5
images/15581.jpg,single_train,single,2250,2337,0.962773,2250,1
images/15582.jpg,multi_test,multi,2500,2057,1.215362,2057,12
images/15583.jpg,multi_train,multi,2250,2592,0.868056,2250,2
images/15584.jpg,"multi_train,single_train","multi,single",2250,3421,0.657702,2250,8
images/15587.jpg,multi_train,multi,2250,1743,1.290878,1743,2
images/15588.jpg,multi_test,multi,2500,2057,1.215362,2057,2
images/1559.jpg,"multi_test,single_test","multi,single",1180,1700,0.694118,1180,6
images/15590.jpg,multi_test,multi,2500,2208,1.132246,2208,5
images/15595.jpg,multi_train,multi,2250,2981,0.75478,2250,2
images/15596.jpg,"multi_train,single_train","multi,single",2250,2348,0.958262,2250,10
images/15609.jpg,"multi_train,single_train","multi,single",1006,961,1.046826,961,10
images/1561.jpg,multi_train,multi,1070,1730,0.618497,1070,3
images/15610.jpg,multi_train,multi,2538,4237,0.599009,2538,3
images/15611.jpg,multi_train,multi,1339,2231,0.600179,1339,3
images/15612.jpg,multi_train,multi,1308,1449,0.902692,1308,1
images/15614.jpg,multi_train,multi,1747,2037,0.857634,1747,1
images/15615.jpg,multi_train,multi,2250,2688,0.837054,2250,4
images/15616.jpg,single_train,single,2250,3248,0.692734,2250,9
images/15617.jpg,single_train,single,2500,2849,0.877501,2500,10
images/15619.jpg,multi_train,multi,1317,1000,1.317,1000,2
images/15624.jpg,multi_train,multi,2000,1865,1.072386,1865,5
images/15628.jpg,single_train,single,1397,1349,1.035582,1349,8
images/15629.jpg,multi_train,multi,2500,5997,0.416875,2500,2
images/1563.jpg,multi_train,multi,2500,2469,1.012556,2469,5
images/15632.jpg,"multi_train,single_train","multi,single",2250,2519,0.893212,2250,10
images/15639.jpg,multi_train,multi,2250,2083,1.080173,2083,3
images/15640.jpg,multi_train,multi,2250,2042,1.101861,2042,2
images/15641.jpg,single_train,single,2250,2174,1.034959,2174,5
images/15642.jpg,single_train,single,1342,908,1.477974,908,11
images/15649.jpg,multi_train,multi,2250,1500,1.5,1500,2
images/15658.jpg,multi_train,multi,2250,3230,0.696594,2250,1
images/15659.jpg,single_train,single,2169,3752,0.578092,2169,10
images/1566.jpg,multi_train,multi,1085,1767,0.614035,1085,3
images/15660.jpg,multi_train,multi,905,1608,0.562811,905,3
images/15667.jpg,single_train,single,1006,1825,0.551233,1006,6
images/15669.jpg,multi_train,multi,2500,2607,0.958957,2500,2
images/15674.jpg,single_train,single,2257,3595,0.627816,2257,11
images/15675.jpg,single_train,single,1156,2757,0.419296,1156,13
images/15677.jpg,"multi_train,single_train","multi,single",2014,3840,0.524479,2014,4
images/15679.jpg,multi_train,multi,1232,1884,0.653928,1232,1
images/1568.jpg,multi_test,multi,2162,3697,0.584798,2162,2
images/15687.jpg,single_train,single,1106,1783,0.620303,1106,13
images/1569.jpg,multi_train,multi,1726,2349,0.734781,1726,2
images/15693.jpg,"multi_train,single_train","multi,single",2500,3005,0.831947,2500,8
images/15694.jpg,multi_train,multi,2500,3268,0.764994,2500,2
images/15697.jpg,multi_train,multi,2250,2778,0.809935,2250,2
images/157.jpg,multi_test,multi,2500,4854,0.515039,2500,4
images/15702.jpg,single_test,single,2500,2104,1.188213,2104,6
images/15703.jpg,multi_train,multi,2500,4381,0.570646,2500,1
images/1571.jpg,multi_train,multi,2967,5310,0.558757,2967,4
images/15717.jpg,"multi_train,single_train","multi,single",1423,3239,0.439333,1423,13
images/15718.jpg,multi_train,multi,1135,1012,1.121542,1012,2
images/15719.jpg,multi_train,multi,1622,3383,0.479456,1622,1
images/1572.jpg,multi_test,multi,2500,4365,0.572738,2500,5
images/15721.jpg,multi_train,multi,1503,2800,0.536786,1503,2
images/15722.jpg,multi_train,multi,2813,6840,0.411257,2813,2
images/15724.jpg,single_train,single,1783,2284,0.780648,1783,9
images/15726.jpg,single_train,single,1798,2909,0.618082,1798,9
images/1573.jpg,multi_train,multi,2500,3483,0.717772,2500,5
images/15730.jpg,multi_train,multi,1689,3110,0.543087,1689,3
images/15732.jpg,single_train,single,1585,2851,0.555945,1585,14
images/15736.jpg,single_train,single,2250,4920,0.457317,2250,12
images/1574.jpg,multi_train,multi,2500,4627,0.540307,2500,3
images/15741.jpg,multi_train,multi,1950,3909,0.498849,1950,4
images/15744.jpg,"multi_train,single_train","multi,single",1875,3696,0.507305,1875,7
images/15747.jpg,multi_train,multi,1254,1476,0.849593,1254,5
images/1575.jpg,multi_train,multi,1302,2313,0.562905,1302,1
images/15754.jpg,multi_train,multi,2388,3904,0.61168,2388,3
images/15756.jpg,single_train,single,730,807,0.904585,730,5
images/1576.jpg,multi_train,multi,1287,2833,0.454289,1287,4
images/15762.jpg,multi_test,multi,1200,3322,0.361228,1200,2
images/15769.jpg,"multi_train,single_train","multi,single",1200,2599,0.461716,1200,13
images/1577.jpg,multi_train,multi,2500,5079,0.492223,2500,2
images/15772.jpg,multi_test,multi,1200,3859,0.310961,1200,3
images/15774.jpg,multi_train,multi,1200,3136,0.382653,1200,5
images/15776.jpg,multi_train,multi,1200,2368,0.506757,1200,4
images/15777.jpg,multi_train,multi,1200,2384,0.503356,1200,3
images/15779.jpg,multi_train,multi,1200,2569,0.467108,1200,3
images/15780.jpg,multi_train,multi,1200,2604,0.460829,1200,3
images/15782.jpg,single_train,single,1200,2741,0.437796,1200,9
images/15784.jpg,multi_train,multi,1200,3543,0.338696,1200,5
images/15785.jpg,multi_train,multi,1200,3696,0.324675,1200,4
images/15788.jpg,multi_train,multi,1200,3611,0.332318,1200,1
images/15789.jpg,multi_train,multi,1200,3168,0.378788,1200,1
images/15796.jpg,multi_test,multi,1200,3728,0.321888,1200,2
images/15799.jpg,multi_train,multi,1200,3083,0.389231,1200,4
images/1580.jpg,multi_train,multi,2500,3300,0.757576,2500,6
images/15801.jpg,multi_train,multi,1200,3560,0.337079,1200,3
images/15803.jpg,multi_test,multi,1200,3307,0.362867,1200,3
images/15804.jpg,single_train,single,1200,3386,0.3544,1200,7
images/15809.jpg,single_train,single,1200,2960,0.405405,1200,6
images/1581.jpg,multi_train,multi,931,1567,0.594129,931,4
images/15810.jpg,multi_test,multi,1200,2960,0.405405,1200,2
images/15811.jpg,multi_test,multi,1200,2960,0.405405,1200,2
images/15812.jpg,single_train,single,1200,3402,0.352734,1200,7
images/15815.jpg,multi_train,multi,3412,7034,0.485073,3412,2
images/15816.jpg,single_train,single,1200,3826,0.313643,1200,6
images/15818.jpg,single_test,single,894,2390,0.374059,894,9
images/15820.jpg,single_train,single,827,1334,0.61994,827,9
images/15821.jpg,multi_train,multi,1200,3103,0.386723,1200,7
images/15822.jpg,multi_train,multi,2346,2805,0.836364,2346,5
images/15823.jpg,multi_train,multi,1200,3148,0.381194,1200,5
images/15827.jpg,multi_test,multi,1200,2724,0.440529,1200,2
images/15828.jpg,multi_train,multi,1200,3608,0.332594,1200,2
images/1583.jpg,multi_train,multi,2500,2651,0.94304,2500,5
images/15830.jpg,"multi_train,single_train","multi,single",1200,2102,0.570885,1200,9
images/15837.jpg,multi_train,multi,1200,1837,0.653239,1200,4
images/1584.jpg,multi_train,multi,2500,2469,1.012556,2469,3
images/15848.jpg,multi_train,multi,944,1021,0.924584,944,1
images/1585.jpg,multi_train,multi,1085,2892,0.375173,1085,1
images/15857.jpg,multi_train,multi,1212,1791,0.676717,1212,2
images/15858.jpg,multi_train,multi,1244,1713,0.726211,1244,10
images/15859.jpg,"multi_train,single_train","multi,single",1247,1724,0.723318,1247,17
images/1586.jpg,multi_train,multi,1085,1338,0.810912,1085,3
images/15862.jpg,multi_train,multi,2133,2887,0.738829,2133,2
images/15865.jpg,multi_train,multi,905,1063,0.851364,905,1
images/1587.jpg,multi_train,multi,2177,4942,0.44051,2177,3
images/15871.jpg,single_train,single,1287,892,1.442825,892,12
images/15872.jpg,"multi_train,single_train","multi,single",905,864,1.047454,864,12
images/15873.jpg,multi_train,multi,1212,1697,0.714202,1212,4
images/15876.jpg,single_test,single,913,1276,0.715517,913,10
images/15879.jpg,multi_train,multi,1569,1623,0.966728,1569,2
images/15882.jpg,multi_train,multi,935,1266,0.738547,935,1
images/15885.jpg,multi_train,multi,913,1160,0.787069,913,1
images/15886.jpg,multi_train,multi,692,1064,0.650376,692,2
images/15891.jpg,multi_test,multi,944,1297,0.727833,944,3
images/15893.jpg,multi_train,multi,955,791,1.207332,791,1
images/15894.jpg,single_train,single,2583,3160,0.817405,2583,10
images/15895.jpg,single_train,single,1199,1346,0.890788,1199,9
images/15899.jpg,single_train,single,1309,1472,0.889266,1309,11
images/15903.jpg,multi_test,multi,622,960,0.647917,622,1
images/15904.jpg,multi_train,multi,1423,1402,1.014979,1402,1
images/15907.jpg,"multi_train,single_train","multi,single",1010,994,1.016097,994,9
images/15909.jpg,multi_train,multi,1492,1230,1.213008,1230,1
images/15915.jpg,multi_train,multi,929,1084,0.857011,929,3
images/15916.jpg,single_train,single,695,566,1.227915,566,1
images/15923.jpg,single_train,single,2133,1979,1.077817,1979,6
images/15928.jpg,single_train,single,739,1235,0.598381,739,7
images/15933.jpg,single_train,single,1278,1027,1.244401,1027,8
images/15936.jpg,single_train,single,1208,1121,1.077609,1121,11
images/1594.jpg,multi_train,multi,1708,3987,0.428392,1708,2
images/15940.jpg,multi_test,multi,944,1086,0.869245,944,3
images/15941.jpg,multi_train,multi,2133,2083,1.024004,2083,2
images/15943.jpg,multi_train,multi,1212,1718,0.705471,1212,4
images/15945.jpg,multi_train,multi,935,1350,0.692593,935,2
images/15947.jpg,single_test,single,1357,919,1.476605,919,6
images/15949.jpg,single_train,single,740,1334,0.554723,740,7
images/1595.jpg,multi_train,multi,1349,1290,1.045736,1290,2
images/15951.jpg,multi_test,multi,1519,1310,1.159542,1310,2
images/15952.jpg,multi_test,multi,1339,1341,0.998509,1339,5
images/15956.jpg,single_train,single,2153,1809,1.19016,1809,6
images/1596.jpg,single_test,single,1103,1777,0.620709,1103,12
images/15960.jpg,multi_train,multi,841,1329,0.632807,841,1
images/15962.jpg,multi_train,multi,1200,3496,0.343249,1200,5
images/15965.jpg,multi_train,multi,1341,1194,1.123116,1194,3
images/15966.jpg,single_train,single,1035,747,1.385542,747,7
images/15968.jpg,multi_train,multi,1342,963,1.393562,963,4
images/15970.jpg,multi_train,multi,2638,3060,0.862092,2638,1
images/15974.jpg,multi_train,multi,635,819,0.775336,635,3
images/15975.jpg,single_train,single,1200,3386,0.3544,1200,9
images/15978.jpg,multi_train,multi,1642,1580,1.039241,1580,2
images/15979.jpg,multi_train,multi,2983,2986,0.998995,2983,5
images/15984.jpg,multi_train,multi,1357,1394,0.973458,1357,1
images/15985.jpg,single_train,single,2946,2156,1.366419,2156,6
images/1599.jpg,multi_train,multi,1954,2257,0.865751,1954,1
images/15991.jpg,multi_train,multi,991,1441,0.687717,991,4
images/15992.jpg,single_train,single,1072,904,1.185841,904,6
images/15995.jpg,multi_train,multi,1006,1526,0.65924,1006,3
images/15996.jpg,single_train,single,1339,2190,0.611416,1339,10
images/15999.jpg,single_train,single,1688,1183,1.426881,1183,6
images/160.jpg,multi_train,multi,2500,1667,1.4997,1667,1
images/1600.jpg,"multi_test,single_test","multi,single",1572,3543,0.443692,1572,10
images/16001.jpg,multi_train,multi,961,1286,0.747278,961,4
images/16002.jpg,multi_train,multi,991,1962,0.505097,991,7
images/16003.jpg,multi_train,multi,1056,1191,0.88665,1056,4
images/16009.jpg,single_train,single,1664,1235,1.347368,1235,8
images/16011.jpg,multi_train,multi,1200,3500,0.342857,1200,5
images/16018.jpg,single_train,single,939,1626,0.577491,939,4
images/1602.jpg,multi_train,multi,1954,2108,0.926945,1954,1
images/16021.jpg,multi_train,multi,1323,1618,0.817676,1323,1
images/16022.jpg,multi_train,multi,1318,1638,0.80464,1318,2
images/16025.jpg,multi_train,multi,912,871,1.047072,871,2
images/16026.jpg,single_train,single,1342,1416,0.94774,1342,6
images/16027.jpg,multi_train,multi,976,1252,0.779553,976,3
images/16031.jpg,multi_train,multi,1200,2828,0.424328,1200,3
images/16032.jpg,"multi_train,single_train","multi,single",1200,2573,0.466382,1200,14
images/16035.jpg,multi_test,multi,1200,2482,0.483481,1200,2
images/16037.jpg,multi_train,multi,1200,3907,0.307141,1200,4
images/16040.jpg,multi_train,multi,1642,1596,1.028822,1596,2
images/16041.jpg,"multi_train,single_train","multi,single",1565,1111,1.408641,1111,11
images/16042.jpg,multi_train,multi,1342,1389,0.966163,1342,1
images/16043.jpg,multi_train,multi,1344,2359,0.569733,1344,3
images/16045.jpg,"multi_train,single_train","multi,single",651,820,0.793902,651,11
images/16046.jpg,single_test,single,1652,1142,1.446585,1142,8
images/16049.jpg,single_train,single,1538,2857,0.538327,1538,12
images/16050.jpg,multi_train,multi,905,899,1.006674,899,1
images/16051.jpg,single_train,single,1365,1461,0.934292,1365,8
images/16055.jpg,single_train,single,1300,2397,0.542345,1300,7
images/16059.jpg,"multi_train,single_train","multi,single",1342,984,1.363821,984,13
images/1606.jpg,single_train,single,1062,1786,0.594625,1062,4
images/16066.jpg,multi_train,multi,1535,1342,1.143815,1342,3
images/16067.jpg,multi_train,multi,1166,1598,0.729662,1166,8
images/1607.jpg,multi_train,multi,1302,1496,0.870321,1302,2
images/16076.jpg,single_train,single,1265,748,1.691176,748,8
images/16077.jpg,single_train,single,3900,2842,1.372273,2842,11
images/16078.jpg,multi_train,multi,1391,994,1.399396,994,2
images/16079.jpg,multi_train,multi,944,978,0.965235,944,2
images/16087.jpg,"multi_train,single_train","multi,single",1300,1931,0.673226,1300,10
images/16088.jpg,multi_train,multi,1422,1569,0.90631,1422,4
images/16089.jpg,multi_test,multi,751,1165,0.644635,751,4
images/16090.jpg,multi_test,multi,477,638,0.747649,477,4
images/16091.jpg,multi_train,multi,2013,2177,0.924667,2013,1
images/16093.jpg,single_train,single,1318,940,1.402128,940,10
images/16094.jpg,multi_train,multi,1341,1043,1.285714,1043,2
images/16095.jpg,multi_train,multi,1342,940,1.42766,940,4
images/16098.jpg,single_train,single,981,1536,0.638672,981,6
images/161.jpg,multi_train,multi,2500,3646,0.685683,2500,4
images/1610.jpg,multi_test,multi,2500,3297,0.758265,2500,3
images/16105.jpg,"multi_train,single_train","multi,single",976,1080,0.903704,976,11
images/16108.jpg,single_train,single,1569,1173,1.337596,1173,11
images/1611.jpg,"multi_train,single_train","multi,single",2196,2623,0.837209,2196,15
images/16110.jpg,multi_train,multi,1367,1169,1.169376,1169,3
images/16121.jpg,single_train,single,1313,1646,0.797691,1313,1
images/16122.jpg,multi_train,multi,1006,1169,0.860565,1006,3
images/16123.jpg,multi_train,multi,2013,2099,0.959028,2013,5
images/16129.jpg,single_train,single,1342,1386,0.968254,1342,9
images/1613.jpg,multi_train,multi,1272,1468,0.866485,1272,5
images/16131.jpg,multi_train,multi,2000,1694,1.180638,1694,5
images/16133.jpg,multi_train,multi,1422,2150,0.661395,1422,4
images/16136.jpg,multi_train,multi,1200,2919,0.4111,1200,2
images/16137.jpg,"multi_train,single_train","multi,single",1200,2709,0.442968,1200,10
images/16138.jpg,multi_train,multi,1200,2697,0.444939,1200,2
images/16139.jpg,multi_train,multi,1200,1927,0.62273,1200,2
images/16142.jpg,single_train,single,1436,2185,0.657208,1436,1
images/16144.jpg,multi_train,multi,1310,1429,0.916725,1310,1
images/16147.jpg,multi_train,multi,996,1423,0.69993,996,1
images/16148.jpg,multi_train,multi,1992,2891,0.689035,1992,1
images/16149.jpg,"multi_train,single_train","multi,single",1359,1108,1.226534,1108,15
images/16151.jpg,multi_train,multi,1380,1408,0.980114,1380,3
images/16153.jpg,multi_train,multi,1354,971,1.394439,971,2
images/16160.jpg,multi_train,multi,2331,3458,0.674089,2331,1
images/16161.jpg,multi_train,multi,2231,3824,0.583421,2231,3
images/16167.jpg,single_train,single,2500,2265,1.103753,2265,9
images/16177.jpg,multi_train,multi,1054,1357,0.776713,1054,4
images/16180.jpg,multi_train,multi,2231,3824,0.583421,2231,3
images/16181.jpg,multi_train,multi,2501,3051,0.819731,2501,2
images/16185.jpg,single_train,single,1209,3014,0.401128,1209,10
images/16187.jpg,multi_train,multi,1622,4911,0.330279,1622,2
images/16188.jpg,single_train,single,1844,5305,0.347597,1844,7
images/16189.jpg,multi_train,multi,1536,3599,0.426785,1536,3
images/1619.jpg,"multi_train,single_train","multi,single",1782,1835,0.971117,1782,11
images/16190.jpg,"multi_test,single_test","multi,single",1948,6040,0.322517,1948,9
images/16191.jpg,"multi_train,single_train","multi,single",2500,6846,0.365177,2500,5
images/16192.jpg,multi_test,multi,2500,7598,0.329034,2500,2
images/16193.jpg,multi_train,multi,2500,6745,0.370645,2500,6
images/16195.jpg,multi_train,multi,2500,3649,0.685119,2500,3
images/16196.jpg,multi_train,multi,2500,3219,0.776639,2500,1
images/16198.jpg,multi_test,multi,2500,3253,0.768521,2500,2
images/16201.jpg,multi_test,multi,2500,3045,0.821018,2500,2
images/16203.jpg,multi_test,multi,2500,3612,0.692137,2500,2
images/16209.jpg,multi_train,multi,1065,1599,0.666041,1065,1
images/16211.jpg,multi_train,multi,2501,3259,0.767413,2501,5
images/16212.jpg,multi_train,multi,2231,3822,0.583726,2231,3
images/16215.jpg,"multi_train,single_train","multi,single",2231,4229,0.527548,2231,10
images/16216.jpg,multi_train,multi,2501,3336,0.7497,2501,5
images/16218.jpg,"multi_train,single_train","multi,single",2501,2953,0.846935,2501,11
images/16221.jpg,multi_train,multi,2500,3048,0.82021,2500,1
images/16223.jpg,single_train,single,2500,3206,0.779788,2500,9
images/16224.jpg,multi_train,multi,5133,5960,0.861242,5133,2
images/16225.jpg,multi_train,multi,1446,2542,0.568843,1446,7
images/16228.jpg,single_train,single,2231,4086,0.546011,2231,4
images/16230.jpg,single_train,single,2231,3394,0.657336,2231,5
images/16231.jpg,multi_train,multi,2231,3886,0.574112,2231,1
images/16233.jpg,single_train,single,2500,7869,0.317702,2500,9
images/16235.jpg,multi_train,multi,2501,3259,0.767413,2501,8
images/16236.jpg,multi_train,multi,2501,3391,0.737541,2501,3
images/16242.jpg,multi_train,multi,1783,3992,0.446643,1783,1
images/16243.jpg,multi_train,multi,2182,5337,0.408844,2182,2
images/16244.jpg,single_train,single,2231,4212,0.529677,2231,7
images/16245.jpg,multi_train,multi,2229,3856,0.57806,2229,2
images/16247.jpg,multi_train,multi,2229,4210,0.529454,2229,2
images/16249.jpg,multi_train,multi,1945,4496,0.432607,1945,1
images/16253.jpg,multi_train,multi,3174,5164,0.61464,3174,4
images/16255.jpg,multi_train,multi,2501,3259,0.767413,2501,1
images/16259.jpg,single_train,single,4050,7273,0.556854,4050,8
images/16264.jpg,"multi_train,single_train","multi,single",2500,4642,0.538561,2500,8
images/16269.jpg,single_train,single,2500,3505,0.713267,2500,10
images/16270.jpg,multi_train,multi,2592,5321,0.487126,2592,3
images/16272.jpg,multi_train,multi,1705,2720,0.626838,1705,4
images/16273.jpg,multi_train,multi,2500,3264,0.765931,2500,2
images/16276.jpg,multi_train,multi,2500,3488,0.716743,2500,3
images/16279.jpg,single_train,single,2500,6112,0.409031,2500,4
images/16281.jpg,"multi_train,single_train","multi,single",2500,3408,0.733568,2500,9
images/16283.jpg,multi_train,multi,1193,2467,0.483583,1193,4
images/16284.jpg,multi_train,multi,2231,3849,0.579631,2231,5
images/16285.jpg,multi_train,multi,2000,3706,0.539665,2000,5
images/16286.jpg,multi_train,multi,1200,1566,0.766284,1200,8
images/16291.jpg,multi_train,multi,2000,3216,0.621891,2000,2
images/16295.jpg,multi_train,multi,1434,1361,1.053637,1361,3
images/16297.jpg,multi_train,multi,2231,3849,0.579631,2231,2
images/16298.jpg,single_train,single,2501,3460,0.722832,2501,2
images/16299.jpg,single_train,single,2333,5221,0.446849,2333,2
images/1630.jpg,multi_train,multi,1287,2324,0.553787,1287,4
images/16306.jpg,single_train,single,2500,3261,0.766636,2500,6
images/16309.jpg,multi_train,multi,2605,2839,0.917577,2605,1
images/1631.jpg,multi_test,multi,1386,1988,0.697183,1386,8
images/16312.jpg,multi_train,multi,2231,3816,0.584644,2231,1
images/16314.jpg,multi_train,multi,2500,4731,0.52843,2500,2
images/16319.jpg,"multi_train,single_train","multi,single",2231,3824,0.583421,2231,12
images/16323.jpg,single_train,single,2501,3476,0.719505,2501,7
images/16327.jpg,multi_train,multi,2231,3824,0.583421,2231,6
images/16328.jpg,multi_train,multi,2737,3142,0.871101,2737,3
images/16330.jpg,single_test,single,1538,3496,0.439931,1538,7
images/16331.jpg,multi_train,multi,2231,3824,0.583421,2231,1
images/16336.jpg,multi_train,multi,2231,3799,0.58726,2231,2
images/16337.jpg,multi_train,multi,2501,3026,0.826504,2501,5
images/16338.jpg,single_train,single,2501,3879,0.644754,2501,9
images/1634.jpg,multi_train,multi,3146,4204,0.748335,3146,1
images/16341.jpg,multi_train,multi,2231,3849,0.579631,2231,3
images/16346.jpg,multi_train,multi,1783,2770,0.643682,1783,7
images/16347.jpg,single_test,single,1945,3948,0.492655,1945,10
images/1635.jpg,single_train,single,1006,1074,0.936685,1006,7
images/16357.jpg,multi_train,multi,3666,5675,0.645991,3666,5
images/16361.jpg,multi_train,multi,3200,5596,0.571837,3200,3
images/16363.jpg,multi_train,multi,1134,1738,0.652474,1134,8
images/16365.jpg,single_train,single,2003,2237,0.895396,2003,10
images/16366.jpg,single_train,single,970,2381,0.407392,970,2
images/16368.jpg,"multi_train,single_train","multi,single",2000,3150,0.634921,2000,11
images/16369.jpg,multi_test,multi,2501,3476,0.719505,2501,2
images/16370.jpg,single_train,single,3533,5875,0.601362,3533,6
images/16372.jpg,multi_train,multi,1085,1945,0.557841,1085,7
images/16377.jpg,single_test,single,2500,3237,0.77232,2500,12
images/1638.jpg,single_train,single,2500,3172,0.788146,2500,7
images/16380.jpg,multi_train,multi,1200,1638,0.732601,1200,1
images/16384.jpg,multi_train,multi,1126,1363,0.826119,1126,1
images/16386.jpg,single_train,single,2025,4837,0.418648,2025,9
images/16388.jpg,multi_train,multi,1750,3655,0.478796,1750,6
images/16389.jpg,"multi_train,single_train","multi,single",1783,3137,0.568377,1783,11
images/16392.jpg,multi_train,multi,1302,1771,0.735178,1302,4
images/16393.jpg,multi_train,multi,1625,3655,0.444596,1625,1
images/16394.jpg,multi_train,multi,3173,7479,0.424255,3173,2
images/16397.jpg,multi_train,multi,2229,3854,0.57836,2229,1
images/164.jpg,multi_train,multi,2500,3725,0.671141,2500,3
images/16400.jpg,single_train,single,1783,2739,0.650968,1783,9
images/16402.jpg,multi_train,multi,1777,3320,0.535241,1777,5
images/16407.jpg,single_train,single,2713,4301,0.630784,2713,8
images/1641.jpg,multi_train,multi,1272,1640,0.77561,1272,1
images/16411.jpg,single_train,single,1940,3897,0.497819,1940,5
images/16413.jpg,multi_train,multi,1275,3769,0.338286,1275,1
images/16416.jpg,multi_train,multi,2975,7023,0.423608,2975,4
images/16417.jpg,multi_train,multi,1625,3219,0.504815,1625,2
images/16418.jpg,multi_train,multi,1500,3039,0.493583,1500,3
images/1642.jpg,multi_train,multi,1060,1367,0.775421,1060,1
images/16420.jpg,multi_train,multi,730,1902,0.383807,730,2
images/16421.jpg,multi_train,multi,730,1840,0.396739,730,2
images/16426.jpg,multi_train,multi,730,1781,0.409882,730,1
images/16430.jpg,multi_train,multi,1200,3100,0.387097,1200,2
images/16433.jpg,multi_train,multi,1200,3569,0.336229,1200,1
images/16435.jpg,multi_train,multi,3869,7152,0.540968,3869,2
images/16436.jpg,"multi_test,single_test","multi,single",730,1689,0.432208,730,7
images/16437.jpg,multi_train,multi,730,1095,0.666667,730,2
images/16439.jpg,multi_train,multi,730,1475,0.494915,730,2
images/16441.jpg,multi_train,multi,730,1388,0.525937,730,2
images/16442.jpg,multi_train,multi,1200,3767,0.318556,1200,3
images/16443.jpg,multi_train,multi,1200,3376,0.35545,1200,3
images/16444.jpg,multi_train,multi,1200,3299,0.363747,1200,5
images/16445.jpg,multi_train,multi,1200,3149,0.381073,1200,1
images/16447.jpg,"multi_train,single_train","multi,single",1200,3352,0.357995,1200,8
images/16448.jpg,"multi_train,single_train","multi,single",1200,2684,0.447094,1200,6
images/1645.jpg,"multi_train,single_train","multi,single",1386,1706,0.812427,1386,12
images/16451.jpg,multi_train,multi,1200,2841,0.422386,1200,3
images/16452.jpg,multi_train,multi,1200,2542,0.472069,1200,1
images/16456.jpg,multi_train,multi,1200,3617,0.331767,1200,3
images/16457.jpg,multi_train,multi,1200,2936,0.408719,1200,1
images/16458.jpg,multi_train,multi,1200,1588,0.755668,1200,9
images/16459.jpg,multi_train,multi,1200,2935,0.408859,1200,4
images/16460.jpg,multi_train,multi,1200,3382,0.35482,1200,2
images/16461.jpg,multi_train,multi,1200,3385,0.354505,1200,1
images/16462.jpg,multi_train,multi,1200,3540,0.338983,1200,1
images/16464.jpg,multi_train,multi,1200,3580,0.335196,1200,7
images/16465.jpg,multi_train,multi,1200,3381,0.354925,1200,4
images/16466.jpg,multi_train,multi,1200,2766,0.433839,1200,4
images/16467.jpg,single_test,single,1200,3311,0.362428,1200,5
images/16469.jpg,multi_train,multi,1200,3546,0.338409,1200,3
images/16470.jpg,"multi_train,single_train","multi,single",1014,2182,0.464711,1014,7
images/16471.jpg,multi_train,multi,1200,2954,0.406229,1200,5
images/16473.jpg,multi_train,multi,1200,3784,0.317125,1200,3
images/16474.jpg,multi_train,multi,1200,2271,0.528402,1200,6
images/16475.jpg,multi_train,multi,1200,3490,0.34384,1200,5
images/16477.jpg,multi_train,multi,1200,674,1.780415,674,3
images/16478.jpg,multi_train,multi,1200,674,1.780415,674,3
images/16479.jpg,multi_train,multi,1200,3851,0.311607,1200,1
images/16481.jpg,multi_train,multi,1200,3395,0.353461,1200,2
images/16482.jpg,multi_train,multi,1112,3045,0.365189,1112,4
images/16484.jpg,multi_train,multi,1200,2661,0.450958,1200,2
images/16485.jpg,multi_train,multi,1200,3709,0.323537,1200,1
images/16489.jpg,"multi_train,single_train","multi,single",1200,674,1.780415,674,12
images/16491.jpg,multi_train,multi,1200,674,1.780415,674,5
images/16493.jpg,multi_train,multi,1200,674,1.780415,674,3
images/16496.jpg,multi_train,multi,1200,3595,0.333797,1200,4
images/165.jpg,multi_train,multi,2500,1667,1.4997,1667,1
images/16500.jpg,multi_train,multi,1200,3120,0.384615,1200,2
images/16501.jpg,"multi_train,single_train","multi,single",1200,3600,0.333333,1200,16
images/16505.jpg,multi_train,multi,1200,3773,0.318049,1200,3
images/16508.jpg,multi_train,multi,1200,3779,0.317544,1200,1
images/16510.jpg,"multi_train,single_train","multi,single",1200,3649,0.328857,1200,10
images/16513.jpg,multi_test,multi,1200,2805,0.427807,1200,3
images/16521.jpg,multi_train,multi,1200,3067,0.391262,1200,1
images/16522.jpg,multi_train,multi,1200,2281,0.526085,1200,1
images/16525.jpg,multi_train,multi,1200,3833,0.313071,1200,2
images/16526.jpg,multi_train,multi,1200,3660,0.327869,1200,5
images/16528.jpg,multi_train,multi,759,1334,0.568966,759,5
images/16533.jpg,single_test,single,1657,1885,0.879045,1657,10
images/16539.jpg,multi_train,multi,1200,2876,0.417246,1200,2
images/16544.jpg,multi_train,multi,1200,3639,0.329761,1200,1
images/16545.jpg,single_train,single,1484,1048,1.416031,1048,11
images/16550.jpg,multi_train,multi,779,1334,0.583958,779,4
images/16555.jpg,multi_train,multi,1200,2804,0.42796,1200,1
images/16558.jpg,multi_train,multi,1200,3702,0.324149,1200,9
images/16559.jpg,multi_train,multi,1200,3012,0.398406,1200,1
images/16560.jpg,"multi_train,single_train","multi,single",1200,2772,0.4329,1200,17
images/16562.jpg,multi_train,multi,1200,3518,0.341103,1200,2
images/16563.jpg,multi_train,multi,1200,3208,0.374065,1200,1
images/16566.jpg,multi_train,multi,1200,3621,0.3314,1200,2
images/16567.jpg,multi_train,multi,1200,3427,0.35016,1200,2
images/16568.jpg,multi_train,multi,2415,2119,1.139689,2119,1
images/16574.jpg,single_train,single,2683,1785,1.503081,1785,11
images/16576.jpg,multi_train,multi,2123,1650,1.286667,1650,2
images/16582.jpg,single_train,single,1217,1353,0.899483,1217,11
images/16585.jpg,multi_train,multi,1200,2616,0.458716,1200,3
images/16587.jpg,multi_train,multi,1125,1979,0.568469,1125,3
images/1659.jpg,multi_test,multi,702,1804,0.389135,702,3
images/16593.jpg,multi_train,multi,1317,1924,0.684511,1317,1
images/16594.jpg,multi_train,multi,938,1683,0.557338,938,5
images/16595.jpg,"multi_train,single_train","multi,single",944,1268,0.744479,944,8
images/16596.jpg,single_train,single,1200,3333,0.360036,1200,15
images/16599.jpg,multi_train,multi,2133,3750,0.5688,2133,1
images/1660.jpg,multi_train,multi,1785,3489,0.511608,1785,5
images/16602.jpg,multi_train,multi,2133,2917,0.731231,2133,1
images/16604.jpg,multi_train,multi,2500,2500,1.0,2500,1
images/16605.jpg,multi_train,multi,2133,3458,0.616831,2133,4
images/16606.jpg,single_train,single,2500,2292,1.09075,2292,2
images/16608.jpg,single_train,single,2500,5083,0.491836,2500,9
images/1661.jpg,multi_train,multi,1287,2717,0.473684,1287,4
images/16611.jpg,multi_train,multi,2500,4417,0.565995,2500,1
images/16615.jpg,multi_train,multi,2500,3438,0.727167,2500,4
images/16617.jpg,multi_train,multi,2500,2642,0.946253,2500,4
images/16620.jpg,"multi_train,single_train","multi,single",1185,1519,0.780118,1185,10
images/16624.jpg,multi_train,multi,2500,2917,0.857045,2500,4
images/1663.jpg,single_train,single,1386,2759,0.502356,1386,10
images/16633.jpg,multi_train,multi,2250,1896,1.186709,1896,2
images/16634.jpg,multi_train,multi,2250,2500,0.9,2250,1
images/16635.jpg,multi_train,multi,2500,1667,1.4997,1667,5
images/16641.jpg,multi_train,multi,2250,2269,0.991626,2250,2
images/16642.jpg,multi_train,multi,2250,2408,0.934385,2250,2
images/16643.jpg,multi_test,multi,1200,1499,0.800534,1200,4
images/16647.jpg,multi_train,multi,2500,1859,1.344809,1859,2
images/16650.jpg,single_test,single,2500,1953,1.280082,1953,9
images/16652.jpg,multi_test,multi,2500,1962,1.27421,1962,4
images/16654.jpg,multi_test,multi,2500,2819,0.886839,2500,3
images/16655.jpg,multi_train,multi,2500,2856,0.87535,2500,4
images/16660.jpg,single_train,single,2500,2822,0.885897,2500,8
images/16662.jpg,multi_train,multi,2500,2436,1.026273,2436,1
images/16663.jpg,multi_train,multi,2500,2436,1.026273,2436,1
images/16664.jpg,multi_test,multi,2250,2754,0.816993,2250,3
images/16665.jpg,multi_test,multi,2250,2814,0.799574,2250,3
images/16666.jpg,single_test,single,2500,2938,0.850919,2500,8
images/16667.jpg,multi_train,multi,2500,2487,1.005227,2487,1
images/16668.jpg,multi_train,multi,2500,1667,1.4997,1667,3
images/16669.jpg,multi_train,multi,2500,3165,0.789889,2500,3
images/1667.jpg,multi_test,multi,1473,1971,0.747336,1473,4
images/16670.jpg,multi_train,multi,1200,1520,0.789474,1200,3
images/16672.jpg,multi_train,multi,1025,1328,0.771837,1025,7
images/16673.jpg,"multi_train,single_train","multi,single",2500,2609,0.958222,2500,9
images/16679.jpg,multi_train,multi,2500,2433,1.027538,2433,3
images/16682.jpg,single_train,single,2500,2281,1.096011,2281,7
images/16685.jpg,multi_train,multi,2500,2775,0.900901,2500,3
images/1669.jpg,multi_train,multi,3482,4796,0.726022,3482,3
images/16693.jpg,multi_train,multi,2500,2120,1.179245,2120,5
images/16694.jpg,multi_train,multi,2500,1855,1.347709,1855,5
images/16696.jpg,multi_test,multi,2500,2722,0.918442,2500,4
images/16698.jpg,multi_train,multi,2250,3989,0.564051,2250,3
images/16699.jpg,single_train,single,2250,1826,1.232202,1826,14
images/16700.jpg,multi_train,multi,2500,2299,1.087429,2299,2
images/16701.jpg,multi_train,multi,2500,2068,1.208897,2068,2
images/16702.jpg,multi_train,multi,2500,2068,1.208897,2068,2
images/16703.jpg,multi_train,multi,2500,2068,1.208897,2068,2
images/16706.jpg,multi_train,multi,2500,2305,1.084599,2305,4
images/16707.jpg,single_test,single,2500,2305,1.084599,2305,13
images/16708.jpg,multi_train,multi,2500,2660,0.93985,2500,3
images/16713.jpg,multi_train,multi,2500,2997,0.834168,2500,2
images/16714.jpg,multi_train,multi,2500,3179,0.786411,2500,2
images/16715.jpg,multi_train,multi,2500,2404,1.039933,2404,1
images/16716.jpg,multi_test,multi,2500,2139,1.16877,2139,4
images/16717.jpg,multi_train,multi,2500,2404,1.039933,2404,1
images/16720.jpg,multi_train,multi,2500,4190,0.596659,2500,9
images/16722.jpg,multi_train,multi,2500,1667,1.4997,1667,3
images/16723.jpg,multi_train,multi,2500,2673,0.935279,2500,4
images/16724.jpg,multi_train,multi,2500,2673,0.935279,2500,2
images/16725.jpg,multi_train,multi,2500,2157,1.159017,2157,3
images/16726.jpg,"multi_train,single_train","multi,single",2500,2157,1.159017,2157,7
images/16728.jpg,multi_train,multi,2250,2332,0.964837,2250,1
images/16732.jpg,multi_train,multi,2250,1913,1.176163,1913,1
images/16733.jpg,multi_train,multi,2250,2018,1.114965,2018,1
images/16736.jpg,multi_train,multi,2500,3675,0.680272,2500,4
images/16737.jpg,multi_train,multi,1006,1633,0.616044,1006,4
images/16738.jpg,"multi_train,single_train","multi,single",1006,1586,0.6343,1006,7
images/16739.jpg,multi_train,multi,1342,1840,0.729348,1342,4
images/16740.jpg,single_train,single,2250,2172,1.035912,2172,7
images/16743.jpg,single_train,single,2250,3971,0.566608,2250,8
images/16745.jpg,single_train,single,2500,4066,0.614855,2500,4
images/16746.jpg,multi_train,multi,2500,3878,0.644662,2500,3
images/16747.jpg,multi_train,multi,2250,2837,0.793091,2250,2
images/16748.jpg,multi_train,multi,2500,2261,1.105705,2261,6
images/16749.jpg,multi_train,multi,1002,1367,0.732992,1002,3
images/1675.jpg,multi_test,multi,3417,5690,0.600527,3417,3
images/16750.jpg,"multi_train,single_train","multi,single",2500,2261,1.105705,2261,8
images/16751.jpg,multi_train,multi,2250,3906,0.576037,2250,2
images/16752.jpg,multi_train,multi,1535,1254,1.224083,1254,5
images/16753.jpg,multi_train,multi,2250,2250,1.0,2250,1
images/16754.jpg,multi_train,multi,2500,2849,0.877501,2500,1
images/16755.jpg,multi_train,multi,2500,2849,0.877501,2500,1
images/16756.jpg,multi_train,multi,2500,2090,1.196172,2090,3
images/16757.jpg,multi_train,multi,1327,1636,0.811125,1327,2
images/16758.jpg,multi_train,multi,2500,3641,0.686625,2500,4
images/16763.jpg,multi_train,multi,2250,3014,0.746516,2250,3
images/16766.jpg,multi_train,multi,1361,1643,0.828363,1361,4
images/16772.jpg,multi_train,multi,2250,3449,0.652363,2250,3
images/16773.jpg,single_train,single,2250,2325,0.967742,2250,10
images/16775.jpg,multi_train,multi,1394,1925,0.724156,1394,3
images/16777.jpg,multi_train,multi,666,787,0.846252,666,2
images/16779.jpg,multi_train,multi,2250,2707,0.831178,2250,4
images/16780.jpg,multi_test,multi,1277,1187,1.075821,1187,2
images/16781.jpg,single_train,single,2500,3043,0.821558,2500,3
images/16782.jpg,single_train,single,2250,1922,1.170656,1922,8
images/16783.jpg,single_train,single,2250,2877,0.782065,2250,7
images/16784.jpg,multi_train,multi,2500,4291,0.582615,2500,3
images/16786.jpg,multi_train,multi,2250,3247,0.692947,2250,2
images/16791.jpg,"multi_train,single_train","multi,single",2500,2751,0.90876,2500,12
images/16792.jpg,multi_train,multi,2500,3400,0.735294,2500,4
images/16793.jpg,multi_train,multi,1304,1940,0.672165,1304,7
images/16795.jpg,multi_train,multi,1428,2556,0.558685,1428,7
images/16797.jpg,multi_train,multi,2500,3042,0.821828,2500,3
images/16798.jpg,multi_train,multi,2500,3042,0.821828,2500,3
images/16799.jpg,multi_train,multi,2500,2867,0.871992,2500,4
images/168.jpg,multi_train,multi,2500,4167,0.599952,2500,3
images/1680.jpg,multi_train,multi,1384,2472,0.559871,1384,1
images/16800.jpg,multi_train,multi,1566,2394,0.654135,1566,3
images/16803.jpg,"multi_train,single_train","multi,single",2500,2886,0.866251,2500,11
images/16809.jpg,multi_train,multi,1317,1213,1.085738,1213,4
images/16821.jpg,multi_train,multi,1427,2257,0.632255,1427,3
images/16822.jpg,multi_train,multi,1738,5143,0.337935,1738,2
images/16826.jpg,single_train,single,2250,2375,0.947368,2250,9
images/16827.jpg,single_train,single,988,1207,0.818558,988,7
images/16828.jpg,single_train,single,977,1826,0.535049,977,12
images/16832.jpg,multi_train,multi,2250,3068,0.733377,2250,1
images/16833.jpg,"multi_train,single_train","multi,single",2500,3773,0.662603,2500,9
images/16838.jpg,multi_train,multi,2500,2661,0.939496,2500,2
images/16841.jpg,multi_train,multi,1289,1576,0.817893,1289,3
images/16842.jpg,multi_test,multi,1386,2021,0.685799,1386,3
images/16844.jpg,multi_train,multi,2250,2327,0.96691,2250,2
images/16852.jpg,multi_train,multi,2500,3800,0.657895,2500,2
images/16854.jpg,multi_train,multi,2654,4022,0.659871,2654,2
images/16865.jpg,single_train,single,2500,2790,0.896057,2500,5
images/16866.jpg,multi_train,multi,2500,3021,0.827541,2500,5
images/16868.jpg,single_train,single,1341,1530,0.876471,1341,8
images/16869.jpg,multi_test,multi,1339,751,1.782956,751,1
images/16871.jpg,multi_train,multi,1605,3806,0.421703,1605,3
images/16872.jpg,single_test,single,2704,3213,0.841581,2704,9
images/16873.jpg,multi_train,multi,2500,2897,0.862962,2500,3
images/16874.jpg,multi_train,multi,2161,3237,0.667593,2161,4
images/16875.jpg,single_train,single,2250,2693,0.835499,2250,7
images/16878.jpg,multi_train,multi,2500,3932,0.635809,2500,4
images/16879.jpg,multi_train,multi,2500,2903,0.861178,2500,6
images/16880.jpg,multi_train,multi,2500,2903,0.861178,2500,5
images/16881.jpg,single_train,single,1769,3165,0.558926,1769,3
images/16882.jpg,multi_train,multi,2500,3301,0.757346,2500,4
images/16883.jpg,multi_test,multi,2000,2856,0.70028,2000,3
images/16884.jpg,multi_train,multi,2000,3238,0.617665,2000,2
images/16885.jpg,multi_train,multi,2250,5429,0.414441,2250,2
images/16886.jpg,multi_train,multi,3030,2197,1.379153,2197,7
images/16888.jpg,multi_train,multi,1535,1394,1.101148,1394,3
images/1689.jpg,multi_train,multi,1961,2854,0.687106,1961,3
images/16893.jpg,single_train,single,1428,2212,0.64557,1428,9
images/16896.jpg,multi_train,multi,539,1124,0.479537,539,4
images/16897.jpg,"multi_train,single_train","multi,single",1648,2312,0.712803,1648,13
images/16905.jpg,multi_train,multi,1204,2779,0.433249,1204,4
images/16907.jpg,multi_train,multi,2347,4095,0.573138,2347,3
images/16908.jpg,multi_train,multi,2500,2132,1.172608,2132,3
images/16913.jpg,multi_train,multi,2347,2887,0.812955,2347,5
images/16914.jpg,"multi_train,single_train","multi,single",2347,3623,0.647806,2347,6
images/16915.jpg,single_train,single,2281,4246,0.537211,2281,5
images/16917.jpg,single_train,single,1099,1414,0.777228,1099,11
images/16919.jpg,multi_train,multi,2611,4169,0.626289,2611,5
images/16924.jpg,single_train,single,2805,4176,0.671695,2805,7
images/1693.jpg,multi_test,multi,2500,3172,0.788146,2500,1
images/16930.jpg,multi_train,multi,2347,3656,0.641958,2347,3
images/16932.jpg,single_train,single,2281,3430,0.665015,2281,8
images/1694.jpg,multi_train,multi,2663,4436,0.600316,2663,7
images/16941.jpg,multi_train,multi,2704,4224,0.640152,2704,2
images/16942.jpg,multi_train,multi,2255,4317,0.522353,2255,2
images/16947.jpg,multi_train,multi,2500,2662,0.939144,2500,5
images/16948.jpg,multi_train,multi,2500,3693,0.676956,2500,5
images/1695.jpg,multi_train,multi,1103,2372,0.465008,1103,5
images/16950.jpg,multi_train,multi,1558,2413,0.645669,1558,3
images/16951.jpg,"multi_train,single_train","multi,single",2500,3594,0.695604,2500,14
images/16952.jpg,multi_test,multi,1423,1772,0.803047,1423,1
images/16955.jpg,multi_train,multi,2500,3151,0.793399,2500,2
images/16959.jpg,multi_train,multi,2500,3268,0.764994,2500,2
images/1696.jpg,multi_train,multi,1628,2205,0.738322,1628,4
images/16962.jpg,multi_train,multi,2500,3687,0.678058,2500,3
images/16963.jpg,multi_train,multi,1216,1573,0.773045,1216,2
images/16966.jpg,multi_train,multi,2500,3675,0.680272,2500,8
images/16970.jpg,single_train,single,2500,3912,0.639059,2500,7
images/16976.jpg,"multi_train,single_train","multi,single",2000,4100,0.487805,2000,13
images/16981.jpg,single_train,single,2000,3787,0.528123,2000,6
images/16982.jpg,multi_train,multi,2500,4895,0.510725,2500,4
images/16985.jpg,multi_train,multi,2500,4704,0.531463,2500,4
images/16989.jpg,single_train,single,2250,2547,0.883392,2250,6
images/1699.jpg,multi_train,multi,2177,4916,0.44284,2177,2
images/16990.jpg,multi_train,multi,1446,2468,0.5859,1446,3
images/16991.jpg,multi_train,multi,1852,2870,0.645296,1852,3
images/16997.jpg,multi_train,multi,2333,7597,0.307095,2333,2
images/17.jpg,multi_train,multi,730,986,0.740365,730,4
images/170.jpg,multi_train,multi,2500,3333,0.750075,2500,3
images/1700.jpg,single_train,single,1942,4644,0.418174,1942,10
images/17000.jpg,multi_train,multi,1988,4235,0.469421,1988,3
images/17007.jpg,multi_train,multi,1505,2605,0.577735,1505,3
images/17008.jpg,single_train,single,1085,1656,0.655193,1085,11
images/17010.jpg,"multi_train,single_train","multi,single",2016,1573,1.281627,1573,6
images/17011.jpg,multi_train,multi,2016,1573,1.281627,1573,4
images/17016.jpg,multi_train,multi,1505,3306,0.455233,1505,3
images/17017.jpg,multi_train,multi,1085,2460,0.441057,1085,2
images/17019.jpg,single_train,single,894,961,0.930281,894,7
images/17023.jpg,multi_train,multi,1620,3772,0.42948,1620,3
images/17024.jpg,single_train,single,1852,2762,0.670529,1852,12
images/17028.jpg,multi_train,multi,1752,2760,0.634783,1752,3
images/17029.jpg,"multi_train,single_train","multi,single",2762,4171,0.662191,2762,12
images/1703.jpg,multi_train,multi,2250,4364,0.515582,2250,3
images/17030.jpg,multi_train,multi,2281,4245,0.537338,2281,3
images/17033.jpg,multi_train,multi,1468,2698,0.544107,1468,3
images/17039.jpg,"multi_train,single_train","multi,single",1370,2492,0.549759,1370,12
images/17040.jpg,multi_train,multi,730,1162,0.628227,730,2
images/17044.jpg,multi_train,multi,3122,5373,0.581053,3122,1
images/17046.jpg,multi_train,multi,1198,1374,0.871907,1198,5
images/17047.jpg,multi_train,multi,1605,3029,0.529878,1605,3
images/1705.jpg,multi_train,multi,2250,3343,0.673048,2250,3
images/17050.jpg,"multi_train,single_train","multi,single",1880,3697,0.50852,1880,10
images/1706.jpg,multi_train,multi,2250,3803,0.591638,2250,4
images/17061.jpg,single_test,single,1500,3097,0.48434,1500,3
images/17062.jpg,single_train,single,2250,2512,0.895701,2250,3
images/17066.jpg,multi_train,multi,1500,1657,0.90525,1500,4
images/17067.jpg,multi_train,multi,2250,4369,0.514992,2250,7
images/17068.jpg,multi_train,multi,2250,5060,0.444664,2250,3
images/1707.jpg,multi_train,multi,1302,2501,0.520592,1302,3
images/17073.jpg,multi_train,multi,730,1035,0.705314,730,4
images/17075.jpg,single_train,single,1342,1340,1.001493,1340,9
images/17079.jpg,multi_train,multi,1121,1123,0.998219,1121,1
images/1708.jpg,multi_train,multi,2500,4627,0.540307,2500,3
images/17080.jpg,"multi_train,single_train","multi,single",2817,4186,0.672957,2817,9
images/17081.jpg,multi_train,multi,1121,2798,0.400643,1121,1
images/17082.jpg,multi_train,multi,1240,3134,0.39566,1240,2
images/17083.jpg,multi_train,multi,1370,1831,0.748225,1370,9
images/17084.jpg,multi_train,multi,1750,2909,0.601581,1750,3
images/17086.jpg,multi_train,multi,1240,3105,0.399356,1240,2
images/17087.jpg,multi_train,multi,1688,2805,0.601783,1688,3
images/1709.jpg,single_train,single,2500,4459,0.560664,2500,4
images/17092.jpg,multi_train,multi,1500,3349,0.447895,1500,3
images/17093.jpg,multi_train,multi,1625,3057,0.531567,1625,10
images/17094.jpg,multi_train,multi,1875,5241,0.357756,1875,2
images/17096.jpg,multi_train,multi,1254,2356,0.532258,1254,2
images/17099.jpg,multi_train,multi,1625,3357,0.484063,1625,3
images/17100.jpg,multi_train,multi,2039,3565,0.57195,2039,3
images/17101.jpg,multi_train,multi,2039,4484,0.454728,2039,3
images/17103.jpg,multi_train,multi,1949,2733,0.713136,1949,3
images/17104.jpg,multi_train,multi,2039,4330,0.470901,2039,3
images/17106.jpg,multi_train,multi,992,1204,0.82392,992,1
images/17107.jpg,single_train,single,992,1415,0.70106,992,7
images/17109.jpg,multi_train,multi,1949,2813,0.692855,1949,3
images/1711.jpg,single_train,single,2500,2524,0.990491,2500,8
images/17111.jpg,multi_test,multi,3146,5583,0.563496,3146,1
images/17112.jpg,multi_train,multi,3146,7147,0.440185,3146,3
images/17113.jpg,multi_train,multi,3106,5478,0.566995,3106,1
images/17114.jpg,multi_train,multi,1037,1573,0.65925,1037,3
images/17116.jpg,multi_train,multi,1121,1768,0.63405,1121,3
images/17118.jpg,multi_train,multi,1772,3051,0.580793,1772,4
images/17119.jpg,multi_train,multi,1240,1857,0.667744,1240,3
images/1712.jpg,multi_train,multi,2500,2469,1.012556,2469,2
images/17120.jpg,multi_train,multi,730,1897,0.384818,730,2
images/17125.jpg,multi_train,multi,1200,2036,0.589391,1200,3
images/17126.jpg,multi_train,multi,1200,2321,0.517019,1200,3
images/17127.jpg,"multi_train,single_train","multi,single",1200,2273,0.527937,1200,15
images/17129.jpg,multi_train,multi,1200,2241,0.535475,1200,3
images/1713.jpg,multi_train,multi,1302,2151,0.6053,1302,3
images/17132.jpg,single_train,single,1234,2133,0.578528,1234,7
images/17136.jpg,single_train,single,730,1094,0.667276,730,2
images/17138.jpg,single_train,single,730,1185,0.616034,730,4
images/17139.jpg,multi_train,multi,730,1706,0.427902,730,2
images/1714.jpg,multi_train,multi,2337,1705,1.370674,1705,2
images/17140.jpg,multi_train,multi,730,1888,0.386653,730,1
images/17141.jpg,multi_train,multi,730,1433,0.509421,730,2
images/17142.jpg,single_train,single,730,1204,0.606312,730,11
images/17144.jpg,single_train,single,730,1008,0.724206,730,9
images/17146.jpg,multi_train,multi,1200,2655,0.451977,1200,4
images/17147.jpg,multi_train,multi,1200,2695,0.445269,1200,11
images/17149.jpg,multi_train,multi,1200,2641,0.454373,1200,3
images/17152.jpg,multi_train,multi,1200,2249,0.53357,1200,1
images/17154.jpg,multi_train,multi,1200,3646,0.329128,1200,5
images/17155.jpg,multi_train,multi,1200,1933,0.620797,1200,4
images/17156.jpg,multi_train,multi,1200,2717,0.441664,1200,3
images/17157.jpg,"multi_train,single_train","multi,single",1200,2745,0.437158,1200,9
images/17158.jpg,multi_train,multi,1200,2745,0.437158,1200,3
images/1716.jpg,multi_train,multi,2500,2469,1.012556,2469,3
images/17162.jpg,multi_train,multi,1200,2222,0.540054,1200,5
images/17163.jpg,multi_train,multi,1200,2222,0.540054,1200,5
images/17166.jpg,multi_train,multi,1200,2447,0.490396,1200,3
images/17172.jpg,multi_train,multi,1200,3373,0.355766,1200,1
images/17174.jpg,multi_train,multi,1200,3301,0.363526,1200,3
images/17175.jpg,multi_train,multi,1200,1307,0.918133,1200,5
images/17176.jpg,multi_train,multi,1200,3839,0.312581,1200,2
images/17179.jpg,multi_train,multi,1200,3660,0.327869,1200,3
images/1718.jpg,single_train,single,1500,1733,0.865551,1500,9
images/17180.jpg,multi_train,multi,1200,2317,0.517911,1200,3
images/17181.jpg,single_train,single,1200,2839,0.422684,1200,12
images/17192.jpg,single_train,single,1200,3333,0.360036,1200,5
images/17195.jpg,single_train,single,1200,3333,0.360036,1200,13
images/17197.jpg,multi_train,multi,1200,3333,0.360036,1200,6
images/17198.jpg,single_train,single,1200,3333,0.360036,1200,9
images/17199.jpg,single_train,single,1200,3333,0.360036,1200,9
images/172.jpg,"multi_train,single_train","multi,single",2500,3167,0.789391,2500,12
images/1720.jpg,single_train,single,2500,4627,0.540307,2500,10
images/17201.jpg,single_train,single,1200,3333,0.360036,1200,6
images/17203.jpg,multi_train,multi,1200,3333,0.360036,1200,5
images/17207.jpg,single_train,single,1200,3333,0.360036,1200,13
images/17211.jpg,multi_train,multi,1200,3641,0.32958,1200,1
images/17216.jpg,single_train,single,1200,3333,0.360036,1200,10
images/17217.jpg,multi_train,multi,1200,3333,0.360036,1200,3
images/17219.jpg,single_train,single,1200,3333,0.360036,1200,9
images/17226.jpg,single_train,single,1200,3333,0.360036,1200,7
images/17230.jpg,single_train,single,1200,3333,0.360036,1200,12
images/17235.jpg,single_train,single,1200,3333,0.360036,1200,11
images/1724.jpg,multi_test,multi,1950,3469,0.562122,1950,2
images/17240.jpg,multi_train,multi,1200,3767,0.318556,1200,3
images/17242.jpg,single_train,single,1200,3333,0.360036,1200,12
images/1725.jpg,"multi_train,single_train","multi,single",2500,2524,0.990491,2500,4
images/17256.jpg,single_train,single,1200,3333,0.360036,1200,11
images/1726.jpg,multi_train,multi,2250,3006,0.748503,2250,3
images/17266.jpg,single_train,single,1200,3333,0.360036,1200,9
images/17269.jpg,multi_train,multi,1200,3333,0.360036,1200,6
images/1727.jpg,multi_train,multi,2500,4627,0.540307,2500,3
images/17275.jpg,single_train,single,1200,3333,0.360036,1200,9
images/17276.jpg,single_train,single,1200,3333,0.360036,1200,10
images/17280.jpg,multi_train,multi,1200,2350,0.510638,1200,5
images/17281.jpg,multi_train,multi,1200,2350,0.510638,1200,5
images/17283.jpg,single_train,single,1200,3333,0.360036,1200,8
images/17285.jpg,"multi_train,single_train","multi,single",1200,2170,0.552995,1200,15
images/17286.jpg,multi_train,multi,1200,3333,0.360036,1200,5
images/17289.jpg,multi_train,multi,1200,3333,0.360036,1200,3
images/1729.jpg,multi_train,multi,2500,2469,1.012556,2469,4
images/17294.jpg,multi_train,multi,1200,3769,0.318387,1200,5
images/1730.jpg,"multi_train,single_train","multi,single",2250,2788,0.80703,2250,8
images/17303.jpg,multi_train,multi,1200,3073,0.390498,1200,4
images/17306.jpg,single_train,single,1200,3333,0.360036,1200,12
images/17307.jpg,multi_train,multi,1200,3333,0.360036,1200,6
images/1731.jpg,multi_train,multi,2250,4553,0.49418,2250,2
images/17315.jpg,multi_train,multi,1200,3333,0.360036,1200,3
images/17318.jpg,single_train,single,1200,3333,0.360036,1200,6
images/1733.jpg,single_train,single,992,1955,0.507417,992,7
images/17331.jpg,multi_train,multi,1200,1982,0.605449,1200,3
images/17344.jpg,multi_train,multi,1200,2009,0.597312,1200,3
images/17350.jpg,single_train,single,1200,3333,0.360036,1200,9
images/17357.jpg,multi_test,multi,1200,1821,0.658979,1200,4
images/17358.jpg,multi_test,multi,1200,1558,0.770218,1200,4
images/17359.jpg,multi_test,multi,1200,1994,0.601805,1200,4
images/17360.jpg,multi_train,multi,1200,3607,0.332686,1200,1
images/17361.jpg,"multi_train,single_train","multi,single",1200,2110,0.56872,1200,10
images/17364.jpg,single_train,single,1200,3247,0.369572,1200,12
images/17365.jpg,"multi_train,single_train","multi,single",1200,1815,0.661157,1200,13
images/17367.jpg,single_train,single,1200,2110,0.56872,1200,6
images/17368.jpg,single_train,single,1200,2595,0.462428,1200,2
images/17370.jpg,single_train,single,1200,3164,0.379267,1200,7
images/17371.jpg,multi_train,multi,1200,3071,0.390752,1200,11
images/17372.jpg,multi_train,multi,1200,1945,0.616967,1200,9
images/17377.jpg,multi_train,multi,1200,2500,0.48,1200,3
images/17378.jpg,single_train,single,522,1057,0.493851,522,5
images/1738.jpg,multi_test,multi,2100,3570,0.588235,2100,4
images/17384.jpg,single_train,single,1200,3435,0.349345,1200,5
images/17387.jpg,multi_train,multi,1200,1815,0.661157,1200,3
images/17388.jpg,multi_train,multi,1200,3224,0.372208,1200,5
images/17389.jpg,multi_train,multi,1200,3001,0.399867,1200,3
images/17391.jpg,multi_train,multi,1200,2636,0.455235,1200,3
images/17392.jpg,single_train,single,1200,2076,0.578035,1200,7
images/17394.jpg,multi_train,multi,1200,2600,0.461538,1200,2
images/17397.jpg,single_train,single,1200,3173,0.378191,1200,4
images/1740.jpg,multi_train,multi,1623,2695,0.602226,1623,4
images/17400.jpg,multi_train,multi,1200,2394,0.501253,1200,4
images/17401.jpg,"multi_train,single_train","multi,single",1200,2960,0.405405,1200,20
images/17404.jpg,multi_train,multi,1200,1950,0.615385,1200,9
images/17406.jpg,multi_train,multi,1200,3240,0.37037,1200,5
images/17407.jpg,multi_train,multi,1200,2960,0.405405,1200,10
images/17408.jpg,"multi_train,single_train","multi,single",1200,2999,0.400133,1200,11
images/17409.jpg,single_train,single,1200,2181,0.550206,1200,2
images/1741.jpg,multi_train,multi,2500,2469,1.012556,2469,2
images/17410.jpg,single_train,single,1200,3853,0.311446,1200,6
images/17411.jpg,multi_train,multi,1200,2999,0.400133,1200,3
images/17412.jpg,multi_train,multi,1200,2181,0.550206,1200,15
images/17413.jpg,"multi_train,single_train","multi,single",1200,2181,0.550206,1200,15
images/17414.jpg,multi_train,multi,1200,2999,0.400133,1200,7
images/17415.jpg,multi_train,multi,1200,2253,0.532623,1200,4
images/17417.jpg,multi_train,multi,1200,2999,0.400133,1200,9
images/17418.jpg,"multi_train,single_train","multi,single",1200,2960,0.405405,1200,12
images/17419.jpg,multi_train,multi,1200,3158,0.379987,1200,2
images/17420.jpg,multi_train,multi,1200,2333,0.514359,1200,5
images/17421.jpg,multi_train,multi,1200,3040,0.394737,1200,3
images/17428.jpg,multi_train,multi,1200,2627,0.456795,1200,2
images/17429.jpg,multi_test,multi,1200,2853,0.42061,1200,5
images/1743.jpg,multi_train,multi,1298,2204,0.588929,1298,3
images/17430.jpg,multi_train,multi,1200,3466,0.34622,1200,8
images/17431.jpg,multi_train,multi,1200,1549,0.774693,1200,7
images/17434.jpg,multi_train,multi,1200,2659,0.451297,1200,3
images/17435.jpg,multi_train,multi,1200,2589,0.463499,1200,3
images/17436.jpg,multi_train,multi,1200,2871,0.417973,1200,3
images/17437.jpg,multi_train,multi,1200,2383,0.503567,1200,2
images/17438.jpg,multi_train,multi,1200,2583,0.464576,1200,1
images/17439.jpg,"multi_train,single_train","multi,single",1200,2376,0.505051,1200,9
images/1744.jpg,multi_train,multi,2250,5616,0.400641,2250,2
images/17440.jpg,multi_train,multi,1200,2391,0.501882,1200,4
images/17441.jpg,multi_train,multi,1200,2511,0.477897,1200,6
images/17442.jpg,multi_train,multi,1200,2527,0.474871,1200,4
images/17444.jpg,multi_train,multi,1200,2593,0.462784,1200,7
images/17453.jpg,multi_test,multi,1200,2906,0.412939,1200,4
images/17454.jpg,"multi_train,single_train","multi,single",1200,2207,0.543725,1200,15
images/17455.jpg,multi_train,multi,1200,3078,0.389864,1200,5
images/17456.jpg,multi_train,multi,1200,3128,0.383632,1200,5
images/17457.jpg,multi_train,multi,1200,2647,0.453343,1200,2
images/17459.jpg,multi_train,multi,1200,3658,0.328048,1200,5
images/17460.jpg,multi_train,multi,1200,2299,0.521966,1200,4
images/17461.jpg,multi_train,multi,1200,2784,0.431034,1200,4
images/17462.jpg,multi_train,multi,1200,3089,0.388475,1200,4
images/17463.jpg,multi_train,multi,1200,2419,0.496073,1200,4
images/17464.jpg,multi_train,multi,1200,3452,0.347625,1200,2
images/17465.jpg,multi_train,multi,1200,2511,0.477897,1200,3
images/17466.jpg,"multi_train,single_train","multi,single",1200,1796,0.668151,1200,8
images/17467.jpg,multi_train,multi,1200,2231,0.537875,1200,2
images/17468.jpg,multi_train,multi,1200,2496,0.480769,1200,6
images/17469.jpg,multi_train,multi,1200,2496,0.480769,1200,5
images/1747.jpg,multi_train,multi,2250,3678,0.611746,2250,1
images/17470.jpg,multi_train,multi,1200,2496,0.480769,1200,3
images/17472.jpg,multi_train,multi,1200,2973,0.403633,1200,4
images/17473.jpg,multi_train,multi,1200,3266,0.367422,1200,4
images/17474.jpg,multi_train,multi,1200,3173,0.378191,1200,4
images/17476.jpg,multi_train,multi,1200,3818,0.314301,1200,2
images/17477.jpg,multi_train,multi,1200,2529,0.474496,1200,3
images/17479.jpg,multi_train,multi,1200,2384,0.503356,1200,2
images/17480.jpg,multi_train,multi,1200,2127,0.564175,1200,2
images/17481.jpg,"multi_train,single_train","multi,single",1200,2435,0.492813,1200,6
images/17482.jpg,multi_train,multi,1200,2212,0.542495,1200,8
images/17484.jpg,multi_train,multi,1200,3074,0.390371,1200,2
images/17485.jpg,multi_train,multi,1200,3581,0.335102,1200,3
images/17486.jpg,single_train,single,1200,1873,0.640683,1200,6
images/1749.jpg,multi_train,multi,2500,2426,1.030503,2426,2
images/17493.jpg,multi_train,multi,673,1334,0.504498,673,12
images/17495.jpg,single_train,single,1200,1738,0.690449,1200,8
images/17499.jpg,single_train,single,643,1028,0.625486,643,9
images/1750.jpg,multi_train,multi,2250,3678,0.611746,2250,2
images/17501.jpg,multi_train,multi,1200,2709,0.442968,1200,2
images/17502.jpg,multi_train,multi,1200,3333,0.360036,1200,5
images/17504.jpg,single_train,single,902,1900,0.474737,902,5
images/17507.jpg,multi_train,multi,779,1334,0.583958,779,3
images/1751.jpg,multi_test,multi,2167,4010,0.540399,2167,5
images/17510.jpg,multi_train,multi,1200,3610,0.33241,1200,4
images/17511.jpg,single_train,single,1200,2351,0.510421,1200,5
images/17516.jpg,multi_train,multi,1425,2362,0.603302,1425,2
images/17518.jpg,multi_train,multi,1104,1581,0.698292,1104,1
images/17519.jpg,multi_train,multi,1200,1990,0.603015,1200,5
images/17520.jpg,multi_train,multi,1121,2470,0.453846,1121,1
images/17523.jpg,multi_train,multi,1200,2850,0.421053,1200,4
images/17524.jpg,"multi_train,single_train","multi,single",1200,2694,0.445434,1200,12
images/17528.jpg,multi_test,multi,956,923,1.035753,923,2
images/17530.jpg,multi_train,multi,1200,3697,0.324588,1200,5
images/17533.jpg,multi_train,multi,1200,2988,0.401606,1200,5
images/17534.jpg,"multi_train,single_train","multi,single",1200,1858,0.645856,1200,9
images/17535.jpg,multi_train,multi,1156,1975,0.585316,1156,2
images/1754.jpg,single_train,single,1875,3729,0.502816,1875,4
images/17540.jpg,multi_train,multi,1706,1950,0.874872,1706,2
images/17542.jpg,single_train,single,1333,1334,0.99925,1333,5
images/17543.jpg,single_test,single,1200,3319,0.361555,1200,10
images/17548.jpg,single_train,single,1200,3219,0.372787,1200,9
images/1755.jpg,multi_train,multi,2250,4506,0.499334,2250,2
images/17550.jpg,multi_train,multi,3218,2750,1.170182,2750,1
images/17552.jpg,multi_train,multi,4291,3667,1.170166,3667,2
images/17555.jpg,multi_train,multi,2500,2865,0.8726,2500,3
images/17557.jpg,multi_train,multi,3218,2500,1.2872,2500,4
images/1756.jpg,multi_train,multi,2250,2745,0.819672,2250,7
images/17562.jpg,multi_train,multi,2500,3623,0.690036,2500,2
images/17565.jpg,multi_test,multi,2500,4030,0.620347,2500,4
images/17566.jpg,multi_train,multi,2500,3083,0.810898,2500,3
images/17568.jpg,multi_train,multi,2500,3875,0.645161,2500,3
images/17569.jpg,multi_train,multi,2500,4333,0.576967,2500,4
images/17570.jpg,single_train,single,2500,4333,0.576967,2500,9
images/17572.jpg,single_train,single,2500,3729,0.670421,2500,10
images/17575.jpg,multi_train,multi,2500,4212,0.593542,2500,4
images/17578.jpg,multi_train,multi,2500,1667,1.4997,1667,7
images/17579.jpg,multi_train,multi,2500,3738,0.668807,2500,11
images/1758.jpg,multi_train,multi,1500,1412,1.062323,1412,2
images/17583.jpg,"multi_train,single_train","multi,single",2500,3729,0.670421,2500,13
images/17585.jpg,single_train,single,2500,4450,0.561798,2500,10
images/17587.jpg,single_train,single,1024,1024,1.0,1024,10
images/17591.jpg,single_train,single,1231,796,1.546482,796,8
images/17592.jpg,multi_train,multi,632,639,0.989045,632,4
images/17594.jpg,single_train,single,1422,1402,1.014265,1402,12
images/17595.jpg,multi_train,multi,3218,2500,1.2872,2500,4
images/17596.jpg,single_train,single,944,1813,0.520684,944,7
images/17607.jpg,multi_train,multi,1707,3467,0.492357,1707,5
images/17608.jpg,"multi_train,single_train","multi,single",945,1660,0.569277,945,10
images/1761.jpg,multi_train,multi,1875,2940,0.637755,1875,1
images/17611.jpg,multi_train,multi,1567,2363,0.66314,1567,2
images/17614.jpg,single_train,single,1261,820,1.537805,820,11
images/17616.jpg,single_train,single,737,1189,0.619849,737,5
images/17617.jpg,"multi_train,single_train","multi,single",631,1100,0.573636,631,10
images/1762.jpg,multi_train,multi,2500,2426,1.030503,2426,1
images/17621.jpg,multi_train,multi,1374,1658,0.828709,1374,1
images/17623.jpg,single_train,single,2550,3151,0.809267,2550,8
images/17627.jpg,single_train,single,640,1210,0.528926,640,6
images/17628.jpg,single_train,single,1240,1788,0.693512,1240,6
images/17636.jpg,multi_train,multi,944,1051,0.898192,944,1
images/17638.jpg,multi_train,multi,898,1536,0.584635,898,4
images/17639.jpg,single_train,single,1329,865,1.536416,865,8
images/17642.jpg,multi_train,multi,918,1173,0.782609,918,1
images/17644.jpg,single_train,single,917,1090,0.841284,917,7
images/17645.jpg,multi_train,multi,911,1831,0.497542,911,1
images/17647.jpg,single_train,single,2667,1500,1.778,1500,14
images/17653.jpg,multi_train,multi,2133,3646,0.585025,2133,1
images/1766.jpg,multi_train,multi,2250,3006,0.748503,2250,3
images/17665.jpg,multi_train,multi,944,1100,0.858182,944,1
images/17669.jpg,multi_train,multi,1200,2439,0.492005,1200,5
images/1767.jpg,"multi_train,single_train","multi,single",2500,4627,0.540307,2500,9
images/17676.jpg,multi_test,multi,2500,2645,0.94518,2500,9
images/17677.jpg,multi_test,multi,734,624,1.176282,624,7
images/17678.jpg,multi_test,multi,768,649,1.183359,649,8
images/1768.jpg,multi_train,multi,2250,2905,0.774527,2250,2
images/17680.jpg,multi_train,multi,2500,2406,1.039069,2406,4
images/17681.jpg,multi_train,multi,2500,2332,1.072041,2332,5
images/17682.jpg,multi_train,multi,768,613,1.252855,613,6
images/17683.jpg,"multi_train,single_train","multi,single",2500,2406,1.039069,2406,14
images/17684.jpg,multi_train,multi,2500,2406,1.039069,2406,5
images/17688.jpg,multi_train,multi,1200,2646,0.453515,1200,3
images/17689.jpg,multi_train,multi,1200,3107,0.386225,1200,5
images/17690.jpg,multi_train,multi,1200,3247,0.369572,1200,1
images/17692.jpg,multi_train,multi,1200,2850,0.421053,1200,3
images/17695.jpg,multi_train,multi,2500,2645,0.94518,2500,4
images/17696.jpg,multi_train,multi,2500,2645,0.94518,2500,9
images/17697.jpg,multi_train,multi,2500,2645,0.94518,2500,4
images/17698.jpg,multi_train,multi,2500,2645,0.94518,2500,10
images/177.jpg,single_train,single,2500,2904,0.860882,2500,10
images/1770.jpg,multi_train,multi,992,1492,0.664879,992,7
images/17702.jpg,single_train,single,2500,2862,0.873515,2500,8
images/17706.jpg,multi_train,multi,2500,2778,0.899928,2500,5
images/17709.jpg,multi_train,multi,2500,2393,1.044714,2393,7
images/1771.jpg,multi_train,multi,1500,3775,0.397351,1500,5
images/17710.jpg,"multi_train,single_train","multi,single",2500,2537,0.985416,2500,10
images/17712.jpg,multi_test,multi,1201,1156,1.038927,1156,12
images/17713.jpg,multi_train,multi,1201,1156,1.038927,1156,4
images/17714.jpg,multi_train,multi,1201,1156,1.038927,1156,1
images/17716.jpg,single_train,single,2500,3135,0.797448,2500,10
images/17718.jpg,multi_train,multi,2500,2794,0.894775,2500,2
images/17719.jpg,multi_train,multi,2500,2794,0.894775,2500,11
images/1772.jpg,multi_train,multi,2500,2426,1.030503,2426,4
images/17720.jpg,multi_train,multi,2500,2794,0.894775,2500,9
images/17722.jpg,single_train,single,2500,2794,0.894775,2500,16
images/1773.jpg,multi_train,multi,1001,1965,0.509415,1001,4
images/17730.jpg,multi_train,multi,2500,3229,0.774234,2500,3
images/17736.jpg,single_train,single,2500,3229,0.774234,2500,11
images/17739.jpg,single_train,single,2500,3160,0.791139,2500,9
images/1774.jpg,multi_train,multi,1875,2597,0.721987,1875,3
images/17740.jpg,multi_train,multi,2500,3229,0.774234,2500,1
images/17741.jpg,multi_train,multi,2500,3160,0.791139,2500,3
images/17742.jpg,single_train,single,2500,3229,0.774234,2500,10
images/17744.jpg,"multi_train,single_train","multi,single",2500,2406,1.039069,2406,19
images/17745.jpg,multi_train,multi,2500,2406,1.039069,2406,10
images/17748.jpg,multi_train,multi,2469,2406,1.026185,2406,4
images/17752.jpg,multi_test,multi,2500,2975,0.840336,2500,4
images/17759.jpg,multi_train,multi,2500,2406,1.039069,2406,4
images/17763.jpg,multi_train,multi,2500,2406,1.039069,2406,3
images/17766.jpg,multi_train,multi,2500,3033,0.824266,2500,8
images/17767.jpg,multi_train,multi,2500,3907,0.639877,2500,3
images/17768.jpg,multi_test,multi,1742,1354,1.286558,1354,3
images/1777.jpg,multi_train,multi,992,1127,0.880213,992,2
images/17771.jpg,single_train,single,2500,2932,0.85266,2500,7
images/17774.jpg,multi_train,multi,2500,2690,0.929368,2500,4
images/17778.jpg,"multi_test,single_test","multi,single",2500,3834,0.652061,2500,16
images/17785.jpg,single_train,single,2500,3237,0.77232,2500,12
images/17787.jpg,single_train,single,730,1278,0.571205,730,12
images/17789.jpg,multi_train,multi,1200,1942,0.61792,1200,1
images/1779.jpg,multi_train,multi,992,1127,0.880213,992,4
images/17791.jpg,multi_test,multi,1200,2008,0.59761,1200,1
images/1780.jpg,multi_train,multi,992,1127,0.880213,992,3
images/17803.jpg,multi_test,multi,730,1214,0.601318,730,1
images/17804.jpg,multi_train,multi,1200,2008,0.59761,1200,1
images/1781.jpg,multi_train,multi,2500,2426,1.030503,2426,5
images/17810.jpg,multi_train,multi,468,1334,0.350825,468,2
images/17811.jpg,multi_train,multi,980,1334,0.734633,980,3
images/17815.jpg,multi_train,multi,1200,2860,0.41958,1200,3
images/17816.jpg,multi_train,multi,1200,2502,0.479616,1200,4
images/17817.jpg,multi_train,multi,744,1334,0.557721,744,5
images/17823.jpg,multi_train,multi,1317,1904,0.691702,1317,1
images/17826.jpg,single_train,single,1012,1334,0.758621,1012,15
images/17827.jpg,single_train,single,1033,1334,0.774363,1033,6
images/17830.jpg,single_train,single,1908,1923,0.9922,1908,8
images/17831.jpg,multi_train,multi,1548,1989,0.778281,1548,2
images/17835.jpg,"multi_train,single_train","multi,single",1342,1813,0.74021,1342,8
images/17839.jpg,multi_test,multi,1339,2928,0.457309,1339,4
images/17840.jpg,multi_train,multi,716,1673,0.427974,716,3
images/17844.jpg,single_train,single,2967,2181,1.360385,2181,10
images/17846.jpg,multi_train,multi,2596,3626,0.71594,2596,5
images/17847.jpg,multi_train,multi,1339,2172,0.616483,1339,2
images/17848.jpg,multi_train,multi,1339,2172,0.616483,1339,2
images/1785.jpg,multi_train,multi,1901,2481,0.766223,1901,5
images/17856.jpg,"multi_train,single_train","multi,single",1308,963,1.358255,963,10
images/17857.jpg,"multi_train,single_train","multi,single",2614,2166,1.206833,2166,17
images/17860.jpg,multi_train,multi,1422,2069,0.687289,1422,5
images/17865.jpg,multi_train,multi,1200,2565,0.467836,1200,2
images/17874.jpg,single_train,single,1961,2903,0.675508,1961,12
images/17875.jpg,multi_train,multi,1356,1775,0.763944,1356,4
images/17879.jpg,multi_train,multi,1006,1283,0.7841,1006,1
images/17882.jpg,multi_train,multi,985,1259,0.782367,985,5
images/17883.jpg,multi_train,multi,1006,1698,0.592462,1006,1
images/17886.jpg,multi_test,multi,1200,2286,0.524934,1200,4
images/17887.jpg,"multi_test,single_test","multi,single",1200,2286,0.524934,1200,8
images/17894.jpg,single_train,single,1200,3438,0.34904,1200,8
images/17896.jpg,multi_train,multi,1011,1334,0.757871,1011,2
images/17897.jpg,multi_train,multi,1302,2316,0.562176,1302,3
images/17899.jpg,multi_test,multi,1667,1255,1.328287,1255,4
images/1790.jpg,multi_train,multi,1926,2521,0.763983,1926,2
images/17900.jpg,multi_test,multi,799,1072,0.745336,799,4
images/17906.jpg,multi_test,multi,1396,1188,1.175084,1188,4
images/17908.jpg,multi_train,multi,959,1475,0.650169,959,1
images/17909.jpg,multi_train,multi,1200,2173,0.552232,1200,2
images/17912.jpg,multi_train,multi,1200,2350,0.510638,1200,5
images/17913.jpg,multi_train,multi,1200,2982,0.402414,1200,3
images/17914.jpg,multi_train,multi,937,2074,0.451784,937,2
images/17915.jpg,multi_train,multi,937,2347,0.399233,937,2
images/17916.jpg,single_train,single,1200,3333,0.360036,1200,7
images/17918.jpg,single_train,single,527,1000,0.527,527,5
images/17919.jpg,multi_train,multi,1200,1844,0.650759,1200,3
images/1792.jpg,multi_train,multi,1926,2565,0.750877,1926,2
images/17920.jpg,multi_train,multi,1200,2651,0.452659,1200,3
images/17922.jpg,multi_train,multi,1200,3611,0.332318,1200,5
images/17923.jpg,multi_train,multi,1200,3106,0.386349,1200,5
images/17925.jpg,multi_train,multi,1200,2533,0.473747,1200,4
images/17926.jpg,multi_train,multi,1200,2597,0.462072,1200,2
images/17927.jpg,multi_train,multi,1200,2426,0.494641,1200,3
images/1793.jpg,multi_train,multi,1915,2431,0.787742,1915,5
images/17930.jpg,multi_train,multi,1200,2322,0.516796,1200,2
images/17931.jpg,"multi_train,single_train","multi,single",1200,1899,0.631912,1200,12
images/17932.jpg,multi_train,multi,1200,2998,0.400267,1200,4
images/17933.jpg,multi_train,multi,1025,1547,0.662573,1025,5
images/1794.jpg,multi_train,multi,2167,4097,0.528924,2167,2
images/17942.jpg,single_train,single,1119,1436,0.779248,1119,9
images/17946.jpg,multi_train,multi,1258,1699,0.740436,1258,5
images/1795.jpg,multi_train,multi,2500,2426,1.030503,2426,4
images/17952.jpg,"multi_train,single_train","multi,single",1564,1223,1.278823,1223,10
images/17953.jpg,multi_train,multi,945,928,1.018319,928,1
images/17956.jpg,multi_train,multi,1047,835,1.253892,835,1
images/1796.jpg,multi_train,multi,2167,4010,0.540399,2167,3
images/17964.jpg,multi_train,multi,1219,1801,0.676846,1219,1
images/17965.jpg,multi_train,multi,1219,1846,0.660347,1219,1
images/17967.jpg,single_train,single,1519,1734,0.876009,1519,2
images/17969.jpg,single_train,single,1327,1636,0.811125,1327,6
images/17970.jpg,single_train,single,1277,1403,0.910192,1277,4
images/17971.jpg,multi_train,multi,2883,1908,1.511006,1908,3
images/17976.jpg,multi_train,multi,1421,2069,0.686805,1421,5
images/17979.jpg,multi_train,multi,2357,5071,0.4648,2357,2
images/1798.jpg,multi_train,multi,1750,3195,0.547731,1750,2
images/17982.jpg,"multi_train,single_train","multi,single",1333,1519,0.877551,1333,8
images/17984.jpg,multi_train,multi,2011,1983,1.01412,1983,1
images/17989.jpg,multi_train,multi,1256,2790,0.450179,1256,3
images/1799.jpg,multi_train,multi,1688,4334,0.389479,1688,6
images/17990.jpg,multi_train,multi,1125,975,1.153846,975,5
images/17996.jpg,single_train,single,1950,3089,0.631272,1950,9
images/17999.jpg,single_train,single,1342,1557,0.861914,1342,6
images/18001.jpg,single_train,single,1479,1293,1.143852,1293,7
images/18002.jpg,multi_train,multi,1267,1436,0.882312,1267,5
images/18007.jpg,multi_train,multi,1336,1659,0.805304,1336,1
images/18008.jpg,multi_train,multi,1336,1577,0.847178,1336,1
images/18011.jpg,multi_train,multi,734,641,1.145086,641,3
images/18013.jpg,multi_test,multi,734,680,1.079412,680,3
images/18025.jpg,multi_train,multi,1057,1833,0.57665,1057,4
images/18029.jpg,multi_train,multi,1137,1591,0.714645,1137,3
images/1803.jpg,multi_train,multi,1926,3605,0.534258,1926,5
images/18031.jpg,multi_train,multi,1057,2005,0.527182,1057,3
images/18033.jpg,multi_train,multi,1327,1636,0.811125,1327,2
images/18035.jpg,multi_train,multi,1339,1228,1.090391,1228,3
images/18036.jpg,multi_train,multi,1327,1993,0.66583,1327,5
images/18038.jpg,multi_train,multi,1484,1747,0.849456,1484,3
images/18042.jpg,multi_train,multi,1057,1725,0.612754,1057,5
images/18043.jpg,multi_train,multi,1339,2110,0.634597,1339,3
images/18044.jpg,multi_train,multi,1339,1953,0.685612,1339,4
images/18050.jpg,single_train,single,1201,866,1.386836,866,10
images/18051.jpg,multi_train,multi,907,896,1.012277,896,4
images/18052.jpg,multi_train,multi,1339,1995,0.671178,1339,3
images/18055.jpg,"multi_train,single_train","multi,single",966,973,0.992806,966,9
images/18063.jpg,single_test,single,1351,1297,1.041635,1297,1
images/18069.jpg,single_train,single,1208,1019,1.185476,1019,8
images/18073.jpg,multi_train,multi,1565,1569,0.997451,1565,1
images/18074.jpg,multi_train,multi,1565,1655,0.945619,1565,1
images/18075.jpg,multi_train,multi,1565,1655,0.945619,1565,1
images/18076.jpg,multi_train,multi,1017,1701,0.597884,1017,3
images/18078.jpg,multi_train,multi,1126,1233,0.91322,1126,4
images/18079.jpg,multi_train,multi,935,1546,0.604787,935,3
images/1808.jpg,multi_train,multi,1750,3075,0.569106,1750,2
images/18080.jpg,single_train,single,1984,1551,1.279175,1551,6
images/18081.jpg,multi_train,multi,2500,1859,1.344809,1859,2
images/18086.jpg,multi_train,multi,945,1037,0.911283,945,1
images/18087.jpg,"multi_test,single_test","multi,single",2772,4100,0.676098,2772,7
images/1809.jpg,"multi_train,single_train","multi,single",2500,2426,1.030503,2426,5
images/18092.jpg,"multi_train,single_train","multi,single",1036,817,1.268054,817,8
images/18093.jpg,multi_train,multi,1036,817,1.268054,817,1
images/18094.jpg,multi_train,multi,2050,2656,0.771837,2050,7
images/18096.jpg,multi_train,multi,1580,1105,1.429864,1105,1
images/18099.jpg,multi_train,multi,1232,1410,0.873759,1232,2
images/181.jpg,multi_train,multi,2500,3158,0.79164,2500,2
images/18100.jpg,multi_train,multi,1532,1417,1.081157,1417,2
images/18102.jpg,multi_train,multi,1564,1223,1.278823,1223,1
images/18106.jpg,multi_train,multi,2500,3256,0.767813,2500,10
images/18112.jpg,multi_train,multi,1200,2579,0.465297,1200,3
images/18113.jpg,multi_train,multi,1200,3437,0.349142,1200,2
images/18116.jpg,multi_train,multi,631,1334,0.473013,631,3
images/18117.jpg,single_train,single,2219,2816,0.787997,2219,2
images/18118.jpg,multi_train,multi,1200,2529,0.474496,1200,1
images/18119.jpg,single_train,single,2133,2809,0.759345,2133,3
images/1812.jpg,"multi_train,single_train","multi,single",2250,2905,0.774527,2250,14
images/18121.jpg,multi_train,multi,1200,3685,0.325645,1200,4
images/18122.jpg,multi_train,multi,1200,3370,0.356083,1200,2
images/18124.jpg,multi_train,multi,958,1334,0.718141,958,4
images/18128.jpg,multi_train,multi,1200,2607,0.460299,1200,6
images/1813.jpg,multi_test,multi,2333,4049,0.576192,2333,6
images/18130.jpg,multi_train,multi,2133,3625,0.588414,2133,2
images/18131.jpg,single_train,single,2133,3875,0.550452,2133,12
images/18133.jpg,multi_train,multi,2434,2652,0.917798,2434,5
images/18135.jpg,multi_train,multi,2500,4229,0.591156,2500,4
images/18138.jpg,multi_train,multi,2500,3271,0.764292,2500,6
images/18139.jpg,single_train,single,2500,3746,0.667379,2500,7
images/1814.jpg,multi_train,multi,1875,2597,0.721987,1875,3
images/18141.jpg,single_train,single,1081,763,1.416776,763,11
images/18142.jpg,single_test,single,1081,1108,0.975632,1081,5
images/18144.jpg,multi_train,multi,1081,1110,0.973874,1081,3
images/18149.jpg,single_train,single,2250,2039,1.103482,2039,11
images/18150.jpg,single_train,single,2250,3890,0.578406,2250,4
images/18154.jpg,multi_train,multi,2250,1995,1.12782,1995,1
images/18158.jpg,multi_train,multi,2250,1995,1.12782,1995,1
images/18161.jpg,multi_train,multi,2250,1995,1.12782,1995,1
images/18166.jpg,single_train,single,2500,3170,0.788644,2500,8
images/18167.jpg,multi_test,multi,1345,1663,0.808779,1345,3
images/18168.jpg,multi_test,multi,2250,4467,0.503694,2250,1
images/18169.jpg,multi_train,multi,2250,3660,0.614754,2250,3
images/18170.jpg,multi_train,multi,2250,2076,1.083815,2076,3
images/18173.jpg,multi_train,multi,2500,3792,0.659283,2500,5
images/18174.jpg,single_test,single,2500,5316,0.470278,2500,6
images/18175.jpg,multi_train,multi,2500,6174,0.404924,2500,4
images/18176.jpg,single_train,single,2500,3255,0.768049,2500,8
images/18185.jpg,multi_train,multi,2500,3255,0.768049,2500,5
images/18188.jpg,multi_train,multi,2500,3255,0.768049,2500,5
images/18190.jpg,single_train,single,2250,1734,1.297578,1734,13
images/18194.jpg,multi_train,multi,2500,5639,0.443341,2500,1
images/18199.jpg,single_train,single,2500,3255,0.768049,2500,6
images/18200.jpg,single_train,single,2500,3255,0.768049,2500,10
images/18201.jpg,single_train,single,2500,3437,0.727379,2500,1
images/18208.jpg,single_train,single,1041,1061,0.98115,1041,8
images/18209.jpg,single_train,single,933,1331,0.700977,933,13
images/18210.jpg,single_train,single,1041,965,1.078756,965,11
images/18213.jpg,single_test,single,2500,4658,0.536711,2500,8
images/18214.jpg,single_train,single,2500,2665,0.938086,2500,7
images/18216.jpg,single_train,single,979,1592,0.61495,979,7
images/18219.jpg,single_train,single,1400,2412,0.580431,1400,10
images/18220.jpg,multi_test,multi,2250,2276,0.988576,2250,1
images/18221.jpg,multi_train,multi,2500,4360,0.573394,2500,2
images/18228.jpg,multi_train,multi,2250,3889,0.578555,2250,2
images/18229.jpg,multi_train,multi,2250,3889,0.578555,2250,2
images/1823.jpg,single_test,single,1473,1779,0.827993,1473,7
images/18231.jpg,multi_train,multi,1351,2376,0.568603,1351,2
images/18232.jpg,multi_train,multi,1081,1867,0.579004,1081,3
images/18234.jpg,multi_train,multi,2250,3889,0.578555,2250,2
images/18235.jpg,multi_train,multi,2250,4129,0.544926,2250,3
images/18236.jpg,single_train,single,2500,3269,0.76476,2500,10
images/18237.jpg,multi_train,multi,2815,3558,0.791175,2815,2
images/18239.jpg,single_test,single,2250,3191,0.705108,2250,9
images/1824.jpg,multi_train,multi,1334,2526,0.528108,1334,7
images/18243.jpg,multi_test,multi,1345,1735,0.775216,1345,3
images/18244.jpg,multi_train,multi,2500,2467,1.013377,2467,5
images/18245.jpg,multi_train,multi,2250,2380,0.945378,2250,5
images/18247.jpg,multi_train,multi,2500,3482,0.717978,2500,4
images/1825.jpg,multi_train,multi,1073,2079,0.516114,1073,2
images/18251.jpg,"multi_train,single_train","multi,single",2500,3482,0.717978,2500,13
images/18253.jpg,"multi_train,single_train","multi,single",2500,3482,0.717978,2500,9
images/18254.jpg,multi_train,multi,2500,3482,0.717978,2500,4
images/18255.jpg,multi_train,multi,2250,2721,0.826902,2250,5
images/18256.jpg,multi_train,multi,2500,3482,0.717978,2500,7
images/18257.jpg,single_train,single,2500,4363,0.573,2500,6
images/18260.jpg,multi_train,multi,2717,6938,0.391611,2717,1
images/18263.jpg,multi_train,multi,1800,2153,0.836043,1800,3
images/18264.jpg,multi_train,multi,1688,2506,0.673583,1688,5
images/18265.jpg,multi_train,multi,1734,1933,0.897051,1734,2
images/18270.jpg,single_train,single,3872,7226,0.535843,3872,7
images/18272.jpg,multi_train,multi,1765,5525,0.319457,1765,2
images/18274.jpg,single_train,single,1734,3618,0.47927,1734,11
images/18276.jpg,multi_train,multi,1351,2415,0.55942,1351,2
images/18277.jpg,"multi_test,single_test","multi,single",1351,2382,0.56717,1351,10
images/1828.jpg,single_train,single,1409,1494,0.943106,1409,10
images/18280.jpg,multi_train,multi,2500,3114,0.802826,2500,4
images/18281.jpg,multi_train,multi,2500,3071,0.814067,2500,4
images/18282.jpg,multi_train,multi,2500,3114,0.802826,2500,4
images/18285.jpg,multi_train,multi,2500,2974,0.840619,2500,4
images/18286.jpg,multi_train,multi,2500,2974,0.840619,2500,4
images/18287.jpg,multi_train,multi,2500,3378,0.740083,2500,3
images/18288.jpg,multi_train,multi,2500,2078,1.20308,2078,4
images/18289.jpg,multi_train,multi,2500,2333,1.071582,2333,4
images/18290.jpg,single_train,single,2500,2875,0.869565,2500,8
images/18291.jpg,"multi_train,single_train","multi,single",2500,3378,0.740083,2500,18
images/18294.jpg,multi_train,multi,3375,3034,1.112393,3034,1
images/1830.jpg,single_train,single,692,2058,0.336249,692,7
images/18300.jpg,multi_train,multi,1260,3325,0.378947,1260,2
images/18301.jpg,single_train,single,1375,2001,0.687156,1375,5
images/18303.jpg,multi_train,multi,2717,6938,0.391611,2717,1
images/18305.jpg,multi_train,multi,911,2424,0.375825,911,2
images/18306.jpg,single_train,single,1481,2472,0.59911,1481,5
images/18307.jpg,multi_train,multi,1672,4578,0.365225,1672,2
images/18308.jpg,multi_train,multi,2079,1431,1.45283,1431,3
images/18309.jpg,single_train,single,2664,2505,1.063473,2505,4
images/18312.jpg,multi_train,multi,911,2162,0.421369,911,2
images/18314.jpg,multi_train,multi,1859,3509,0.529781,1859,3
images/18315.jpg,multi_train,multi,1260,3517,0.35826,1260,2
images/18316.jpg,multi_test,multi,1351,2275,0.593846,1351,2
images/18317.jpg,multi_train,multi,742,1043,0.711409,742,4
images/18319.jpg,multi_train,multi,845,1816,0.465308,845,1
images/1832.jpg,single_train,single,1750,2393,0.7313,1750,5
images/18320.jpg,multi_train,multi,1754,3787,0.463163,1754,1
images/18324.jpg,multi_train,multi,1748,3113,0.561516,1748,3
images/18325.jpg,multi_train,multi,1748,2308,0.757366,1748,3
images/1833.jpg,multi_train,multi,1875,2582,0.726181,1875,3
images/18331.jpg,multi_train,multi,642,522,1.229885,522,3
images/18333.jpg,"multi_train,single_train","multi,single",640,542,1.180812,542,7
images/18334.jpg,multi_train,multi,641,525,1.220952,525,9
images/18346.jpg,multi_train,multi,3388,3121,1.08555,3121,1
images/18347.jpg,multi_train,multi,3375,3192,1.057331,3192,1
images/1835.jpg,multi_train,multi,1875,2512,0.746417,1875,1
images/18351.jpg,multi_train,multi,1320,1105,1.19457,1105,5
images/18353.jpg,multi_train,multi,1315,1129,1.164748,1129,5
images/18354.jpg,multi_train,multi,1337,1129,1.184234,1129,5
images/18356.jpg,multi_train,multi,2669,2077,1.285026,2077,3
images/18357.jpg,multi_train,multi,1335,1122,1.18984,1122,7
images/18358.jpg,multi_train,multi,1332,1113,1.196765,1113,5
images/18359.jpg,"multi_train,single_train","multi,single",1336,1114,1.199282,1114,10
images/1836.jpg,multi_train,multi,1961,2979,0.658275,1961,4
images/18360.jpg,multi_train,multi,1333,1121,1.189117,1121,7
images/18361.jpg,"multi_train,single_train","multi,single",2669,2055,1.298783,2055,8
images/18363.jpg,multi_train,multi,1334,1090,1.223853,1090,2
images/18365.jpg,multi_train,multi,1334,1082,1.232902,1082,2
images/18367.jpg,multi_train,multi,2669,1969,1.35551,1969,2
images/18368.jpg,multi_train,multi,1331,1151,1.156386,1151,2
images/18369.jpg,multi_train,multi,1336,1151,1.16073,1151,2
images/18371.jpg,multi_train,multi,2669,2144,1.244869,2144,2
images/18373.jpg,multi_train,multi,2669,2069,1.289995,2069,1
images/18375.jpg,single_train,single,1351,3026,0.446464,1351,9
images/18377.jpg,multi_train,multi,3381,3120,1.083654,3120,1
images/18388.jpg,multi_train,multi,2768,3321,0.833484,2768,2
images/18394.jpg,single_train,single,2227,3371,0.660635,2227,6
images/18398.jpg,multi_train,multi,2691,1830,1.470492,1830,1
images/18399.jpg,multi_train,multi,2694,1830,1.472131,1830,1
images/184.jpg,multi_train,multi,2500,3446,0.725479,2500,1
images/18400.jpg,multi_train,multi,2692,1893,1.422081,1893,2
images/18401.jpg,multi_train,multi,2691,1830,1.470492,1830,2
images/18404.jpg,multi_train,multi,3785,4304,0.879414,3785,2
images/18405.jpg,multi_train,multi,1655,1838,0.900435,1655,2
images/18408.jpg,multi_train,multi,1260,1747,0.721236,1260,2
images/1841.jpg,multi_train,multi,2433,4340,0.560599,2433,1
images/18412.jpg,"multi_train,single_train","multi,single",3408,3828,0.890282,3408,10
images/18413.jpg,"multi_train,single_train","multi,single",3419,3819,0.895261,3419,12
images/18414.jpg,multi_train,multi,3417,3768,0.906847,3417,2
images/18415.jpg,single_train,single,3356,3758,0.893028,3356,6
images/18417.jpg,multi_train,multi,3915,5792,0.675932,3915,5
images/18419.jpg,multi_train,multi,3372,3794,0.888772,3372,4
images/18420.jpg,multi_train,multi,1620,1940,0.835052,1620,2
images/18421.jpg,multi_train,multi,3915,6805,0.575312,3915,5
images/18422.jpg,multi_train,multi,1260,3517,0.35826,1260,2
images/18425.jpg,multi_train,multi,2761,5250,0.525905,2761,8
images/18427.jpg,multi_train,multi,1260,2660,0.473684,1260,2
images/18428.jpg,multi_train,multi,716,1718,0.416764,716,3
images/18429.jpg,"multi_train,single_train","multi,single",1260,2842,0.44335,1260,16
images/1843.jpg,multi_train,multi,2389,2726,0.876376,2389,2
images/18433.jpg,multi_train,multi,1260,3094,0.40724,1260,2
images/18434.jpg,multi_train,multi,716,1678,0.426698,716,3
images/18440.jpg,multi_train,multi,1260,1671,0.754039,1260,2
images/18441.jpg,multi_train,multi,3229,6488,0.497688,3229,4
images/18442.jpg,multi_test,multi,2250,1814,1.240353,1814,1
images/18447.jpg,single_train,single,1600,1914,0.835946,1600,9
images/1845.jpg,multi_train,multi,2500,2426,1.030503,2426,2
images/18450.jpg,multi_train,multi,3387,3445,0.983164,3387,1
images/18451.jpg,multi_train,multi,1800,2351,0.765632,1800,3
images/18452.jpg,multi_train,multi,1800,3389,0.53113,1800,1
images/18453.jpg,multi_test,multi,1800,2717,0.662495,1800,3
images/18454.jpg,multi_train,multi,1800,3439,0.523408,1800,1
images/18456.jpg,multi_train,multi,789,1658,0.475875,789,3
images/18457.jpg,single_test,single,1800,1706,1.0551,1706,8
images/18458.jpg,multi_test,multi,1800,3617,0.49765,1800,1
images/1846.jpg,multi_train,multi,1254,1959,0.640123,1254,4
images/18460.jpg,single_train,single,2500,4428,0.564589,2500,7
images/18461.jpg,multi_train,multi,2250,2721,0.826902,2250,4
images/18463.jpg,"multi_train,single_train","multi,single",2250,2721,0.826902,2250,15
images/18469.jpg,multi_train,multi,1754,3207,0.546929,1754,1
images/18470.jpg,multi_train,multi,1754,3332,0.526411,1754,1
images/18475.jpg,multi_train,multi,1675,5568,0.300826,1675,2
images/18477.jpg,multi_train,multi,1076,3301,0.325962,1076,1
images/18478.jpg,multi_train,multi,1329,1374,0.967249,1329,4
images/18479.jpg,multi_train,multi,1329,1374,0.967249,1329,4
images/18481.jpg,single_train,single,2660,4331,0.614177,2660,10
images/18484.jpg,multi_train,multi,1078,3204,0.336454,1078,3
images/18485.jpg,multi_train,multi,1085,1897,0.571956,1085,5
images/18486.jpg,multi_train,multi,1078,3175,0.339528,1078,3
images/18488.jpg,multi_train,multi,1085,2199,0.493406,1085,1
images/18489.jpg,multi_train,multi,2500,3921,0.637592,2500,3
images/1849.jpg,multi_train,multi,1277,2200,0.580455,1277,7
images/18490.jpg,multi_train,multi,1800,3905,0.460948,1800,3
images/18492.jpg,multi_train,multi,1754,3728,0.470494,1754,2
images/18493.jpg,multi_train,multi,1078,2148,0.501862,1078,3
images/18494.jpg,multi_train,multi,2167,5752,0.376739,2167,2
images/18495.jpg,multi_train,multi,1078,2148,0.501862,1078,3
images/18496.jpg,single_test,single,1085,1575,0.688889,1085,13
images/18497.jpg,multi_train,multi,1544,3520,0.438636,1544,4
images/18498.jpg,multi_train,multi,1078,2148,0.501862,1078,3
images/1850.jpg,multi_train,multi,1240,3032,0.408971,1240,1
images/18501.jpg,multi_train,multi,1078,2294,0.469922,1078,10
images/18503.jpg,multi_train,multi,2500,4711,0.530673,2500,3
images/18509.jpg,"multi_train,single_train","multi,single",1078,2707,0.398227,1078,17
images/1851.jpg,multi_train,multi,2333,4049,0.576192,2333,3
images/18510.jpg,multi_train,multi,1123,2369,0.47404,1123,3
images/18512.jpg,"multi_train,single_train","multi,single",1123,2210,0.508145,1123,14
images/18513.jpg,multi_train,multi,2061,5557,0.370884,2061,2
images/18518.jpg,multi_train,multi,1317,1839,0.71615,1317,4
images/18519.jpg,"multi_train,single_train","multi,single",1416,2525,0.560792,1416,8
images/18520.jpg,"multi_train,single_train","multi,single",1078,2499,0.431373,1078,9
images/18522.jpg,multi_train,multi,1692,1761,0.960818,1692,3
images/18523.jpg,multi_train,multi,1200,1140,1.052632,1140,1
images/18527.jpg,multi_train,multi,2018,1964,1.027495,1964,2
images/1853.jpg,multi_train,multi,1254,2396,0.523372,1254,1
images/18530.jpg,multi_train,multi,861,1718,0.501164,861,3
images/18532.jpg,multi_train,multi,1076,3015,0.356882,1076,4
images/18533.jpg,multi_train,multi,1958,2479,0.789835,1958,2
images/18534.jpg,multi_train,multi,1958,2513,0.779148,1958,2
images/18535.jpg,single_train,single,1260,2501,0.503798,1260,11
images/18536.jpg,single_train,single,1798,3519,0.510941,1798,4
images/18537.jpg,multi_train,multi,1490,2544,0.585692,1490,5
images/18543.jpg,multi_train,multi,1544,3438,0.449098,1544,1
images/18545.jpg,multi_train,multi,1490,2544,0.585692,1490,5
images/18546.jpg,multi_train,multi,1078,2425,0.444536,1078,4
images/18548.jpg,single_test,single,1321,2252,0.58659,1321,8
images/18550.jpg,multi_train,multi,3154,2967,1.063027,2967,1
images/18551.jpg,multi_train,multi,3091,2919,1.058924,2919,3
images/18552.jpg,multi_train,multi,3108,2987,1.040509,2987,1
images/18553.jpg,multi_train,multi,3148,2941,1.070384,2941,5
images/18554.jpg,multi_train,multi,3133,2586,1.211524,2586,5
images/18555.jpg,multi_train,multi,3147,2551,1.233634,2551,5
images/1856.jpg,multi_train,multi,1375,3362,0.408983,1375,1
images/18564.jpg,multi_train,multi,1076,3179,0.338471,1076,1
images/18568.jpg,multi_train,multi,2956,5553,0.532325,2956,5
images/1857.jpg,multi_train,multi,1625,3348,0.485364,1625,4
images/18570.jpg,multi_train,multi,1200,1746,0.687285,1200,8
images/18572.jpg,multi_train,multi,6745,5889,1.145356,5889,3
images/18573.jpg,"multi_train,single_train","multi,single",1260,2813,0.44792,1260,7
images/18574.jpg,multi_train,multi,1260,2813,0.44792,1260,1
images/18575.jpg,single_train,single,2176,3088,0.704663,2176,7
images/1858.jpg,multi_train,multi,2389,3220,0.741925,2389,2
images/18581.jpg,multi_train,multi,1260,2306,0.546401,1260,1
images/18588.jpg,multi_train,multi,1081,1763,0.613159,1081,2
images/18590.jpg,multi_train,multi,1081,1980,0.54596,1081,1
images/18595.jpg,single_train,single,730,1489,0.490262,730,5
images/18598.jpg,multi_train,multi,730,1120,0.651786,730,3
images/18599.jpg,multi_train,multi,1416,3576,0.395973,1416,2
images/18602.jpg,multi_train,multi,1079,2714,0.397568,1079,1
images/18603.jpg,multi_train,multi,1079,2714,0.397568,1079,1
images/18604.jpg,multi_train,multi,1200,2779,0.43181,1200,3
images/18605.jpg,multi_train,multi,1200,2374,0.505476,1200,2
images/18606.jpg,"multi_train,single_train","multi,single",1200,2499,0.480192,1200,14
images/18607.jpg,single_train,single,1200,2499,0.480192,1200,10
images/18608.jpg,multi_train,multi,1200,2499,0.480192,1200,1
images/1861.jpg,multi_train,multi,1548,4199,0.368659,1548,5
images/18611.jpg,multi_train,multi,1200,2570,0.466926,1200,1
images/18612.jpg,single_train,single,1200,3082,0.389358,1200,8
images/18613.jpg,multi_train,multi,1351,1984,0.680948,1351,2
images/18614.jpg,multi_train,multi,730,1335,0.546816,730,1
images/18616.jpg,multi_train,multi,730,1487,0.490921,730,2
images/18617.jpg,"multi_train,single_train","multi,single",730,1968,0.370935,730,8
images/18621.jpg,multi_train,multi,730,1230,0.593496,730,1
images/18622.jpg,single_train,single,730,1278,0.571205,730,8
images/18628.jpg,single_test,single,730,684,1.067251,684,3
images/18632.jpg,single_train,single,730,1811,0.403092,730,6
images/18634.jpg,multi_train,multi,730,1811,0.403092,730,2
images/18636.jpg,single_train,single,730,878,0.831435,730,5
images/18637.jpg,multi_train,multi,730,1790,0.407821,730,1
images/18638.jpg,multi_train,multi,730,1968,0.370935,730,2
images/18639.jpg,multi_train,multi,730,1591,0.458831,730,1
images/18640.jpg,"multi_train,single_train","multi,single",730,2109,0.346136,730,7
images/18643.jpg,single_test,single,730,849,0.859835,730,12
images/18645.jpg,multi_train,multi,730,681,1.071953,681,2
images/18646.jpg,single_train,single,730,878,0.831435,730,10
images/18649.jpg,"multi_train,single_train","multi,single",730,727,1.004127,727,9
images/1865.jpg,multi_train,multi,2004,6648,0.301444,2004,1
images/18653.jpg,multi_train,multi,730,1315,0.555133,730,4
images/18655.jpg,multi_train,multi,730,1208,0.604305,730,4
images/18656.jpg,single_train,single,730,1183,0.617075,730,4
images/18657.jpg,single_test,single,730,1188,0.614478,730,8
images/18658.jpg,multi_train,multi,730,1185,0.616034,730,2
images/1866.jpg,single_train,single,1625,3280,0.495427,1625,9
images/18664.jpg,multi_train,multi,1200,2846,0.421644,1200,5
images/18666.jpg,multi_train,multi,1200,3204,0.374532,1200,3
images/18668.jpg,multi_train,multi,1200,3418,0.351083,1200,1
images/18669.jpg,multi_train,multi,1200,3204,0.374532,1200,2
images/1867.jpg,multi_train,multi,2333,2264,1.030477,2264,4
images/18670.jpg,multi_train,multi,1200,3204,0.374532,1200,3
images/18671.jpg,multi_train,multi,1200,3203,0.374649,1200,3
images/18673.jpg,multi_train,multi,1200,2556,0.469484,1200,3
images/18675.jpg,multi_train,multi,1079,2714,0.397568,1079,1
images/18676.jpg,multi_test,multi,1200,3256,0.36855,1200,2
images/18677.jpg,multi_test,multi,1200,3073,0.390498,1200,2
images/18682.jpg,multi_train,multi,1200,2853,0.42061,1200,6
images/18684.jpg,multi_train,multi,1200,2832,0.423729,1200,6
images/18685.jpg,single_train,single,1200,2832,0.423729,1200,5
images/18686.jpg,multi_train,multi,1200,2832,0.423729,1200,6
images/18688.jpg,multi_train,multi,1200,2832,0.423729,1200,3
images/18689.jpg,multi_train,multi,1200,2832,0.423729,1200,3
images/1869.jpg,multi_train,multi,2167,4010,0.540399,2167,3
images/18690.jpg,multi_train,multi,1200,2832,0.423729,1200,3
images/18692.jpg,multi_train,multi,1200,2832,0.423729,1200,3
images/18693.jpg,"multi_train,single_train","multi,single",1200,2832,0.423729,1200,9
images/18695.jpg,multi_train,multi,1200,3966,0.302572,1200,4
images/18699.jpg,multi_train,multi,1200,3966,0.302572,1200,4
images/187.jpg,multi_train,multi,2500,1667,1.4997,1667,4
images/1870.jpg,multi_train,multi,1379,2448,0.563317,1379,2
images/18700.jpg,multi_train,multi,875,2586,0.33836,875,2
images/18703.jpg,multi_train,multi,1200,2706,0.443459,1200,2
images/18704.jpg,multi_train,multi,1200,1458,0.823045,1200,3
images/18706.jpg,multi_train,multi,1200,879,1.365188,879,3
images/18707.jpg,multi_train,multi,1200,3009,0.398804,1200,1
images/18708.jpg,multi_train,multi,1200,3116,0.385109,1200,1
images/18712.jpg,"multi_train,single_train","multi,single",1200,1458,0.823045,1200,8
images/18713.jpg,multi_train,multi,1200,1458,0.823045,1200,3
images/18714.jpg,multi_train,multi,1200,1354,0.886263,1200,3
images/18715.jpg,multi_train,multi,1200,2882,0.416378,1200,1
images/18718.jpg,multi_train,multi,1079,2052,0.525828,1079,1
images/18719.jpg,multi_train,multi,1200,2862,0.419287,1200,2
images/18721.jpg,"multi_train,single_train","multi,single",1200,1413,0.849257,1200,10
images/18722.jpg,multi_train,multi,1200,1413,0.849257,1200,3
images/18723.jpg,multi_train,multi,1200,1321,0.908403,1200,4
images/18724.jpg,multi_train,multi,1079,2501,0.431427,1079,1
images/18725.jpg,multi_train,multi,1200,2729,0.439722,1200,2
images/18728.jpg,multi_train,multi,1200,2636,0.455235,1200,2
images/18732.jpg,single_train,single,811,1690,0.479882,811,9
images/18733.jpg,multi_train,multi,813,1690,0.481065,813,5
images/18736.jpg,multi_train,multi,814,1709,0.476302,814,3
images/1874.jpg,"multi_train,single_train","multi,single",1473,1635,0.900917,1473,12
images/18740.jpg,single_train,single,811,1724,0.470418,811,11
images/18741.jpg,multi_train,multi,811,1724,0.470418,811,3
images/18743.jpg,single_train,single,811,1772,0.457675,811,11
images/1875.jpg,multi_train,multi,1254,1969,0.636872,1254,2
images/18754.jpg,multi_train,multi,811,1986,0.408359,811,8
images/18757.jpg,multi_train,multi,811,1986,0.408359,811,5
images/18759.jpg,multi_train,multi,811,1992,0.407129,811,5
images/18760.jpg,multi_train,multi,811,1992,0.407129,811,5
images/18761.jpg,multi_train,multi,811,1992,0.407129,811,5
images/18767.jpg,single_train,single,1200,2310,0.519481,1200,10
images/1877.jpg,multi_train,multi,1279,1872,0.683226,1279,5
images/18772.jpg,multi_train,multi,1200,3395,0.353461,1200,4
images/18773.jpg,multi_train,multi,1200,3441,0.348736,1200,4
images/18777.jpg,multi_train,multi,1200,3004,0.399467,1200,5
images/18778.jpg,multi_test,multi,1200,1996,0.601202,1200,3
images/18779.jpg,multi_train,multi,1200,3191,0.376058,1200,5
images/18781.jpg,multi_test,multi,1200,2973,0.403633,1200,3
images/18784.jpg,single_test,single,1200,2778,0.431965,1200,6
images/18787.jpg,multi_train,multi,1200,3191,0.376058,1200,5
images/18788.jpg,single_train,single,1200,2825,0.424779,1200,7
images/1879.jpg,multi_train,multi,1866,2270,0.822026,1866,2
images/18796.jpg,single_train,single,1200,2862,0.419287,1200,6
images/1880.jpg,multi_train,multi,2724,5010,0.543713,2724,2
images/18802.jpg,multi_train,multi,1200,1794,0.668896,1200,5
images/18803.jpg,multi_train,multi,1200,3300,0.363636,1200,1
images/18804.jpg,single_train,single,1200,2222,0.540054,1200,8
images/18806.jpg,multi_train,multi,1200,1803,0.665557,1200,5
images/1881.jpg,multi_train,multi,2500,2426,1.030503,2426,6
images/18811.jpg,multi_train,multi,1200,2736,0.438596,1200,6
images/18812.jpg,multi_train,multi,1200,3183,0.377003,1200,1
images/18813.jpg,multi_train,multi,1200,1838,0.652884,1200,2
images/18814.jpg,multi_train,multi,1200,2629,0.456447,1200,3
images/18820.jpg,multi_train,multi,1200,2575,0.466019,1200,3
images/18821.jpg,multi_train,multi,1200,2575,0.466019,1200,3
images/18822.jpg,multi_train,multi,1200,2575,0.466019,1200,3
images/18823.jpg,multi_train,multi,1200,2575,0.466019,1200,3
images/18827.jpg,"multi_train,single_train","multi,single",1200,2575,0.466019,1200,8
images/1883.jpg,multi_train,multi,1349,2170,0.621659,1349,3
images/18830.jpg,multi_train,multi,1200,1927,0.62273,1200,3
images/18831.jpg,single_train,single,1200,3628,0.330761,1200,8
images/18834.jpg,single_train,single,900,2409,0.373599,900,6
images/18835.jpg,single_train,single,1200,2163,0.554785,1200,4
images/18837.jpg,single_train,single,1200,2138,0.561272,1200,5
images/18838.jpg,multi_train,multi,1200,3789,0.316706,1200,3
images/18841.jpg,single_train,single,1200,3120,0.384615,1200,4
images/18842.jpg,multi_train,multi,1200,2234,0.537153,1200,6
images/18843.jpg,multi_train,multi,1200,1741,0.689259,1200,3
images/18847.jpg,single_train,single,1200,2684,0.447094,1200,8
images/18849.jpg,multi_train,multi,1200,3153,0.38059,1200,3
images/1885.jpg,multi_train,multi,1688,3935,0.428971,1688,4
images/18856.jpg,multi_test,multi,1200,3415,0.351391,1200,1
images/18857.jpg,multi_train,multi,1200,2334,0.514139,1200,4
images/18858.jpg,single_train,single,1200,3284,0.365408,1200,11
images/18859.jpg,multi_train,multi,1200,3218,0.372902,1200,2
images/1886.jpg,multi_train,multi,1674,2770,0.604332,1674,3
images/18860.jpg,multi_train,multi,1200,2429,0.49403,1200,3
images/18861.jpg,"multi_train,single_train","multi,single",1200,3303,0.363306,1200,8
images/18862.jpg,multi_train,multi,1200,3564,0.3367,1200,2
images/18864.jpg,multi_train,multi,1200,2527,0.474871,1200,3
images/18865.jpg,multi_train,multi,1200,3333,0.360036,1200,3
images/18866.jpg,multi_test,multi,1200,2346,0.511509,1200,6
images/18867.jpg,multi_train,multi,1200,1911,0.627943,1200,2
images/1887.jpg,multi_train,multi,3257,6190,0.526171,3257,1
images/18870.jpg,single_train,single,1200,3145,0.381558,1200,7
images/18874.jpg,multi_train,multi,1200,3413,0.351597,1200,6
images/18875.jpg,multi_train,multi,1200,2800,0.428571,1200,3
images/18877.jpg,multi_train,multi,1200,2933,0.409137,1200,3
images/18878.jpg,multi_train,multi,1200,3083,0.389231,1200,2
images/18880.jpg,multi_train,multi,1200,3146,0.381437,1200,3
images/18881.jpg,multi_train,multi,1200,3466,0.34622,1200,2
images/18882.jpg,single_test,single,1200,3146,0.381437,1200,8
images/18885.jpg,single_train,single,1200,3466,0.34622,1200,2
images/18887.jpg,multi_train,multi,1200,3733,0.321457,1200,2
images/18888.jpg,multi_train,multi,1200,3306,0.362976,1200,2
images/18889.jpg,multi_train,multi,1200,3349,0.358316,1200,3
images/1889.jpg,multi_train,multi,3176,5682,0.558958,3176,3
images/18892.jpg,multi_train,multi,1200,2413,0.497306,1200,2
images/18893.jpg,multi_train,multi,1200,2186,0.548948,1200,3
images/18894.jpg,multi_train,multi,1200,3293,0.364409,1200,2
images/18896.jpg,multi_train,multi,1200,2267,0.529334,1200,5
images/18897.jpg,multi_train,multi,1200,3226,0.371978,1200,4
images/18898.jpg,multi_train,multi,1200,3146,0.381437,1200,2
images/18899.jpg,multi_train,multi,1200,1880,0.638298,1200,2
images/1890.jpg,multi_train,multi,2250,2948,0.763229,2250,3
images/18901.jpg,"multi_train,single_train","multi,single",1200,1466,0.818554,1200,10
images/18904.jpg,multi_train,multi,1200,1466,0.818554,1200,4
images/18905.jpg,multi_train,multi,1200,1466,0.818554,1200,2
images/18906.jpg,multi_train,multi,1200,2188,0.548446,1200,2
images/18907.jpg,multi_train,multi,1200,2188,0.548446,1200,6
images/18908.jpg,multi_train,multi,1200,2188,0.548446,1200,2
images/1891.jpg,single_train,single,2167,4010,0.540399,2167,6
images/18910.jpg,multi_train,multi,1200,3186,0.376648,1200,1
images/18912.jpg,multi_train,multi,1200,2863,0.419141,1200,3
images/18913.jpg,multi_train,multi,1200,2283,0.525624,1200,3
images/18914.jpg,"multi_train,single_train","multi,single",1200,2813,0.426591,1200,10
images/18915.jpg,multi_train,multi,1200,1653,0.725953,1200,3
images/18918.jpg,multi_train,multi,1200,2082,0.576369,1200,3
images/1892.jpg,multi_train,multi,2167,3664,0.59143,2167,5
images/18921.jpg,multi_train,multi,1200,2124,0.564972,1200,2
images/18925.jpg,multi_train,multi,1200,2608,0.460123,1200,2
images/18926.jpg,single_train,single,1200,3571,0.33604,1200,8
images/18928.jpg,multi_train,multi,1200,2824,0.424929,1200,5
images/18932.jpg,multi_train,multi,1200,1991,0.602712,1200,5
images/18938.jpg,multi_train,multi,1200,3009,0.398804,1200,3
images/18940.jpg,multi_train,multi,1200,2824,0.424929,1200,5
images/18941.jpg,multi_train,multi,1200,2824,0.424929,1200,5
images/18944.jpg,multi_test,multi,1200,2941,0.408024,1200,1
images/18946.jpg,multi_test,multi,1200,2495,0.480962,1200,1
images/18948.jpg,multi_train,multi,1200,3161,0.379627,1200,3
images/18951.jpg,multi_train,multi,1200,3000,0.4,1200,8
images/18953.jpg,"multi_train,single_train","multi,single",1200,3646,0.329128,1200,16
images/18954.jpg,multi_train,multi,1200,1710,0.701754,1200,2
images/18956.jpg,single_train,single,1200,2722,0.440852,1200,7
images/18957.jpg,"multi_train,single_train","multi,single",1200,2808,0.42735,1200,7
images/1896.jpg,multi_train,multi,1277,2238,0.570599,1277,3
images/18967.jpg,multi_train,multi,1200,3147,0.381316,1200,2
images/18968.jpg,multi_train,multi,1200,2007,0.597907,1200,9
images/1897.jpg,multi_train,multi,1480,2074,0.713597,1480,2
images/18970.jpg,multi_train,multi,1200,2007,0.597907,1200,3
images/18971.jpg,multi_train,multi,1200,2007,0.597907,1200,2
images/18973.jpg,multi_train,multi,1200,3147,0.381316,1200,2
images/18974.jpg,multi_train,multi,1200,2007,0.597907,1200,4
images/18975.jpg,"multi_train,single_train","multi,single",1200,2007,0.597907,1200,15
images/18977.jpg,"multi_train,single_train","multi,single",1200,3147,0.381316,1200,16
images/18979.jpg,single_train,single,1200,2988,0.401606,1200,6
images/1898.jpg,multi_train,multi,1480,1901,0.778538,1480,1
images/18981.jpg,multi_train,multi,1200,2824,0.424929,1200,5
images/1899.jpg,multi_train,multi,2100,3418,0.614394,2100,6
images/18996.jpg,multi_train,multi,1200,2812,0.426743,1200,1
images/190.jpg,multi_train,multi,2500,2267,1.102779,2267,2
images/1900.jpg,multi_train,multi,1961,2872,0.682799,1961,10
images/19000.jpg,single_train,single,1200,2213,0.54225,1200,5
images/19002.jpg,single_train,single,1200,2740,0.437956,1200,7
images/19005.jpg,multi_train,multi,1200,2068,0.580271,1200,2
images/19006.jpg,multi_train,multi,1200,2068,0.580271,1200,3
images/19007.jpg,multi_train,multi,1200,2239,0.535954,1200,3
images/19010.jpg,single_train,single,1200,2638,0.45489,1200,8
images/19012.jpg,multi_train,multi,1200,2633,0.455754,1200,3
images/19013.jpg,multi_train,multi,1200,2353,0.509987,1200,3
images/19014.jpg,multi_train,multi,1200,1413,0.849257,1200,4
images/19019.jpg,multi_train,multi,1200,2909,0.412513,1200,3
images/19020.jpg,multi_train,multi,1200,3994,0.300451,1200,4
images/19021.jpg,multi_train,multi,1200,3118,0.384862,1200,5
images/19023.jpg,multi_train,multi,1200,1746,0.687285,1200,6
images/19026.jpg,multi_test,multi,1200,2687,0.446595,1200,4
images/19028.jpg,multi_train,multi,1200,2914,0.411805,1200,4
images/19029.jpg,multi_train,multi,1200,1902,0.630915,1200,6
images/1903.jpg,multi_train,multi,1527,2204,0.692831,1527,3
images/19030.jpg,multi_train,multi,730,1183,0.617075,730,4
images/19036.jpg,single_train,single,1071,1334,0.802849,1071,8
images/19039.jpg,single_train,single,1200,2895,0.414508,1200,7
images/1904.jpg,multi_train,multi,1527,2249,0.678968,1527,3
images/19043.jpg,multi_train,multi,1200,2737,0.438436,1200,1
images/19044.jpg,multi_train,multi,1200,2914,0.411805,1200,4
images/19045.jpg,multi_train,multi,1200,1458,0.823045,1200,3
images/19047.jpg,multi_train,multi,1200,3127,0.383754,1200,5
images/19049.jpg,multi_train,multi,730,1183,0.617075,730,2
images/19052.jpg,single_train,single,1200,3559,0.337173,1200,3
images/19053.jpg,multi_train,multi,712,1334,0.533733,712,3
images/19054.jpg,"multi_train,single_train","multi,single",1200,3114,0.385356,1200,11
images/19055.jpg,single_train,single,1200,3218,0.372902,1200,5
images/19057.jpg,single_train,single,1200,3427,0.35016,1200,5
images/19059.jpg,"multi_train,single_train","multi,single",1334,1317,1.012908,1317,9
images/1906.jpg,single_train,single,1708,2888,0.591413,1708,11
images/19062.jpg,multi_train,multi,1200,1413,0.849257,1200,3
images/19064.jpg,single_train,single,1200,2295,0.522876,1200,6
images/19065.jpg,multi_train,multi,1200,3245,0.3698,1200,3
images/19068.jpg,multi_train,multi,1200,2474,0.485044,1200,2
images/19069.jpg,multi_train,multi,1200,1902,0.630915,1200,2
images/19072.jpg,multi_train,multi,1200,1458,0.823045,1200,4
images/19073.jpg,single_train,single,667,1334,0.5,667,6
images/19077.jpg,multi_train,multi,1200,3397,0.353253,1200,4
images/19080.jpg,"multi_train,single_train","multi,single",1200,2709,0.442968,1200,11
images/19081.jpg,"multi_train,single_train","multi,single",1200,833,1.440576,833,11
images/19084.jpg,multi_train,multi,730,1188,0.614478,730,2
images/19086.jpg,multi_train,multi,1200,2068,0.580271,1200,6
images/19088.jpg,multi_train,multi,1200,3005,0.399334,1200,2
images/19089.jpg,multi_train,multi,1200,2735,0.438757,1200,1
images/1909.jpg,multi_test,multi,1665,3173,0.52474,1665,1
images/19091.jpg,multi_train,multi,1200,2262,0.530504,1200,5
images/19092.jpg,multi_test,multi,1200,3158,0.379987,1200,4
images/19094.jpg,multi_train,multi,1270,1404,0.904558,1270,3
images/19098.jpg,multi_test,multi,626,1063,0.588899,626,4
images/19099.jpg,multi_test,multi,1243,2072,0.599903,1243,4
images/191.jpg,single_train,single,2500,6042,0.41377,2500,12
images/19102.jpg,multi_test,multi,626,1066,0.587242,626,4
images/19105.jpg,multi_train,multi,622,1067,0.582943,622,2
images/19106.jpg,multi_train,multi,629,1036,0.607143,629,5
images/19107.jpg,multi_train,multi,627,1036,0.605212,627,5
images/19115.jpg,single_train,single,3253,5441,0.597868,3253,8
images/19116.jpg,single_train,single,1506,2852,0.52805,1506,6
images/19130.jpg,multi_train,multi,3499,3443,1.016265,3443,1
images/19132.jpg,multi_train,multi,1329,1268,1.048107,1268,1
images/19138.jpg,single_test,single,2919,1981,1.473498,1981,7
images/19141.jpg,multi_train,multi,1275,745,1.711409,745,1
images/19146.jpg,multi_train,multi,2133,2809,0.759345,2133,5
images/19148.jpg,multi_train,multi,2133,2809,0.759345,2133,5
images/1915.jpg,multi_train,multi,1401,2470,0.567206,1401,3
images/19152.jpg,single_test,single,913,1313,0.695354,913,3
images/19153.jpg,single_train,single,2133,2998,0.711474,2133,12
images/19154.jpg,"multi_train,single_train","multi,single",958,1202,0.797005,958,6
images/19156.jpg,multi_train,multi,992,1238,0.801292,992,3
images/19158.jpg,multi_train,multi,992,1525,0.650492,992,4
images/19163.jpg,multi_train,multi,1958,4555,0.429857,1958,3
images/19166.jpg,multi_train,multi,1270,1261,1.007137,1261,3
images/19169.jpg,multi_train,multi,1329,1389,0.956803,1329,6
images/19170.jpg,multi_train,multi,958,1013,0.945706,958,6
images/19173.jpg,multi_train,multi,1270,1409,0.901348,1270,3
images/19174.jpg,multi_test,multi,1200,3445,0.348331,1200,6
images/19175.jpg,multi_train,multi,1200,1458,0.823045,1200,10
images/19176.jpg,multi_train,multi,1200,3902,0.307535,1200,3
images/1918.jpg,multi_train,multi,1103,2220,0.496847,1103,8
images/19181.jpg,multi_train,multi,1319,1713,0.769994,1319,2
images/19182.jpg,multi_train,multi,1200,2049,0.585652,1200,3
images/19184.jpg,multi_train,multi,1200,2705,0.443623,1200,4
images/19188.jpg,multi_train,multi,1707,2397,0.71214,1707,3
images/19194.jpg,multi_train,multi,2133,2997,0.711712,2133,3
images/19195.jpg,multi_test,multi,1200,3280,0.365854,1200,5
images/19196.jpg,"multi_train,single_train","multi,single",1200,2568,0.46729,1200,7
images/19198.jpg,multi_train,multi,1200,1413,0.849257,1200,4
images/19199.jpg,multi_train,multi,1200,3280,0.365854,1200,5
images/192.jpg,multi_train,multi,2500,3542,0.705816,2500,3
images/1920.jpg,multi_train,multi,1708,2695,0.633766,1708,2
images/19200.jpg,multi_train,multi,1200,1767,0.679117,1200,2
images/19203.jpg,multi_train,multi,1342,1144,1.173077,1144,2
images/19204.jpg,multi_train,multi,1342,1678,0.799762,1342,2
images/19205.jpg,multi_train,multi,1342,1646,0.81531,1342,2
images/19207.jpg,multi_train,multi,1200,2232,0.537634,1200,4
images/19209.jpg,multi_train,multi,1200,2372,0.505902,1200,4
images/1921.jpg,multi_train,multi,1959,1653,1.185118,1653,1
images/19210.jpg,multi_train,multi,622,1065,0.584038,622,6
images/19211.jpg,multi_train,multi,619,1065,0.581221,619,4
images/19213.jpg,multi_train,multi,625,1037,0.6027,625,6
images/19214.jpg,single_train,single,1726,1735,0.994813,1726,5
images/19217.jpg,single_train,single,628,1411,0.445074,628,8
images/19219.jpg,multi_train,multi,1342,1144,1.173077,1144,2
images/1922.jpg,multi_train,multi,2550,2469,1.032807,2469,2
images/19222.jpg,multi_train,multi,1200,2896,0.414365,1200,2
images/19223.jpg,multi_test,multi,1200,3133,0.383019,1200,1
images/19227.jpg,"multi_train,single_train","multi,single",1200,2884,0.416089,1200,10
images/19228.jpg,multi_train,multi,1200,3433,0.349548,1200,5
images/19230.jpg,single_train,single,1200,2068,0.580271,1200,8
images/19231.jpg,multi_train,multi,1200,2126,0.56444,1200,5
images/19238.jpg,"multi_train,single_train","multi,single",1200,1413,0.849257,1200,14
images/19239.jpg,multi_train,multi,1200,2635,0.455408,1200,2
images/19240.jpg,multi_train,multi,1200,1860,0.645161,1200,5
images/19242.jpg,multi_train,multi,1200,3725,0.322148,1200,3
images/19245.jpg,multi_train,multi,1200,2154,0.557103,1200,4
images/19247.jpg,multi_train,multi,1200,2244,0.534759,1200,3
images/19249.jpg,multi_train,multi,1200,2633,0.455754,1200,3
images/19250.jpg,multi_train,multi,2790,2912,0.958104,2790,4
images/19251.jpg,multi_train,multi,2754,2912,0.945742,2754,2
images/19252.jpg,multi_train,multi,2743,2912,0.941964,2743,3
images/19253.jpg,multi_train,multi,2724,2935,0.928109,2724,3
images/19254.jpg,multi_train,multi,2692,2935,0.917206,2692,7
images/19255.jpg,multi_train,multi,2706,2934,0.92229,2706,2
images/19257.jpg,multi_train,multi,1694,1819,0.931281,1694,3
images/19258.jpg,multi_train,multi,1200,2180,0.550459,1200,3
images/19259.jpg,multi_train,multi,1200,2508,0.478469,1200,3
images/1926.jpg,single_train,single,2592,2000,1.296,2000,6
images/19260.jpg,multi_train,multi,1200,3725,0.322148,1200,3
images/19262.jpg,multi_train,multi,730,1922,0.379813,730,2
images/19264.jpg,multi_train,multi,2500,4450,0.561798,2500,4
images/19265.jpg,multi_train,multi,2519,2874,0.876479,2519,2
images/19266.jpg,multi_train,multi,958,1568,0.610969,958,2
images/19274.jpg,"multi_train,single_train","multi,single",1442,2108,0.684061,1442,8
images/19276.jpg,single_train,single,1200,3481,0.344729,1200,6
images/19278.jpg,multi_train,multi,1200,3597,0.333611,1200,5
images/19281.jpg,multi_train,multi,1200,1794,0.668896,1200,5
images/19284.jpg,multi_train,multi,1200,1888,0.635593,1200,4
images/19286.jpg,multi_train,multi,1200,3696,0.324675,1200,2
images/19287.jpg,multi_train,multi,1200,2527,0.474871,1200,3
images/19288.jpg,multi_train,multi,1200,2922,0.410678,1200,3
images/19289.jpg,multi_train,multi,1200,3146,0.381437,1200,4
images/1929.jpg,multi_train,multi,1279,1570,0.81465,1279,2
images/19290.jpg,multi_train,multi,1200,2761,0.434625,1200,2
images/19291.jpg,multi_train,multi,1200,3394,0.353565,1200,1
images/19295.jpg,multi_train,multi,1200,2182,0.549954,1200,6
images/19298.jpg,multi_train,multi,1200,2283,0.525624,1200,5
images/19299.jpg,multi_train,multi,1200,2019,0.594354,1200,3
images/193.jpg,multi_train,multi,2500,3875,0.645161,2500,1
images/19300.jpg,"multi_train,single_train","multi,single",1200,2268,0.529101,1200,12
images/19301.jpg,"multi_train,single_train","multi,single",1200,2080,0.576923,1200,10
images/19302.jpg,single_train,single,1200,2283,0.525624,1200,10
images/19304.jpg,multi_train,multi,1200,2680,0.447761,1200,6
images/19307.jpg,multi_train,multi,1200,2798,0.428878,1200,5
images/19308.jpg,multi_train,multi,1200,2185,0.549199,1200,3
images/19309.jpg,multi_train,multi,1200,2188,0.548446,1200,2
images/1931.jpg,multi_test,multi,2500,3617,0.691181,2500,5
images/19315.jpg,multi_train,multi,635,1091,0.582035,635,3
images/19321.jpg,multi_train,multi,2000,2820,0.70922,2000,2
images/19322.jpg,single_train,single,1200,1547,0.775695,1200,5
images/19324.jpg,multi_train,multi,899,1348,0.666914,899,3
images/19325.jpg,multi_train,multi,2000,1919,1.042209,1919,3
images/19331.jpg,multi_train,multi,1056,2305,0.458134,1056,4
images/19332.jpg,"multi_train,single_train","multi,single",958,1573,0.609027,958,10
images/19334.jpg,multi_train,multi,1688,2076,0.813102,1688,3
images/19335.jpg,single_train,single,1562,1958,0.797753,1562,7
images/19338.jpg,multi_train,multi,2519,2999,0.839947,2519,2
images/19339.jpg,multi_train,multi,2519,2874,0.876479,2519,2
images/19341.jpg,multi_train,multi,2519,2874,0.876479,2519,2
images/19344.jpg,multi_train,multi,1312,1661,0.789886,1312,1
images/19345.jpg,"multi_train,single_train","multi,single",1146,1088,1.053309,1088,10
images/19347.jpg,"multi_train,single_train","multi,single",1146,1088,1.053309,1088,9
images/19348.jpg,multi_train,multi,1146,1088,1.053309,1088,2
images/19349.jpg,"multi_train,single_train","multi,single",1146,1088,1.053309,1088,6
images/1935.jpg,multi_train,multi,1708,3351,0.509699,1708,7
images/19352.jpg,multi_test,multi,1589,2328,0.68256,1589,5
images/19353.jpg,multi_test,multi,1635,2556,0.639671,1635,3
images/19355.jpg,single_train,single,996,898,1.109131,898,9
images/19356.jpg,multi_train,multi,1200,2253,0.532623,1200,5
images/19357.jpg,multi_train,multi,1200,3050,0.393443,1200,6
images/1936.jpg,"multi_train,single_train","multi,single",1349,2341,0.576249,1349,6
images/19360.jpg,"multi_train,single_train","multi,single",1200,3045,0.394089,1200,14
images/19362.jpg,multi_test,multi,1608,2275,0.706813,1608,13
images/19364.jpg,multi_test,multi,1603,2337,0.685922,1603,8
images/19365.jpg,multi_test,multi,1592,2218,0.717764,1592,5
images/1937.jpg,multi_test,multi,1379,2607,0.52896,1379,6
images/19370.jpg,multi_test,multi,1622,2531,0.640853,1622,5
images/19371.jpg,single_train,single,961,1051,0.914367,961,12
images/19372.jpg,single_train,single,2000,1915,1.044386,1915,9
images/19375.jpg,multi_train,multi,1146,1092,1.049451,1092,3
images/19376.jpg,multi_train,multi,1146,1092,1.049451,1092,2
images/19378.jpg,multi_train,multi,1146,1012,1.132411,1012,2
images/1938.jpg,single_train,single,2329,2950,0.789492,2329,10
images/19380.jpg,"multi_train,single_train","multi,single",1146,1092,1.049451,1092,7
images/19382.jpg,multi_train,multi,1146,1012,1.132411,1012,3
images/19387.jpg,single_train,single,2696,2808,0.960114,2696,9
images/19389.jpg,multi_train,multi,1365,2772,0.492424,1365,4
images/1939.jpg,multi_test,multi,2250,5150,0.436893,2250,4
images/19398.jpg,multi_train,multi,2519,3015,0.835489,2519,2
images/19403.jpg,single_train,single,1065,3139,0.33928,1065,1
images/19411.jpg,multi_train,multi,2500,2292,1.09075,2292,2
images/19422.jpg,single_train,single,2500,4026,0.620964,2500,5
images/19423.jpg,multi_train,multi,2500,1957,1.277466,1957,2
images/19428.jpg,multi_train,multi,2500,7198,0.347319,2500,1
images/19429.jpg,single_train,single,2250,2906,0.77426,2250,1
images/1943.jpg,single_test,single,2235,3413,0.654849,2235,7
images/19434.jpg,multi_train,multi,1200,1467,0.817996,1200,1
images/19435.jpg,multi_train,multi,1200,2019,0.594354,1200,1
images/19436.jpg,multi_train,multi,2500,3054,0.818599,2500,1
images/19437.jpg,single_train,single,2500,3588,0.696767,2500,9
images/19439.jpg,multi_train,multi,2500,2220,1.126126,2220,4
images/19443.jpg,multi_train,multi,2250,2696,0.83457,2250,2
images/19444.jpg,single_train,single,2250,3437,0.654641,2250,9
images/19446.jpg,multi_train,multi,2500,3163,0.790389,2500,2
images/19447.jpg,multi_train,multi,2500,3831,0.652571,2500,5
images/19449.jpg,multi_train,multi,2500,3831,0.652571,2500,2
images/19450.jpg,multi_test,multi,2500,2636,0.948407,2500,7
images/19453.jpg,"multi_train,single_train","multi,single",2500,2500,1.0,2500,15
images/19455.jpg,single_train,single,2250,2250,1.0,2250,8
images/19456.jpg,multi_train,multi,1716,3416,0.502342,1716,1
images/19457.jpg,multi_train,multi,2500,3722,0.671682,2500,2
images/19469.jpg,single_train,single,1164,1411,0.824947,1164,6
images/1947.jpg,multi_test,multi,1665,3057,0.544652,1665,1
images/19472.jpg,multi_train,multi,2500,4424,0.565099,2500,1
images/19475.jpg,multi_test,multi,2500,2062,1.212415,2062,10
images/19476.jpg,multi_train,multi,2500,3612,0.692137,2500,5
images/19477.jpg,"multi_train,single_train","multi,single",1716,2363,0.726196,1716,17
images/19482.jpg,"multi_train,single_train","multi,single",2500,4051,0.617132,2500,9
images/19483.jpg,single_train,single,2250,3323,0.677099,2250,8
images/19484.jpg,multi_train,multi,2500,3663,0.682501,2500,7
images/19487.jpg,single_train,single,1393,3628,0.383958,1393,5
images/19488.jpg,multi_train,multi,2500,3759,0.66507,2500,1
images/19489.jpg,single_train,single,2153,3564,0.604097,2153,9
images/1949.jpg,multi_train,multi,1703,4123,0.413049,1703,5
images/19497.jpg,multi_train,multi,1569,3789,0.414093,1569,1
images/19499.jpg,"multi_test,single_test","multi,single",2500,2950,0.847458,2500,4
images/19500.jpg,multi_train,multi,2500,5387,0.46408,2500,3
images/19509.jpg,"multi_train,single_train","multi,single",2500,3015,0.829187,2500,11
images/19510.jpg,multi_train,multi,2500,4319,0.578838,2500,5
images/19513.jpg,multi_train,multi,3174,6788,0.46759,3174,5
images/19517.jpg,multi_test,multi,1200,2340,0.512821,1200,4
images/19518.jpg,"multi_train,single_train","multi,single",1138,2794,0.407301,1138,7
images/1952.jpg,multi_train,multi,1500,2776,0.540346,1500,3
images/19521.jpg,multi_train,multi,2798,2950,0.948475,2798,4
images/19522.jpg,multi_train,multi,2453,5117,0.479382,2453,3
images/19525.jpg,multi_train,multi,2171,2975,0.729748,2171,2
images/19526.jpg,multi_train,multi,1714,4248,0.403484,1714,4
images/19527.jpg,multi_test,multi,1281,2308,0.555026,1281,2
images/19529.jpg,multi_test,multi,2229,4553,0.489567,2229,6
images/19531.jpg,multi_train,multi,1099,2978,0.36904,1099,4
images/19533.jpg,multi_train,multi,2129,4323,0.492482,2129,4
images/19536.jpg,multi_train,multi,3357,5371,0.625023,3357,5
images/19541.jpg,multi_train,multi,2401,7015,0.342267,2401,4
images/19544.jpg,single_train,single,1333,1787,0.745943,1333,8
images/19545.jpg,single_train,single,1666,2464,0.676136,1666,7
images/19546.jpg,single_train,single,1053,1696,0.620873,1053,13
images/19549.jpg,multi_train,multi,1423,2030,0.700985,1423,2
images/19550.jpg,multi_train,multi,2500,4342,0.575772,2500,2
images/19553.jpg,single_train,single,2500,3335,0.749625,2500,3
images/19554.jpg,multi_test,multi,2500,2539,0.98464,2500,3
images/19555.jpg,multi_train,multi,1682,1644,1.023114,1644,1
images/19556.jpg,"multi_test,single_test","multi,single",2500,4486,0.557289,2500,9
images/19558.jpg,multi_test,multi,2500,4522,0.552853,2500,1
images/1956.jpg,multi_train,multi,992,1354,0.732644,992,3
images/19562.jpg,single_train,single,1275,1207,1.056338,1207,8
images/19563.jpg,multi_train,multi,1029,1489,0.691068,1029,7
images/19566.jpg,single_train,single,933,1706,0.546893,933,5
images/19571.jpg,multi_train,multi,2639,3606,0.731836,2639,5
images/19572.jpg,multi_train,multi,2000,3652,0.547645,2000,1
images/19573.jpg,single_train,single,2000,3625,0.551724,2000,6
images/19574.jpg,"multi_test,single_test","multi,single",2000,3019,0.662471,2000,9
images/19575.jpg,multi_train,multi,2000,4952,0.403877,2000,5
images/19577.jpg,multi_train,multi,1854,2948,0.628901,1854,2
images/19578.jpg,"multi_train,single_train","multi,single",2000,3137,0.637552,2000,14
images/19579.jpg,multi_train,multi,2000,3952,0.506073,2000,3
images/19580.jpg,multi_train,multi,2000,3419,0.584966,2000,2
images/19582.jpg,single_train,single,1343,1143,1.174978,1143,7
images/19585.jpg,multi_train,multi,1854,3066,0.604697,1854,7
images/19586.jpg,multi_train,multi,2000,3836,0.521376,2000,4
images/19587.jpg,multi_train,multi,2000,4872,0.410509,2000,4
images/19588.jpg,multi_train,multi,2500,2733,0.914746,2500,8
images/19589.jpg,multi_test,multi,2000,2187,0.914495,2000,5
images/19591.jpg,multi_test,multi,2500,2733,0.914746,2500,5
images/19592.jpg,multi_train,multi,2000,2187,0.914495,2000,3
images/19593.jpg,multi_test,multi,2000,2187,0.914495,2000,5
images/19594.jpg,single_train,single,2000,2790,0.716846,2000,9
images/19595.jpg,multi_train,multi,2000,3747,0.53376,2000,2
images/196.jpg,multi_train,multi,2500,6442,0.388078,2500,2
images/1960.jpg,multi_train,multi,3146,7204,0.436702,3146,1
images/19606.jpg,multi_train,multi,1302,2983,0.436473,1302,9
images/19607.jpg,single_train,single,1006,1405,0.716014,1006,4
images/19608.jpg,"multi_train,single_train","multi,single",1365,2625,0.52,1365,7
images/19610.jpg,multi_train,multi,1923,3015,0.637811,1923,3
images/19611.jpg,multi_train,multi,2250,5546,0.405698,2250,2
images/1962.jpg,single_train,single,1750,2916,0.600137,1750,7
images/19625.jpg,"multi_train,single_train","multi,single",2333,4066,0.573783,2333,6
images/1963.jpg,multi_train,multi,1382,2247,0.615042,1382,4
images/19631.jpg,single_train,single,2313,2898,0.798137,2313,5
images/19633.jpg,multi_train,multi,1879,2883,0.651752,1879,3
images/19634.jpg,multi_train,multi,1906,4523,0.421402,1906,3
images/19635.jpg,multi_train,multi,2465,3605,0.683773,2465,2
images/19636.jpg,multi_train,multi,2088,5031,0.415027,2088,3
images/19638.jpg,multi_train,multi,1783,3557,0.501265,1783,2
images/19640.jpg,"multi_train,single_train","multi,single",1121,2477,0.452564,1121,11
images/19642.jpg,"multi_train,single_train","multi,single",1377,1845,0.746341,1377,6
images/19643.jpg,multi_train,multi,2674,2672,1.000749,2672,2
images/19644.jpg,single_train,single,1999,4544,0.439921,1999,8
images/19645.jpg,multi_train,multi,2113,4797,0.440484,2113,2
images/19647.jpg,multi_train,multi,1881,4959,0.37931,1881,3
images/19649.jpg,multi_train,multi,1080,3372,0.320285,1080,7
images/1965.jpg,multi_train,multi,1103,1577,0.699429,1103,3
images/19650.jpg,multi_train,multi,1302,2578,0.505043,1302,2
images/19651.jpg,multi_test,multi,2250,3622,0.621204,2250,2
images/19654.jpg,multi_train,multi,2250,4405,0.510783,2250,1
images/19655.jpg,multi_test,multi,2250,3696,0.608766,2250,3
images/19656.jpg,multi_test,multi,992,2512,0.394904,992,3
images/19657.jpg,single_train,single,992,2235,0.443848,992,9
images/19658.jpg,multi_train,multi,2250,3350,0.671642,2250,5
images/19659.jpg,"multi_train,single_train","multi,single",1240,2245,0.552339,1240,11
images/19660.jpg,multi_train,multi,2250,3401,0.66157,2250,2
images/19662.jpg,multi_train,multi,1800,4218,0.426743,1800,4
images/19663.jpg,multi_test,multi,2250,3622,0.621204,2250,2
images/19664.jpg,multi_train,multi,1950,4523,0.43113,1950,5
images/19666.jpg,multi_train,multi,1875,2821,0.664658,1875,6
images/19671.jpg,multi_train,multi,1688,3190,0.529154,1688,2
images/19672.jpg,multi_train,multi,1750,3174,0.551355,1750,2
images/19673.jpg,single_train,single,1393,1247,1.117081,1247,6
images/19674.jpg,multi_train,multi,1875,2653,0.706747,1875,6
images/19675.jpg,multi_train,multi,730,1782,0.409652,730,11
images/19676.jpg,multi_train,multi,1875,2388,0.785176,1875,4
images/19678.jpg,multi_train,multi,1875,2579,0.727026,1875,2
images/19679.jpg,multi_train,multi,1875,4560,0.411184,1875,2
images/1968.jpg,multi_train,multi,1961,2979,0.658275,1961,6
images/19682.jpg,"multi_train,single_train","multi,single",1750,3594,0.486923,1750,16
images/19683.jpg,multi_train,multi,2250,5185,0.433944,2250,4
images/19684.jpg,multi_train,multi,2250,4083,0.551065,2250,2
images/1969.jpg,single_train,single,2235,4748,0.470725,2235,9
images/19691.jpg,multi_train,multi,1875,2541,0.737898,1875,4
images/19697.jpg,multi_train,multi,1750,4745,0.368809,1750,8
images/19699.jpg,multi_train,multi,1625,3483,0.466552,1625,3
images/1970.jpg,multi_train,multi,2663,5766,0.461845,2663,2
images/19700.jpg,multi_train,multi,1625,3100,0.524194,1625,3
images/19707.jpg,single_train,single,1375,2990,0.459866,1375,10
images/1971.jpg,multi_train,multi,2510,4632,0.541883,2510,5
images/19715.jpg,multi_train,multi,833,972,0.856996,833,4
images/19718.jpg,multi_train,multi,1241,1532,0.810052,1241,3
images/1972.jpg,"multi_train,single_train","multi,single",992,1243,0.798069,992,10
images/19722.jpg,multi_test,multi,1610,2392,0.673077,1610,2
images/19723.jpg,multi_train,multi,1240,2317,0.535175,1240,1
images/19725.jpg,multi_train,multi,2500,5217,0.479203,2500,2
images/19726.jpg,single_train,single,1240,3338,0.37148,1240,3
images/19729.jpg,multi_train,multi,1975,3947,0.50038,1975,4
images/19730.jpg,single_train,single,1975,5023,0.393191,1975,5
images/19731.jpg,multi_train,multi,1254,2988,0.419679,1254,4
images/19732.jpg,"multi_train,single_train","multi,single",1975,3659,0.539765,1975,8
images/19733.jpg,multi_train,multi,3582,7447,0.480999,3582,6
images/19735.jpg,multi_train,multi,1295,3040,0.425987,1295,4
images/19736.jpg,multi_train,multi,1896,5491,0.345292,1896,5
images/19737.jpg,multi_train,multi,2100,3632,0.578194,2100,1
images/19738.jpg,multi_train,multi,1926,3816,0.504717,1926,1
images/19739.jpg,multi_train,multi,1500,3070,0.488599,1500,2
images/1974.jpg,multi_train,multi,3146,4531,0.694328,3146,2
images/19740.jpg,multi_train,multi,1875,3591,0.522139,1875,4
images/19741.jpg,multi_train,multi,1875,3741,0.501203,1875,4
images/19742.jpg,multi_train,multi,730,1645,0.443769,730,5
images/19743.jpg,multi_train,multi,730,1839,0.396955,730,5
images/19744.jpg,multi_train,multi,730,1660,0.439759,730,5
images/19745.jpg,multi_train,multi,730,1235,0.591093,730,2
images/19747.jpg,multi_train,multi,730,1235,0.591093,730,2
images/19748.jpg,multi_train,multi,730,1039,0.702599,730,9
images/19749.jpg,single_train,single,730,1170,0.623932,730,7
images/1975.jpg,multi_train,multi,2250,4884,0.460688,2250,3
images/19750.jpg,multi_train,multi,730,1125,0.648889,730,3
images/19751.jpg,single_train,single,730,1797,0.406233,730,12
images/19752.jpg,multi_train,multi,730,2368,0.308277,730,1
images/19753.jpg,multi_train,multi,730,1879,0.388505,730,5
images/19755.jpg,multi_train,multi,730,1613,0.452573,730,2
images/19756.jpg,multi_train,multi,730,1448,0.504144,730,5
images/1976.jpg,single_train,single,992,1381,0.71832,992,7
images/19760.jpg,multi_train,multi,1200,2827,0.424478,1200,2
images/19765.jpg,"multi_train,single_train","multi,single",730,1782,0.409652,730,16
images/19766.jpg,single_test,single,730,1159,0.629853,730,6
images/19768.jpg,single_train,single,730,1370,0.532847,730,6
images/19775.jpg,multi_train,multi,1200,2170,0.552995,1200,2
images/19776.jpg,multi_train,multi,1200,3299,0.363747,1200,6
images/19777.jpg,"multi_train,single_train","multi,single",1200,1851,0.648298,1200,9
images/19780.jpg,multi_train,multi,1200,2341,0.512601,1200,1
images/19781.jpg,multi_train,multi,1200,2459,0.488003,1200,4
images/19782.jpg,multi_train,multi,1200,2030,0.591133,1200,3
images/19784.jpg,multi_train,multi,1240,2030,0.610837,1240,1
images/19787.jpg,single_train,single,730,1082,0.674677,730,1
images/19788.jpg,single_test,single,730,868,0.841014,730,7
images/1979.jpg,multi_train,multi,2108,3603,0.585068,2108,5
images/19790.jpg,multi_train,multi,730,1464,0.498634,730,7
images/19793.jpg,multi_train,multi,730,2001,0.364818,730,7
images/19794.jpg,multi_train,multi,730,1122,0.650624,730,2
images/19795.jpg,multi_train,multi,730,1285,0.568093,730,5
images/19801.jpg,multi_train,multi,730,1150,0.634783,730,3
images/19802.jpg,multi_train,multi,730,1602,0.45568,730,8
images/19803.jpg,multi_train,multi,730,1669,0.437388,730,3
images/19805.jpg,multi_train,multi,730,1402,0.520685,730,8
images/19808.jpg,multi_train,multi,730,1162,0.628227,730,3
images/19809.jpg,multi_train,multi,730,980,0.744898,730,3
images/1981.jpg,multi_train,multi,2100,1606,1.307597,1606,3
images/19812.jpg,multi_train,multi,730,1178,0.619694,730,5
images/19813.jpg,multi_train,multi,730,1480,0.493243,730,10
images/19814.jpg,multi_train,multi,730,1396,0.522923,730,5
images/19815.jpg,multi_train,multi,730,1163,0.627687,730,1
images/19819.jpg,multi_test,multi,730,1308,0.558104,730,2
images/1982.jpg,multi_train,multi,992,2426,0.408904,992,1
images/19821.jpg,multi_train,multi,730,1423,0.513001,730,4
images/19827.jpg,multi_train,multi,730,1265,0.577075,730,3
images/19831.jpg,single_train,single,730,1231,0.593014,730,5
images/19832.jpg,multi_train,multi,730,979,0.745659,730,3
images/19836.jpg,single_train,single,730,1297,0.562837,730,7
images/19839.jpg,multi_train,multi,1200,2049,0.585652,1200,2
images/19841.jpg,"multi_train,single_train","multi,single",1200,2188,0.548446,1200,6
images/19842.jpg,multi_train,multi,1200,2144,0.559701,1200,3
images/19843.jpg,multi_train,multi,1200,2851,0.420905,1200,2
images/19844.jpg,"multi_train,single_train","multi,single",1200,2625,0.457143,1200,13
images/19845.jpg,multi_train,multi,1200,2826,0.424628,1200,3
images/19846.jpg,multi_train,multi,1200,3025,0.396694,1200,3
images/19849.jpg,multi_train,multi,1200,2406,0.498753,1200,2
images/19850.jpg,multi_train,multi,1200,3280,0.365854,1200,8
images/19853.jpg,multi_train,multi,1200,2365,0.5074,1200,2
images/19854.jpg,multi_train,multi,1200,1937,0.619515,1200,4
images/19855.jpg,single_train,single,1200,2290,0.524017,1200,9
images/19860.jpg,multi_train,multi,1200,2133,0.562588,1200,4
images/19861.jpg,multi_train,multi,1200,2993,0.400936,1200,3
images/19863.jpg,multi_train,multi,1200,3480,0.344828,1200,9
images/19869.jpg,multi_train,multi,1200,2304,0.520833,1200,3
images/19874.jpg,multi_test,multi,1200,3178,0.377596,1200,4
images/19875.jpg,multi_train,multi,1200,2297,0.522421,1200,3
images/19878.jpg,multi_train,multi,1200,2716,0.441826,1200,2
images/19879.jpg,"multi_train,single_train","multi,single",1200,2177,0.551217,1200,13
images/19881.jpg,multi_train,multi,1200,2571,0.466744,1200,5
images/19882.jpg,multi_train,multi,1200,2574,0.4662,1200,4
images/19884.jpg,"multi_train,single_train","multi,single",1200,1741,0.689259,1200,11
images/19885.jpg,multi_train,multi,1200,2667,0.449944,1200,2
images/19887.jpg,single_test,single,1200,3806,0.315292,1200,5
images/19889.jpg,single_train,single,1200,2143,0.559963,1200,8
images/1989.jpg,single_train,single,1292,1129,1.144376,1129,6
images/19893.jpg,multi_train,multi,1200,3062,0.391901,1200,7
images/19894.jpg,multi_train,multi,1200,2454,0.488998,1200,10
images/19895.jpg,multi_train,multi,1200,2870,0.418118,1200,3
images/19896.jpg,"multi_train,single_train","multi,single",1200,3789,0.316706,1200,6
images/19897.jpg,multi_train,multi,1200,2165,0.554273,1200,1
images/19898.jpg,multi_train,multi,1200,1934,0.620476,1200,6
images/19899.jpg,multi_train,multi,1200,2404,0.499168,1200,6
images/19900.jpg,multi_train,multi,1200,2781,0.431499,1200,5
images/19908.jpg,multi_train,multi,1200,3800,0.315789,1200,7
images/19910.jpg,multi_train,multi,1200,2251,0.533096,1200,6
images/19912.jpg,multi_train,multi,1200,3882,0.309119,1200,3
images/19913.jpg,multi_train,multi,1200,3395,0.353461,1200,3
images/19915.jpg,multi_test,multi,1200,3763,0.318894,1200,1
images/19916.jpg,multi_train,multi,1200,3769,0.318387,1200,2
images/19917.jpg,multi_train,multi,1200,3127,0.383754,1200,4
images/19919.jpg,multi_train,multi,1200,3249,0.369344,1200,5
images/1992.jpg,multi_train,multi,1785,4210,0.42399,1785,1
images/19920.jpg,multi_train,multi,1200,2686,0.446761,1200,6
images/19921.jpg,multi_train,multi,1200,3587,0.334541,1200,4
images/19924.jpg,multi_train,multi,1200,2664,0.45045,1200,5
images/19925.jpg,multi_train,multi,1200,3843,0.312256,1200,5
images/19926.jpg,multi_train,multi,1200,2420,0.495868,1200,2
images/19927.jpg,multi_train,multi,1200,3322,0.361228,1200,3
images/19929.jpg,single_train,single,1200,2897,0.414222,1200,5
images/19931.jpg,multi_train,multi,1200,2940,0.408163,1200,5
images/19935.jpg,multi_test,multi,1200,3315,0.361991,1200,4
images/19938.jpg,multi_train,multi,1200,3635,0.330124,1200,3
images/1994.jpg,multi_train,multi,1896,5280,0.359091,1896,1
images/19941.jpg,"multi_train,single_train","multi,single",1200,3635,0.330124,1200,13
images/19943.jpg,multi_train,multi,1200,2822,0.42523,1200,4
images/19944.jpg,multi_train,multi,1200,2448,0.490196,1200,5
images/1995.jpg,multi_train,multi,1003,1694,0.59209,1003,8
images/19951.jpg,multi_train,multi,1200,2101,0.571157,1200,7
images/19952.jpg,multi_train,multi,1200,1734,0.692042,1200,3
images/19953.jpg,multi_train,multi,1200,3070,0.390879,1200,6
images/19955.jpg,multi_train,multi,1200,2473,0.485241,1200,2
images/19957.jpg,single_train,single,1200,2928,0.409836,1200,3
images/19960.jpg,multi_train,multi,1200,1610,0.745342,1200,3
images/19962.jpg,"multi_train,single_train","multi,single",1200,2874,0.417537,1200,16
images/19964.jpg,multi_test,multi,1200,2340,0.512821,1200,4
images/19965.jpg,multi_train,multi,1200,2927,0.409976,1200,5
images/19966.jpg,single_train,single,1200,2051,0.58508,1200,8
images/19968.jpg,multi_train,multi,1200,3615,0.33195,1200,6
images/19969.jpg,"multi_train,single_train","multi,single",1200,3533,0.339655,1200,13
images/19970.jpg,multi_train,multi,1200,2876,0.417246,1200,2
images/19973.jpg,multi_train,multi,1200,1319,0.90978,1200,2
images/19974.jpg,multi_train,multi,1200,3779,0.317544,1200,3
images/19975.jpg,multi_train,multi,1200,2257,0.531679,1200,3
images/19976.jpg,single_train,single,1200,1172,1.023891,1172,6
images/19977.jpg,multi_train,multi,1200,3415,0.351391,1200,3
images/19978.jpg,multi_train,multi,1200,2069,0.57999,1200,7
images/1998.jpg,multi_train,multi,1103,1957,0.563618,1103,2
images/19981.jpg,multi_train,multi,1200,2836,0.423131,1200,3
images/19982.jpg,multi_train,multi,1200,3021,0.397219,1200,13
images/19985.jpg,multi_test,multi,1200,1784,0.672646,1200,2
images/19987.jpg,multi_train,multi,1200,2547,0.471143,1200,4
images/19988.jpg,multi_train,multi,1200,2400,0.5,1200,2
images/19990.jpg,multi_train,multi,1200,2518,0.476569,1200,4
images/19991.jpg,multi_test,multi,1200,2731,0.439399,1200,2
images/19992.jpg,single_train,single,1200,2580,0.465116,1200,4
images/19995.jpg,multi_train,multi,1200,2514,0.477327,1200,4
images/19996.jpg,single_train,single,1200,3154,0.380469,1200,8
images/19997.jpg,multi_train,multi,1200,3804,0.315457,1200,4
images/19998.jpg,multi_train,multi,1200,1937,0.619515,1200,4
images/2.jpg,multi_train,multi,2013,2533,0.79471,2013,1
images/20.jpg,multi_train,multi,1006,740,1.359459,740,7
images/200.jpg,multi_train,multi,2500,6304,0.396574,2500,2
images/20000.jpg,multi_train,multi,1200,2502,0.479616,1200,4
images/20002.jpg,multi_train,multi,1200,3385,0.354505,1200,4
images/20003.jpg,multi_train,multi,1200,2191,0.547695,1200,5
images/20004.jpg,multi_train,multi,1200,2318,0.517688,1200,2
images/20005.jpg,multi_train,multi,1200,2017,0.594943,1200,4
images/20008.jpg,"multi_test,single_test","multi,single",1200,3371,0.355977,1200,21
images/20014.jpg,multi_train,multi,1200,2548,0.470958,1200,2
images/20015.jpg,multi_train,multi,1200,2439,0.492005,1200,3
images/20017.jpg,multi_train,multi,1200,2693,0.4456,1200,5
images/2002.jpg,multi_train,multi,1708,3522,0.484952,1708,5
images/20020.jpg,single_train,single,1200,2445,0.490798,1200,3
images/20021.jpg,multi_train,multi,1200,3977,0.301735,1200,3
images/20023.jpg,multi_train,multi,1200,3091,0.388224,1200,3
images/20025.jpg,single_train,single,1200,2946,0.407332,1200,11
images/20028.jpg,multi_train,multi,1200,2706,0.443459,1200,2
images/20029.jpg,multi_train,multi,1200,2453,0.489197,1200,3
images/20030.jpg,multi_train,multi,1200,3447,0.348129,1200,3
images/20031.jpg,multi_train,multi,1200,2706,0.443459,1200,2
images/20032.jpg,"multi_train,single_train","multi,single",1200,2453,0.489197,1200,9
images/20033.jpg,single_train,single,1200,2679,0.447928,1200,2
images/20035.jpg,multi_train,multi,1200,2640,0.454545,1200,5
images/20036.jpg,"multi_train,single_train","multi,single",1200,2133,0.562588,1200,15
images/20037.jpg,multi_train,multi,1200,2133,0.562588,1200,9
images/20038.jpg,multi_train,multi,1200,2133,0.562588,1200,4
images/2004.jpg,single_train,single,992,1442,0.687933,992,7
images/20040.jpg,multi_train,multi,1200,2133,0.562588,1200,9
images/20041.jpg,multi_train,multi,1200,2640,0.454545,1200,2
images/20042.jpg,multi_train,multi,1200,3466,0.34622,1200,2
images/20045.jpg,multi_train,multi,1200,3440,0.348837,1200,2
images/20048.jpg,multi_train,multi,1200,2702,0.444115,1200,3
images/20050.jpg,single_train,single,1200,3365,0.356612,1200,9
images/20051.jpg,multi_train,multi,1200,3159,0.379867,1200,1
images/20053.jpg,multi_train,multi,1200,3221,0.372555,1200,2
images/20054.jpg,single_train,single,1200,2195,0.546697,1200,5
images/20055.jpg,multi_train,multi,1200,2679,0.447928,1200,3
images/20059.jpg,multi_train,multi,1200,2612,0.459418,1200,5
images/2006.jpg,multi_train,multi,992,1867,0.531334,992,1
images/20060.jpg,multi_train,multi,1200,2279,0.526547,1200,3
images/20061.jpg,multi_train,multi,1200,1993,0.602107,1200,4
images/20062.jpg,multi_train,multi,1200,2340,0.512821,1200,4
images/20063.jpg,multi_test,multi,1200,3139,0.382287,1200,4
images/20064.jpg,multi_train,multi,1200,2071,0.57943,1200,1
images/20066.jpg,"multi_train,single_train","multi,single",1200,2511,0.477897,1200,7
images/20067.jpg,multi_train,multi,1200,2473,0.485241,1200,6
images/20074.jpg,multi_train,multi,1200,3180,0.377358,1200,1
images/20076.jpg,"multi_train,single_train","multi,single",1200,3417,0.351185,1200,13
images/2008.jpg,multi_train,multi,992,1327,0.747551,992,6
images/20082.jpg,multi_train,multi,1200,1643,0.730371,1200,6
images/20084.jpg,multi_train,multi,1200,3545,0.338505,1200,2
images/20086.jpg,multi_test,multi,1200,3898,0.30785,1200,7
images/20087.jpg,multi_test,multi,1200,3346,0.358637,1200,7
images/20088.jpg,"multi_train,single_train","multi,single",1200,1625,0.738462,1200,7
images/20089.jpg,multi_train,multi,1200,2371,0.506116,1200,3
images/2009.jpg,single_test,single,1003,1370,0.732117,1003,12
images/20096.jpg,single_train,single,1200,2534,0.47356,1200,10
images/20100.jpg,multi_train,multi,1200,2946,0.407332,1200,7
images/20101.jpg,multi_train,multi,1200,2750,0.436364,1200,2
images/20103.jpg,multi_train,multi,1200,2482,0.483481,1200,3
images/20104.jpg,multi_train,multi,1200,3914,0.306592,1200,5
images/20105.jpg,multi_train,multi,1200,2906,0.412939,1200,9
images/2011.jpg,single_train,single,1518,3765,0.403187,1518,8
images/20111.jpg,multi_test,multi,1200,1674,0.716846,1200,3
images/20113.jpg,multi_train,multi,1200,2896,0.414365,1200,6
images/20114.jpg,multi_train,multi,1200,2868,0.41841,1200,2
images/20115.jpg,multi_train,multi,1200,2797,0.429031,1200,8
images/20116.jpg,"multi_train,single_train","multi,single",1200,3153,0.38059,1200,11
images/2012.jpg,single_test,single,1254,1862,0.673469,1254,9
images/20124.jpg,multi_train,multi,1200,3355,0.357675,1200,3
images/20126.jpg,multi_train,multi,1200,3157,0.380108,1200,3
images/20129.jpg,multi_train,multi,1200,2820,0.425532,1200,8
images/2013.jpg,multi_train,multi,1320,2024,0.652174,1320,1
images/20130.jpg,multi_train,multi,1200,3015,0.39801,1200,4
images/20131.jpg,multi_train,multi,1200,2153,0.557362,1200,4
images/20132.jpg,multi_train,multi,1200,1876,0.639659,1200,4
images/20133.jpg,multi_train,multi,1200,3544,0.3386,1200,5
images/20134.jpg,"multi_train,single_train","multi,single",1200,3128,0.383632,1200,12
images/20135.jpg,single_train,single,1200,3418,0.351083,1200,9
images/2014.jpg,multi_test,multi,2110,4768,0.442534,2110,1
images/20140.jpg,multi_train,multi,1200,2451,0.489596,1200,6
images/20141.jpg,multi_train,multi,1200,2451,0.489596,1200,2
images/20142.jpg,"multi_train,single_train","multi,single",1200,2757,0.435256,1200,13
images/20145.jpg,multi_train,multi,1200,3408,0.352113,1200,5
images/20146.jpg,multi_test,multi,1200,2793,0.429646,1200,11
images/20149.jpg,multi_train,multi,1200,3202,0.374766,1200,2
images/2015.jpg,multi_train,multi,1103,1883,0.585767,1103,3
images/20154.jpg,"multi_train,single_train","multi,single",1200,3435,0.349345,1200,11
images/20156.jpg,single_train,single,1200,3231,0.371402,1200,4
images/20160.jpg,"multi_test,single_test","multi,single",2103,6604,0.318443,2103,17
images/20162.jpg,multi_train,multi,1200,1973,0.608211,1200,1
images/20163.jpg,multi_train,multi,1200,1752,0.684932,1200,1
images/20167.jpg,"multi_train,single_train","multi,single",1926,3816,0.504717,1926,6
images/20170.jpg,multi_train,multi,1200,1610,0.745342,1200,3
images/20175.jpg,multi_train,multi,1200,2560,0.46875,1200,5
images/20176.jpg,multi_test,multi,1200,3016,0.397878,1200,3
images/20179.jpg,multi_train,multi,1200,2956,0.405954,1200,6
images/2018.jpg,multi_test,multi,1548,2615,0.591969,1548,5
images/20181.jpg,multi_train,multi,3133,5062,0.618925,3133,2
images/20182.jpg,"multi_train,single_train","multi,single",1200,2654,0.452148,1200,6
images/20186.jpg,multi_test,multi,1200,2153,0.557362,1200,10
images/20187.jpg,multi_train,multi,1254,2688,0.466518,1254,5
images/20189.jpg,multi_train,multi,1200,1996,0.601202,1200,7
images/2019.jpg,multi_train,multi,992,1198,0.828047,992,3
images/20191.jpg,single_train,single,2907,3747,0.775821,2907,10
images/20193.jpg,multi_test,multi,1200,2716,0.441826,1200,4
images/20194.jpg,multi_train,multi,1200,2720,0.441176,1200,3
images/20195.jpg,multi_train,multi,1200,3973,0.302039,1200,3
images/20196.jpg,multi_train,multi,1200,3664,0.327511,1200,2
images/20198.jpg,"multi_test,single_test","multi,single",1200,3211,0.373715,1200,2
images/20200.jpg,multi_test,multi,1200,2400,0.5,1200,8
images/20202.jpg,multi_train,multi,1200,3230,0.371517,1200,3
images/20203.jpg,multi_train,multi,1200,3311,0.362428,1200,4
images/20209.jpg,single_train,single,1423,1402,1.014979,1402,11
images/20210.jpg,single_train,single,2092,3907,0.535449,2092,9
images/20214.jpg,multi_train,multi,1888,2887,0.653966,1888,4
images/20215.jpg,single_train,single,1292,1373,0.941005,1292,7
images/20218.jpg,multi_train,multi,947,1617,0.585652,947,5
images/20226.jpg,multi_train,multi,962,1617,0.594929,962,5
images/2023.jpg,multi_train,multi,3983,6049,0.658456,3983,2
images/20231.jpg,single_train,single,1422,1415,1.004947,1415,7
images/20232.jpg,single_train,single,942,1516,0.621372,942,1
images/20238.jpg,single_train,single,942,1505,0.625914,942,12
images/20239.jpg,multi_train,multi,918,1136,0.808099,918,2
images/2024.jpg,multi_train,multi,992,1417,0.700071,992,9
images/20240.jpg,multi_train,multi,948,1405,0.674733,948,2
images/20241.jpg,single_train,single,1363,900,1.514444,900,8
images/20248.jpg,single_train,single,1423,1402,1.014979,1402,7
images/20252.jpg,single_train,single,1181,1464,0.806694,1181,10
images/20254.jpg,"multi_train,single_train","multi,single",1270,892,1.423767,892,3
images/20255.jpg,single_train,single,668,1136,0.588028,668,10
images/20257.jpg,single_train,single,726,1032,0.703488,726,5
images/20261.jpg,single_train,single,2547,1847,1.378993,1847,9
images/20267.jpg,multi_train,multi,2500,2879,0.868357,2500,5
images/20268.jpg,multi_train,multi,730,1869,0.390583,730,5
images/20269.jpg,multi_test,multi,1200,3095,0.387722,1200,4
images/20272.jpg,"multi_train,single_train","multi,single",1334,997,1.338014,997,9
images/20273.jpg,multi_train,multi,1200,2571,0.466744,1200,5
images/20276.jpg,multi_train,multi,645,801,0.805243,645,4
images/20277.jpg,multi_train,multi,1433,2010,0.712935,1433,4
images/2028.jpg,single_train,single,2510,3155,0.795563,2510,6
images/20280.jpg,multi_train,multi,645,449,1.436526,449,2
images/20281.jpg,single_train,single,730,1429,0.510847,730,10
images/20282.jpg,multi_train,multi,1200,2506,0.478851,1200,2
images/20286.jpg,multi_train,multi,771,1334,0.577961,771,3
images/20287.jpg,multi_test,multi,1355,1399,0.968549,1355,4
images/20290.jpg,multi_train,multi,1200,2075,0.578313,1200,5
images/20292.jpg,multi_train,multi,3245,5128,0.6328,3245,5
images/20293.jpg,"multi_test,single_test","multi,single",1200,1932,0.621118,1200,8
images/20295.jpg,multi_train,multi,1200,3353,0.357888,1200,3
images/20296.jpg,multi_train,multi,1200,2474,0.485044,1200,3
images/20297.jpg,multi_train,multi,1200,3466,0.34622,1200,2
images/20300.jpg,multi_train,multi,2500,2862,0.873515,2500,8
images/20302.jpg,multi_train,multi,1971,5021,0.392551,1971,1
images/20306.jpg,multi_train,multi,2607,3307,0.788328,2607,1
images/20308.jpg,multi_train,multi,1716,3983,0.430831,1716,1
images/20311.jpg,multi_train,multi,1200,2581,0.464936,1200,3
images/20314.jpg,single_train,single,1200,3280,0.365854,1200,7
images/20315.jpg,multi_train,multi,1200,2906,0.412939,1200,4
images/20322.jpg,multi_train,multi,1200,2751,0.436205,1200,5
images/20323.jpg,multi_train,multi,1200,2850,0.421053,1200,2
images/20324.jpg,multi_train,multi,1200,2664,0.45045,1200,2
images/2033.jpg,multi_train,multi,1254,1990,0.630151,1254,2
images/20332.jpg,multi_train,multi,1200,3491,0.343741,1200,2
images/20333.jpg,single_train,single,1200,1696,0.707547,1200,6
images/20339.jpg,multi_train,multi,1716,2978,0.576226,1716,5
images/2034.jpg,single_train,single,1353,2334,0.579692,1353,9
images/20349.jpg,multi_train,multi,1200,2133,0.562588,1200,4
images/20351.jpg,single_train,single,1200,2133,0.562588,1200,5
images/20353.jpg,multi_train,multi,1200,2640,0.454545,1200,2
images/20356.jpg,multi_test,multi,1200,2465,0.486815,1200,5
images/20358.jpg,single_train,single,1006,1145,0.878603,1006,12
images/2036.jpg,multi_train,multi,1379,2307,0.597746,1379,2
images/20361.jpg,single_train,single,1622,1313,1.235339,1313,3
images/20366.jpg,multi_train,multi,1389,2204,0.630218,1389,1
images/20367.jpg,multi_train,multi,2778,4388,0.63309,2778,1
images/20369.jpg,single_test,single,1510,1202,1.25624,1202,4
images/2037.jpg,multi_train,multi,3479,4488,0.775178,3479,3
images/20372.jpg,single_train,single,1657,1972,0.840264,1657,6
images/20377.jpg,single_train,single,1278,815,1.568098,815,1
images/2038.jpg,multi_train,multi,3096,4704,0.658163,3096,1
images/20381.jpg,multi_train,multi,1200,1604,0.74813,1200,6
images/20384.jpg,single_train,single,1371,1044,1.313218,1044,8
images/20387.jpg,multi_train,multi,1341,1019,1.315996,1019,1
images/20389.jpg,multi_train,multi,2077,1587,1.308759,1587,2
images/20396.jpg,multi_test,multi,1033,1569,0.658381,1033,2
images/20397.jpg,multi_test,multi,1006,1640,0.613415,1006,2
images/20399.jpg,single_train,single,2683,2247,1.194036,2247,9
images/204.jpg,multi_train,multi,2500,2044,1.223092,2044,2
images/20403.jpg,multi_train,multi,1342,2104,0.637833,1342,5
images/20406.jpg,multi_train,multi,1750,1908,0.917191,1750,3
images/20407.jpg,multi_train,multi,1200,2506,0.478851,1200,2
images/20408.jpg,multi_train,multi,2683,2336,1.148545,2336,3
images/20409.jpg,multi_train,multi,1133,2273,0.49846,1133,2
images/20410.jpg,multi_train,multi,1176,2273,0.517378,1176,2
images/20411.jpg,multi_train,multi,1179,2273,0.518698,1179,2
images/20412.jpg,multi_train,multi,2121,5418,0.391473,2121,4
images/20413.jpg,multi_test,multi,1200,2800,0.428571,1200,5
images/20414.jpg,multi_train,multi,2589,2906,0.890915,2589,2
images/20415.jpg,multi_train,multi,730,1382,0.52822,730,2
images/20416.jpg,multi_train,multi,1625,3653,0.44484,1625,3
images/20417.jpg,multi_train,multi,730,1204,0.606312,730,3
images/20418.jpg,multi_test,multi,1200,1695,0.707965,1200,6
images/2044.jpg,multi_train,multi,1875,2582,0.726181,1875,7
images/2046.jpg,multi_train,multi,2500,2426,1.030503,2426,2
images/2050.jpg,multi_train,multi,3176,5135,0.6185,3176,2
images/2052.jpg,multi_train,multi,1480,3492,0.423826,1480,4
images/2053.jpg,multi_train,multi,2167,2102,1.030923,2102,5
images/2058.jpg,single_train,single,1875,2700,0.694444,1875,7
images/206.jpg,multi_train,multi,2500,3368,0.74228,2500,3
images/2061.jpg,multi_train,multi,1875,3234,0.579777,1875,8
images/2062.jpg,"multi_train,single_train","multi,single",1875,3783,0.495638,1875,10
images/207.jpg,multi_train,multi,2500,2333,1.071582,2333,3
images/2072.jpg,multi_train,multi,1875,2026,0.925469,1875,4
images/2073.jpg,"multi_train,single_train","multi,single",3751,7189,0.521769,3751,5
images/2078.jpg,multi_train,multi,730,956,0.763598,730,2
images/2079.jpg,single_train,single,2167,4010,0.540399,2167,5
images/2083.jpg,multi_train,multi,1480,3490,0.424069,1480,3
images/2085.jpg,multi_train,multi,1875,2582,0.726181,1875,3
images/2087.jpg,multi_train,multi,1623,2885,0.562565,1623,4
images/2088.jpg,single_train,single,1875,3291,0.569736,1875,9
images/2090.jpg,multi_train,multi,730,1238,0.589661,730,9
images/2092.jpg,multi_train,multi,730,788,0.926396,730,3
images/2095.jpg,multi_train,multi,730,1005,0.726368,730,7
images/2097.jpg,multi_train,multi,730,1238,0.589661,730,7
images/2098.jpg,multi_train,multi,730,743,0.982503,730,6
images/2101.jpg,multi_test,multi,730,976,0.747951,730,2
images/2102.jpg,multi_train,multi,730,743,0.982503,730,3
images/2104.jpg,multi_train,multi,730,1238,0.589661,730,3
images/2109.jpg,"multi_train,single_train","multi,single",730,1280,0.570312,730,7
images/211.jpg,multi_train,multi,2500,6719,0.372079,2500,2
images/2111.jpg,multi_train,multi,730,1175,0.621277,730,5
images/2117.jpg,multi_train,multi,730,1821,0.400879,730,5
images/2118.jpg,multi_train,multi,730,1238,0.589661,730,3
images/2119.jpg,multi_train,multi,730,1432,0.509777,730,4
images/212.jpg,single_train,single,2500,3125,0.8,2500,11
images/2120.jpg,"multi_train,single_train","multi,single",730,743,0.982503,730,15
images/2123.jpg,multi_train,multi,730,1198,0.609349,730,2
images/2124.jpg,multi_train,multi,730,2011,0.363003,730,1
images/2127.jpg,multi_train,multi,730,1555,0.469453,730,4
images/2135.jpg,multi_train,multi,730,1377,0.530138,730,4
images/2136.jpg,multi_train,multi,730,743,0.982503,730,2
images/2138.jpg,multi_train,multi,730,1309,0.557678,730,3
images/2139.jpg,multi_train,multi,730,1280,0.570312,730,3
images/2142.jpg,multi_train,multi,730,1480,0.493243,730,2
images/2143.jpg,multi_train,multi,730,1943,0.375708,730,1
images/2146.jpg,multi_train,multi,730,788,0.926396,730,3
images/2147.jpg,"multi_train,single_train","multi,single",730,1238,0.589661,730,10
images/2150.jpg,multi_train,multi,730,963,0.758048,730,3
images/2152.jpg,"multi_train,single_train","multi,single",730,944,0.773305,730,7
images/2153.jpg,multi_train,multi,730,1280,0.570312,730,3
images/2156.jpg,"multi_train,single_train","multi,single",1154,1525,0.756721,1154,11
images/2157.jpg,multi_train,multi,1628,2683,0.606783,1628,6
images/2159.jpg,multi_train,multi,1548,4215,0.36726,1548,5
images/2161.jpg,multi_train,multi,730,1597,0.457107,730,5
images/2162.jpg,multi_test,multi,730,1446,0.504841,730,4
images/2164.jpg,single_train,single,730,1171,0.623399,730,7
images/2166.jpg,"multi_train,single_train","multi,single",730,1268,0.57571,730,6
images/2167.jpg,multi_test,multi,730,998,0.731463,730,3
images/2168.jpg,multi_train,multi,730,1800,0.405556,730,1
images/217.jpg,multi_train,multi,2500,1919,1.302762,1919,5
images/2172.jpg,multi_train,multi,730,1011,0.722057,730,3
images/2173.jpg,single_train,single,1200,2462,0.487409,1200,6
images/2174.jpg,multi_train,multi,1200,1836,0.653595,1200,1
images/2179.jpg,multi_train,multi,1200,1856,0.646552,1200,1
images/2180.jpg,"multi_train,single_train","multi,single",1200,1222,0.981997,1200,8
images/2182.jpg,multi_train,multi,1200,2152,0.557621,1200,6
images/2183.jpg,multi_train,multi,1200,2036,0.589391,1200,3
images/2185.jpg,multi_train,multi,730,1133,0.644307,730,4
images/2187.jpg,single_train,single,730,1831,0.398689,730,6
images/2189.jpg,multi_train,multi,730,1043,0.699904,730,2
images/2190.jpg,multi_train,multi,730,1552,0.470361,730,3
images/2197.jpg,single_test,single,1200,1593,0.753296,1200,9
images/2198.jpg,multi_train,multi,1200,2523,0.475624,1200,3
images/220.jpg,multi_train,multi,2500,5980,0.41806,2500,1
images/2202.jpg,single_train,single,1200,2894,0.414651,1200,5
images/2203.jpg,single_train,single,1200,2778,0.431965,1200,9
images/2206.jpg,multi_test,multi,1200,2696,0.445104,1200,2
images/2207.jpg,multi_train,multi,1200,2152,0.557621,1200,6
images/2209.jpg,multi_train,multi,1200,3131,0.383264,1200,4
images/221.jpg,multi_train,multi,2500,6368,0.392588,2500,2
images/2211.jpg,"multi_train,single_train","multi,single",1131,3057,0.369971,1131,10
images/2214.jpg,multi_train,multi,1200,3593,0.333983,1200,1
images/2216.jpg,"multi_train,single_train","multi,single",1200,1477,0.812458,1200,9
images/2218.jpg,multi_train,multi,577,704,0.819602,577,3
images/2219.jpg,multi_train,multi,1200,1296,0.925926,1200,1
images/222.jpg,multi_train,multi,2500,6368,0.392588,2500,2
images/2221.jpg,"multi_train,single_train","multi,single",1200,2519,0.47638,1200,4
images/2224.jpg,single_train,single,1200,1377,0.87146,1200,7
images/2227.jpg,multi_train,multi,1200,2397,0.500626,1200,2
images/223.jpg,multi_train,multi,2500,2636,0.948407,2500,3
images/2230.jpg,multi_train,multi,1200,1613,0.743955,1200,4
images/2233.jpg,multi_train,multi,1200,2839,0.422684,1200,1
images/2235.jpg,multi_train,multi,1200,2302,0.521286,1200,3
images/2236.jpg,"multi_train,single_train","multi,single",1200,2396,0.500835,1200,8
images/2239.jpg,multi_train,multi,2500,2426,1.030503,2426,8
images/224.jpg,single_train,single,2500,2553,0.97924,2500,8
images/2243.jpg,multi_train,multi,1628,1977,0.82347,1628,2
images/2250.jpg,multi_test,multi,730,1241,0.588235,730,6
images/2254.jpg,multi_train,multi,1001,1644,0.608881,1001,4
images/2255.jpg,single_train,single,730,987,0.739615,730,7
images/2257.jpg,single_train,single,730,1189,0.613961,730,3
images/2260.jpg,multi_train,multi,730,1917,0.380803,730,1
images/2262.jpg,multi_train,multi,730,1124,0.649466,730,2
images/2263.jpg,multi_train,multi,1628,2683,0.606783,1628,3
images/2270.jpg,multi_test,multi,730,1253,0.582602,730,12
images/2271.jpg,multi_train,multi,730,950,0.768421,730,1
images/2273.jpg,single_train,single,730,1027,0.710808,730,7
images/2277.jpg,multi_train,multi,730,1069,0.682881,730,2
images/2278.jpg,multi_train,multi,730,920,0.793478,730,1
images/228.jpg,single_train,single,2500,2807,0.890631,2500,6
images/2280.jpg,multi_train,multi,730,735,0.993197,730,4
images/2281.jpg,multi_train,multi,730,1277,0.571652,730,8
images/2282.jpg,"multi_train,single_train","multi,single",730,1060,0.688679,730,16
images/2285.jpg,"multi_train,single_train","multi,single",730,1767,0.41313,730,7
images/2287.jpg,"multi_test,single_test","multi,single",730,1480,0.493243,730,12
images/2288.jpg,"multi_train,single_train","multi,single",730,941,0.77577,730,11
images/2297.jpg,"multi_train,single_train","multi,single",730,1619,0.450896,730,6
images/2298.jpg,multi_train,multi,730,1741,0.419299,730,3
images/2300.jpg,multi_train,multi,730,2110,0.345972,730,5
images/2303.jpg,multi_train,multi,730,936,0.779915,730,2
images/2307.jpg,multi_train,multi,730,1064,0.68609,730,1
images/2310.jpg,multi_test,multi,730,1434,0.509066,730,3
images/2311.jpg,multi_train,multi,730,1104,0.661232,730,7
images/2314.jpg,multi_train,multi,730,1342,0.543964,730,1
images/2315.jpg,multi_train,multi,730,882,0.827664,730,1
images/2321.jpg,single_train,single,730,1318,0.553869,730,6
images/2324.jpg,multi_test,multi,1875,3329,0.563232,1875,8
images/2329.jpg,multi_train,multi,1200,1494,0.803213,1200,1
images/233.jpg,single_train,single,2500,2924,0.854993,2500,8
images/2336.jpg,multi_train,multi,1200,1848,0.649351,1200,5
images/2338.jpg,"multi_train,single_train","multi,single",1200,1613,0.743955,1200,11
images/2339.jpg,multi_train,multi,1200,2531,0.474121,1200,6
images/234.jpg,multi_train,multi,2500,2063,1.211827,2063,4
images/2343.jpg,multi_train,multi,1200,2614,0.459067,1200,10
images/2347.jpg,multi_test,multi,1200,1870,0.641711,1200,3
images/2348.jpg,multi_test,multi,1200,1662,0.722022,1200,3
images/2349.jpg,multi_train,multi,1200,2864,0.418994,1200,1
images/2351.jpg,multi_train,multi,1200,2821,0.425381,1200,1
images/2354.jpg,multi_train,multi,1200,3084,0.389105,1200,1
images/2356.jpg,multi_train,multi,1200,2531,0.474121,1200,5
images/2357.jpg,multi_train,multi,1200,1575,0.761905,1200,2
images/236.jpg,multi_train,multi,2500,2012,1.242545,2012,3
images/2360.jpg,single_train,single,1200,1916,0.626305,1200,10
images/2361.jpg,multi_train,multi,1200,2186,0.548948,1200,3
images/2363.jpg,multi_train,multi,1200,2570,0.466926,1200,3
images/2365.jpg,multi_train,multi,1200,2673,0.448934,1200,1
images/2366.jpg,single_train,single,1200,2240,0.535714,1200,6
images/2367.jpg,multi_train,multi,1200,1916,0.626305,1200,4
images/2369.jpg,multi_test,multi,1200,2085,0.57554,1200,6
images/237.jpg,multi_train,multi,2500,1667,1.4997,1667,5
images/2370.jpg,multi_train,multi,1200,2553,0.470035,1200,3
images/2371.jpg,multi_train,multi,1200,2226,0.539084,1200,10
images/2372.jpg,multi_train,multi,1200,2673,0.448934,1200,2
images/2379.jpg,multi_test,multi,1200,1916,0.626305,1200,5
images/238.jpg,multi_train,multi,2500,3539,0.706414,2500,6
images/2381.jpg,multi_train,multi,1200,2164,0.554529,1200,3
images/2382.jpg,multi_train,multi,1166,2659,0.438511,1166,1
images/2383.jpg,multi_train,multi,1200,2456,0.488599,1200,3
images/2388.jpg,multi_train,multi,1048,3451,0.30368,1048,4
images/2389.jpg,multi_train,multi,1200,3294,0.364299,1200,2
images/2390.jpg,multi_test,multi,1200,3511,0.341783,1200,3
images/2391.jpg,multi_train,multi,1200,3955,0.303413,1200,7
images/2394.jpg,multi_train,multi,1200,2711,0.442641,1200,6
images/2396.jpg,multi_train,multi,1200,3000,0.4,1200,2
images/2397.jpg,multi_train,multi,1200,1614,0.743494,1200,1
images/2399.jpg,multi_train,multi,1200,2488,0.482315,1200,4
images/24.jpg,multi_train,multi,3076,2876,1.069541,2876,1
images/240.jpg,multi_train,multi,2500,1667,1.4997,1667,3
images/2400.jpg,multi_train,multi,1200,3215,0.37325,1200,1
images/2401.jpg,multi_train,multi,1200,2704,0.443787,1200,1
images/2402.jpg,multi_train,multi,1200,1795,0.668524,1200,3
images/2403.jpg,multi_train,multi,1200,2273,0.527937,1200,1
images/2404.jpg,multi_train,multi,1047,3084,0.339494,1047,3
images/2406.jpg,multi_train,multi,1200,3450,0.347826,1200,2
images/2407.jpg,multi_train,multi,1200,3537,0.339271,1200,2
images/2408.jpg,multi_train,multi,1200,2442,0.4914,1200,5
images/2414.jpg,multi_train,multi,1200,2909,0.412513,1200,2
images/2416.jpg,multi_train,multi,1200,2801,0.428418,1200,2
images/2417.jpg,multi_train,multi,1200,3716,0.322928,1200,1
images/2422.jpg,multi_train,multi,1200,2142,0.560224,1200,4
images/2423.jpg,multi_test,multi,1200,1777,0.675295,1200,2
images/2424.jpg,multi_test,multi,1200,2918,0.411241,1200,4
images/2426.jpg,multi_train,multi,1200,1795,0.668524,1200,1
images/2427.jpg,multi_train,multi,1200,2553,0.470035,1200,4
images/2429.jpg,multi_train,multi,1200,3025,0.396694,1200,3
images/2431.jpg,multi_train,multi,1200,3433,0.349548,1200,4
images/2432.jpg,multi_test,multi,1200,3073,0.390498,1200,4
images/2433.jpg,multi_train,multi,1200,2795,0.429338,1200,3
images/2435.jpg,multi_train,multi,1200,2804,0.42796,1200,4
images/2439.jpg,multi_train,multi,1200,2980,0.402685,1200,6
images/2440.jpg,"multi_train,single_train","multi,single",1200,2128,0.56391,1200,15
images/2443.jpg,single_train,single,1200,2410,0.497925,1200,8
images/2444.jpg,multi_train,multi,1200,2076,0.578035,1200,4
images/2445.jpg,"multi_train,single_train","multi,single",1200,2195,0.546697,1200,9
images/2448.jpg,single_train,single,1200,2103,0.570613,1200,11
images/2450.jpg,multi_train,multi,1200,2618,0.458365,1200,3
images/2453.jpg,multi_train,multi,1200,1870,0.641711,1200,6
images/2454.jpg,multi_train,multi,1200,1672,0.717703,1200,3
images/2455.jpg,single_train,single,1200,2844,0.421941,1200,16
images/2456.jpg,multi_train,multi,1200,3156,0.380228,1200,3
images/2457.jpg,multi_train,multi,1200,3116,0.385109,1200,6
images/2459.jpg,"multi_train,single_train","multi,single",1200,3381,0.354925,1200,9
images/246.jpg,multi_train,multi,1200,3274,0.366524,1200,2
images/2464.jpg,multi_train,multi,1200,2979,0.40282,1200,3
images/2468.jpg,multi_train,multi,1200,2599,0.461716,1200,1
images/2469.jpg,multi_test,multi,1200,3340,0.359281,1200,2
images/247.jpg,multi_train,multi,1200,3166,0.379027,1200,2
images/2470.jpg,multi_train,multi,1200,3565,0.336606,1200,3
images/2471.jpg,multi_train,multi,1200,2425,0.494845,1200,2
images/2475.jpg,multi_train,multi,1200,3348,0.358423,1200,6
images/2476.jpg,multi_train,multi,1200,3715,0.323015,1200,3
images/2477.jpg,multi_train,multi,1200,3360,0.357143,1200,6
images/2478.jpg,multi_train,multi,1200,1292,0.928793,1200,1
images/2479.jpg,multi_train,multi,1200,3378,0.35524,1200,3
images/248.jpg,multi_train,multi,2250,2500,0.9,2250,4
images/2480.jpg,multi_train,multi,1200,3801,0.315706,1200,3
images/2483.jpg,multi_train,multi,1200,2282,0.525855,1200,4
images/2484.jpg,multi_train,multi,1200,2370,0.506329,1200,3
images/2485.jpg,multi_train,multi,1200,2516,0.476948,1200,3
images/2487.jpg,multi_train,multi,1200,1610,0.745342,1200,4
images/2488.jpg,multi_train,multi,1200,1842,0.651466,1200,3
images/2491.jpg,multi_train,multi,1200,3548,0.338219,1200,10
images/2494.jpg,multi_train,multi,1200,2640,0.454545,1200,2
images/2495.jpg,multi_train,multi,1200,2689,0.446263,1200,2
images/25.jpg,single_train,single,2683,1476,1.817751,1476,3
images/2500.jpg,multi_train,multi,1200,2585,0.464217,1200,2
images/2504.jpg,multi_train,multi,1200,2711,0.442641,1200,6
images/2506.jpg,multi_train,multi,1200,3533,0.339655,1200,4
images/2508.jpg,multi_train,multi,1200,2713,0.442315,1200,6
images/2509.jpg,multi_train,multi,1200,2295,0.522876,1200,3
images/2512.jpg,single_train,single,1200,1916,0.626305,1200,4
images/2514.jpg,multi_train,multi,1200,1427,0.840925,1200,2
images/2515.jpg,multi_train,multi,1200,1916,0.626305,1200,3
images/2516.jpg,single_train,single,1200,2582,0.464756,1200,5
images/2519.jpg,single_train,single,1200,3334,0.359928,1200,7
images/2522.jpg,"multi_train,single_train","multi,single",1200,2295,0.522876,1200,14
images/2523.jpg,multi_train,multi,1200,2846,0.421644,1200,7
images/2528.jpg,multi_train,multi,1200,2581,0.464936,1200,1
images/253.jpg,multi_train,multi,2500,1923,1.300052,1923,2
images/2535.jpg,multi_train,multi,1200,3159,0.379867,1200,4
images/2537.jpg,multi_train,multi,1200,3039,0.394867,1200,5
images/2544.jpg,multi_train,multi,1200,3082,0.389358,1200,3
images/2545.jpg,"multi_train,single_train","multi,single",1200,3278,0.366077,1200,6
images/2547.jpg,multi_train,multi,1200,1916,0.626305,1200,3
images/2548.jpg,single_train,single,1200,2170,0.552995,1200,7
images/2549.jpg,multi_test,multi,1200,3252,0.369004,1200,2
images/255.jpg,multi_train,multi,2250,1724,1.305104,1724,3
images/2550.jpg,multi_train,multi,1200,2632,0.455927,1200,9
images/2552.jpg,multi_train,multi,1200,3120,0.384615,1200,3
images/2554.jpg,single_test,single,1200,2170,0.552995,1200,6
images/2555.jpg,multi_test,multi,1200,3252,0.369004,1200,2
images/2557.jpg,multi_train,multi,1200,1902,0.630915,1200,3
images/2559.jpg,multi_train,multi,1200,2619,0.45819,1200,4
images/256.jpg,multi_train,multi,1200,1282,0.936037,1200,2
images/2560.jpg,multi_train,multi,1200,3707,0.323712,1200,1
images/2563.jpg,multi_train,multi,1200,2170,0.552995,1200,5
images/2565.jpg,multi_train,multi,1200,1533,0.782779,1200,1
images/2568.jpg,multi_train,multi,1200,2965,0.404722,1200,2
images/2570.jpg,single_train,single,1200,3022,0.397088,1200,11
images/2574.jpg,multi_train,multi,1048,2084,0.502879,1048,5
images/2575.jpg,multi_train,multi,891,2884,0.308946,891,3
images/2576.jpg,multi_train,multi,1200,2812,0.426743,1200,4
images/2577.jpg,multi_train,multi,1200,2647,0.453343,1200,2
images/2578.jpg,multi_train,multi,1200,2712,0.442478,1200,2
images/2579.jpg,"multi_train,single_train","multi,single",1200,3315,0.361991,1200,4
images/2583.jpg,single_train,single,1200,3460,0.346821,1200,11
images/2585.jpg,multi_train,multi,1200,3126,0.383877,1200,2
images/2587.jpg,multi_train,multi,1165,3232,0.360458,1165,4
images/2588.jpg,single_train,single,1200,3136,0.382653,1200,9
images/2589.jpg,multi_train,multi,1200,2675,0.448598,1200,2
images/259.jpg,multi_train,multi,2500,1990,1.256281,1990,2
images/2590.jpg,multi_train,multi,1200,2717,0.441664,1200,3
images/2594.jpg,multi_train,multi,1200,1916,0.626305,1200,3
images/2595.jpg,multi_train,multi,1200,2632,0.455927,1200,3
images/2599.jpg,multi_train,multi,1200,2648,0.453172,1200,3
images/26.jpg,multi_train,multi,1402,1923,0.729069,1402,5
images/260.jpg,multi_train,multi,2500,3471,0.720254,2500,4
images/2600.jpg,single_train,single,1200,3034,0.395517,1200,7
images/2602.jpg,multi_train,multi,1200,2003,0.599101,1200,4
images/2604.jpg,multi_train,multi,1200,3665,0.327422,1200,2
images/2605.jpg,multi_train,multi,1200,2821,0.425381,1200,5
images/2606.jpg,multi_train,multi,1200,2776,0.432277,1200,9
images/2608.jpg,multi_train,multi,1200,3028,0.396301,1200,5
images/2609.jpg,multi_train,multi,1200,2203,0.544712,1200,2
images/261.jpg,"multi_test,single_test","multi,single",2250,1809,1.243781,1809,12
images/2611.jpg,multi_train,multi,1200,3416,0.351288,1200,2
images/2612.jpg,multi_train,multi,1200,2785,0.43088,1200,6
images/2614.jpg,single_train,single,1200,3154,0.380469,1200,8
images/2615.jpg,multi_train,multi,1200,3638,0.329852,1200,5
images/2616.jpg,multi_train,multi,1200,3357,0.357462,1200,2
images/2617.jpg,multi_train,multi,1200,2617,0.45854,1200,3
images/2619.jpg,multi_train,multi,1200,3118,0.384862,1200,5
images/2620.jpg,multi_train,multi,1200,2101,0.571157,1200,1
images/2623.jpg,single_train,single,1200,3373,0.355766,1200,5
images/2625.jpg,multi_train,multi,1200,2717,0.441664,1200,6
images/2629.jpg,multi_train,multi,1200,2813,0.426591,1200,2
images/263.jpg,multi_test,multi,2250,1571,1.432209,1571,2
images/2631.jpg,multi_train,multi,1200,2266,0.529568,1200,6
images/2633.jpg,"multi_train,single_train","multi,single",1200,1658,0.723764,1200,13
images/2635.jpg,single_train,single,1200,3444,0.348432,1200,10
images/264.jpg,multi_train,multi,1200,1976,0.607287,1200,5
images/2640.jpg,multi_train,multi,1200,2008,0.59761,1200,3
images/2643.jpg,multi_train,multi,1200,3119,0.384739,1200,3
images/2647.jpg,multi_train,multi,1200,3552,0.337838,1200,4
images/2653.jpg,"multi_train,single_train","multi,single",1200,3363,0.356824,1200,10
images/2655.jpg,multi_train,multi,1200,1939,0.618876,1200,6
images/2656.jpg,multi_train,multi,1200,3000,0.4,1200,3
images/2658.jpg,multi_test,multi,1200,2577,0.465658,1200,5
images/2659.jpg,single_train,single,1200,2295,0.522876,1200,6
images/2660.jpg,multi_test,multi,1200,2380,0.504202,1200,4
images/2662.jpg,multi_test,multi,1200,2021,0.593765,1200,2
images/2663.jpg,multi_train,multi,1200,1916,0.626305,1200,4
images/2665.jpg,"multi_train,single_train","multi,single",1200,3013,0.398274,1200,10
images/2666.jpg,multi_train,multi,1200,1427,0.840925,1200,2
images/2667.jpg,multi_train,multi,1200,2885,0.415945,1200,4
images/2669.jpg,multi_test,multi,1200,2075,0.578313,1200,4
images/267.jpg,multi_test,multi,2250,1885,1.193634,1885,2
images/2670.jpg,multi_train,multi,1200,2820,0.425532,1200,5
images/2671.jpg,multi_train,multi,1200,2190,0.547945,1200,3
images/2674.jpg,multi_train,multi,1200,2637,0.455063,1200,3
images/2678.jpg,multi_train,multi,1200,1842,0.651466,1200,5
images/2681.jpg,single_train,single,1200,2398,0.500417,1200,7
images/2682.jpg,multi_test,multi,1200,2201,0.545207,1200,6
images/2683.jpg,single_train,single,1200,2426,0.494641,1200,10
images/2684.jpg,single_train,single,1200,2629,0.456447,1200,9
images/2686.jpg,multi_train,multi,1200,1348,0.890208,1200,1
images/2687.jpg,multi_train,multi,1200,3516,0.341297,1200,3
images/2688.jpg,single_train,single,1200,3161,0.379627,1200,10
images/2691.jpg,"multi_train,single_train","multi,single",1200,2855,0.420315,1200,8
images/2692.jpg,multi_train,multi,1200,3403,0.35263,1200,3
images/2693.jpg,multi_train,multi,900,2255,0.399113,900,5
images/2695.jpg,single_train,single,900,2197,0.40965,900,10
images/2696.jpg,multi_train,multi,900,2121,0.424328,900,5
images/2697.jpg,single_train,single,1200,3813,0.314713,1200,4
images/2699.jpg,"multi_train,single_train","multi,single",900,2335,0.385439,900,18
images/2700.jpg,single_train,single,1200,2533,0.473747,1200,1
images/2702.jpg,multi_train,multi,1200,2195,0.546697,1200,2
images/2703.jpg,multi_train,multi,1200,2723,0.44069,1200,5
images/2705.jpg,single_train,single,1200,2261,0.530739,1200,6
images/2706.jpg,multi_train,multi,900,2751,0.327154,900,4
images/2708.jpg,single_train,single,1200,2429,0.49403,1200,2
images/2710.jpg,multi_train,multi,1200,2071,0.57943,1200,2
images/2711.jpg,multi_train,multi,1200,2499,0.480192,1200,1
images/2712.jpg,multi_train,multi,1200,2055,0.583942,1200,1
images/2714.jpg,multi_train,multi,1200,2407,0.498546,1200,2
images/2716.jpg,multi_train,multi,1200,2224,0.539568,1200,2
images/2719.jpg,single_train,single,1200,3116,0.385109,1200,7
images/272.jpg,multi_test,multi,2250,1769,1.271905,1769,4
images/2721.jpg,multi_train,multi,1200,2676,0.44843,1200,5
images/2724.jpg,multi_train,multi,1200,2441,0.491602,1200,4
images/2725.jpg,multi_train,multi,1200,1752,0.684932,1200,4
images/2727.jpg,multi_train,multi,1200,2708,0.443131,1200,2
images/2728.jpg,multi_train,multi,1200,2878,0.416956,1200,2
images/2729.jpg,multi_train,multi,1200,2525,0.475248,1200,2
images/2730.jpg,single_train,single,1200,3729,0.321802,1200,4
images/2733.jpg,multi_train,multi,1200,2830,0.424028,1200,5
images/2734.jpg,single_train,single,1200,1631,0.735745,1200,4
images/2735.jpg,multi_train,multi,1200,3025,0.396694,1200,4
images/2737.jpg,multi_train,multi,1200,2551,0.470404,1200,3
images/2738.jpg,multi_train,multi,1200,2526,0.475059,1200,2
images/274.jpg,"multi_train,single_train","multi,single",2500,3335,0.749625,2500,15
images/2740.jpg,multi_train,multi,1200,1533,0.782779,1200,1
images/2743.jpg,multi_test,multi,1200,2195,0.546697,1200,4
images/2746.jpg,multi_train,multi,1200,3975,0.301887,1200,5
images/2749.jpg,multi_train,multi,1200,2877,0.417101,1200,4
images/275.jpg,multi_train,multi,2250,2246,1.001781,2246,2
images/2750.jpg,multi_train,multi,1200,2099,0.571701,1200,1
images/2755.jpg,multi_train,multi,1200,2697,0.444939,1200,5
images/2756.jpg,multi_train,multi,900,2975,0.302521,900,4
images/2757.jpg,multi_train,multi,900,2854,0.315347,900,8
images/2758.jpg,single_train,single,1200,3203,0.374649,1200,15
images/2762.jpg,multi_train,multi,1200,3237,0.370714,1200,2
images/2766.jpg,single_train,single,1200,1916,0.626305,1200,9
images/2777.jpg,multi_train,multi,1200,1916,0.626305,1200,3
images/2778.jpg,multi_train,multi,1200,2352,0.510204,1200,2
images/2779.jpg,multi_train,multi,1200,1962,0.611621,1200,2
images/278.jpg,single_train,single,2250,1724,1.305104,1724,6
images/2781.jpg,multi_train,multi,1200,1932,0.621118,1200,4
images/2782.jpg,multi_train,multi,1200,2607,0.460299,1200,2
images/2787.jpg,multi_train,multi,1200,2473,0.485241,1200,3
images/279.jpg,multi_train,multi,2500,4260,0.586854,2500,4
images/2790.jpg,multi_train,multi,1200,2800,0.428571,1200,5
images/2791.jpg,multi_train,multi,1200,2021,0.593765,1200,7
images/2792.jpg,"multi_train,single_train","multi,single",1200,2976,0.403226,1200,9
images/2794.jpg,multi_train,multi,1200,1962,0.611621,1200,2
images/2796.jpg,single_train,single,1200,2632,0.455927,1200,6
images/2803.jpg,multi_train,multi,1200,2352,0.510204,1200,3
images/2808.jpg,multi_train,multi,1200,2773,0.432744,1200,3
images/2809.jpg,multi_train,multi,1200,2813,0.426591,1200,5
images/2810.jpg,multi_train,multi,1200,2493,0.481348,1200,4
images/2811.jpg,multi_train,multi,1200,2840,0.422535,1200,4
images/2812.jpg,multi_train,multi,1200,2720,0.441176,1200,2
images/2813.jpg,multi_train,multi,1200,2640,0.454545,1200,7
images/2814.jpg,multi_train,multi,1200,2773,0.432744,1200,4
images/2815.jpg,multi_train,multi,1200,2573,0.466382,1200,5
images/2816.jpg,multi_train,multi,1200,2933,0.409137,1200,3
images/2817.jpg,multi_train,multi,1200,2280,0.526316,1200,3
images/2819.jpg,multi_train,multi,1200,2773,0.432744,1200,5
images/2820.jpg,multi_train,multi,1200,2813,0.426591,1200,5
images/2821.jpg,multi_train,multi,1200,2720,0.441176,1200,2
images/2822.jpg,multi_train,multi,1200,2493,0.481348,1200,2
images/2823.jpg,multi_train,multi,1200,2720,0.441176,1200,4
images/2824.jpg,multi_train,multi,1200,2613,0.459242,1200,5
images/2825.jpg,multi_train,multi,1200,1786,0.671892,1200,1
images/2826.jpg,multi_train,multi,1200,2200,0.545455,1200,3
images/2828.jpg,multi_train,multi,1200,2773,0.432744,1200,5
images/2829.jpg,multi_train,multi,1200,2433,0.493218,1200,3
images/283.jpg,multi_train,multi,2500,3503,0.713674,2500,2
images/2830.jpg,multi_train,multi,1200,2166,0.554017,1200,5
images/2831.jpg,"multi_train,single_train","multi,single",1200,2720,0.441176,1200,4
images/2832.jpg,multi_train,multi,1200,2026,0.5923,1200,3
images/2833.jpg,multi_train,multi,1200,2352,0.510204,1200,3
images/2835.jpg,multi_train,multi,1200,2632,0.455927,1200,2
images/2839.jpg,multi_train,multi,1200,1999,0.6003,1200,4
images/2840.jpg,multi_train,multi,1200,2986,0.401875,1200,5
images/2842.jpg,multi_train,multi,1200,2166,0.554017,1200,5
images/2843.jpg,multi_train,multi,1200,2166,0.554017,1200,3
images/2845.jpg,multi_train,multi,1200,2026,0.5923,1200,1
images/2846.jpg,multi_train,multi,1200,3026,0.396563,1200,1
images/2847.jpg,"multi_train,single_train","multi,single",1200,3320,0.361446,1200,9
images/2848.jpg,multi_train,multi,1200,2960,0.405405,1200,2
images/2849.jpg,multi_train,multi,1200,2960,0.405405,1200,3
images/2850.jpg,multi_train,multi,1200,3426,0.350263,1200,4
images/2851.jpg,"multi_train,single_train","multi,single",1200,3640,0.32967,1200,11
images/2852.jpg,multi_train,multi,1200,3080,0.38961,1200,4
images/2853.jpg,multi_train,multi,1200,3455,0.347323,1200,3
images/2854.jpg,single_train,single,1200,3451,0.347725,1200,2
images/2858.jpg,"multi_train,single_train","multi,single",1200,2632,0.455927,1200,8
images/286.jpg,multi_train,multi,2500,1824,1.370614,1824,2
images/2860.jpg,multi_train,multi,1200,2920,0.410959,1200,3
images/2862.jpg,multi_train,multi,1200,1999,0.6003,1200,3
images/2863.jpg,multi_train,multi,1200,2560,0.46875,1200,4
images/2864.jpg,multi_train,multi,1200,3200,0.375,1200,4
images/2866.jpg,multi_train,multi,1200,2066,0.580833,1200,4
images/2867.jpg,multi_test,multi,1200,2352,0.510204,1200,4
images/2868.jpg,multi_train,multi,1200,2632,0.455927,1200,2
images/2871.jpg,multi_train,multi,1200,2093,0.57334,1200,6
images/2873.jpg,multi_test,multi,1200,3520,0.340909,1200,3
images/2875.jpg,multi_train,multi,1200,2693,0.4456,1200,3
images/2876.jpg,"multi_train,single_train","multi,single",1200,3440,0.348837,1200,13
images/2878.jpg,multi_train,multi,1200,2586,0.464037,1200,4
images/2882.jpg,multi_train,multi,1200,1663,0.721587,1200,3
images/2885.jpg,multi_train,multi,1200,2764,0.434153,1200,2
images/2891.jpg,multi_train,multi,1200,1964,0.610998,1200,4
images/2894.jpg,single_train,single,1200,2369,0.506543,1200,12
images/2896.jpg,"multi_train,single_train","multi,single",1200,2612,0.459418,1200,14
images/2901.jpg,multi_train,multi,1200,2089,0.574438,1200,4
images/2902.jpg,multi_train,multi,1200,2089,0.574438,1200,4
images/2904.jpg,multi_train,multi,1200,2560,0.46875,1200,4
images/2905.jpg,multi_train,multi,1200,2629,0.456447,1200,3
images/2907.jpg,multi_train,multi,1200,2042,0.587659,1200,3
images/2908.jpg,multi_train,multi,1200,3028,0.396301,1200,5
images/291.jpg,single_train,single,2250,1855,1.212938,1855,2
images/2910.jpg,multi_train,multi,1200,3665,0.327422,1200,5
images/2911.jpg,multi_train,multi,1200,2853,0.42061,1200,2
images/2913.jpg,"multi_train,single_train","multi,single",1200,2533,0.473747,1200,15
images/2914.jpg,multi_train,multi,1200,2701,0.44428,1200,5
images/2915.jpg,single_train,single,1200,3415,0.351391,1200,9
images/2919.jpg,multi_train,multi,1200,2340,0.512821,1200,6
images/292.jpg,single_train,single,2250,1876,1.19936,1876,6
images/2922.jpg,"multi_train,single_train","multi,single",1200,2093,0.57334,1200,13
images/2924.jpg,multi_train,multi,1200,2352,0.510204,1200,4
images/2928.jpg,multi_train,multi,1200,2417,0.496483,1200,4
images/2930.jpg,multi_train,multi,1200,2573,0.466382,1200,2
images/2933.jpg,multi_test,multi,1200,2155,0.556845,1200,5
images/2937.jpg,multi_train,multi,1200,2066,0.580833,1200,3
images/294.jpg,multi_train,multi,2500,2044,1.223092,2044,2
images/2940.jpg,single_train,single,1200,2237,0.536433,1200,7
images/2942.jpg,multi_train,multi,1200,2269,0.528867,1200,3
images/2943.jpg,multi_train,multi,1200,2197,0.546199,1200,4
images/2944.jpg,multi_train,multi,1200,2199,0.545703,1200,2
images/2946.jpg,multi_train,multi,1200,1746,0.687285,1200,3
images/2949.jpg,multi_train,multi,1200,2199,0.545703,1200,2
images/2951.jpg,multi_train,multi,1200,2199,0.545703,1200,3
images/2952.jpg,multi_train,multi,1200,2199,0.545703,1200,2
images/2953.jpg,multi_train,multi,1200,1746,0.687285,1200,2
images/2954.jpg,multi_train,multi,1200,1746,0.687285,1200,1
images/2956.jpg,single_train,single,1200,1785,0.672269,1200,5
images/2957.jpg,multi_train,multi,1200,2348,0.511073,1200,3
images/2959.jpg,multi_train,multi,1200,2773,0.432744,1200,2
images/2961.jpg,single_test,single,1200,2744,0.437318,1200,8
images/2966.jpg,multi_train,multi,1200,2487,0.482509,1200,4
images/2970.jpg,single_train,single,1200,2828,0.424328,1200,2
images/2971.jpg,multi_train,multi,1200,3037,0.395127,1200,3
images/2972.jpg,multi_test,multi,1200,2764,0.434153,1200,4
images/2974.jpg,multi_train,multi,1200,3448,0.348028,1200,2
images/2976.jpg,multi_train,multi,1200,2169,0.55325,1200,3
images/2977.jpg,multi_train,multi,1200,3138,0.382409,1200,3
images/2978.jpg,single_train,single,1200,1521,0.788955,1200,7
images/2980.jpg,multi_test,multi,1200,2783,0.431189,1200,7
images/2981.jpg,multi_train,multi,1200,2466,0.486618,1200,3
images/2983.jpg,multi_train,multi,1200,2880,0.416667,1200,5
images/2987.jpg,multi_train,multi,1200,2632,0.455927,1200,2
images/2990.jpg,multi_train,multi,1200,2056,0.583658,1200,6
images/2991.jpg,multi_train,multi,1200,2540,0.472441,1200,6
images/2995.jpg,multi_train,multi,1200,2995,0.400668,1200,3
images/2998.jpg,multi_train,multi,1200,3735,0.321285,1200,2
images/2999.jpg,multi_train,multi,1200,3863,0.310639,1200,3
images/3002.jpg,multi_train,multi,1200,2605,0.460653,1200,1
images/3008.jpg,single_train,single,1200,2926,0.410116,1200,6
images/3010.jpg,multi_train,multi,1200,2169,0.55325,1200,2
images/3012.jpg,multi_train,multi,1200,2182,0.549954,1200,4
images/3015.jpg,multi_test,multi,1200,2219,0.540784,1200,3
images/3016.jpg,multi_test,multi,1200,2857,0.420021,1200,3
images/3018.jpg,multi_train,multi,1200,3248,0.369458,1200,2
images/3021.jpg,multi_train,multi,1200,2828,0.424328,1200,1
images/3022.jpg,multi_train,multi,1200,2430,0.493827,1200,2
images/3026.jpg,multi_train,multi,1200,2396,0.500835,1200,4
images/3027.jpg,single_test,single,1200,2981,0.402549,1200,5
images/3028.jpg,multi_train,multi,1200,2926,0.410116,1200,3
images/3029.jpg,multi_train,multi,1200,2817,0.425985,1200,3
images/303.jpg,multi_train,multi,2250,3166,0.710676,2250,4
images/3033.jpg,multi_train,multi,1200,3760,0.319149,1200,4
images/3037.jpg,"multi_train,single_train","multi,single",1200,3265,0.367534,1200,13
images/3039.jpg,multi_train,multi,1200,2169,0.55325,1200,5
images/3040.jpg,multi_train,multi,1200,1548,0.775194,1200,2
images/3041.jpg,multi_train,multi,1200,3414,0.351494,1200,3
images/3045.jpg,multi_train,multi,1200,3361,0.357037,1200,1
images/3046.jpg,multi_train,multi,1200,3828,0.31348,1200,1
images/3048.jpg,"multi_train,single_train","multi,single",1200,3927,0.305577,1200,9
images/3049.jpg,multi_train,multi,1200,3236,0.370828,1200,3
images/3050.jpg,multi_train,multi,1200,3968,0.302419,1200,3
images/3054.jpg,single_train,single,1200,2739,0.438116,1200,7
images/3056.jpg,multi_train,multi,1200,2754,0.43573,1200,4
images/3060.jpg,multi_train,multi,1200,2426,0.494641,1200,4
images/3062.jpg,"multi_train,single_train","multi,single",1200,2181,0.550206,1200,10
images/3063.jpg,single_train,single,1200,3743,0.320598,1200,9
images/3067.jpg,multi_train,multi,1200,2682,0.447427,1200,2
images/307.jpg,"multi_train,single_train","multi,single",1081,853,1.267292,853,11
images/3080.jpg,single_train,single,1200,1839,0.652529,1200,8
images/3081.jpg,multi_train,multi,1200,3212,0.373599,1200,7
images/3082.jpg,"multi_train,single_train","multi,single",1200,3600,0.333333,1200,6
images/3085.jpg,"multi_train,single_train","multi,single",2500,2426,1.030503,2426,7
images/3086.jpg,multi_train,multi,1200,1322,0.907716,1200,4
images/3087.jpg,multi_train,multi,1200,1322,0.907716,1200,4
images/3097.jpg,multi_train,multi,1200,1713,0.700525,1200,4
images/31.jpg,single_train,single,1430,2001,0.714643,1430,6
images/3102.jpg,multi_train,multi,1200,1694,0.708383,1200,4
images/3105.jpg,"multi_train,single_train","multi,single",1200,2711,0.442641,1200,11
images/3106.jpg,multi_train,multi,1200,1586,0.75662,1200,4
images/3107.jpg,multi_train,multi,1200,1586,0.75662,1200,1
images/3111.jpg,multi_train,multi,1200,1322,0.907716,1200,5
images/3112.jpg,multi_train,multi,1200,2062,0.581959,1200,2
images/3113.jpg,multi_train,multi,1200,2062,0.581959,1200,2
images/3114.jpg,multi_train,multi,1200,1632,0.735294,1200,4
images/3115.jpg,multi_train,multi,1200,2062,0.581959,1200,2
images/3116.jpg,single_train,single,1200,1783,0.673023,1200,5
images/3119.jpg,single_train,single,1200,1569,0.764818,1200,1
images/3120.jpg,multi_train,multi,1200,1783,0.673023,1200,3
images/3121.jpg,single_train,single,1200,1783,0.673023,1200,10
images/3123.jpg,"multi_train,single_train","multi,single",1200,1569,0.764818,1200,6
images/3124.jpg,multi_train,multi,1200,1692,0.70922,1200,2
images/3125.jpg,single_train,single,1200,2690,0.446097,1200,9
images/3127.jpg,single_train,single,1200,1503,0.798403,1200,7
images/3131.jpg,multi_train,multi,1200,1983,0.605144,1200,2
images/3133.jpg,single_train,single,1200,2907,0.412797,1200,9
images/3134.jpg,multi_train,multi,1200,1489,0.80591,1200,6
images/3138.jpg,multi_train,multi,1200,2459,0.488003,1200,2
images/3142.jpg,single_test,single,1200,3660,0.327869,1200,9
images/3144.jpg,single_train,single,1200,3990,0.300752,1200,10
images/3145.jpg,multi_train,multi,1200,2594,0.462606,1200,3
images/3147.jpg,multi_train,multi,1200,2246,0.534283,1200,2
images/315.jpg,single_test,single,1081,2330,0.463948,1081,10
images/3152.jpg,multi_train,multi,1200,1906,0.629591,1200,3
images/3153.jpg,multi_train,multi,1200,3783,0.317209,1200,2
images/3155.jpg,"multi_train,single_train","multi,single",1200,3243,0.370028,1200,6
images/3159.jpg,multi_train,multi,1200,2741,0.437796,1200,1
images/3163.jpg,multi_train,multi,1200,1503,0.798403,1200,8
images/3164.jpg,multi_train,multi,1200,2175,0.551724,1200,3
images/3168.jpg,"multi_train,single_train","multi,single",1200,3399,0.353045,1200,10
images/3170.jpg,single_train,single,1200,1906,0.629591,1200,6
images/3172.jpg,multi_train,multi,1200,1711,0.701344,1200,4
images/3181.jpg,multi_train,multi,1200,1503,0.798403,1200,5
images/3185.jpg,multi_train,multi,1200,1503,0.798403,1200,4
images/3188.jpg,multi_train,multi,1200,1406,0.853485,1200,7
images/319.jpg,multi_train,multi,1200,1602,0.749064,1200,4
images/3196.jpg,multi_test,multi,1200,1863,0.644122,1200,1
images/3197.jpg,multi_test,multi,1200,1920,0.625,1200,2
images/3199.jpg,multi_test,multi,1200,1863,0.644122,1200,1
images/320.jpg,multi_train,multi,1200,855,1.403509,855,1
images/3200.jpg,multi_train,multi,1200,3579,0.335289,1200,1
images/3202.jpg,multi_train,multi,1200,3838,0.312663,1200,1
images/3205.jpg,multi_train,multi,1200,3838,0.312663,1200,1
images/3208.jpg,multi_train,multi,1200,2703,0.443951,1200,3
images/3209.jpg,multi_train,multi,1200,3358,0.357356,1200,3
images/321.jpg,multi_train,multi,1200,911,1.317234,911,4
images/3210.jpg,multi_train,multi,1200,1406,0.853485,1200,4
images/3211.jpg,multi_train,multi,1200,2703,0.443951,1200,3
images/3212.jpg,multi_train,multi,1200,3358,0.357356,1200,3
images/3213.jpg,multi_train,multi,1200,1406,0.853485,1200,5
images/3219.jpg,"multi_train,single_train","multi,single",1200,1371,0.875274,1200,14
images/322.jpg,multi_train,multi,1200,1521,0.788955,1200,2
images/3223.jpg,multi_train,multi,1200,1906,0.629591,1200,3
images/3225.jpg,multi_train,multi,1200,1906,0.629591,1200,3
images/3229.jpg,multi_train,multi,1200,1906,0.629591,1200,3
images/3232.jpg,multi_train,multi,1200,3132,0.383142,1200,3
images/3234.jpg,multi_train,multi,1200,1906,0.629591,1200,3
images/3238.jpg,multi_train,multi,1200,1508,0.795756,1200,4
images/3239.jpg,multi_train,multi,1200,1508,0.795756,1200,4
images/3240.jpg,"multi_train,single_train","multi,single",1200,1906,0.629591,1200,11
images/3241.jpg,multi_train,multi,1200,3548,0.338219,1200,1
images/3244.jpg,single_train,single,1200,2662,0.450789,1200,10
images/3247.jpg,multi_train,multi,1200,3344,0.358852,1200,2
images/325.jpg,multi_train,multi,1200,992,1.209677,992,1
images/3250.jpg,single_train,single,1200,1714,0.700117,1200,7
images/3253.jpg,multi_train,multi,1200,1880,0.638298,1200,1
images/3255.jpg,multi_train,multi,1200,1856,0.646552,1200,1
images/3257.jpg,multi_train,multi,1200,1880,0.638298,1200,1
images/3262.jpg,multi_train,multi,1200,2700,0.444444,1200,4
images/3266.jpg,multi_train,multi,1200,1976,0.607287,1200,1
images/3268.jpg,multi_train,multi,1200,2914,0.411805,1200,5
images/3269.jpg,multi_train,multi,1200,1894,0.63358,1200,8
images/3270.jpg,single_train,single,1200,2701,0.44428,1200,5
images/3272.jpg,multi_train,multi,1200,1894,0.63358,1200,4
images/3274.jpg,single_train,single,1200,1894,0.63358,1200,8
images/3275.jpg,multi_train,multi,1200,1894,0.63358,1200,3
images/328.jpg,multi_train,multi,2250,1500,1.5,1500,3
images/3282.jpg,multi_train,multi,1200,1894,0.63358,1200,4
images/3283.jpg,multi_train,multi,1140,1593,0.715631,1140,4
images/3286.jpg,single_test,single,1200,2619,0.45819,1200,5
images/3289.jpg,multi_train,multi,1200,1894,0.63358,1200,3
images/329.jpg,multi_train,multi,2500,2055,1.216545,2055,6
images/3290.jpg,single_train,single,1200,1894,0.63358,1200,9
images/3291.jpg,multi_train,multi,1200,1894,0.63358,1200,1
images/3292.jpg,single_train,single,1200,1894,0.63358,1200,6
images/3295.jpg,multi_train,multi,1200,1894,0.63358,1200,3
images/3296.jpg,multi_train,multi,1200,2555,0.469667,1200,3
images/3297.jpg,multi_train,multi,1200,1782,0.673401,1200,3
images/3298.jpg,multi_train,multi,1200,2424,0.49505,1200,4
images/3300.jpg,"multi_train,single_train","multi,single",1200,1658,0.723764,1200,13
images/3311.jpg,multi_train,multi,1200,2424,0.49505,1200,4
images/3316.jpg,multi_train,multi,1200,1782,0.673401,1200,4
images/3317.jpg,single_train,single,1200,1782,0.673401,1200,6
images/3318.jpg,"multi_train,single_train","multi,single",1200,2424,0.49505,1200,9
images/332.jpg,"multi_train,single_train","multi,single",2500,3110,0.803859,2500,14
images/3321.jpg,multi_train,multi,1200,1658,0.723764,1200,4
images/3322.jpg,multi_train,multi,1200,1894,0.63358,1200,12
images/3323.jpg,multi_train,multi,1200,2693,0.4456,1200,2
images/3324.jpg,multi_train,multi,1200,1782,0.673401,1200,3
images/3328.jpg,multi_train,multi,1200,1782,0.673401,1200,3
images/333.jpg,single_test,single,2500,3167,0.789391,2500,6
images/3336.jpg,single_train,single,1200,1782,0.673401,1200,6
images/3338.jpg,single_train,single,1200,2845,0.421793,1200,6
images/334.jpg,single_train,single,2250,1815,1.239669,1815,5
images/3341.jpg,single_train,single,1200,1782,0.673401,1200,7
images/3343.jpg,single_train,single,1200,1782,0.673401,1200,7
images/3346.jpg,single_train,single,1200,1782,0.673401,1200,6
images/3352.jpg,multi_train,multi,1200,1894,0.63358,1200,3
images/3355.jpg,multi_train,multi,1200,2914,0.411805,1200,2
images/3357.jpg,multi_train,multi,1200,2857,0.420021,1200,4
images/3359.jpg,multi_train,multi,1200,2470,0.48583,1200,3
images/336.jpg,multi_train,multi,2500,3167,0.789391,2500,1
images/3360.jpg,multi_train,multi,1200,2470,0.48583,1200,3
images/3361.jpg,multi_train,multi,1200,1816,0.660793,1200,3
images/3362.jpg,multi_train,multi,1200,1782,0.673401,1200,7
images/3363.jpg,multi_train,multi,1200,2193,0.547196,1200,1
images/3364.jpg,multi_train,multi,1200,2857,0.420021,1200,3
images/3365.jpg,multi_train,multi,1200,1782,0.673401,1200,3
images/3369.jpg,single_train,single,1200,1782,0.673401,1200,8
images/337.jpg,multi_train,multi,2500,1858,1.345533,1858,5
images/3373.jpg,multi_train,multi,1200,2857,0.420021,1200,5
images/3375.jpg,multi_train,multi,1200,2857,0.420021,1200,5
images/3379.jpg,multi_train,multi,1200,1894,0.63358,1200,3
images/3380.jpg,multi_train,multi,1200,2857,0.420021,1200,2
images/3381.jpg,single_train,single,1200,1690,0.710059,1200,9
images/3385.jpg,multi_train,multi,1200,2298,0.522193,1200,4
images/3387.jpg,single_train,single,1200,1892,0.634249,1200,5
images/3388.jpg,single_train,single,1200,1894,0.63358,1200,7
images/3389.jpg,single_train,single,1200,1892,0.634249,1200,6
images/339.jpg,multi_train,multi,2500,1667,1.4997,1667,2
images/3395.jpg,single_train,single,1200,1839,0.652529,1200,2
images/3406.jpg,single_train,single,1200,1839,0.652529,1200,7
images/3412.jpg,single_train,single,1200,1839,0.652529,1200,5
images/3414.jpg,single_train,single,1200,1839,0.652529,1200,7
images/3417.jpg,multi_train,multi,1200,1894,0.63358,1200,9
images/3418.jpg,multi_train,multi,1200,1839,0.652529,1200,8
images/3419.jpg,multi_train,multi,1200,1839,0.652529,1200,12
images/3420.jpg,"multi_train,single_train","multi,single",1200,1839,0.652529,1200,7
images/3421.jpg,multi_train,multi,1200,1839,0.652529,1200,3
images/3422.jpg,multi_train,multi,1200,1839,0.652529,1200,4
images/3423.jpg,multi_train,multi,1200,1839,0.652529,1200,8
images/3425.jpg,multi_train,multi,1200,1839,0.652529,1200,4
images/3426.jpg,multi_train,multi,1200,1510,0.794702,1200,2
images/3427.jpg,single_train,single,1200,1839,0.652529,1200,9
images/3429.jpg,multi_train,multi,1200,1688,0.7109,1200,2
images/3432.jpg,multi_train,multi,1200,1839,0.652529,1200,3
images/3437.jpg,multi_test,multi,1200,1973,0.608211,1200,2
images/3440.jpg,multi_train,multi,730,1184,0.616554,730,4
images/3443.jpg,multi_train,multi,1200,1711,0.701344,1200,4
images/3447.jpg,"multi_train,single_train","multi,single",1200,1795,0.668524,1200,10
images/3448.jpg,multi_train,multi,1200,3380,0.35503,1200,3
images/3449.jpg,multi_train,multi,1200,1661,0.722456,1200,2
images/345.jpg,multi_train,multi,2500,2888,0.865651,2500,5
images/3453.jpg,multi_train,multi,1200,1661,0.722456,1200,2
images/3454.jpg,"multi_train,single_train","multi,single",1200,2074,0.578592,1200,10
images/3456.jpg,single_train,single,1318,1022,1.289628,1022,9
images/346.jpg,multi_train,multi,2500,2011,1.243163,2011,1
images/3460.jpg,multi_train,multi,1200,2224,0.539568,1200,7
images/3461.jpg,multi_train,multi,1200,1677,0.715564,1200,2
images/3464.jpg,multi_train,multi,1200,2223,0.539811,1200,3
images/3465.jpg,single_train,single,1200,3003,0.3996,1200,5
images/3468.jpg,multi_train,multi,1379,2307,0.597746,1379,6
images/3470.jpg,multi_train,multi,1200,2874,0.417537,1200,4
images/3475.jpg,multi_train,multi,1200,2333,0.514359,1200,2
images/3479.jpg,multi_train,multi,2500,4713,0.530448,2500,3
images/3481.jpg,single_train,single,1231,955,1.289005,955,9
images/3484.jpg,multi_train,multi,1200,2963,0.404995,1200,2
images/3486.jpg,multi_train,multi,1200,3874,0.309757,1200,3
images/3487.jpg,multi_train,multi,2333,2264,1.030477,2264,1
images/3490.jpg,single_train,single,1342,1367,0.981712,1342,12
images/3499.jpg,multi_train,multi,1200,3793,0.316372,1200,4
images/35.jpg,multi_train,multi,1096,1444,0.759003,1096,2
images/3503.jpg,multi_train,multi,1200,2528,0.474684,1200,2
images/3505.jpg,multi_train,multi,1200,1406,0.853485,1200,5
images/3506.jpg,"multi_train,single_train","multi,single",1200,2299,0.521966,1200,14
images/3512.jpg,multi_train,multi,1200,2638,0.45489,1200,4
images/3513.jpg,"multi_train,single_train","multi,single",1200,2681,0.447594,1200,13
images/3516.jpg,multi_train,multi,1200,2579,0.465297,1200,1
images/3517.jpg,multi_train,multi,1200,2645,0.453686,1200,1
images/3518.jpg,multi_train,multi,900,2165,0.415704,900,2
images/3521.jpg,"multi_train,single_train","multi,single",1200,3149,0.381073,1200,9
images/3522.jpg,multi_train,multi,1200,2586,0.464037,1200,5
images/3525.jpg,multi_train,multi,1200,1849,0.648999,1200,1
images/3531.jpg,multi_train,multi,1200,1916,0.626305,1200,8
images/3533.jpg,multi_train,multi,1200,2946,0.407332,1200,3
images/3537.jpg,multi_train,multi,1200,2580,0.465116,1200,3
images/3538.jpg,multi_train,multi,1186,1334,0.889055,1186,7
images/3539.jpg,single_train,single,1200,2546,0.471328,1200,7
images/3541.jpg,multi_train,multi,1200,2074,0.578592,1200,3
images/3544.jpg,multi_train,multi,1200,1508,0.795756,1200,3
images/3547.jpg,"multi_train,single_train","multi,single",711,1334,0.532984,711,9
images/3548.jpg,multi_train,multi,1292,1307,0.988523,1292,2
images/3549.jpg,multi_train,multi,944,1114,0.847397,944,1
images/355.jpg,multi_train,multi,2500,1933,1.293326,1933,5
images/3551.jpg,multi_train,multi,924,599,1.542571,599,1
images/3558.jpg,single_train,single,3510,5689,0.61698,3510,11
images/356.jpg,multi_train,multi,2500,1828,1.367615,1828,2
images/3567.jpg,multi_train,multi,856,855,1.00117,855,1
images/3568.jpg,"multi_train,single_train","multi,single",856,775,1.104516,775,8
images/3575.jpg,"multi_train,single_train","multi,single",627,907,0.69129,627,12
images/3576.jpg,single_train,single,1426,4443,0.320954,1426,11
images/358.jpg,multi_train,multi,2250,1591,1.414205,1591,5
images/3583.jpg,"multi_test,single_test","multi,single",1103,994,1.109658,994,5
images/3585.jpg,multi_train,multi,651,835,0.779641,651,1
images/3586.jpg,multi_train,multi,989,1250,0.7912,989,1
images/3587.jpg,multi_train,multi,1144,1748,0.654462,1144,2
images/3588.jpg,multi_test,multi,1103,1072,1.028918,1072,3
images/359.jpg,multi_train,multi,2250,3709,0.606633,2250,4
images/3590.jpg,multi_train,multi,1144,1781,0.642336,1144,2
images/36.jpg,multi_train,multi,1200,1680,0.714286,1200,3
images/3600.jpg,multi_test,multi,1165,1758,0.662685,1165,3
images/361.jpg,single_train,single,2500,3450,0.724638,2500,8
images/3616.jpg,single_train,single,1104,1149,0.960836,1104,6
images/362.jpg,multi_train,multi,2500,1667,1.4997,1667,4
images/3621.jpg,multi_train,multi,856,745,1.148993,745,1
images/3622.jpg,single_train,single,1649,1954,0.84391,1649,5
images/3626.jpg,single_test,single,1280,1072,1.19403,1072,10
images/3629.jpg,multi_train,multi,1749,2318,0.75453,1749,1
images/3631.jpg,multi_train,multi,1319,2044,0.645303,1319,2
images/3633.jpg,multi_test,multi,1270,955,1.329843,955,2
images/3634.jpg,multi_test,multi,1212,850,1.425882,850,2
images/3637.jpg,multi_test,multi,1331,942,1.412951,942,2
images/3639.jpg,multi_train,multi,973,918,1.059913,918,2
images/3642.jpg,multi_train,multi,906,1116,0.811828,906,3
images/3644.jpg,"multi_train,single_train","multi,single",944,1288,0.732919,944,2
images/3648.jpg,multi_train,multi,944,1249,0.755805,944,1
images/3659.jpg,multi_train,multi,1279,923,1.385699,923,3
images/3661.jpg,multi_train,multi,2395,2398,0.998749,2395,2
images/3662.jpg,multi_train,multi,487,807,0.60347,487,4
images/3663.jpg,multi_train,multi,1246,1823,0.683489,1246,1
images/3665.jpg,multi_train,multi,970,902,1.075388,902,2
images/3668.jpg,multi_test,multi,1301,906,1.435982,906,3
images/3672.jpg,"multi_train,single_train","multi,single",705,555,1.27027,555,11
images/3675.jpg,single_train,single,1024,1024,1.0,1024,7
images/3680.jpg,multi_train,multi,1916,2878,0.66574,1916,1
images/3686.jpg,single_train,single,952,765,1.244444,765,6
images/3692.jpg,single_train,single,2667,1500,1.778,1500,7
images/3699.jpg,single_train,single,1478,1476,1.001355,1476,9
images/37.jpg,multi_train,multi,1200,1626,0.738007,1200,3
images/3701.jpg,multi_train,multi,919,1346,0.682764,919,3
images/3702.jpg,multi_train,multi,1776,1063,1.670743,1063,2
images/3703.jpg,multi_test,multi,1165,1620,0.719136,1165,3
images/3704.jpg,multi_test,multi,1165,1620,0.719136,1165,3
images/3710.jpg,multi_train,multi,1818,2351,0.773288,1818,2
images/3711.jpg,single_train,single,1651,3203,0.515454,1651,8
images/3715.jpg,single_train,single,921,848,1.086085,848,3
images/3718.jpg,multi_test,multi,853,628,1.35828,628,3
images/372.jpg,"multi_train,single_train","multi,single",2250,2925,0.769231,2250,7
images/3722.jpg,multi_train,multi,1424,1485,0.958923,1424,4
images/3725.jpg,multi_train,multi,1822,1831,0.995085,1822,2
images/3733.jpg,"multi_test,single_test","multi,single",1281,2632,0.486702,1281,13
images/3740.jpg,multi_test,multi,948,900,1.053333,900,4
images/3745.jpg,multi_train,multi,1270,1763,0.720363,1270,2
images/3748.jpg,multi_train,multi,1288,1575,0.817778,1288,1
images/375.jpg,single_train,single,2500,1880,1.329787,1880,6
images/3751.jpg,single_train,single,1990,2815,0.706927,1990,10
images/3752.jpg,multi_train,multi,969,1164,0.832474,969,1
images/3753.jpg,single_train,single,1281,2535,0.505325,1281,7
images/376.jpg,multi_test,multi,2500,2803,0.891902,2500,4
images/3764.jpg,single_train,single,1422,2700,0.526667,1422,9
images/3769.jpg,single_train,single,1303,1331,0.978963,1303,7
images/377.jpg,single_test,single,2250,1940,1.159794,1940,8
images/3771.jpg,single_train,single,2460,4344,0.566298,2460,4
images/3773.jpg,single_train,single,958,1201,0.797669,958,5
images/3777.jpg,multi_test,multi,948,989,0.958544,948,4
images/378.jpg,single_train,single,2500,2635,0.948767,2500,6
images/3780.jpg,single_train,single,1587,1004,1.580677,1004,13
images/3781.jpg,single_train,single,1279,1054,1.213472,1054,9
images/3786.jpg,single_train,single,599,744,0.805108,599,10
images/3788.jpg,single_train,single,1423,1402,1.014979,1402,10
images/3789.jpg,single_train,single,964,995,0.968844,964,7
images/3793.jpg,multi_test,multi,958,734,1.305177,734,2
images/3795.jpg,single_train,single,1250,1719,0.727167,1250,11
images/3796.jpg,multi_train,multi,945,1172,0.806314,945,1
images/3800.jpg,multi_test,multi,1160,762,1.52231,762,2
images/3814.jpg,single_test,single,3069,2619,1.171821,2619,9
images/382.jpg,multi_train,multi,2500,1916,1.304802,1916,2
images/3822.jpg,multi_train,multi,1375,2508,0.548246,1375,2
images/3824.jpg,single_train,single,1308,832,1.572115,832,8
images/3826.jpg,multi_train,multi,1000,1496,0.668449,1000,3
images/3828.jpg,"multi_train,single_train","multi,single",787,931,0.845328,787,11
images/3832.jpg,single_train,single,988,1521,0.649573,988,7
images/3835.jpg,single_train,single,2134,2103,1.014741,2103,6
images/3837.jpg,multi_train,multi,856,775,1.104516,775,1
images/384.jpg,multi_train,multi,2250,1669,1.348113,1669,3
images/3840.jpg,multi_train,multi,958,700,1.368571,700,6
images/3841.jpg,multi_test,multi,754,920,0.819565,754,3
images/3848.jpg,multi_train,multi,949,905,1.048619,905,2
images/385.jpg,multi_train,multi,2500,2444,1.022913,2444,3
images/3852.jpg,multi_train,multi,1213,1358,0.893225,1213,1
images/3856.jpg,single_test,single,1809,2127,0.850494,1809,11
images/3859.jpg,single_train,single,687,1267,0.542226,687,8
images/386.jpg,multi_train,multi,2500,2910,0.859107,2500,3
images/3871.jpg,multi_train,multi,1333,2499,0.533413,1333,2
images/3872.jpg,single_train,single,2919,3882,0.751932,2919,9
images/3875.jpg,multi_train,multi,1617,1507,1.072993,1507,4
images/388.jpg,multi_train,multi,2500,1755,1.424501,1755,4
images/3881.jpg,multi_train,multi,1709,1516,1.127309,1516,4
images/3882.jpg,multi_train,multi,1709,1462,1.168947,1462,3
images/3883.jpg,multi_train,multi,1709,1462,1.168947,1462,2
images/3885.jpg,multi_train,multi,1709,1462,1.168947,1462,5
images/3887.jpg,single_train,single,1709,1475,1.158644,1475,9
images/3889.jpg,single_train,single,1709,1518,1.125823,1518,9
images/3899.jpg,"multi_train,single_train","multi,single",1061,1502,0.706391,1061,15
images/39.jpg,multi_train,multi,1200,1406,0.853485,1200,4
images/3900.jpg,multi_train,multi,1244,1807,0.688434,1244,2
images/3903.jpg,multi_train,multi,919,1250,0.7352,919,3
images/3905.jpg,multi_train,multi,651,785,0.829299,651,3
images/3907.jpg,single_train,single,1279,820,1.559756,820,3
images/3909.jpg,single_train,single,2990,3577,0.835896,2990,9
images/3910.jpg,single_train,single,711,1108,0.641697,711,7
images/3912.jpg,multi_train,multi,944,1119,0.84361,944,1
images/3914.jpg,single_train,single,994,1558,0.637997,994,12
images/3916.jpg,multi_train,multi,1200,2906,0.412939,1200,2
images/3918.jpg,multi_test,multi,1200,3767,0.318556,1200,2
images/3920.jpg,"multi_train,single_train","multi,single",1200,2076,0.578035,1200,10
images/3921.jpg,multi_train,multi,1085,1334,0.813343,1085,7
images/3923.jpg,multi_train,multi,730,782,0.933504,730,3
images/3924.jpg,multi_train,multi,1334,1270,1.050394,1270,1
images/3925.jpg,multi_train,multi,1200,2247,0.534045,1200,4
images/3926.jpg,multi_train,multi,2500,2813,0.888731,2500,2
images/3927.jpg,multi_test,multi,1334,1254,1.063796,1254,3
images/3929.jpg,multi_train,multi,730,1126,0.648313,730,5
images/393.jpg,single_test,single,2250,1704,1.320423,1704,7
images/3930.jpg,multi_train,multi,1200,2870,0.418118,1200,4
images/3933.jpg,multi_train,multi,1006,765,1.315033,765,2
images/3934.jpg,multi_train,multi,2688,2327,1.155135,2327,4
images/394.jpg,multi_train,multi,2250,1704,1.320423,1704,2
images/3941.jpg,multi_train,multi,1339,1624,0.824507,1339,1
images/3942.jpg,multi_train,multi,2500,2524,0.990491,2500,1
images/3943.jpg,multi_train,multi,1200,2271,0.528402,1200,4
images/3945.jpg,multi_train,multi,1200,3665,0.327422,1200,6
images/3946.jpg,multi_train,multi,1200,3068,0.391134,1200,7
images/3948.jpg,multi_train,multi,1200,2632,0.455927,1200,3
images/3949.jpg,multi_train,multi,1200,2261,0.530739,1200,5
images/395.jpg,multi_train,multi,2500,1913,1.306848,1913,2
images/3951.jpg,multi_train,multi,919,1937,0.474445,919,2
images/3952.jpg,multi_train,multi,1200,3161,0.379627,1200,5
images/3954.jpg,multi_test,multi,1200,2014,0.595829,1200,5
images/396.jpg,multi_train,multi,2500,1892,1.321353,1892,2
images/3965.jpg,multi_train,multi,1200,1711,0.701344,1200,3
images/397.jpg,single_test,single,2250,3987,0.564334,2250,5
images/3973.jpg,multi_train,multi,1689,1233,1.36983,1233,4
images/3974.jpg,single_train,single,1342,1352,0.992604,1342,7
images/3979.jpg,multi_test,multi,2714,2807,0.966869,2714,3
images/3980.jpg,"multi_train,single_train","multi,single",1200,2861,0.419434,1200,9
images/3982.jpg,multi_train,multi,727,1334,0.544978,727,2
images/3983.jpg,multi_train,multi,1200,1916,0.626305,1200,12
images/3984.jpg,multi_train,multi,643,1334,0.482009,643,1
images/3985.jpg,single_train,single,1200,3352,0.357995,1200,8
images/3987.jpg,multi_test,multi,1200,2930,0.409556,1200,2
images/3988.jpg,multi_train,multi,1334,1303,1.023791,1303,1
images/3991.jpg,multi_train,multi,1481,2032,0.728839,1481,4
images/3996.jpg,single_train,single,1656,1100,1.505455,1100,9
images/4.jpg,single_train,single,1048,2538,0.412924,1048,9
images/40.jpg,multi_train,multi,2054,1820,1.128571,1820,6
images/4009.jpg,multi_train,multi,1106,1968,0.561992,1106,4
images/401.jpg,multi_train,multi,2500,2155,1.160093,2155,3
images/4018.jpg,"multi_train,single_train","multi,single",1349,1233,1.094079,1233,12
images/402.jpg,single_test,single,2500,2896,0.86326,2500,10
images/4028.jpg,multi_train,multi,1492,1014,1.4714,1014,2
images/403.jpg,multi_train,multi,2500,2109,1.185396,2109,1
images/4033.jpg,multi_train,multi,1200,1406,0.853485,1200,3
images/4034.jpg,multi_train,multi,1200,2565,0.467836,1200,7
images/4035.jpg,multi_train,multi,1200,1600,0.75,1200,9
images/4038.jpg,multi_train,multi,1200,1600,0.75,1200,10
images/4039.jpg,"multi_train,single_train","multi,single",1200,2100,0.571429,1200,11
images/4040.jpg,multi_train,multi,1200,2100,0.571429,1200,4
images/4041.jpg,multi_train,multi,2209,1550,1.425161,1550,4
images/4042.jpg,multi_train,multi,1200,2400,0.5,1200,7
images/4043.jpg,multi_train,multi,1200,2400,0.5,1200,4
images/4044.jpg,multi_train,multi,1200,2400,0.5,1200,4
images/4045.jpg,multi_train,multi,1200,2400,0.5,1200,4
images/4053.jpg,multi_train,multi,1200,2036,0.589391,1200,4
images/4055.jpg,multi_train,multi,1047,2567,0.407869,1047,3
images/4056.jpg,multi_train,multi,1200,3382,0.35482,1200,4
images/4057.jpg,multi_train,multi,1200,2566,0.467654,1200,1
images/4060.jpg,"multi_train,single_train","multi,single",1200,3075,0.390244,1200,8
images/4061.jpg,single_train,single,826,1334,0.61919,826,2
images/4063.jpg,multi_test,multi,1200,3063,0.391773,1200,6
images/4064.jpg,multi_train,multi,2167,2184,0.992216,2167,3
images/4065.jpg,multi_train,multi,1200,2107,0.56953,1200,4
images/4066.jpg,multi_train,multi,1006,1530,0.657516,1006,3
images/4069.jpg,multi_train,multi,961,853,1.126612,853,1
images/407.jpg,single_train,single,1396,1950,0.715897,1396,6
images/4072.jpg,"multi_train,single_train","multi,single",1342,896,1.497768,896,6
images/4073.jpg,multi_train,multi,990,837,1.182796,837,1
images/4076.jpg,single_train,single,1006,908,1.10793,908,7
images/4078.jpg,multi_train,multi,575,1334,0.431034,575,1
images/4080.jpg,single_train,single,1500,1921,0.780843,1500,1
images/4084.jpg,multi_train,multi,1404,2141,0.655768,1404,1
images/4085.jpg,single_train,single,968,754,1.28382,754,8
images/4086.jpg,multi_train,multi,1392,1467,0.948875,1392,3
images/4090.jpg,multi_train,multi,1319,2643,0.499054,1319,2
images/4093.jpg,multi_train,multi,1506,2287,0.658505,1506,4
images/4095.jpg,multi_train,multi,1256,1043,1.204219,1043,1
images/4096.jpg,multi_train,multi,2683,1795,1.494708,1795,1
images/4097.jpg,multi_test,multi,1341,1008,1.330357,1008,2
images/4099.jpg,single_train,single,698,954,0.731656,698,10
images/410.jpg,single_train,single,2250,2134,1.054358,2134,8
images/4100.jpg,multi_test,multi,1333,1733,0.769186,1333,2
images/4107.jpg,"multi_train,single_train","multi,single",1070,1434,0.746165,1070,15
images/4110.jpg,single_train,single,1141,751,1.519308,751,7
images/4111.jpg,multi_train,multi,1192,1751,0.680754,1192,3
images/4113.jpg,multi_train,multi,818,823,0.993925,818,3
images/4114.jpg,single_train,single,2013,1568,1.283801,1568,8
images/4118.jpg,multi_train,multi,1130,1602,0.705368,1130,9
images/4119.jpg,multi_train,multi,1269,2716,0.467231,1269,4
images/4121.jpg,multi_train,multi,1269,1678,0.756257,1269,3
images/4124.jpg,multi_train,multi,1023,970,1.054639,970,4
images/413.jpg,multi_train,multi,2500,2116,1.181474,2116,3
images/4132.jpg,single_train,single,1981,1748,1.133295,1748,8
images/4133.jpg,single_train,single,1200,1440,0.833333,1200,7
images/4134.jpg,multi_train,multi,1200,2580,0.465116,1200,3
images/4138.jpg,multi_test,multi,1200,3154,0.380469,1200,5
images/414.jpg,multi_train,multi,2500,2444,1.022913,2444,3
images/4142.jpg,multi_train,multi,1200,3120,0.384615,1200,3
images/4146.jpg,single_train,single,1334,1073,1.243243,1073,8
images/4149.jpg,multi_train,multi,3434,4753,0.722491,3434,8
images/4150.jpg,multi_train,multi,1200,3026,0.396563,1200,4
images/4152.jpg,multi_train,multi,1200,1427,0.840925,1200,1
images/4154.jpg,multi_train,multi,1200,2891,0.415081,1200,4
images/4157.jpg,multi_train,multi,1538,2943,0.522596,1538,2
images/4159.jpg,"multi_train,single_train","multi,single",1200,2199,0.545703,1200,9
images/416.jpg,single_train,single,2250,2272,0.990317,2250,4
images/4160.jpg,multi_train,multi,1200,2829,0.424178,1200,8
images/4162.jpg,single_train,single,1069,1334,0.801349,1069,5
images/4164.jpg,single_train,single,2280,5611,0.406345,2280,9
images/4166.jpg,"multi_train,single_train","multi,single",1200,2952,0.406504,1200,12
images/4167.jpg,multi_train,multi,1200,3476,0.345224,1200,3
images/4168.jpg,multi_train,multi,1200,1859,0.645508,1200,1
images/4169.jpg,single_train,single,2450,5295,0.462701,2450,2
images/417.jpg,multi_train,multi,2250,1583,1.421352,1583,4
images/4172.jpg,multi_train,multi,1200,1714,0.700117,1200,2
images/4174.jpg,multi_train,multi,1200,1711,0.701344,1200,3
images/4175.jpg,multi_train,multi,1200,3656,0.328228,1200,1
images/4176.jpg,multi_train,multi,2024,2969,0.681711,2024,2
images/4178.jpg,"multi_train,single_train","multi,single",1012,1647,0.614451,1012,15
images/4179.jpg,"multi_train,single_train","multi,single",869,1168,0.744007,869,13
images/4180.jpg,multi_train,multi,1012,1574,0.642948,1012,2
images/4181.jpg,multi_train,multi,1342,887,1.512965,887,2
images/4182.jpg,multi_train,multi,1012,1485,0.681481,1012,2
images/4184.jpg,multi_train,multi,1200,2400,0.5,1200,5
images/4185.jpg,multi_train,multi,1200,2400,0.5,1200,4
images/4186.jpg,multi_train,multi,1200,2400,0.5,1200,8
images/4188.jpg,multi_train,multi,1200,2400,0.5,1200,7
images/419.jpg,multi_train,multi,2500,1667,1.4997,1667,3
images/4190.jpg,multi_train,multi,1486,1520,0.977632,1486,1
images/4195.jpg,multi_train,multi,1302,2263,0.575342,1302,5
images/4196.jpg,multi_train,multi,2500,3674,0.680457,2500,2
images/42.jpg,multi_train,multi,1200,1932,0.621118,1200,3
images/420.jpg,single_train,single,4500,4282,1.050911,4282,10
images/4200.jpg,multi_train,multi,1228,859,1.429569,859,2
images/4201.jpg,single_train,single,1362,1066,1.277674,1066,2
images/4202.jpg,multi_train,multi,977,1144,0.854021,977,2
images/4205.jpg,multi_train,multi,1138,1356,0.839233,1138,3
images/4208.jpg,multi_train,multi,1514,1797,0.842515,1514,3
images/4211.jpg,multi_train,multi,631,1387,0.454939,631,1
images/4215.jpg,single_train,single,1200,1894,0.63358,1200,9
images/4216.jpg,single_train,single,1374,1008,1.363095,1008,9
images/4219.jpg,single_train,single,1006,1931,0.520974,1006,6
images/4222.jpg,multi_train,multi,983,1837,0.535112,983,3
images/4227.jpg,multi_train,multi,982,1292,0.760062,982,1
images/4237.jpg,multi_train,multi,1698,2420,0.701653,1698,2
images/4241.jpg,single_train,single,1988,3538,0.561899,1988,1
images/4242.jpg,multi_train,multi,1736,1626,1.067651,1626,3
images/4243.jpg,multi_train,multi,1200,1785,0.672269,1200,3
images/4247.jpg,multi_train,multi,1200,2716,0.441826,1200,4
images/4249.jpg,multi_train,multi,1200,1839,0.652529,1200,6
images/425.jpg,single_train,single,2500,3406,0.733999,2500,6
images/4251.jpg,multi_train,multi,1200,1839,0.652529,1200,6
images/4253.jpg,single_train,single,1200,3371,0.355977,1200,9
images/4255.jpg,multi_train,multi,1200,2981,0.402549,1200,2
images/4260.jpg,multi_train,multi,1200,2523,0.475624,1200,1
images/4261.jpg,multi_train,multi,1200,3144,0.381679,1200,1
images/4262.jpg,multi_train,multi,1200,3010,0.398671,1200,8
images/4263.jpg,multi_train,multi,1200,2276,0.527241,1200,7
images/4264.jpg,multi_train,multi,1200,2994,0.400802,1200,3
images/4265.jpg,single_train,single,1200,2693,0.4456,1200,7
images/4269.jpg,multi_train,multi,1200,1711,0.701344,1200,3
images/427.jpg,multi_test,multi,2500,2924,0.854993,2500,3
images/4275.jpg,multi_train,multi,1200,3193,0.375822,1200,2
images/4276.jpg,"multi_train,single_train","multi,single",1200,2433,0.493218,1200,11
images/4278.jpg,multi_train,multi,1200,3035,0.395387,1200,5
images/4280.jpg,multi_train,multi,1200,3293,0.364409,1200,2
images/4287.jpg,multi_train,multi,1200,2240,0.535714,1200,2
images/4288.jpg,multi_train,multi,1200,2426,0.494641,1200,2
images/4289.jpg,multi_train,multi,1200,1999,0.6003,1200,4
images/429.jpg,multi_train,multi,2500,3099,0.806712,2500,4
images/4291.jpg,multi_test,multi,1200,2431,0.493624,1200,6
images/4294.jpg,multi_train,multi,1200,2687,0.446595,1200,2
images/4295.jpg,multi_train,multi,1200,3361,0.357037,1200,2
images/4296.jpg,multi_train,multi,1200,1782,0.673401,1200,2
images/4299.jpg,multi_train,multi,1200,2276,0.527241,1200,3
images/43.jpg,multi_train,multi,1131,1744,0.648509,1131,3
images/4300.jpg,multi_train,multi,1200,2169,0.55325,1200,2
images/4303.jpg,multi_train,multi,1200,1953,0.614439,1200,5
images/4305.jpg,multi_train,multi,1200,3640,0.32967,1200,5
images/4306.jpg,multi_train,multi,1200,3953,0.303567,1200,2
images/4308.jpg,"multi_train,single_train","multi,single",1200,3725,0.322148,1200,12
images/4309.jpg,multi_train,multi,1200,3928,0.305499,1200,1
images/4315.jpg,multi_train,multi,1200,1510,0.794702,1200,3
images/4316.jpg,"multi_train,single_train","multi,single",1200,2562,0.468384,1200,8
images/4317.jpg,multi_train,multi,1200,1839,0.652529,1200,6
images/4318.jpg,multi_train,multi,1200,1794,0.668896,1200,3
images/4319.jpg,multi_train,multi,1200,1714,0.700117,1200,2
images/432.jpg,"multi_train,single_train","multi,single",2500,1912,1.307531,1912,11
images/4321.jpg,multi_train,multi,1200,1999,0.6003,1200,2
images/4322.jpg,multi_train,multi,1200,1782,0.673401,1200,3
images/4323.jpg,multi_train,multi,1200,3223,0.372324,1200,2
images/4324.jpg,multi_train,multi,1200,1782,0.673401,1200,3
images/4326.jpg,multi_train,multi,1200,1782,0.673401,1200,3
images/4328.jpg,multi_train,multi,1200,2352,0.510204,1200,3
images/4329.jpg,"multi_train,single_train","multi,single",1200,1782,0.673401,1200,4
images/4336.jpg,multi_train,multi,1200,1600,0.75,1200,4
images/4337.jpg,multi_train,multi,1340,1705,0.785924,1340,3
images/4338.jpg,multi_train,multi,1471,2407,0.611134,1471,2
images/4339.jpg,multi_train,multi,1980,2852,0.69425,1980,2
images/4342.jpg,multi_train,multi,1130,1655,0.682779,1130,4
images/4348.jpg,multi_train,multi,1361,1626,0.837023,1361,3
images/4358.jpg,multi_test,multi,1022,1318,0.775417,1022,3
images/4359.jpg,multi_train,multi,1035,835,1.239521,835,4
images/4361.jpg,single_train,single,1472,1792,0.821429,1472,12
images/4365.jpg,multi_train,multi,1063,1088,0.977022,1063,1
images/4367.jpg,multi_train,multi,1258,1111,1.132313,1111,6
images/4368.jpg,multi_train,multi,638,1627,0.392133,638,7
images/4369.jpg,multi_train,multi,717,1727,0.415171,717,2
images/437.jpg,multi_test,multi,2500,1856,1.346983,1856,2
images/4370.jpg,multi_train,multi,1490,987,1.509625,987,4
images/4371.jpg,multi_train,multi,1256,1663,0.755262,1256,4
images/4372.jpg,single_train,single,1059,1990,0.532161,1059,2
images/4373.jpg,multi_train,multi,1240,875,1.417143,875,5
images/4377.jpg,multi_train,multi,2683,1889,1.420328,1889,2
images/4380.jpg,multi_train,multi,1200,2178,0.550964,1200,4
images/4381.jpg,multi_train,multi,1547,1757,0.880478,1547,6
images/4382.jpg,"multi_test,single_test","multi,single",1657,1750,0.946857,1657,16
images/4387.jpg,single_train,single,1006,954,1.054507,954,6
images/44.jpg,multi_train,multi,1200,3234,0.371058,1200,1
images/440.jpg,multi_train,multi,2500,1912,1.307531,1912,3
images/4408.jpg,"multi_train,single_train","multi,single",1341,1348,0.994807,1341,2
images/441.jpg,multi_train,multi,2500,1912,1.307531,1912,5
images/4412.jpg,"multi_train,single_train","multi,single",1402,1449,0.967564,1402,11
images/4415.jpg,single_train,single,840,1080,0.777778,840,7
images/4418.jpg,multi_train,multi,1277,1119,1.141197,1119,1
images/4419.jpg,"multi_train,single_train","multi,single",958,696,1.376437,696,14
images/442.jpg,"multi_train,single_train","multi,single",2250,2569,0.875827,2250,8
images/4423.jpg,multi_train,multi,1362,1021,1.333986,1021,1
images/4424.jpg,multi_train,multi,1342,2050,0.654634,1342,4
images/443.jpg,multi_test,multi,2500,2278,1.097454,2278,5
images/4431.jpg,single_train,single,1346,1275,1.055686,1275,5
images/444.jpg,multi_train,multi,2500,1938,1.28999,1938,3
images/4446.jpg,multi_train,multi,1341,1458,0.919753,1341,1
images/4454.jpg,"multi_train,single_train","multi,single",1650,1208,1.365894,1208,12
images/4457.jpg,multi_train,multi,608,765,0.794771,608,2
images/4458.jpg,single_train,single,1307,1192,1.096477,1192,2
images/4462.jpg,multi_train,multi,1341,1008,1.330357,1008,2
images/4463.jpg,single_train,single,662,1172,0.564846,662,8
images/4465.jpg,single_train,single,3977,3580,1.110894,3580,9
images/4467.jpg,"multi_test,single_test","multi,single",952,1450,0.656552,952,13
images/4469.jpg,"multi_train,single_train","multi,single",1492,1021,1.461312,1021,13
images/447.jpg,single_train,single,2500,2261,1.105705,2261,6
images/4470.jpg,single_test,single,1083,1513,0.715796,1083,6
images/4477.jpg,"multi_train,single_train","multi,single",1318,2394,0.550543,1318,9
images/4479.jpg,single_train,single,1608,1089,1.476584,1089,9
images/448.jpg,multi_train,multi,2500,2064,1.21124,2064,5
images/4492.jpg,"multi_train,single_train","multi,single",1163,1381,0.842143,1163,4
images/4498.jpg,single_train,single,2426,2016,1.203373,2016,8
images/45.jpg,multi_test,multi,1103,1577,0.699429,1103,5
images/4500.jpg,single_train,single,729,982,0.742363,729,12
images/4501.jpg,single_train,single,1006,771,1.304799,771,3
images/4502.jpg,single_train,single,1031,880,1.171591,880,5
images/4511.jpg,multi_train,multi,1178,1117,1.054611,1117,4
images/4516.jpg,single_train,single,1200,1664,0.721154,1200,8
images/452.jpg,multi_train,multi,2250,1863,1.207729,1863,3
images/4520.jpg,multi_test,multi,1325,1621,0.817397,1325,1
images/4525.jpg,multi_train,multi,1075,1483,0.724882,1075,4
images/4526.jpg,multi_train,multi,1405,1783,0.787998,1405,8
images/4528.jpg,multi_train,multi,649,612,1.060458,612,8
images/4529.jpg,multi_train,multi,944,1093,0.863678,944,1
images/4530.jpg,multi_train,multi,1342,924,1.452381,924,4
images/4535.jpg,"multi_train,single_train","multi,single",1259,1071,1.175537,1071,12
images/4539.jpg,multi_train,multi,954,1210,0.78843,954,3
images/454.jpg,multi_train,multi,2250,1734,1.297578,1734,1
images/4543.jpg,single_train,single,1310,1103,1.18767,1103,7
images/4550.jpg,multi_train,multi,1260,920,1.369565,920,2
images/4563.jpg,multi_train,multi,1717,1090,1.575229,1090,4
images/4565.jpg,multi_train,multi,1255,1988,0.631288,1255,7
images/4575.jpg,multi_train,multi,1342,979,1.370787,979,3
images/4576.jpg,multi_train,multi,1339,2193,0.610579,1339,1
images/4582.jpg,single_test,single,762,1615,0.471827,762,6
images/4585.jpg,multi_train,multi,1317,1073,1.2274,1073,3
images/4591.jpg,multi_test,multi,1342,986,1.361055,986,2
images/4593.jpg,single_train,single,1021,739,1.381597,739,7
images/461.jpg,single_train,single,2250,1734,1.297578,1734,9
images/4612.jpg,single_train,single,1006,855,1.176608,855,9
images/4615.jpg,multi_test,multi,1178,2300,0.512174,1178,1
images/4616.jpg,multi_train,multi,1200,1782,0.673401,1200,2
images/4620.jpg,multi_train,multi,1200,1600,0.75,1200,9
images/4621.jpg,multi_train,multi,1200,1600,0.75,1200,14
images/4626.jpg,multi_train,multi,1806,1955,0.923785,1806,8
images/4628.jpg,multi_train,multi,1200,1658,0.723764,1200,4
images/4631.jpg,multi_train,multi,995,1005,0.99005,995,4
images/4639.jpg,multi_train,multi,1709,1370,1.247445,1370,3
images/464.jpg,multi_train,multi,2500,2324,1.075731,2324,1
images/4640.jpg,single_train,single,1709,1362,1.254772,1362,6
images/4643.jpg,single_train,single,1709,1362,1.254772,1362,7
images/4644.jpg,single_train,single,1709,1362,1.254772,1362,9
images/4648.jpg,single_train,single,1709,1383,1.235719,1383,10
images/4649.jpg,multi_train,multi,1709,1336,1.279192,1336,3
images/4650.jpg,multi_train,multi,1709,1336,1.279192,1336,3
images/4652.jpg,single_train,single,1709,1418,1.205219,1418,2
images/4654.jpg,multi_train,multi,1709,1396,1.224212,1396,1
images/4656.jpg,multi_train,multi,1709,1396,1.224212,1396,1
images/4658.jpg,single_train,single,1709,1334,1.281109,1334,5
images/4659.jpg,single_train,single,1709,1334,1.281109,1334,6
images/466.jpg,"multi_train,single_train","multi,single",2500,2444,1.022913,2444,9
images/4660.jpg,multi_train,multi,1392,1306,1.06585,1306,7
images/4663.jpg,"multi_train,single_train","multi,single",1392,1306,1.06585,1306,13
images/4665.jpg,multi_train,multi,1514,2197,0.689122,1514,3
images/4666.jpg,multi_train,multi,1200,1600,0.75,1200,4
images/4667.jpg,multi_train,multi,1200,1700,0.705882,1200,4
images/4669.jpg,"multi_train,single_train","multi,single",1187,2253,0.526853,1187,17
images/467.jpg,multi_train,multi,2250,4243,0.530285,2250,1
images/4670.jpg,multi_test,multi,1357,2480,0.547177,1357,3
images/4673.jpg,multi_train,multi,1161,1343,0.864483,1161,4
images/4675.jpg,multi_train,multi,1200,2400,0.5,1200,1
images/4676.jpg,multi_train,multi,1200,2400,0.5,1200,1
images/4677.jpg,multi_train,multi,1200,2160,0.555556,1200,1
images/4678.jpg,multi_train,multi,1200,2160,0.555556,1200,8
images/468.jpg,multi_train,multi,2250,1795,1.253482,1795,3
images/4681.jpg,single_test,single,631,832,0.758413,631,10
images/4683.jpg,single_train,single,2480,2346,1.057118,2346,6
images/469.jpg,multi_train,multi,2250,2455,0.916497,2250,2
images/4694.jpg,single_train,single,1398,1573,0.888748,1398,10
images/47.jpg,multi_train,multi,1200,2175,0.551724,1200,3
images/4700.jpg,multi_train,multi,950,1213,0.783182,950,8
images/4701.jpg,single_train,single,1013,1644,0.61618,1013,5
images/4716.jpg,single_train,single,1750,1908,0.917191,1750,6
images/4720.jpg,single_train,single,1750,1908,0.917191,1750,7
images/4731.jpg,single_train,single,3500,3817,0.91695,3500,7
images/4735.jpg,single_train,single,1750,1908,0.917191,1750,2
images/4737.jpg,single_train,single,1750,1908,0.917191,1750,8
images/4741.jpg,single_train,single,1750,1908,0.917191,1750,5
images/4753.jpg,multi_train,multi,1750,1908,0.917191,1750,3
images/476.jpg,multi_train,multi,2500,2775,0.900901,2500,4
images/4763.jpg,single_train,single,1750,1908,0.917191,1750,9
images/4774.jpg,multi_train,multi,1750,1908,0.917191,1750,5
images/4794.jpg,multi_train,multi,1750,1908,0.917191,1750,3
images/4798.jpg,single_test,single,1750,1908,0.917191,1750,7
images/4799.jpg,single_train,single,3500,3817,0.91695,3500,6
images/4810.jpg,multi_train,multi,2500,4096,0.610352,2500,7
images/4813.jpg,single_test,single,2500,4025,0.621118,2500,9
images/4815.jpg,single_train,single,2500,4079,0.612895,2500,8
images/4818.jpg,single_train,single,2500,3982,0.627825,2500,5
images/4819.jpg,multi_train,multi,2500,4078,0.613046,2500,4
images/482.jpg,single_train,single,2500,2444,1.022913,2444,6
images/4820.jpg,multi_train,multi,2500,4382,0.570516,2500,4
images/4831.jpg,multi_train,multi,2500,4258,0.58713,2500,4
images/4839.jpg,single_train,single,1750,1908,0.917191,1750,8
images/484.jpg,single_train,single,2250,1835,1.226158,1835,6
images/485.jpg,"multi_train,single_train","multi,single",2500,1671,1.49611,1671,16
images/4850.jpg,single_train,single,1750,1908,0.917191,1750,5
images/4861.jpg,single_train,single,1750,1908,0.917191,1750,5
images/4868.jpg,single_train,single,1750,1908,0.917191,1750,4
images/4869.jpg,multi_train,multi,1750,1908,0.917191,1750,20
images/487.jpg,"multi_train,single_train","multi,single",2250,1835,1.226158,1835,9
images/4871.jpg,single_train,single,1750,1908,0.917191,1750,8
images/4875.jpg,multi_train,multi,1750,1908,0.917191,1750,6
images/4879.jpg,single_train,single,1750,1908,0.917191,1750,4
images/488.jpg,multi_train,multi,2250,1696,1.326651,1696,2
images/4889.jpg,single_train,single,1750,1908,0.917191,1750,8
images/4896.jpg,single_train,single,1750,1908,0.917191,1750,1
images/49.jpg,multi_train,multi,1200,3860,0.310881,1200,2
images/4904.jpg,single_train,single,1750,1908,0.917191,1750,8
images/491.jpg,multi_train,multi,2500,1745,1.432665,1745,6
images/4913.jpg,single_train,single,1750,1908,0.917191,1750,9
images/4914.jpg,single_train,single,1750,1908,0.917191,1750,9
images/4918.jpg,single_train,single,1750,1908,0.917191,1750,8
images/4920.jpg,single_train,single,1750,1908,0.917191,1750,6
images/4943.jpg,single_train,single,1750,1908,0.917191,1750,7
images/4953.jpg,single_train,single,1750,1908,0.917191,1750,7
images/4958.jpg,single_train,single,1750,1908,0.917191,1750,5
images/4965.jpg,single_train,single,1750,1908,0.917191,1750,7
images/497.jpg,multi_train,multi,2250,2826,0.796178,2250,4
images/4989.jpg,multi_train,multi,2133,2342,0.91076,2133,3
images/499.jpg,multi_train,multi,2500,4280,0.584112,2500,4
images/4991.jpg,multi_train,multi,2844,3122,0.910955,2844,5
images/4994.jpg,multi_train,multi,4267,4683,0.911168,4267,5
images/4995.jpg,multi_train,multi,4267,4683,0.911168,4267,7
images/4996.jpg,multi_train,multi,2844,3122,0.910955,2844,6
images/4997.jpg,multi_train,multi,2560,2810,0.911032,2560,3
images/4998.jpg,multi_train,multi,2133,2342,0.91076,2133,8
images/4999.jpg,multi_train,multi,2133,2342,0.91076,2133,3
images/500.jpg,single_train,single,2500,2467,1.013377,2467,10
images/5001.jpg,multi_train,multi,2133,2342,0.91076,2133,5
images/5005.jpg,multi_train,multi,2133,2342,0.91076,2133,5
images/5007.jpg,single_train,single,2500,4183,0.597657,2500,2
images/5010.jpg,multi_train,multi,2500,4183,0.597657,2500,4
images/5013.jpg,single_train,single,2500,4228,0.591296,2500,7
images/5016.jpg,single_test,single,2500,3930,0.636132,2500,7
images/5019.jpg,single_train,single,4267,4683,0.911168,4267,9
images/5021.jpg,single_train,single,4267,4683,0.911168,4267,8
images/5023.jpg,single_train,single,2500,4078,0.613046,2500,8
images/5024.jpg,single_train,single,2500,3799,0.658068,2500,10
images/5026.jpg,single_test,single,2500,4183,0.597657,2500,8
images/5028.jpg,multi_train,multi,4267,4683,0.911168,4267,11
images/5029.jpg,multi_train,multi,4267,4683,0.911168,4267,4
images/5035.jpg,multi_train,multi,2500,4003,0.624532,2500,4
images/5037.jpg,single_train,single,2500,3970,0.629723,2500,9
images/504.jpg,"multi_test,single_test","multi,single",2500,2692,0.928678,2500,6
images/5040.jpg,multi_train,multi,2500,3818,0.654793,2500,4
images/5050.jpg,single_train,single,2500,4438,0.563317,2500,5
images/5052.jpg,multi_train,multi,2500,4042,0.618506,2500,3
images/5057.jpg,single_train,single,2500,4250,0.588235,2500,9
images/5058.jpg,"multi_train,single_train","multi,single",2133,2342,0.91076,2133,11
images/5060.jpg,single_train,single,2500,4187,0.597086,2500,1
images/5063.jpg,single_train,single,2500,4104,0.609162,2500,8
images/5064.jpg,single_train,single,2500,4292,0.582479,2500,9
images/5065.jpg,single_test,single,2500,4292,0.582479,2500,5
images/5067.jpg,single_train,single,2500,4295,0.582072,2500,10
images/507.jpg,multi_train,multi,2500,3300,0.757576,2500,3
images/5070.jpg,single_train,single,2500,4292,0.582479,2500,9
images/5071.jpg,single_train,single,2500,4292,0.582479,2500,8
images/5072.jpg,multi_train,multi,2500,4292,0.582479,2500,3
images/5074.jpg,multi_train,multi,2500,4188,0.596944,2500,3
images/5087.jpg,"multi_train,single_train","multi,single",2500,4130,0.605327,2500,10
images/5089.jpg,multi_train,multi,2500,4204,0.594672,2500,3
images/509.jpg,multi_train,multi,2500,1760,1.420455,1760,3
images/5091.jpg,single_train,single,2500,4182,0.5978,2500,6
images/5096.jpg,single_train,single,2500,4162,0.600673,2500,7
images/5099.jpg,single_train,single,2500,4058,0.616067,2500,8
images/51.jpg,multi_train,multi,1200,3292,0.36452,1200,3
images/5106.jpg,single_train,single,2500,3958,0.631632,2500,8
images/511.jpg,multi_train,multi,2500,1912,1.307531,1912,3
images/5112.jpg,multi_train,multi,2500,3870,0.645995,2500,6
images/5114.jpg,single_train,single,2500,4022,0.621581,2500,9
images/5121.jpg,multi_train,multi,2500,4216,0.592979,2500,4
images/5124.jpg,multi_train,multi,2500,4364,0.572869,2500,3
images/5129.jpg,multi_train,multi,2500,3959,0.631473,2500,4
images/513.jpg,multi_train,multi,2250,1673,1.344889,1673,1
images/5133.jpg,single_train,single,2500,4191,0.596516,2500,5
images/5134.jpg,single_train,single,2500,4186,0.597229,2500,9
images/5138.jpg,multi_train,multi,2500,3915,0.63857,2500,4
images/5144.jpg,single_train,single,2500,4032,0.62004,2500,9
images/5147.jpg,single_train,single,2500,3996,0.625626,2500,10
images/5148.jpg,single_train,single,2500,4111,0.608125,2500,8
images/515.jpg,multi_train,multi,2500,1720,1.453488,1720,8
images/5152.jpg,single_train,single,2500,3875,0.645161,2500,7
images/5153.jpg,multi_train,multi,2500,3864,0.646998,2500,6
images/5156.jpg,multi_train,multi,2500,4340,0.576037,2500,4
images/5157.jpg,multi_train,multi,2500,3937,0.635001,2500,6
images/5160.jpg,single_train,single,2500,4359,0.573526,2500,11
images/5162.jpg,single_train,single,2500,4195,0.595948,2500,6
images/5166.jpg,single_train,single,2500,4423,0.565227,2500,9
images/5167.jpg,single_train,single,2500,4256,0.587406,2500,8
images/517.jpg,multi_train,multi,2500,2558,0.977326,2500,2
images/5171.jpg,single_train,single,2500,4545,0.550055,2500,7
images/5176.jpg,single_train,single,2500,4422,0.565355,2500,8
images/5178.jpg,multi_train,multi,2500,4464,0.560036,2500,4
images/5179.jpg,multi_train,multi,2500,4464,0.560036,2500,3
images/5186.jpg,multi_train,multi,2500,4397,0.568569,2500,3
images/5187.jpg,single_train,single,2500,4691,0.532935,2500,9
images/5189.jpg,multi_train,multi,2500,4849,0.51557,2500,6
images/5191.jpg,single_train,single,2500,4835,0.517063,2500,9
images/521.jpg,multi_train,multi,2500,1881,1.32908,1881,5
images/5219.jpg,single_train,single,2500,4421,0.565483,2500,10
images/5221.jpg,single_train,single,2500,4296,0.581937,2500,9
images/5223.jpg,single_train,single,2500,2745,0.910747,2500,6
images/5224.jpg,single_train,single,2500,2745,0.910747,2500,4
images/523.jpg,multi_train,multi,2250,3939,0.571211,2250,1
images/5237.jpg,single_train,single,841,942,0.892781,841,7
images/524.jpg,multi_train,multi,2250,3543,0.635055,2250,4
images/5241.jpg,single_train,single,841,942,0.892781,841,7
images/5243.jpg,single_train,single,841,942,0.892781,841,7
images/5248.jpg,single_train,single,841,926,0.908207,841,6
images/5253.jpg,single_test,single,841,926,0.908207,841,5
images/526.jpg,multi_train,multi,2250,1795,1.253482,1795,3
images/5263.jpg,single_train,single,841,942,0.892781,841,9
images/5266.jpg,single_train,single,841,942,0.892781,841,4
images/527.jpg,multi_test,multi,2500,3011,0.830289,2500,3
images/5270.jpg,single_train,single,841,926,0.908207,841,9
images/5289.jpg,single_train,single,841,942,0.892781,841,8
images/53.jpg,multi_train,multi,2710,3946,0.686771,2710,4
images/530.jpg,multi_train,multi,2250,2006,1.121635,2006,1
images/5306.jpg,single_train,single,841,926,0.908207,841,8
images/5311.jpg,multi_train,multi,841,926,0.908207,841,6
images/5312.jpg,single_train,single,841,926,0.908207,841,7
images/5313.jpg,single_train,single,841,926,0.908207,841,7
images/5315.jpg,single_train,single,841,926,0.908207,841,1
images/5347.jpg,single_train,single,841,942,0.892781,841,1
images/5349.jpg,single_test,single,841,942,0.892781,841,4
images/535.jpg,multi_train,multi,2250,2683,0.838613,2250,4
images/5350.jpg,single_train,single,841,942,0.892781,841,7
images/5357.jpg,single_train,single,841,942,0.892781,841,8
images/536.jpg,multi_train,multi,2250,2731,0.823874,2250,4
images/5373.jpg,single_train,single,841,926,0.908207,841,6
images/5386.jpg,single_train,single,841,942,0.892781,841,5
images/539.jpg,multi_train,multi,2500,3153,0.792896,2500,1
images/5390.jpg,single_train,single,841,942,0.892781,841,8
images/5391.jpg,single_train,single,841,942,0.892781,841,4
images/5398.jpg,single_train,single,841,926,0.908207,841,7
images/5400.jpg,single_train,single,841,926,0.908207,841,7
images/5402.jpg,single_train,single,841,926,0.908207,841,9
images/5413.jpg,single_train,single,841,942,0.892781,841,6
images/5414.jpg,single_train,single,841,942,0.892781,841,8
images/5418.jpg,single_test,single,1750,1962,0.891947,1750,6
images/543.jpg,multi_train,multi,2500,3089,0.809323,2500,5
images/5436.jpg,single_train,single,841,926,0.908207,841,2
images/5437.jpg,single_train,single,841,926,0.908207,841,8
images/5442.jpg,multi_train,multi,841,926,0.908207,841,5
images/5444.jpg,single_train,single,841,926,0.908207,841,6
images/545.jpg,multi_train,multi,2500,5413,0.461851,2500,5
images/5457.jpg,single_train,single,841,926,0.908207,841,8
images/546.jpg,single_train,single,2250,2173,1.035435,2173,6
images/5461.jpg,single_train,single,841,942,0.892781,841,6
images/5472.jpg,single_test,single,841,926,0.908207,841,5
images/5476.jpg,single_train,single,841,926,0.908207,841,7
images/5499.jpg,multi_train,multi,841,926,0.908207,841,6
images/55.jpg,multi_train,multi,2710,3922,0.690974,2710,4
images/550.jpg,multi_train,multi,2500,2242,1.115076,2242,3
images/5503.jpg,single_train,single,841,926,0.908207,841,5
images/5525.jpg,single_train,single,841,926,0.908207,841,10
images/553.jpg,"multi_test,single_test","multi,single",2500,3665,0.682128,2500,17
images/5535.jpg,single_test,single,841,942,0.892781,841,8
images/5540.jpg,single_train,single,841,926,0.908207,841,5
images/5544.jpg,single_train,single,841,926,0.908207,841,7
images/5552.jpg,single_train,single,841,926,0.908207,841,6
images/5554.jpg,single_train,single,841,926,0.908207,841,6
images/5556.jpg,single_train,single,841,926,0.908207,841,8
images/5560.jpg,single_train,single,841,942,0.892781,841,10
images/5571.jpg,single_train,single,841,926,0.908207,841,10
images/5573.jpg,single_train,single,841,926,0.908207,841,9
images/5580.jpg,single_test,single,841,926,0.908207,841,8
images/5598.jpg,single_test,single,841,926,0.908207,841,10
images/560.jpg,multi_train,multi,2500,1894,1.319958,1894,3
images/5606.jpg,single_train,single,841,926,0.908207,841,3
images/5609.jpg,single_train,single,841,926,0.908207,841,10
images/561.jpg,multi_train,multi,2500,2260,1.106195,2260,2
images/5615.jpg,multi_train,multi,841,926,0.908207,841,4
images/5617.jpg,single_train,single,841,926,0.908207,841,3
images/5620.jpg,single_train,single,841,942,0.892781,841,11
images/5625.jpg,single_train,single,841,926,0.908207,841,6
images/5628.jpg,single_train,single,841,926,0.908207,841,8
images/5641.jpg,single_train,single,841,926,0.908207,841,8
images/5645.jpg,single_train,single,841,926,0.908207,841,6
images/5656.jpg,single_train,single,841,942,0.892781,841,7
images/5677.jpg,multi_train,multi,1751,1963,0.892002,1751,18
images/5682.jpg,single_train,single,841,942,0.892781,841,6
images/569.jpg,multi_test,multi,2260,3348,0.67503,2260,3
images/5695.jpg,multi_train,multi,841,942,0.892781,841,3
images/5697.jpg,multi_train,multi,841,942,0.892781,841,6
images/5707.jpg,single_test,single,841,942,0.892781,841,9
images/5708.jpg,multi_train,multi,841,942,0.892781,841,5
images/571.jpg,multi_train,multi,2500,2074,1.2054,2074,2
images/5715.jpg,single_train,single,1751,1963,0.892002,1751,7
images/5716.jpg,single_train,single,1751,1963,0.892002,1751,7
images/572.jpg,multi_train,multi,2500,2444,1.022913,2444,5
images/5728.jpg,single_train,single,1751,1963,0.892002,1751,7
images/573.jpg,multi_test,multi,2500,2692,0.928678,2500,4
images/5732.jpg,single_train,single,1751,1963,0.892002,1751,8
images/574.jpg,multi_test,multi,2500,3002,0.832778,2500,2
images/575.jpg,multi_train,multi,2500,1912,1.307531,1912,2
images/5759.jpg,single_train,single,1751,1963,0.892002,1751,7
images/576.jpg,"multi_train,single_train","multi,single",2500,2237,1.117568,2237,10
images/577.jpg,multi_train,multi,2500,3089,0.809323,2500,5
images/5773.jpg,multi_train,multi,1751,1963,0.892002,1751,6
images/5775.jpg,single_train,single,1751,1963,0.892002,1751,7
images/5776.jpg,single_train,single,1751,1963,0.892002,1751,8
images/5789.jpg,single_train,single,1751,1963,0.892002,1751,6
images/579.jpg,multi_train,multi,5000,5488,0.911079,5000,1
images/580.jpg,multi_train,multi,2500,2322,1.076658,2322,5
images/5800.jpg,single_train,single,1751,1963,0.892002,1751,7
images/5801.jpg,single_train,single,1751,1963,0.892002,1751,8
images/5802.jpg,single_train,single,1751,1963,0.892002,1751,7
images/5806.jpg,single_train,single,1751,1963,0.892002,1751,5
images/5813.jpg,single_train,single,841,942,0.892781,841,6
images/5823.jpg,single_train,single,1751,1963,0.892002,1751,7
images/5842.jpg,multi_train,multi,1750,1908,0.917191,1750,17
images/5847.jpg,multi_train,multi,1750,1908,0.917191,1750,3
images/5848.jpg,single_train,single,1750,1908,0.917191,1750,8
images/5849.jpg,single_train,single,1750,1908,0.917191,1750,6
images/5851.jpg,multi_train,multi,1750,1908,0.917191,1750,18
images/5852.jpg,single_train,single,1750,1908,0.917191,1750,6
images/5858.jpg,single_test,single,1750,1908,0.917191,1750,7
images/5859.jpg,single_train,single,1750,1908,0.917191,1750,5
images/5869.jpg,single_train,single,2500,3979,0.628299,2500,8
images/588.jpg,multi_train,multi,2500,5181,0.482532,2500,3
images/5880.jpg,single_train,single,1750,1908,0.917191,1750,6
images/5884.jpg,single_train,single,1750,1908,0.917191,1750,2
images/589.jpg,single_train,single,2250,2679,0.839866,2250,2
images/5893.jpg,single_train,single,1750,1908,0.917191,1750,6
images/5895.jpg,single_train,single,1750,1908,0.917191,1750,7
images/5896.jpg,single_train,single,1750,1908,0.917191,1750,8
images/5899.jpg,single_train,single,1750,1908,0.917191,1750,6
images/59.jpg,single_train,single,611,734,0.832425,611,10
images/5916.jpg,single_train,single,1750,1908,0.917191,1750,5
images/5919.jpg,single_train,single,1750,1908,0.917191,1750,3
images/592.jpg,multi_train,multi,2250,1757,1.280592,1757,3
images/593.jpg,multi_train,multi,2500,2956,0.845737,2500,1
images/5944.jpg,single_train,single,1750,1908,0.917191,1750,5
images/5945.jpg,multi_train,multi,1750,1908,0.917191,1750,3
images/5948.jpg,single_test,single,841,942,0.892781,841,6
images/596.jpg,multi_train,multi,2250,2493,0.902527,2250,2
images/5965.jpg,single_train,single,1750,1908,0.917191,1750,1
images/5969.jpg,single_train,single,1750,1908,0.917191,1750,9
images/5970.jpg,single_train,single,1750,1908,0.917191,1750,6
images/598.jpg,multi_train,multi,2500,2303,1.085541,2303,3
images/5988.jpg,single_test,single,1750,1908,0.917191,1750,8
images/599.jpg,multi_train,multi,2500,2838,0.880902,2500,1
images/5994.jpg,single_train,single,841,917,0.917121,841,8
images/5998.jpg,single_train,single,841,942,0.892781,841,5
images/5999.jpg,single_train,single,841,942,0.892781,841,6
images/600.jpg,multi_train,multi,2250,1678,1.340882,1678,8
images/6007.jpg,multi_train,multi,1750,1908,0.917191,1750,3
images/6008.jpg,single_train,single,1750,1908,0.917191,1750,5
images/6009.jpg,single_train,single,1750,1908,0.917191,1750,8
images/601.jpg,"multi_test,single_test","multi,single",2250,2771,0.811981,2250,10
images/6014.jpg,single_train,single,1750,1908,0.917191,1750,5
images/6024.jpg,single_train,single,1750,1908,0.917191,1750,8
images/6034.jpg,single_train,single,1750,1908,0.917191,1750,5
images/6041.jpg,single_test,single,841,942,0.892781,841,8
images/6048.jpg,single_train,single,1750,1908,0.917191,1750,5
images/6065.jpg,single_train,single,1750,1908,0.917191,1750,5
images/608.jpg,single_train,single,2500,2074,1.2054,2074,7
images/6082.jpg,single_train,single,1750,1908,0.917191,1750,8
images/6086.jpg,"multi_train,single_train","multi,single",1750,1908,0.917191,1750,13
images/6088.jpg,single_train,single,841,942,0.892781,841,5
images/609.jpg,multi_train,multi,2500,2074,1.2054,2074,4
images/6096.jpg,multi_train,multi,3500,3923,0.892174,3500,4
images/6110.jpg,multi_train,multi,1750,1962,0.891947,1750,6
images/614.jpg,multi_train,multi,2500,3089,0.809323,2500,5
images/6146.jpg,single_train,single,1750,1908,0.917191,1750,5
images/6155.jpg,single_train,single,1750,1908,0.917191,1750,8
images/6163.jpg,multi_train,multi,3500,3817,0.91695,3500,6
images/6172.jpg,single_test,single,841,926,0.908207,841,7
images/618.jpg,multi_train,multi,2250,4009,0.561237,2250,1
images/6180.jpg,single_train,single,841,942,0.892781,841,6
images/6192.jpg,single_train,single,1750,1908,0.917191,1750,6
images/6200.jpg,single_train,single,1750,1908,0.917191,1750,5
images/6208.jpg,single_train,single,1750,1908,0.917191,1750,2
images/621.jpg,multi_train,multi,2250,2069,1.087482,2069,1
images/6210.jpg,multi_train,multi,1750,1908,0.917191,1750,4
images/6215.jpg,single_train,single,1750,1908,0.917191,1750,6
images/6226.jpg,single_test,single,1750,1908,0.917191,1750,5
images/6247.jpg,single_train,single,1750,1908,0.917191,1750,6
images/625.jpg,multi_train,multi,2500,2242,1.115076,2242,6
images/6257.jpg,single_train,single,1750,1908,0.917191,1750,5
images/626.jpg,multi_train,multi,2250,1963,1.146205,1963,6
images/6262.jpg,single_train,single,1750,1908,0.917191,1750,6
images/627.jpg,multi_train,multi,2500,2454,1.018745,2454,3
images/6282.jpg,single_train,single,1750,1908,0.917191,1750,6
images/6304.jpg,single_train,single,1750,1908,0.917191,1750,4
images/6306.jpg,single_train,single,1750,1908,0.917191,1750,3
images/6307.jpg,single_train,single,1750,1908,0.917191,1750,6
images/6310.jpg,single_train,single,1750,1908,0.917191,1750,10
images/6318.jpg,single_train,single,1750,1908,0.917191,1750,6
images/6320.jpg,single_test,single,1750,1908,0.917191,1750,8
images/6326.jpg,multi_train,multi,1750,1908,0.917191,1750,4
images/6328.jpg,single_train,single,1750,1908,0.917191,1750,5
images/6343.jpg,single_train,single,1750,1908,0.917191,1750,5
images/6344.jpg,single_train,single,1750,1908,0.917191,1750,8
images/6348.jpg,single_train,single,1750,1908,0.917191,1750,4
images/6351.jpg,single_train,single,1750,1908,0.917191,1750,2
images/6353.jpg,single_train,single,1750,1908,0.917191,1750,6
images/6355.jpg,single_test,single,1750,1908,0.917191,1750,7
images/6357.jpg,single_train,single,1750,1908,0.917191,1750,9
images/636.jpg,single_test,single,2250,1713,1.313485,1713,9
images/6366.jpg,single_train,single,1750,1908,0.917191,1750,7
images/6377.jpg,multi_train,multi,1750,1908,0.917191,1750,19
images/6386.jpg,single_train,single,1750,1908,0.917191,1750,4
images/639.jpg,multi_train,multi,2500,2242,1.115076,2242,3
images/6397.jpg,single_train,single,1750,1908,0.917191,1750,1
images/64.jpg,single_test,single,2133,3167,0.673508,2133,6
images/6406.jpg,single_train,single,841,917,0.917121,841,4
images/6409.jpg,single_train,single,1750,1908,0.917191,1750,10
images/6410.jpg,single_train,single,1750,1908,0.917191,1750,7
images/6413.jpg,single_test,single,1750,1908,0.917191,1750,5
images/642.jpg,multi_train,multi,2500,3309,0.755515,2500,3
images/6427.jpg,single_train,single,1750,1908,0.917191,1750,6
images/6447.jpg,single_train,single,1750,1908,0.917191,1750,8
images/6449.jpg,single_train,single,1750,1908,0.917191,1750,1
images/6452.jpg,single_test,single,1750,1908,0.917191,1750,9
images/6461.jpg,single_train,single,1750,1908,0.917191,1750,7
images/647.jpg,multi_train,multi,2500,3592,0.695991,2500,1
images/6471.jpg,single_train,single,1750,1908,0.917191,1750,6
images/648.jpg,multi_train,multi,2500,1912,1.307531,1912,2
images/6489.jpg,single_train,single,1750,1908,0.917191,1750,6
images/650.jpg,multi_train,multi,2500,2739,0.912742,2500,9
images/6501.jpg,single_train,single,1750,1908,0.917191,1750,6
images/6502.jpg,single_train,single,1750,1908,0.917191,1750,8
images/651.jpg,single_train,single,2250,3776,0.595869,2250,14
images/6513.jpg,single_train,single,1750,1908,0.917191,1750,8
images/6514.jpg,single_train,single,1750,1908,0.917191,1750,4
images/6517.jpg,single_train,single,1750,1908,0.917191,1750,2
images/6523.jpg,single_train,single,1750,1908,0.917191,1750,9
images/6527.jpg,multi_train,multi,1750,1908,0.917191,1750,6
images/6528.jpg,single_train,single,1750,1908,0.917191,1750,5
images/653.jpg,multi_train,multi,2500,2639,0.947329,2500,3
images/6546.jpg,multi_test,multi,1144,2326,0.491831,1144,2
images/655.jpg,multi_train,multi,2250,2962,0.759622,2250,4
images/6550.jpg,single_train,single,1200,2473,0.485241,1200,3
images/6554.jpg,multi_train,multi,1200,2784,0.431034,1200,4
images/6558.jpg,multi_train,multi,1200,1902,0.630915,1200,3
images/656.jpg,multi_train,multi,2500,2242,1.115076,2242,1
images/6560.jpg,multi_train,multi,1200,2839,0.422684,1200,1
images/6561.jpg,multi_train,multi,693,1334,0.51949,693,1
images/6563.jpg,multi_train,multi,1200,3486,0.344234,1200,2
images/6564.jpg,multi_train,multi,1200,1759,0.682206,1200,2
images/6567.jpg,multi_test,multi,1200,3234,0.371058,1200,3
images/657.jpg,multi_train,multi,2500,3868,0.646329,2500,2
images/6571.jpg,multi_train,multi,1200,2813,0.426591,1200,3
images/6577.jpg,multi_train,multi,2031,1860,1.091935,1860,3
images/6578.jpg,multi_test,multi,1200,2254,0.532387,1200,4
images/658.jpg,multi_train,multi,2500,4781,0.522903,2500,5
images/6580.jpg,multi_train,multi,1370,2258,0.606732,1370,2
images/6582.jpg,multi_test,multi,1200,2004,0.598802,1200,6
images/6584.jpg,multi_train,multi,938,1829,0.512849,938,1
images/6587.jpg,single_train,single,1317,1733,0.759954,1317,9
images/6588.jpg,multi_train,multi,1138,1726,0.659328,1138,2
images/6590.jpg,single_test,single,557,1334,0.417541,557,8
images/6593.jpg,single_test,single,1200,3087,0.388727,1200,8
images/6595.jpg,multi_train,multi,2019,2047,0.986321,2019,4
images/6597.jpg,single_train,single,2677,3796,0.705216,2677,12
images/6601.jpg,multi_train,multi,1200,2317,0.517911,1200,8
images/6609.jpg,single_test,single,4000,2877,1.390337,2877,10
images/6610.jpg,multi_train,multi,4000,2877,1.390337,2877,5
images/6611.jpg,single_train,single,2133,2187,0.975309,2133,11
images/6614.jpg,multi_train,multi,4000,2583,1.548587,2583,3
images/6616.jpg,multi_train,multi,2133,1750,1.218857,1750,3
images/6618.jpg,multi_train,multi,2133,1842,1.15798,1842,2
images/6619.jpg,single_train,single,4000,2500,1.6,2500,9
images/663.jpg,multi_train,multi,2500,3817,0.654965,2500,2
images/6635.jpg,single_train,single,2500,5208,0.480031,2500,6
images/6646.jpg,multi_train,multi,2500,4479,0.55816,2500,5
images/6647.jpg,multi_train,multi,2500,6021,0.415213,2500,3
images/6649.jpg,"multi_train,single_train","multi,single",2500,5263,0.475014,2500,11
images/665.jpg,"multi_train,single_train","multi,single",2500,3050,0.819672,2500,15
images/6650.jpg,multi_train,multi,2500,3304,0.756659,2500,1
images/6651.jpg,multi_train,multi,2500,4363,0.573,2500,4
images/6655.jpg,single_train,single,2500,2829,0.883704,2500,2
images/6661.jpg,single_train,single,2500,2000,1.25,2000,10
images/6663.jpg,single_train,single,2250,1820,1.236264,1820,11
images/6664.jpg,multi_test,multi,2250,3448,0.652552,2250,2
images/6665.jpg,multi_train,multi,2250,3628,0.620176,2250,3
images/6668.jpg,single_train,single,2250,2404,0.93594,2250,8
images/667.jpg,multi_train,multi,2500,2158,1.15848,2158,4
images/6671.jpg,single_train,single,2500,1667,1.4997,1667,8
images/668.jpg,multi_train,multi,2250,2527,0.890384,2250,2
images/6680.jpg,multi_train,multi,2250,2540,0.885827,2250,2
images/6682.jpg,multi_train,multi,2250,2026,1.110563,2026,2
images/6689.jpg,single_train,single,1081,922,1.172451,922,10
images/669.jpg,multi_train,multi,2500,2780,0.899281,2500,7
images/6692.jpg,single_train,single,1081,796,1.35804,796,9
images/6693.jpg,"multi_train,single_train","multi,single",1321,2609,0.506324,1321,10
images/6694.jpg,single_train,single,1081,812,1.331281,812,8
images/6695.jpg,"multi_train,single_train","multi,single",1081,792,1.364899,792,10
images/6698.jpg,multi_train,multi,1200,845,1.420118,845,5
images/6700.jpg,multi_train,multi,2250,3047,0.738431,2250,3
images/6702.jpg,multi_train,multi,2250,1678,1.340882,1678,1
images/6712.jpg,multi_train,multi,2500,1773,1.410039,1773,5
images/6713.jpg,multi_train,multi,2500,2109,1.185396,2109,1
images/6714.jpg,multi_train,multi,2500,2239,1.11657,2239,3
images/6715.jpg,multi_train,multi,2500,1773,1.410039,1773,7
images/6719.jpg,multi_train,multi,2500,4270,0.58548,2500,1
images/672.jpg,multi_train,multi,2500,1912,1.307531,1912,5
images/6722.jpg,multi_train,multi,2500,2303,1.085541,2303,2
images/6727.jpg,multi_train,multi,2500,2276,1.098418,2276,8
images/6730.jpg,multi_train,multi,2500,2975,0.840336,2500,6
images/6731.jpg,multi_train,multi,2500,3556,0.703037,2500,5
images/6734.jpg,multi_train,multi,2500,3240,0.771605,2500,3
images/6735.jpg,multi_train,multi,2500,2840,0.880282,2500,3
images/6736.jpg,multi_train,multi,2500,3365,0.742942,2500,3
images/6741.jpg,multi_train,multi,2250,3986,0.564476,2250,4
images/6742.jpg,multi_train,multi,2500,3035,0.823723,2500,2
images/6745.jpg,"multi_train,single_train","multi,single",2500,4783,0.522685,2500,16
images/6746.jpg,multi_train,multi,2500,2658,0.940557,2500,3
images/6750.jpg,multi_train,multi,2500,1745,1.432665,1745,1
images/6753.jpg,multi_train,multi,2500,2096,1.192748,2096,3
images/6755.jpg,"multi_test,single_test","multi,single",2500,4061,0.615612,2500,8
images/6756.jpg,single_train,single,2500,3681,0.679163,2500,8
images/676.jpg,multi_test,multi,2500,2692,0.928678,2500,4
images/6760.jpg,multi_train,multi,2500,2790,0.896057,2500,1
images/6761.jpg,multi_train,multi,2500,3886,0.643335,2500,1
images/6767.jpg,multi_test,multi,2500,3118,0.801796,2500,2
images/6768.jpg,multi_train,multi,2500,1986,1.258812,1986,1
images/6769.jpg,multi_train,multi,2500,4039,0.618965,2500,1
images/677.jpg,"multi_train,single_train","multi,single",2500,3592,0.695991,2500,12
images/6770.jpg,single_train,single,2500,2021,1.237011,2021,8
images/6772.jpg,multi_train,multi,2500,1986,1.258812,1986,3
images/6773.jpg,multi_train,multi,2500,3603,0.693866,2500,1
images/6774.jpg,"multi_train,single_train","multi,single",2500,3851,0.649182,2500,11
images/6775.jpg,multi_test,multi,2500,3105,0.805153,2500,4
images/6777.jpg,multi_train,multi,2500,3459,0.722752,2500,1
images/6779.jpg,multi_train,multi,2500,3293,0.759186,2500,5
images/678.jpg,multi_test,multi,2500,3002,0.832778,2500,2
images/6780.jpg,multi_train,multi,2500,2533,0.986972,2500,1
images/6782.jpg,multi_train,multi,2500,2580,0.968992,2500,3
images/6783.jpg,single_train,single,2250,2032,1.107283,2032,8
images/6787.jpg,single_train,single,2500,4717,0.529998,2500,9
images/6789.jpg,multi_train,multi,2500,3265,0.765697,2500,1
images/679.jpg,multi_train,multi,2500,3300,0.757576,2500,3
images/6790.jpg,"multi_train,single_train","multi,single",2500,3074,0.813273,2500,8
images/6791.jpg,multi_test,multi,2500,3831,0.652571,2500,5
images/6792.jpg,multi_train,multi,1029,1232,0.835227,1029,2
images/6796.jpg,multi_test,multi,1027,1738,0.590909,1027,4
images/6798.jpg,single_train,single,2500,3276,0.763126,2500,7
images/68.jpg,single_train,single,4000,2583,1.548587,2583,9
images/6800.jpg,multi_train,multi,1044,790,1.321519,790,1
images/6804.jpg,multi_train,multi,2500,4213,0.593401,2500,2
images/6805.jpg,multi_train,multi,2500,4749,0.526427,2500,3
images/6807.jpg,"multi_train,single_train","multi,single",1027,1692,0.606974,1027,7
images/6808.jpg,multi_train,multi,2500,4737,0.52776,2500,2
images/681.jpg,"multi_train,single_train","multi,single",2500,3052,0.819135,2500,16
images/6810.jpg,multi_train,multi,2250,2067,1.088534,2067,1
images/6812.jpg,multi_train,multi,2500,3403,0.734646,2500,2
images/6815.jpg,single_train,single,2500,5170,0.483559,2500,3
images/6817.jpg,multi_train,multi,2500,4215,0.59312,2500,4
images/6818.jpg,single_train,single,1006,810,1.241975,810,8
images/6819.jpg,multi_train,multi,2500,4215,0.59312,2500,4
images/682.jpg,multi_train,multi,2500,2605,0.959693,2500,4
images/6821.jpg,multi_train,multi,747,1154,0.647314,747,2
images/6822.jpg,multi_train,multi,2500,2170,1.152074,2170,4
images/6827.jpg,multi_train,multi,1708,2788,0.612626,1708,5
images/6831.jpg,multi_train,multi,2031,2138,0.949953,2031,3
images/6837.jpg,multi_train,multi,1400,2242,0.624442,1400,5
images/684.jpg,multi_train,multi,2500,4610,0.542299,2500,5
images/6840.jpg,multi_train,multi,2500,4031,0.620194,2500,3
images/6842.jpg,multi_train,multi,2500,2878,0.868659,2500,7
images/6846.jpg,multi_train,multi,1200,3168,0.378788,1200,1
images/6847.jpg,multi_test,multi,1580,3903,0.404817,1580,2
images/6849.jpg,multi_train,multi,1193,2629,0.453785,1193,3
images/6850.jpg,"multi_train,single_train","multi,single",2500,5266,0.474744,2500,4
images/6851.jpg,multi_train,multi,2500,3321,0.752785,2500,10
images/6853.jpg,multi_train,multi,2500,2840,0.880282,2500,1
images/6856.jpg,multi_train,multi,2500,5132,0.48714,2500,1
images/6858.jpg,multi_train,multi,1289,2272,0.567342,1289,3
images/6861.jpg,single_train,single,2500,4580,0.545852,2500,9
images/6865.jpg,multi_train,multi,1333,4049,0.329217,1333,2
images/6868.jpg,multi_train,multi,1943,2973,0.653549,1943,2
images/6871.jpg,"multi_test,single_test","multi,single",2500,4972,0.502816,2500,7
images/6873.jpg,multi_train,multi,2500,3747,0.6672,2500,3
images/6874.jpg,multi_train,multi,2500,3552,0.703829,2500,3
images/6875.jpg,"multi_test,single_test","multi,single",2500,5309,0.470898,2500,6
images/6881.jpg,multi_train,multi,2500,3882,0.643998,2500,1
images/6882.jpg,multi_train,multi,2500,5024,0.497611,2500,1
images/6883.jpg,multi_test,multi,1457,3086,0.472132,1457,7
images/6884.jpg,single_train,single,1456,2607,0.558496,1456,9
images/6893.jpg,single_train,single,2500,4114,0.607681,2500,10
images/6894.jpg,single_train,single,2500,4096,0.610352,2500,13
images/6896.jpg,multi_train,multi,1393,3060,0.455229,1393,1
images/6900.jpg,single_train,single,2250,3496,0.643593,2250,9
images/6903.jpg,multi_train,multi,1571,2714,0.57885,1571,5
images/6908.jpg,single_train,single,2500,4777,0.523341,2500,10
images/6909.jpg,multi_train,multi,1379,2502,0.551159,1379,1
images/691.jpg,multi_train,multi,2500,3058,0.817528,2500,1
images/6911.jpg,multi_train,multi,2500,5425,0.460829,2500,2
images/6917.jpg,multi_train,multi,2500,4057,0.616219,2500,1
images/6918.jpg,multi_train,multi,1830,3609,0.507066,1830,2
images/6921.jpg,multi_train,multi,2250,2288,0.983392,2250,2
images/6924.jpg,multi_train,multi,2500,4975,0.502513,2500,2
images/6925.jpg,single_train,single,2883,2985,0.965829,2883,4
images/6926.jpg,multi_train,multi,2501,3095,0.808078,2501,4
images/6928.jpg,single_train,single,2250,2951,0.762453,2250,7
images/6934.jpg,multi_test,multi,2500,3924,0.637105,2500,2
images/6936.jpg,multi_train,multi,1006,1643,0.612295,1006,1
images/6938.jpg,single_train,single,2418,3785,0.638838,2418,5
images/694.jpg,single_train,single,2500,3784,0.660677,2500,1
images/6941.jpg,single_train,single,2491,5205,0.478578,2491,7
images/6942.jpg,multi_train,multi,2192,4476,0.489723,2192,3
images/6943.jpg,multi_train,multi,2500,6444,0.387958,2500,1
images/6945.jpg,single_train,single,2135,4501,0.474339,2135,7
images/6950.jpg,single_test,single,1311,1303,1.00614,1303,9
images/6954.jpg,"multi_train,single_train","multi,single",1427,2257,0.632255,1427,5
images/696.jpg,single_train,single,2250,1745,1.289398,1745,7
images/6963.jpg,multi_train,multi,2013,3858,0.521773,2013,3
images/6966.jpg,single_train,single,2229,4445,0.501462,2229,7
images/6967.jpg,multi_train,multi,2500,3853,0.648845,2500,2
images/6969.jpg,multi_train,multi,1342,1882,0.713071,1342,3
images/697.jpg,multi_train,multi,2500,4781,0.522903,2500,5
images/6970.jpg,multi_train,multi,2500,2990,0.83612,2500,1
images/6972.jpg,multi_train,multi,2589,6000,0.4315,2589,2
images/6974.jpg,multi_train,multi,1379,2185,0.631121,1379,1
images/6979.jpg,multi_train,multi,2500,3074,0.813273,2500,1
images/6987.jpg,single_train,single,3174,4099,0.774335,3174,9
images/6988.jpg,multi_train,multi,2500,3126,0.799744,2500,3
images/699.jpg,multi_train,multi,2250,1745,1.289398,1745,8
images/6991.jpg,multi_train,multi,2500,3043,0.821558,2500,3
images/6992.jpg,multi_train,multi,2705,4351,0.621696,2705,1
images/6996.jpg,single_test,single,2500,3315,0.754148,2500,9
images/6997.jpg,multi_train,multi,1344,4448,0.302158,1344,1
images/6998.jpg,single_train,single,1101,2569,0.428571,1101,6
images/700.jpg,single_test,single,1521,1731,0.878683,1521,6
images/7004.jpg,multi_train,multi,2500,3096,0.807494,2500,2
images/7007.jpg,multi_train,multi,2000,3762,0.531632,2000,3
images/7010.jpg,"multi_train,single_train","multi,single",2419,4396,0.550273,2419,7
images/7015.jpg,single_train,single,2250,4624,0.486592,2250,8
images/7018.jpg,multi_train,multi,2031,3596,0.564794,2031,3
images/7019.jpg,single_train,single,1321,3315,0.398492,1321,6
images/7022.jpg,multi_train,multi,2031,3495,0.581116,2031,3
images/7023.jpg,multi_train,multi,2062,5091,0.405028,2062,3
images/7024.jpg,single_train,single,1317,1520,0.866447,1317,7
images/7028.jpg,multi_train,multi,1396,2746,0.508376,1396,4
images/7032.jpg,multi_train,multi,2048,3663,0.559105,2048,1
images/7034.jpg,multi_train,multi,2576,3075,0.837724,2576,3
images/7035.jpg,multi_train,multi,2216,6728,0.32937,2216,1
images/7036.jpg,multi_train,multi,2177,6038,0.36055,2177,1
images/704.jpg,multi_train,multi,2500,2069,1.208313,2069,4
images/7042.jpg,multi_train,multi,2500,3851,0.649182,2500,1
images/7048.jpg,multi_train,multi,761,1140,0.667544,761,3
images/7049.jpg,multi_train,multi,2500,5041,0.495933,2500,3
images/705.jpg,single_train,single,2250,3153,0.713606,2250,11
images/7056.jpg,single_train,single,1548,3259,0.474992,1548,10
images/706.jpg,multi_train,multi,1485,3656,0.406182,1485,3
images/7068.jpg,multi_train,multi,2250,7036,0.319784,2250,2
images/7069.jpg,multi_train,multi,2250,6361,0.353718,2250,2
images/7070.jpg,"multi_train,single_train","multi,single",1333,1898,0.702318,1333,12
images/7072.jpg,multi_train,multi,2501,2544,0.983097,2501,3
images/7073.jpg,multi_train,multi,2500,2798,0.893495,2500,2
images/7074.jpg,multi_train,multi,2501,4175,0.599042,2501,3
images/7075.jpg,multi_train,multi,2500,2126,1.175917,2126,7
images/708.jpg,multi_train,multi,2500,2074,1.2054,2074,2
images/7080.jpg,multi_train,multi,2500,2968,0.842318,2500,5
images/7081.jpg,multi_train,multi,1333,2162,0.616559,1333,3
images/7082.jpg,"multi_train,single_train","multi,single",1244,1603,0.776045,1244,7
images/7083.jpg,"multi_train,single_train","multi,single",1244,2143,0.580495,1244,5
images/7084.jpg,multi_train,multi,1333,2217,0.601263,1333,2
images/7086.jpg,multi_train,multi,2500,5095,0.490677,2500,3
images/7087.jpg,multi_train,multi,3114,3000,1.038,3000,6
images/7093.jpg,single_train,single,2500,3408,0.733568,2500,8
images/7098.jpg,multi_train,multi,2500,5107,0.489524,2500,1
images/7099.jpg,single_train,single,2500,6526,0.383083,2500,2
images/710.jpg,single_train,single,1006,1081,0.93062,1006,9
images/7100.jpg,multi_train,multi,1073,1389,0.772498,1073,1
images/7105.jpg,single_train,single,2501,4430,0.56456,2501,5
images/7108.jpg,multi_train,multi,1205,3335,0.361319,1205,1
images/711.jpg,multi_train,multi,1381,2068,0.667795,1381,1
images/7113.jpg,multi_train,multi,2000,6529,0.306326,2000,4
images/7117.jpg,multi_train,multi,2500,2664,0.938438,2500,3
images/7119.jpg,multi_train,multi,1306,1376,0.949128,1306,1
images/7126.jpg,multi_train,multi,2500,2087,1.197892,2087,1
images/7128.jpg,"multi_train,single_train","multi,single",1210,2188,0.553016,1210,10
images/7132.jpg,multi_train,multi,2500,4428,0.564589,2500,1
images/7134.jpg,multi_train,multi,1263,2890,0.437024,1263,1
images/7137.jpg,multi_test,multi,2500,2713,0.921489,2500,1
images/7138.jpg,multi_train,multi,3387,4706,0.71972,3387,3
images/7140.jpg,"multi_train,single_train","multi,single",2464,4223,0.583471,2464,11
images/7142.jpg,single_train,single,2292,3086,0.742709,2292,13
images/7143.jpg,multi_train,multi,1237,1968,0.628557,1237,2
images/7148.jpg,multi_train,multi,1938,1899,1.020537,1899,3
images/7149.jpg,single_train,single,2501,2884,0.867198,2501,9
images/715.jpg,multi_train,multi,2500,3300,0.757576,2500,3
images/7152.jpg,multi_train,multi,1572,1429,1.10007,1429,2
images/7157.jpg,multi_train,multi,1193,2188,0.545247,1193,2
images/7158.jpg,multi_train,multi,1193,1487,0.802286,1193,2
images/7159.jpg,"multi_train,single_train","multi,single",2000,3428,0.583431,2000,11
images/7161.jpg,"multi_train,single_train","multi,single",2501,3750,0.666933,2501,5
images/7164.jpg,multi_train,multi,2000,2432,0.822368,2000,3
images/7169.jpg,multi_train,multi,2000,2267,0.882223,2000,2
images/7173.jpg,multi_train,multi,1200,2600,0.461538,1200,4
images/7177.jpg,multi_train,multi,2000,2952,0.677507,2000,1
images/7179.jpg,single_train,single,2500,3266,0.765462,2500,8
images/7180.jpg,single_train,single,1795,1520,1.180921,1520,5
images/7181.jpg,multi_train,multi,1353,2767,0.488977,1353,2
images/7182.jpg,multi_train,multi,1584,4837,0.327476,1584,1
images/7186.jpg,multi_train,multi,1302,2323,0.560482,1302,4
images/7187.jpg,multi_train,multi,2000,3414,0.585823,2000,1
images/7188.jpg,multi_train,multi,1302,2556,0.50939,1302,5
images/7190.jpg,single_train,single,1375,1872,0.734509,1375,3
images/7191.jpg,multi_train,multi,1633,2477,0.659265,1633,3
images/7194.jpg,multi_train,multi,2500,4987,0.501303,2500,4
images/7196.jpg,multi_train,multi,2500,5120,0.488281,2500,1
images/7197.jpg,multi_train,multi,2500,3212,0.778331,2500,3
images/7199.jpg,multi_train,multi,1667,4570,0.36477,1667,3
images/7200.jpg,multi_train,multi,1302,1980,0.657576,1302,2
images/7202.jpg,multi_train,multi,1335,1329,1.004515,1329,4
images/7203.jpg,"multi_train,single_train","multi,single",2252,3010,0.748173,2252,16
images/7204.jpg,multi_train,multi,2000,6162,0.32457,2000,4
images/7206.jpg,multi_test,multi,1302,1368,0.951754,1302,4
images/7208.jpg,single_train,single,1475,3296,0.447512,1475,7
images/7210.jpg,multi_train,multi,1628,3706,0.439288,1628,3
images/7218.jpg,multi_train,multi,2500,4008,0.623752,2500,4
images/722.jpg,single_train,single,2250,1613,1.394916,1613,8
images/7221.jpg,multi_train,multi,2000,5436,0.367918,2000,2
images/7224.jpg,single_train,single,2765,3101,0.891648,2765,9
images/7225.jpg,multi_test,multi,1302,2392,0.544314,1302,2
images/7229.jpg,multi_train,multi,1360,2469,0.55083,1360,1
images/7231.jpg,multi_train,multi,2667,6540,0.407798,2667,4
images/7232.jpg,"multi_train,single_train","multi,single",1900,5089,0.373354,1900,6
images/7234.jpg,multi_test,multi,1185,2925,0.405128,1185,2
images/7239.jpg,multi_train,multi,2500,6911,0.361742,2500,2
images/7240.jpg,multi_train,multi,1667,1694,0.984061,1667,4
images/7241.jpg,multi_train,multi,3207,5826,0.550463,3207,2
images/7243.jpg,single_train,single,2500,3442,0.726322,2500,7
images/7245.jpg,single_train,single,1161,1935,0.6,1161,8
images/7247.jpg,multi_train,multi,3343,7268,0.459961,3343,4
images/7248.jpg,"multi_train,single_train","multi,single",1343,1969,0.682072,1343,13
images/7255.jpg,multi_train,multi,2250,2076,1.083815,2076,1
images/726.jpg,multi_train,multi,2500,2242,1.115076,2242,3
images/7260.jpg,single_train,single,1085,2031,0.53422,1085,7
images/7264.jpg,multi_train,multi,2500,5209,0.479939,2500,1
images/727.jpg,multi_test,multi,2250,3968,0.567036,2250,4
images/7272.jpg,multi_train,multi,1350,2438,0.553733,1350,3
images/7273.jpg,multi_train,multi,1085,2174,0.49908,1085,2
images/7274.jpg,multi_test,multi,2500,4995,0.500501,2500,6
images/7278.jpg,multi_train,multi,2500,3759,0.66507,2500,1
images/7280.jpg,"multi_train,single_train","multi,single",2333,5201,0.448568,2333,8
images/7282.jpg,multi_train,multi,2837,5485,0.517229,2837,2
images/7284.jpg,single_train,single,1594,4427,0.360063,1594,4
images/7288.jpg,"multi_test,single_test","multi,single",918,2129,0.431188,918,14
images/7293.jpg,multi_train,multi,2000,4853,0.412116,2000,3
images/7294.jpg,single_train,single,1349,2660,0.507143,1349,14
images/7298.jpg,single_train,single,1302,2766,0.470716,1302,5
images/7299.jpg,multi_test,multi,2500,4011,0.623286,2500,2
images/7300.jpg,single_train,single,2512,4131,0.608085,2512,10
images/7306.jpg,multi_train,multi,2837,5953,0.476566,2837,3
images/7309.jpg,single_train,single,1658,2337,0.709457,1658,7
images/7310.jpg,single_train,single,1978,3846,0.514301,1978,5
images/7312.jpg,multi_train,multi,2000,3762,0.531632,2000,2
images/7314.jpg,multi_test,multi,900,1679,0.536033,900,1
images/7316.jpg,multi_train,multi,2801,5812,0.481934,2801,2
images/7317.jpg,multi_train,multi,798,2162,0.369103,798,2
images/7318.jpg,multi_train,multi,1545,2494,0.619487,1545,1
images/7319.jpg,single_train,single,1754,4424,0.396474,1754,10
images/732.jpg,multi_train,multi,2408,2421,0.99463,2408,1
images/7321.jpg,single_train,single,1008,1560,0.646154,1008,8
images/7323.jpg,multi_train,multi,2742,4749,0.577385,2742,2
images/733.jpg,single_train,single,1350,2775,0.486486,1350,6
images/7330.jpg,single_train,single,1768,1569,1.126832,1569,10
images/7336.jpg,single_train,single,2123,2697,0.787171,2123,6
images/734.jpg,multi_train,multi,2149,2129,1.009394,2129,3
images/7343.jpg,multi_train,multi,1879,4358,0.431161,1879,1
images/7344.jpg,single_train,single,1361,1613,0.843769,1361,2
images/7345.jpg,single_train,single,1552,2789,0.556472,1552,6
images/7349.jpg,"multi_test,single_test","multi,single",2400,3360,0.714286,2400,7
images/735.jpg,multi_train,multi,1269,1892,0.670719,1269,5
images/7350.jpg,multi_test,multi,2400,2141,1.120972,2141,1
images/7351.jpg,multi_train,multi,2837,5362,0.529094,2837,3
images/7353.jpg,single_test,single,1290,2820,0.457447,1290,6
images/7363.jpg,multi_train,multi,2057,4343,0.473636,2057,3
images/7366.jpg,multi_train,multi,1852,4167,0.444444,1852,4
images/7367.jpg,single_train,single,1680,4363,0.385056,1680,7
images/7368.jpg,single_train,single,2863,3300,0.867576,2863,5
images/7374.jpg,single_train,single,771,1703,0.45273,771,14
images/7380.jpg,multi_train,multi,1662,3450,0.481739,1662,2
images/7382.jpg,multi_train,multi,1975,5063,0.390085,1975,6
images/7384.jpg,multi_train,multi,1200,3216,0.373134,1200,3
images/7387.jpg,"multi_train,single_train","multi,single",1806,1587,1.137996,1587,11
images/7389.jpg,single_train,single,1875,4252,0.440969,1875,10
images/7391.jpg,"multi_train,single_train","multi,single",1302,2320,0.561207,1302,8
images/7392.jpg,multi_train,multi,2000,3745,0.534045,2000,3
images/7394.jpg,multi_train,multi,2250,3452,0.651796,2250,3
images/7398.jpg,multi_train,multi,1725,3413,0.50542,1725,1
images/7399.jpg,"multi_train,single_train","multi,single",2500,3118,0.801796,2500,10
images/7401.jpg,multi_train,multi,1200,2451,0.489596,1200,1
images/7406.jpg,multi_train,multi,2250,5310,0.423729,2250,1
images/741.jpg,single_train,single,2250,2360,0.95339,2250,5
images/7410.jpg,single_train,single,827,1602,0.51623,827,1
images/7411.jpg,multi_train,multi,2250,3002,0.7495,2250,3
images/7413.jpg,multi_train,multi,992,1185,0.837131,992,1
images/7414.jpg,multi_train,multi,2250,4162,0.540605,2250,1
images/7415.jpg,multi_train,multi,2250,4271,0.526809,2250,3
images/7416.jpg,multi_train,multi,2250,3811,0.590396,2250,2
images/7418.jpg,multi_train,multi,2250,3993,0.563486,2250,2
images/742.jpg,multi_train,multi,1340,2280,0.587719,1340,2
images/743.jpg,multi_train,multi,2250,2730,0.824176,2250,2
images/7434.jpg,single_train,single,1915,2046,0.935973,1915,1
images/7439.jpg,multi_train,multi,2501,4528,0.552341,2501,1
images/7441.jpg,multi_train,multi,1625,3596,0.451891,1625,2
images/7443.jpg,multi_train,multi,1688,4224,0.399621,1688,2
images/7444.jpg,single_train,single,1926,2702,0.712805,1926,10
images/7447.jpg,multi_train,multi,1254,2676,0.46861,1254,4
images/7449.jpg,multi_train,multi,2081,4800,0.433542,2081,3
images/7451.jpg,multi_train,multi,1244,1472,0.845109,1244,2
images/7452.jpg,multi_train,multi,1244,1814,0.685777,1244,3
images/7453.jpg,multi_test,multi,2686,4172,0.643816,2686,2
images/7454.jpg,single_train,single,2425,5619,0.431571,2425,6
images/7455.jpg,multi_test,multi,889,643,1.382582,643,2
images/7459.jpg,multi_train,multi,1625,3854,0.42164,1625,3
images/7464.jpg,multi_train,multi,1319,3992,0.330411,1319,3
images/7465.jpg,multi_train,multi,2500,2407,1.038637,2407,1
images/7475.jpg,multi_train,multi,2111,2093,1.0086,2093,5
images/7476.jpg,multi_train,multi,1777,2996,0.593124,1777,2
images/7478.jpg,multi_train,multi,1563,3362,0.464902,1563,3
images/7482.jpg,multi_train,multi,1563,2636,0.592944,1563,4
images/7483.jpg,multi_train,multi,1668,3250,0.513231,1668,2
images/7484.jpg,multi_train,multi,1240,2064,0.600775,1240,3
images/7491.jpg,multi_train,multi,2078,4462,0.46571,2078,5
images/7496.jpg,multi_train,multi,1875,3721,0.503897,1875,1
images/7497.jpg,multi_train,multi,1750,2570,0.680934,1750,3
images/7499.jpg,multi_train,multi,1875,2730,0.686813,1875,3
images/7502.jpg,multi_train,multi,1480,1909,0.775275,1480,6
images/7503.jpg,single_train,single,1650,1275,1.294118,1275,10
images/7513.jpg,multi_train,multi,730,652,1.119632,652,4
images/7515.jpg,multi_train,multi,1181,3291,0.358857,1181,1
images/7520.jpg,multi_train,multi,1304,1475,0.884068,1304,1
images/7521.jpg,"multi_train,single_train","multi,single",992,1556,0.637532,992,7
images/7523.jpg,multi_test,multi,830,2414,0.343828,830,2
images/7529.jpg,single_train,single,992,1721,0.576409,992,8
images/753.jpg,multi_train,multi,1381,1680,0.822024,1381,1
images/7530.jpg,multi_train,multi,1352,3746,0.360918,1352,2
images/7532.jpg,multi_train,multi,1304,2321,0.561827,1304,2
images/7533.jpg,single_train,single,2833,5908,0.479519,2833,6
images/7542.jpg,multi_test,multi,730,1200,0.608333,730,2
images/7544.jpg,single_train,single,1065,3042,0.350099,1065,10
images/7545.jpg,multi_train,multi,730,1370,0.532847,730,5
images/7551.jpg,multi_train,multi,2150,3343,0.643135,2150,5
images/7556.jpg,multi_test,multi,1628,2028,0.802761,1628,4
images/7557.jpg,multi_train,multi,1339,2437,0.549446,1339,1
images/7558.jpg,multi_train,multi,1168,1878,0.621938,1168,6
images/7560.jpg,multi_test,multi,2650,4808,0.551165,2650,3
images/7566.jpg,multi_train,multi,2258,1832,1.232533,1832,4
images/7570.jpg,multi_train,multi,1200,2361,0.508259,1200,1
images/7571.jpg,multi_train,multi,1480,2845,0.520211,1480,1
images/7572.jpg,multi_train,multi,1200,1898,0.632244,1200,2
images/7573.jpg,multi_train,multi,5001,7885,0.634242,5001,3
images/7576.jpg,multi_train,multi,1200,3233,0.371172,1200,1
images/7577.jpg,multi_train,multi,2481,6034,0.41117,2481,1
images/7580.jpg,multi_train,multi,730,1032,0.707364,730,3
images/7581.jpg,multi_train,multi,1875,3167,0.592043,1875,4
images/7582.jpg,single_train,single,1500,3039,0.493583,1500,3
images/7586.jpg,"multi_train,single_train","multi,single",1480,2134,0.693533,1480,7
images/7588.jpg,"multi_train,single_train","multi,single",1480,1941,0.762494,1480,6
images/759.jpg,multi_train,multi,2500,2074,1.2054,2074,4
images/7591.jpg,multi_test,multi,730,916,0.796943,730,8
images/7592.jpg,multi_train,multi,730,1777,0.410805,730,1
images/7594.jpg,multi_test,multi,730,2048,0.356445,730,3
images/7595.jpg,multi_train,multi,730,2030,0.359606,730,5
images/7599.jpg,single_train,single,730,1820,0.401099,730,10
images/760.jpg,multi_train,multi,2500,3297,0.758265,2500,3
images/7600.jpg,multi_test,multi,730,1418,0.51481,730,2
images/7601.jpg,multi_train,multi,730,2038,0.358194,730,3
images/7602.jpg,single_train,single,730,1916,0.381002,730,12
images/7606.jpg,multi_train,multi,1240,1913,0.648197,1240,3
images/7607.jpg,multi_train,multi,2991,3489,0.857266,2991,3
images/7609.jpg,multi_train,multi,1446,2382,0.607053,1446,4
images/761.jpg,multi_test,multi,1130,1526,0.740498,1130,3
images/7610.jpg,single_train,single,1200,1817,0.660429,1200,5
images/7613.jpg,multi_train,multi,1200,1473,0.814664,1200,2
images/7615.jpg,multi_train,multi,730,1601,0.455965,730,4
images/7617.jpg,multi_train,multi,730,1376,0.530523,730,1
images/7618.jpg,multi_train,multi,730,1145,0.637555,730,2
images/7619.jpg,multi_train,multi,730,2418,0.301902,730,2
images/7624.jpg,multi_train,multi,730,1309,0.557678,730,1
images/7625.jpg,multi_train,multi,730,2135,0.34192,730,3
images/7626.jpg,multi_train,multi,1200,2973,0.403633,1200,4
images/7627.jpg,multi_test,multi,1200,2430,0.493827,1200,6
images/763.jpg,multi_train,multi,2500,3362,0.743605,2500,4
images/7635.jpg,multi_train,multi,1200,1956,0.613497,1200,3
images/7639.jpg,multi_train,multi,1200,2022,0.593472,1200,3
images/7644.jpg,multi_train,multi,1200,2789,0.430262,1200,7
images/765.jpg,multi_train,multi,1371,850,1.612941,850,3
images/7650.jpg,single_train,single,1200,1779,0.674536,1200,4
images/7652.jpg,multi_train,multi,1200,3136,0.382653,1200,5
images/7653.jpg,multi_train,multi,1200,3450,0.347826,1200,2
images/7655.jpg,multi_train,multi,1200,1873,0.640683,1200,2
images/7657.jpg,multi_test,multi,1200,3713,0.323189,1200,2
images/7661.jpg,multi_train,multi,2046,4224,0.484375,2046,3
images/7662.jpg,multi_train,multi,1481,1305,1.134866,1305,3
images/7663.jpg,multi_train,multi,2121,3201,0.662605,2121,1
images/7664.jpg,single_train,single,1668,2071,0.805408,1668,4
images/7666.jpg,multi_train,multi,1628,3031,0.537116,1628,4
images/7668.jpg,multi_test,multi,2686,4350,0.617471,2686,2
images/767.jpg,single_train,single,2006,3790,0.529288,2006,5
images/7671.jpg,single_train,single,1200,2299,0.521966,1200,6
images/7675.jpg,multi_train,multi,1000,1042,0.959693,1000,1
images/7676.jpg,multi_train,multi,730,2039,0.358019,730,3
images/7677.jpg,multi_train,multi,730,1235,0.591093,730,3
images/7679.jpg,multi_train,multi,730,1376,0.530523,730,4
images/7683.jpg,multi_train,multi,730,1373,0.531682,730,3
images/7684.jpg,multi_train,multi,730,2093,0.348782,730,2
images/7686.jpg,multi_train,multi,730,966,0.755694,730,1
images/7687.jpg,multi_train,multi,730,2215,0.329571,730,2
images/7689.jpg,multi_train,multi,730,1228,0.594463,730,3
images/7693.jpg,multi_train,multi,730,1339,0.545183,730,3
images/7694.jpg,multi_train,multi,730,1806,0.404208,730,8
images/7696.jpg,single_train,single,730,1996,0.365731,730,4
images/7700.jpg,multi_train,multi,730,1339,0.545183,730,4
images/7706.jpg,multi_train,multi,730,936,0.779915,730,2
images/7708.jpg,multi_test,multi,730,1671,0.436864,730,1
images/771.jpg,"multi_train,single_train","multi,single",2500,3757,0.665425,2500,11
images/7710.jpg,"multi_train,single_train","multi,single",730,1379,0.529369,730,9
images/7711.jpg,multi_test,multi,730,1121,0.651204,730,2
images/7713.jpg,multi_train,multi,730,1129,0.64659,730,2
images/7715.jpg,"multi_train,single_train","multi,single",730,463,1.576674,463,9
images/7716.jpg,multi_train,multi,730,967,0.754912,730,4
images/7719.jpg,multi_train,multi,730,2247,0.324878,730,1
images/7720.jpg,"multi_test,single_test","multi,single",730,1395,0.523297,730,8
images/7721.jpg,multi_test,multi,730,1237,0.590137,730,5
images/7722.jpg,"multi_train,single_train","multi,single",730,1584,0.460859,730,8
images/7723.jpg,multi_train,multi,730,2072,0.352317,730,4
images/7725.jpg,multi_train,multi,730,1134,0.643739,730,3
images/7730.jpg,"multi_train,single_train","multi,single",730,1721,0.424172,730,8
images/7732.jpg,multi_train,multi,730,1550,0.470968,730,3
images/7735.jpg,multi_train,multi,730,1235,0.591093,730,4
images/7737.jpg,multi_train,multi,730,1042,0.700576,730,1
images/7738.jpg,multi_train,multi,730,1950,0.374359,730,3
images/7739.jpg,multi_train,multi,730,1199,0.608841,730,3
images/7742.jpg,single_train,single,730,1227,0.594947,730,7
images/7743.jpg,multi_train,multi,1200,1366,0.878477,1200,1
images/7744.jpg,multi_train,multi,730,1904,0.383403,730,4
images/7746.jpg,multi_train,multi,730,687,1.062591,687,3
images/7748.jpg,multi_train,multi,1200,3039,0.394867,1200,3
images/775.jpg,"multi_train,single_train","multi,single",2500,2628,0.951294,2500,13
images/7751.jpg,"multi_train,single_train","multi,single",1200,2568,0.46729,1200,9
images/7752.jpg,multi_train,multi,1200,3326,0.360794,1200,4
images/7754.jpg,multi_train,multi,1200,1856,0.646552,1200,4
images/7756.jpg,multi_train,multi,1200,2305,0.520607,1200,5
images/7759.jpg,multi_train,multi,1200,3502,0.342661,1200,2
images/7761.jpg,multi_train,multi,1200,2834,0.42343,1200,3
images/7766.jpg,"multi_train,single_train","multi,single",1200,2455,0.488798,1200,6
images/7767.jpg,multi_train,multi,1200,2846,0.421644,1200,3
images/7771.jpg,multi_train,multi,1200,2514,0.477327,1200,3
images/7772.jpg,multi_train,multi,1200,2426,0.494641,1200,3
images/7773.jpg,multi_train,multi,1200,2906,0.412939,1200,2
images/7774.jpg,multi_train,multi,1200,3692,0.325027,1200,2
images/7776.jpg,multi_train,multi,1200,1818,0.660066,1200,6
images/7777.jpg,single_train,single,1200,2110,0.56872,1200,2
images/7780.jpg,multi_train,multi,1200,2819,0.425683,1200,4
images/7781.jpg,multi_train,multi,1200,3290,0.364742,1200,5
images/7783.jpg,multi_train,multi,1200,3208,0.374065,1200,1
images/7785.jpg,single_train,single,1200,2731,0.439399,1200,7
images/7786.jpg,multi_train,multi,1200,2407,0.498546,1200,3
images/7788.jpg,multi_test,multi,1200,1507,0.796284,1200,2
images/7789.jpg,multi_train,multi,1200,1818,0.660066,1200,6
images/7791.jpg,multi_test,multi,1200,2698,0.444774,1200,3
images/7794.jpg,"multi_train,single_train","multi,single",1200,2799,0.428725,1200,5
images/7796.jpg,multi_train,multi,417,1134,0.367725,417,1
images/7798.jpg,multi_train,multi,1200,1902,0.630915,1200,3
images/7801.jpg,multi_train,multi,1200,3004,0.399467,1200,5
images/7802.jpg,multi_train,multi,1200,3155,0.380349,1200,4
images/7803.jpg,multi_train,multi,1200,2123,0.565238,1200,1
images/7806.jpg,multi_train,multi,1200,3347,0.35853,1200,1
images/7807.jpg,multi_train,multi,1200,2604,0.460829,1200,1
images/7809.jpg,"multi_train,single_train","multi,single",1200,3666,0.327332,1200,10
images/7810.jpg,single_train,single,1200,3073,0.390498,1200,8
images/7815.jpg,multi_train,multi,586,1028,0.570039,586,2
images/7817.jpg,multi_train,multi,1200,3270,0.366972,1200,1
images/7819.jpg,multi_train,multi,1200,3633,0.330306,1200,2
images/782.jpg,multi_test,multi,1688,1781,0.947782,1688,3
images/7821.jpg,multi_train,multi,1200,3634,0.330215,1200,4
images/7822.jpg,multi_train,multi,1200,2345,0.511727,1200,3
images/7823.jpg,multi_train,multi,1200,3240,0.37037,1200,5
images/7824.jpg,multi_test,multi,1200,3902,0.307535,1200,7
images/7825.jpg,multi_train,multi,1200,2969,0.404176,1200,2
images/7828.jpg,multi_train,multi,1200,2857,0.420021,1200,5
images/7829.jpg,multi_train,multi,1200,2568,0.46729,1200,3
images/7830.jpg,multi_train,multi,1200,2220,0.540541,1200,1
images/7832.jpg,single_train,single,1200,2895,0.414508,1200,6
images/7833.jpg,multi_test,multi,1200,3460,0.346821,1200,5
images/7836.jpg,multi_train,multi,1200,1772,0.677201,1200,2
images/7837.jpg,multi_train,multi,1200,3059,0.392285,1200,1
images/784.jpg,single_train,single,1027,1200,0.855833,1027,6
images/7842.jpg,multi_train,multi,1200,2271,0.528402,1200,1
images/7843.jpg,multi_train,multi,1200,2527,0.474871,1200,2
images/7844.jpg,multi_train,multi,1200,1879,0.638638,1200,5
images/7850.jpg,"multi_test,single_test","multi,single",730,1671,0.436864,730,7
images/7854.jpg,multi_train,multi,1200,1697,0.70713,1200,2
images/7855.jpg,multi_train,multi,1200,2556,0.469484,1200,2
images/7858.jpg,multi_train,multi,1200,3129,0.383509,1200,2
images/7859.jpg,multi_train,multi,1042,2718,0.38337,1042,1
images/7860.jpg,single_train,single,1200,3289,0.364853,1200,5
images/7862.jpg,multi_train,multi,1200,2333,0.514359,1200,4
images/7867.jpg,single_train,single,1200,2621,0.457841,1200,6
images/7868.jpg,multi_train,multi,1200,1947,0.616333,1200,3
images/7869.jpg,multi_train,multi,1200,2753,0.435888,1200,3
images/787.jpg,multi_train,multi,1544,1769,0.872809,1544,1
images/7871.jpg,multi_train,multi,1200,3274,0.366524,1200,8
images/7873.jpg,single_test,single,1200,3193,0.375822,1200,7
images/7876.jpg,multi_train,multi,1200,3798,0.315956,1200,1
images/7880.jpg,multi_train,multi,1200,1280,0.9375,1200,3
images/7881.jpg,single_train,single,1200,3099,0.387222,1200,9
images/7882.jpg,multi_train,multi,1200,2060,0.582524,1200,4
images/7883.jpg,multi_train,multi,1200,2899,0.413936,1200,3
images/7887.jpg,multi_train,multi,1200,2970,0.40404,1200,1
images/7889.jpg,multi_train,multi,1200,2866,0.418702,1200,1
images/7890.jpg,multi_train,multi,1200,2185,0.549199,1200,1
images/7891.jpg,single_test,single,1200,3267,0.367309,1200,5
images/7900.jpg,"multi_train,single_train","multi,single",1200,3340,0.359281,1200,12
images/7901.jpg,multi_train,multi,1200,3542,0.338792,1200,2
images/7902.jpg,multi_train,multi,1200,3793,0.316372,1200,1
images/7903.jpg,"multi_train,single_train","multi,single",1200,3681,0.325998,1200,7
images/7904.jpg,multi_train,multi,1200,2714,0.442152,1200,2
images/7908.jpg,multi_train,multi,1200,3058,0.392413,1200,2
images/7909.jpg,multi_train,multi,1200,3024,0.396825,1200,3
images/791.jpg,multi_train,multi,1927,1591,1.211188,1591,3
images/7913.jpg,multi_train,multi,1200,3114,0.385356,1200,3
images/7915.jpg,multi_train,multi,1200,3994,0.300451,1200,5
images/7916.jpg,multi_train,multi,1200,2052,0.584795,1200,6
images/792.jpg,single_train,single,1620,3434,0.471753,1620,8
images/7920.jpg,multi_train,multi,1200,3075,0.390244,1200,1
images/7921.jpg,multi_train,multi,1200,3075,0.390244,1200,3
images/7923.jpg,multi_train,multi,1200,2910,0.412371,1200,1
images/7925.jpg,"multi_train,single_train","multi,single",1200,3433,0.349548,1200,6
images/7928.jpg,multi_train,multi,1200,3121,0.384492,1200,3
images/7929.jpg,multi_train,multi,1200,2986,0.401875,1200,2
images/793.jpg,multi_train,multi,2500,2242,1.115076,2242,4
images/7930.jpg,multi_test,multi,1200,3434,0.349447,1200,4
images/7933.jpg,multi_test,multi,1200,2094,0.573066,1200,8
images/7934.jpg,"multi_train,single_train","multi,single",1200,3280,0.365854,1200,8
images/7935.jpg,multi_train,multi,1200,1818,0.660066,1200,6
images/7936.jpg,multi_train,multi,1200,3410,0.351906,1200,4
images/7937.jpg,"multi_train,single_train","multi,single",1200,3632,0.330396,1200,8
images/7940.jpg,multi_train,multi,1200,2517,0.476758,1200,6
images/7941.jpg,multi_train,multi,1200,2517,0.476758,1200,6
images/7943.jpg,multi_train,multi,1200,2517,0.476758,1200,4
images/7946.jpg,multi_train,multi,1200,1824,0.657895,1200,4
images/7947.jpg,multi_train,multi,1200,3004,0.399467,1200,5
images/7948.jpg,"multi_train,single_train","multi,single",1200,3751,0.319915,1200,11
images/7949.jpg,multi_train,multi,1200,2289,0.524246,1200,4
images/7951.jpg,"multi_train,single_train","multi,single",1200,2463,0.487211,1200,10
images/7952.jpg,multi_train,multi,1200,2532,0.473934,1200,3
images/7953.jpg,"multi_train,single_train","multi,single",1200,3451,0.347725,1200,9
images/7954.jpg,"multi_train,single_train","multi,single",1200,2995,0.400668,1200,11
images/7959.jpg,multi_train,multi,1200,2719,0.441339,1200,2
images/7960.jpg,"multi_train,single_train","multi,single",1200,2447,0.490396,1200,8
images/7962.jpg,"multi_train,single_train","multi,single",1200,2544,0.471698,1200,8
images/7966.jpg,multi_train,multi,1200,2749,0.436522,1200,3
images/7968.jpg,multi_train,multi,1200,2553,0.470035,1200,2
images/7972.jpg,single_train,single,1200,2094,0.573066,1200,5
images/7976.jpg,multi_train,multi,1042,2648,0.393505,1042,3
images/7979.jpg,multi_test,multi,1200,2245,0.534521,1200,1
images/7983.jpg,"multi_train,single_train","multi,single",1200,2538,0.472813,1200,11
images/7989.jpg,single_train,single,1200,1432,0.837989,1200,5
images/7990.jpg,multi_test,multi,1200,3700,0.324324,1200,1
images/7991.jpg,"multi_train,single_train","multi,single",1200,2508,0.478469,1200,9
images/7992.jpg,multi_train,multi,1200,2130,0.56338,1200,3
images/7994.jpg,"multi_train,single_train","multi,single",1200,2875,0.417391,1200,10
images/7995.jpg,single_test,single,1200,2988,0.401606,1200,7
images/7997.jpg,single_train,single,1200,3007,0.399069,1200,6
images/8004.jpg,multi_train,multi,1200,2715,0.441989,1200,5
images/8005.jpg,multi_train,multi,1200,1906,0.629591,1200,4
images/8006.jpg,"multi_train,single_train","multi,single",1200,2944,0.407609,1200,6
images/8012.jpg,multi_train,multi,1200,2369,0.506543,1200,3
images/8015.jpg,multi_train,multi,1200,2556,0.469484,1200,2
images/8018.jpg,multi_train,multi,1200,3035,0.395387,1200,1
images/8019.jpg,single_train,single,1200,3142,0.381922,1200,12
images/8021.jpg,multi_train,multi,1200,3066,0.391389,1200,5
images/8027.jpg,multi_train,multi,1200,3689,0.325291,1200,3
images/8028.jpg,multi_train,multi,1200,2893,0.414794,1200,3
images/8029.jpg,multi_train,multi,1200,3240,0.37037,1200,2
images/803.jpg,multi_train,multi,1516,1965,0.771501,1516,4
images/8030.jpg,"multi_train,single_train","multi,single",1200,3542,0.338792,1200,11
images/8031.jpg,single_train,single,1200,2942,0.407886,1200,9
images/8033.jpg,multi_train,multi,1200,1639,0.732154,1200,2
images/8034.jpg,multi_train,multi,1200,1839,0.652529,1200,2
images/8036.jpg,multi_train,multi,1200,2127,0.564175,1200,2
images/8039.jpg,multi_train,multi,1200,2577,0.465658,1200,2
images/8040.jpg,multi_train,multi,1200,3058,0.392413,1200,4
images/8042.jpg,multi_train,multi,1200,1559,0.769724,1200,2
images/8044.jpg,single_train,single,834,946,0.881607,834,6
images/8046.jpg,multi_train,multi,1200,2092,0.573614,1200,2
images/8048.jpg,multi_train,multi,1200,2228,0.5386,1200,3
images/8053.jpg,multi_train,multi,1200,2282,0.525855,1200,1
images/8054.jpg,multi_train,multi,1200,2138,0.561272,1200,1
images/8055.jpg,"multi_train,single_train","multi,single",1200,2791,0.429953,1200,8
images/8057.jpg,single_train,single,1200,1417,0.84686,1200,5
images/8058.jpg,multi_train,multi,1200,2733,0.439078,1200,3
images/806.jpg,multi_train,multi,2500,2692,0.928678,2500,4
images/8064.jpg,multi_train,multi,900,2488,0.361736,900,2
images/8074.jpg,multi_train,multi,938,2428,0.386326,938,3
images/8076.jpg,multi_train,multi,900,2003,0.449326,900,3
images/8077.jpg,multi_train,multi,842,1702,0.494712,842,3
images/8078.jpg,"multi_train,single_train","multi,single",1200,2529,0.474496,1200,10
images/8079.jpg,multi_train,multi,1200,2666,0.450113,1200,3
images/8080.jpg,multi_test,multi,1200,3518,0.341103,1200,2
images/8087.jpg,single_test,single,1200,2172,0.552486,1200,6
images/8088.jpg,multi_train,multi,1200,2115,0.567376,1200,2
images/8089.jpg,single_train,single,1200,1815,0.661157,1200,7
images/809.jpg,multi_train,multi,2500,1912,1.307531,1912,7
images/8090.jpg,multi_train,multi,1200,3106,0.386349,1200,3
images/8091.jpg,multi_train,multi,1200,3259,0.368211,1200,1
images/8092.jpg,multi_train,multi,1200,3298,0.363857,1200,3
images/8094.jpg,multi_test,multi,1200,3001,0.399867,1200,1
images/8095.jpg,multi_train,multi,1200,2176,0.551471,1200,2
images/8096.jpg,single_train,single,1200,1859,0.645508,1200,11
images/8097.jpg,multi_train,multi,1200,2094,0.573066,1200,3
images/81.jpg,multi_train,multi,4000,2583,1.548587,2583,4
images/8101.jpg,multi_train,multi,1200,2569,0.467108,1200,2
images/8103.jpg,multi_train,multi,1200,2809,0.427198,1200,2
images/8104.jpg,multi_train,multi,1200,2357,0.509122,1200,2
images/8106.jpg,multi_train,multi,1200,2519,0.47638,1200,3
images/8107.jpg,multi_train,multi,1200,2738,0.438276,1200,2
images/8109.jpg,multi_train,multi,1200,3341,0.359174,1200,2
images/811.jpg,single_train,single,2500,2150,1.162791,2150,7
images/8110.jpg,multi_train,multi,1200,3341,0.359174,1200,2
images/8111.jpg,multi_train,multi,1200,2305,0.520607,1200,3
images/8113.jpg,multi_train,multi,1200,3459,0.346921,1200,3
images/8115.jpg,multi_test,multi,1200,2814,0.426439,1200,3
images/8116.jpg,single_train,single,1200,3777,0.317712,1200,4
images/8118.jpg,multi_train,multi,1200,2798,0.428878,1200,2
images/8119.jpg,multi_train,multi,1200,1961,0.611933,1200,1
images/812.jpg,multi_train,multi,2500,2437,1.025851,2437,3
images/8121.jpg,multi_train,multi,1200,1888,0.635593,1200,1
images/8122.jpg,multi_train,multi,1200,3208,0.374065,1200,2
images/8123.jpg,multi_train,multi,1200,2504,0.479233,1200,3
images/8124.jpg,multi_train,multi,1200,3320,0.361446,1200,2
images/8127.jpg,multi_train,multi,1200,2135,0.562061,1200,2
images/8128.jpg,"multi_train,single_train","multi,single",1200,2855,0.420315,1200,9
images/8129.jpg,multi_train,multi,1200,2997,0.4004,1200,1
images/8130.jpg,multi_train,multi,1200,2713,0.442315,1200,1
images/8133.jpg,multi_test,multi,1200,2996,0.400534,1200,1
images/8139.jpg,single_train,single,1200,3914,0.306592,1200,11
images/8140.jpg,multi_train,multi,1200,2672,0.449102,1200,1
images/8142.jpg,multi_train,multi,1200,2612,0.459418,1200,3
images/8147.jpg,multi_train,multi,1200,2400,0.5,1200,5
images/8149.jpg,multi_train,multi,1200,2594,0.462606,1200,1
images/815.jpg,single_train,single,1006,1025,0.981463,1006,7
images/8150.jpg,multi_train,multi,1200,2933,0.409137,1200,2
images/8156.jpg,multi_train,multi,1200,3546,0.338409,1200,3
images/8157.jpg,multi_train,multi,1200,3120,0.384615,1200,8
images/8158.jpg,multi_train,multi,1200,2749,0.436522,1200,4
images/8161.jpg,multi_train,multi,1200,2624,0.457317,1200,1
images/8162.jpg,single_train,single,1200,2339,0.51304,1200,10
images/8163.jpg,multi_train,multi,1200,2932,0.409277,1200,1
images/8164.jpg,multi_train,multi,1200,1925,0.623377,1200,1
images/8165.jpg,single_train,single,1200,2430,0.493827,1200,9
images/8168.jpg,multi_test,multi,1200,2803,0.428113,1200,3
images/8169.jpg,multi_train,multi,1200,3272,0.366748,1200,4
images/817.jpg,multi_test,multi,2233,4882,0.457395,2233,5
images/8170.jpg,multi_train,multi,1200,3157,0.380108,1200,4
images/8172.jpg,single_train,single,1200,2547,0.471143,1200,10
images/8173.jpg,multi_train,multi,1200,2334,0.514139,1200,5
images/8175.jpg,"multi_train,single_train","multi,single",1200,3484,0.344432,1200,12
images/8176.jpg,multi_train,multi,1200,3720,0.322581,1200,1
images/8179.jpg,multi_train,multi,1200,3946,0.304105,1200,2
images/8180.jpg,multi_train,multi,1200,3360,0.357143,1200,1
images/8183.jpg,multi_train,multi,1200,2800,0.428571,1200,1
images/8185.jpg,"multi_train,single_train","multi,single",1200,3711,0.323363,1200,9
images/8186.jpg,multi_train,multi,1200,2397,0.500626,1200,2
images/8193.jpg,multi_train,multi,1200,2623,0.457491,1200,6
images/8195.jpg,multi_train,multi,1200,2560,0.46875,1200,6
images/8197.jpg,single_train,single,1200,2739,0.438116,1200,4
images/8198.jpg,multi_train,multi,1200,3717,0.322841,1200,5
images/8199.jpg,multi_train,multi,1200,2559,0.468933,1200,3
images/82.jpg,multi_train,multi,2133,1917,1.112676,1917,2
images/8202.jpg,multi_train,multi,1200,3600,0.333333,1200,2
images/8203.jpg,"multi_train,single_train","multi,single",1200,2827,0.424478,1200,5
images/8205.jpg,multi_train,multi,1200,3841,0.312419,1200,4
images/8206.jpg,multi_train,multi,1200,2451,0.489596,1200,2
images/8208.jpg,multi_train,multi,1200,2274,0.527704,1200,2
images/8209.jpg,multi_train,multi,1200,2640,0.454545,1200,4
images/821.jpg,single_train,single,1849,3575,0.517203,1849,7
images/8211.jpg,"multi_train,single_train","multi,single",1200,2765,0.433996,1200,5
images/8215.jpg,multi_test,multi,1200,2995,0.400668,1200,2
images/8216.jpg,multi_test,multi,1200,2995,0.400668,1200,2
images/8217.jpg,multi_train,multi,1200,2321,0.517019,1200,3
images/8218.jpg,"multi_test,single_test","multi,single",1200,2129,0.563645,1200,7
images/822.jpg,multi_test,multi,1130,1241,0.910556,1130,2
images/8222.jpg,single_train,single,1200,2232,0.537634,1200,11
images/8227.jpg,multi_train,multi,1200,3873,0.309837,1200,2
images/8229.jpg,multi_train,multi,1200,3545,0.338505,1200,3
images/823.jpg,single_test,single,1450,1644,0.881995,1450,7
images/8232.jpg,multi_train,multi,1200,2336,0.513699,1200,3
images/8236.jpg,multi_train,multi,1200,3877,0.309518,1200,3
images/8239.jpg,single_train,single,1200,3896,0.308008,1200,10
images/8241.jpg,multi_test,multi,1200,2796,0.429185,1200,3
images/8244.jpg,"multi_train,single_train","multi,single",1200,1761,0.681431,1200,6
images/8250.jpg,multi_train,multi,1200,3976,0.301811,1200,3
images/8251.jpg,single_train,single,1200,3383,0.354715,1200,11
images/8252.jpg,multi_train,multi,1200,2313,0.518807,1200,2
images/8254.jpg,multi_train,multi,1200,3214,0.373367,1200,2
images/8256.jpg,multi_train,multi,1200,3957,0.30326,1200,9
images/8260.jpg,multi_train,multi,1200,3627,0.330852,1200,3
images/8262.jpg,multi_train,multi,1200,1798,0.667408,1200,4
images/8265.jpg,multi_train,multi,1200,2380,0.504202,1200,4
images/8266.jpg,multi_train,multi,1200,1409,0.851668,1200,2
images/8267.jpg,single_train,single,1200,2821,0.425381,1200,4
images/8268.jpg,multi_train,multi,1200,3258,0.368324,1200,2
images/8269.jpg,multi_train,multi,1200,2520,0.47619,1200,1
images/8270.jpg,multi_train,multi,1200,3364,0.356718,1200,1
images/8273.jpg,single_train,single,1200,1770,0.677966,1200,2
images/8279.jpg,multi_train,multi,1200,2372,0.505902,1200,2
images/8282.jpg,single_train,single,1200,2337,0.513479,1200,8
images/8283.jpg,multi_test,multi,1200,2772,0.4329,1200,1
images/8287.jpg,multi_train,multi,1200,3057,0.392542,1200,3
images/8289.jpg,multi_train,multi,1200,1992,0.60241,1200,5
images/829.jpg,"multi_train,single_train","multi,single",1256,1921,0.653826,1256,7
images/8290.jpg,multi_train,multi,1200,1930,0.621762,1200,3
images/8291.jpg,multi_train,multi,1200,3246,0.369686,1200,4
images/8296.jpg,multi_train,multi,1200,3107,0.386225,1200,4
images/8298.jpg,multi_train,multi,730,1493,0.488948,730,2
images/83.jpg,multi_train,multi,2133,1917,1.112676,1917,2
images/8300.jpg,single_train,single,1200,2771,0.433057,1200,12
images/8302.jpg,multi_train,multi,1200,2178,0.550964,1200,3
images/8309.jpg,single_test,single,1200,2376,0.505051,1200,5
images/8310.jpg,multi_train,multi,1200,3591,0.334169,1200,3
images/8312.jpg,multi_train,multi,1200,3370,0.356083,1200,3
images/8313.jpg,multi_train,multi,1200,2748,0.436681,1200,1
images/8316.jpg,multi_test,multi,1200,3950,0.303797,1200,2
images/8317.jpg,multi_test,multi,1200,2698,0.444774,1200,3
images/8323.jpg,single_train,single,1200,1793,0.669269,1200,11
images/8329.jpg,multi_train,multi,1200,2595,0.462428,1200,3
images/833.jpg,multi_train,multi,2250,1826,1.232202,1826,1
images/8333.jpg,single_train,single,1200,3428,0.350058,1200,10
images/834.jpg,multi_train,multi,2500,4852,0.515251,2500,1
images/8341.jpg,multi_train,multi,1200,2705,0.443623,1200,3
images/8345.jpg,single_test,single,1200,1985,0.604534,1200,6
images/8348.jpg,single_train,single,1200,3941,0.304491,1200,11
images/8352.jpg,single_train,single,1200,3349,0.358316,1200,8
images/8356.jpg,single_train,single,1200,1665,0.720721,1200,4
images/8359.jpg,multi_train,multi,1200,2221,0.540297,1200,2
images/8365.jpg,multi_train,multi,1200,3713,0.323189,1200,1
images/8367.jpg,multi_train,multi,1200,1621,0.740284,1200,5
images/8371.jpg,"multi_train,single_train","multi,single",1200,2043,0.587372,1200,10
images/8372.jpg,"multi_train,single_train","multi,single",1200,1868,0.642398,1200,11
images/8374.jpg,multi_train,multi,1200,2254,0.532387,1200,2
images/838.jpg,multi_train,multi,2250,1858,1.21098,1858,1
images/8398.jpg,single_train,single,2436,4342,0.561032,2436,6
images/8403.jpg,multi_train,multi,1200,2391,0.501882,1200,1
images/8404.jpg,multi_train,multi,730,1488,0.490591,730,2
images/8406.jpg,multi_train,multi,1200,2496,0.480769,1200,4
images/8409.jpg,multi_train,multi,828,1180,0.701695,828,5
images/8410.jpg,multi_train,multi,730,1322,0.552194,730,1
images/8411.jpg,"multi_train,single_train","multi,single",1200,2984,0.402145,1200,5
images/8417.jpg,single_train,single,730,1067,0.684161,730,4
images/842.jpg,single_train,single,1193,1662,0.71781,1193,4
images/8422.jpg,single_train,single,1200,2354,0.509771,1200,6
images/8427.jpg,multi_train,multi,1200,3773,0.318049,1200,4
images/843.jpg,multi_train,multi,1180,2150,0.548837,1180,1
images/8430.jpg,multi_train,multi,1839,4367,0.421113,1839,1
images/8432.jpg,multi_test,multi,1200,2025,0.592593,1200,3
images/8433.jpg,multi_test,multi,718,1334,0.538231,718,1
images/8438.jpg,multi_train,multi,1200,2720,0.441176,1200,2
images/8443.jpg,multi_train,multi,1200,1939,0.618876,1200,1
images/8445.jpg,multi_train,multi,1038,1334,0.778111,1038,2
images/8448.jpg,multi_train,multi,1200,2639,0.454718,1200,1
images/8449.jpg,single_train,single,2500,3837,0.651551,2500,6
images/845.jpg,multi_train,multi,2500,4196,0.595806,2500,2
images/8454.jpg,multi_train,multi,1200,3900,0.307692,1200,2
images/8455.jpg,multi_train,multi,1200,2376,0.505051,1200,2
images/8456.jpg,multi_train,multi,1200,2491,0.481734,1200,6
images/8458.jpg,multi_train,multi,900,2660,0.338346,900,3
images/8459.jpg,multi_test,multi,1200,2665,0.450281,1200,3
images/846.jpg,single_train,single,2250,1871,1.202565,1871,6
images/8465.jpg,multi_train,multi,1066,1234,0.863857,1066,4
images/8478.jpg,single_train,single,1232,1220,1.009836,1220,12
images/8480.jpg,multi_test,multi,2133,2342,0.91076,2133,2
images/8481.jpg,multi_test,multi,2133,2342,0.91076,2133,2
images/849.jpg,multi_train,multi,2500,4482,0.557787,2500,1
images/8493.jpg,multi_train,multi,898,1462,0.614227,898,3
images/8494.jpg,multi_train,multi,651,1178,0.552632,651,1
images/8495.jpg,single_train,single,1228,1181,1.039797,1181,9
images/8500.jpg,multi_train,multi,902,1385,0.651264,902,1
images/8505.jpg,single_train,single,1112,742,1.498652,742,7
images/8509.jpg,multi_train,multi,1100,1022,1.076321,1022,2
images/8513.jpg,single_test,single,5065,5699,0.888752,5065,6
images/8517.jpg,single_train,single,2839,1663,1.707156,1663,9
images/8519.jpg,single_test,single,1305,2035,0.641278,1305,12
images/852.jpg,single_test,single,1056,1800,0.586667,1056,8
images/8521.jpg,"multi_train,single_train","multi,single",1113,1310,0.849618,1113,7
images/8523.jpg,multi_test,multi,915,1288,0.710404,915,2
images/8525.jpg,multi_test,multi,1738,1439,1.207783,1439,1
images/8528.jpg,multi_train,multi,904,1431,0.631726,904,5
images/8530.jpg,"multi_train,single_train","multi,single",1249,1151,1.085143,1151,8
images/8532.jpg,"multi_train,single_train","multi,single",1267,1100,1.151818,1100,11
images/8543.jpg,multi_train,multi,1815,2031,0.893648,1815,3
images/8548.jpg,single_train,single,1423,2222,0.640414,1423,11
images/8549.jpg,single_train,single,1421,2753,0.516164,1421,11
images/8554.jpg,multi_train,multi,1422,3242,0.438618,1422,1
images/856.jpg,single_train,single,1342,1215,1.104527,1215,1
images/8563.jpg,multi_train,multi,846,766,1.104439,766,1
images/857.jpg,multi_train,multi,2500,3513,0.711642,2500,4
images/8573.jpg,multi_train,multi,1256,993,1.264854,993,3
images/8574.jpg,single_train,single,2412,2711,0.889709,2412,6
images/8579.jpg,single_train,single,1200,2055,0.583942,1200,6
images/858.jpg,multi_test,multi,1203,2274,0.529024,1203,3
images/8583.jpg,multi_train,multi,1200,3082,0.389358,1200,1
images/8589.jpg,multi_train,multi,828,1177,0.703483,828,5
images/8595.jpg,multi_train,multi,1275,778,1.638817,778,1
images/8596.jpg,"multi_test,single_test","multi,single",2588,1760,1.470455,1760,4
images/8598.jpg,multi_train,multi,766,1334,0.574213,766,1
images/8599.jpg,multi_train,multi,1181,2042,0.578355,1181,2
images/8600.jpg,multi_train,multi,2458,3336,0.736811,2458,3
images/8606.jpg,multi_train,multi,3731,6431,0.580159,3731,2
images/8613.jpg,multi_train,multi,1200,1697,0.70713,1200,1
images/862.jpg,multi_train,multi,2500,2570,0.972763,2500,3
images/8622.jpg,single_train,single,1383,2157,0.641168,1383,8
images/8626.jpg,multi_train,multi,1344,1630,0.82454,1344,1
images/8631.jpg,single_train,single,1768,1994,0.88666,1768,3
images/8632.jpg,multi_train,multi,1817,1474,1.2327,1474,4
images/8633.jpg,multi_train,multi,2000,2977,0.671817,2000,1
images/8635.jpg,"multi_train,single_train","multi,single",1200,2815,0.426288,1200,13
images/8636.jpg,multi_train,multi,1200,2022,0.593472,1200,1
images/8638.jpg,single_train,single,1334,1173,1.137255,1173,9
images/8644.jpg,multi_test,multi,1200,3418,0.351083,1200,4
images/8652.jpg,multi_train,multi,1706,2661,0.641112,1706,1
images/8653.jpg,multi_train,multi,1669,1825,0.914521,1669,1
images/8655.jpg,single_test,single,2500,3041,0.822098,2500,7
images/8659.jpg,multi_train,multi,1422,2279,0.623958,1422,1
images/866.jpg,multi_train,multi,2250,2270,0.991189,2250,2
images/8660.jpg,multi_train,multi,1422,2205,0.644898,1422,2
images/8664.jpg,multi_train,multi,1200,2864,0.418994,1200,2
images/8665.jpg,"multi_train,single_train","multi,single",1200,2343,0.512164,1200,10
images/8667.jpg,"multi_test,single_test","multi,single",1200,2115,0.567376,1200,7
images/8668.jpg,multi_train,multi,1200,3305,0.363086,1200,3
images/8669.jpg,single_train,single,1200,2381,0.50399,1200,3
images/867.jpg,multi_train,multi,2500,4054,0.616675,2500,3
images/8670.jpg,single_train,single,1200,3623,0.331217,1200,6
images/8672.jpg,multi_train,multi,1330,2099,0.633635,1330,4
images/8674.jpg,multi_train,multi,1875,4153,0.451481,1875,3
images/8676.jpg,"multi_train,single_train","multi,single",1200,2755,0.435572,1200,5
images/8681.jpg,single_train,single,1200,2119,0.566305,1200,5
images/8687.jpg,multi_train,multi,2500,2668,0.937031,2500,3
images/8691.jpg,single_train,single,900,836,1.076555,836,11
images/8692.jpg,single_train,single,985,1564,0.629795,985,6
images/8693.jpg,multi_train,multi,965,1578,0.611534,965,2
images/8694.jpg,multi_train,multi,2008,3473,0.578174,2008,2
images/8695.jpg,multi_test,multi,1372,2803,0.489476,1372,2
images/8696.jpg,multi_train,multi,1078,1833,0.588107,1078,3
images/8697.jpg,multi_test,multi,3833,2737,1.400438,2737,1
images/8698.jpg,"multi_train,single_train","multi,single",1006,801,1.25593,801,10
images/8699.jpg,multi_test,multi,1493,1646,0.907047,1493,4
images/8706.jpg,multi_train,multi,1200,3223,0.372324,1200,3
images/8707.jpg,single_test,single,1200,3930,0.305344,1200,3
images/871.jpg,multi_train,multi,2500,3683,0.678794,2500,1
images/8710.jpg,multi_train,multi,1200,2796,0.429185,1200,1
images/8716.jpg,multi_train,multi,1200,3635,0.330124,1200,1
images/8717.jpg,multi_test,multi,1200,2767,0.433683,1200,4
images/8718.jpg,multi_train,multi,1200,2195,0.546697,1200,2
images/8719.jpg,multi_train,multi,1200,1969,0.609446,1200,5
images/872.jpg,multi_train,multi,2500,2367,1.056189,2367,1
images/8720.jpg,single_train,single,1200,2776,0.432277,1200,4
images/8721.jpg,multi_train,multi,1200,2580,0.465116,1200,2
images/8725.jpg,single_train,single,1200,3266,0.367422,1200,7
images/8729.jpg,single_train,single,1200,3469,0.345921,1200,7
images/8732.jpg,single_train,single,1200,2593,0.462784,1200,1
images/8733.jpg,"multi_train,single_train","multi,single",1200,3107,0.386225,1200,15
images/8734.jpg,single_train,single,1200,3211,0.373715,1200,9
images/8741.jpg,single_test,single,1200,3656,0.328228,1200,6
images/8742.jpg,multi_train,multi,842,2111,0.398863,842,3
images/8743.jpg,single_train,single,1200,949,1.264489,949,3
images/8746.jpg,multi_train,multi,1314,1891,0.69487,1314,3
images/8747.jpg,"multi_train,single_train","multi,single",1371,1902,0.72082,1371,9
images/8748.jpg,multi_train,multi,1371,1930,0.710363,1371,2
images/875.jpg,multi_train,multi,1076,1896,0.567511,1076,1
images/8751.jpg,multi_train,multi,1348,1450,0.929655,1348,3
images/8753.jpg,multi_train,multi,1294,1260,1.026984,1260,2
images/8760.jpg,multi_train,multi,1732,2948,0.587517,1732,3
images/877.jpg,multi_train,multi,1131,1969,0.574403,1131,4
images/8773.jpg,single_train,single,1220,1731,0.704795,1220,4
images/8777.jpg,multi_train,multi,1300,978,1.329243,978,2
images/8779.jpg,multi_train,multi,834,926,0.900648,834,1
images/878.jpg,multi_train,multi,1131,1740,0.65,1131,4
images/8780.jpg,multi_test,multi,1896,1942,0.976313,1896,1
images/8781.jpg,multi_test,multi,1896,1693,1.119905,1693,1
images/8785.jpg,multi_train,multi,1175,900,1.305556,900,3
images/8786.jpg,single_train,single,1342,1490,0.900671,1342,3
images/8787.jpg,"multi_test,single_test","multi,single",1259,1381,0.911658,1259,4
images/8788.jpg,multi_train,multi,1169,3073,0.38041,1169,3
images/8792.jpg,single_train,single,1558,3695,0.421651,1558,4
images/8795.jpg,single_train,single,1349,874,1.543478,874,6
images/88.jpg,multi_train,multi,2500,3000,0.833333,2500,3
images/8802.jpg,multi_train,multi,1422,2556,0.556338,1422,2
images/8804.jpg,multi_train,multi,968,684,1.415205,684,2
images/8809.jpg,single_test,single,1240,3129,0.396293,1240,7
images/8810.jpg,multi_train,multi,1027,1004,1.022908,1004,1
images/8818.jpg,multi_train,multi,1664,1225,1.358367,1225,2
images/8819.jpg,multi_train,multi,1669,3495,0.477539,1669,2
images/882.jpg,multi_train,multi,2500,3513,0.711642,2500,1
images/8826.jpg,multi_train,multi,1890,1665,1.135135,1665,3
images/8827.jpg,single_train,single,1200,1393,0.86145,1200,10
images/8831.jpg,"multi_train,single_train","multi,single",1200,1754,0.684151,1200,10
images/8832.jpg,multi_train,multi,1200,1892,0.634249,1200,4
images/8833.jpg,multi_train,multi,1600,1656,0.966184,1600,2
images/8834.jpg,multi_train,multi,1600,1767,0.90549,1600,2
images/8843.jpg,multi_train,multi,1230,1208,1.018212,1208,4
images/8847.jpg,"multi_train,single_train","multi,single",1356,3044,0.445466,1356,7
images/8848.jpg,multi_train,multi,1356,1772,0.765237,1356,2
images/885.jpg,multi_train,multi,2500,4069,0.614402,2500,2
images/8853.jpg,multi_train,multi,1200,2978,0.402955,1200,3
images/8855.jpg,"multi_test,single_test","multi,single",1582,1822,0.868277,1582,11
images/8857.jpg,multi_train,multi,1377,2295,0.6,1377,1
images/8860.jpg,single_train,single,1385,1081,1.281221,1081,7
images/8866.jpg,multi_train,multi,2099,1421,1.477129,1421,1
images/8867.jpg,"multi_test,single_test","multi,single",1979,3028,0.653567,1979,15
images/8878.jpg,single_train,single,1337,1329,1.00602,1329,6
images/8879.jpg,multi_train,multi,1315,1611,0.816263,1315,2
images/8882.jpg,single_train,single,1200,1225,0.979592,1200,8
images/8886.jpg,multi_train,multi,1024,2141,0.478281,1024,1
images/8889.jpg,single_train,single,620,779,0.795892,620,7
images/889.jpg,single_train,single,1164,1782,0.653199,1164,5
images/8893.jpg,single_test,single,1354,988,1.370445,988,9
images/8915.jpg,single_train,single,1200,3433,0.349548,1200,3
images/892.jpg,multi_train,multi,2500,2813,0.888731,2500,7
images/894.jpg,multi_train,multi,1881,2557,0.735628,1881,1
images/898.jpg,single_test,single,2250,2111,1.065846,2111,8
images/9.jpg,multi_train,multi,1200,1406,0.853485,1200,4
images/900.jpg,single_train,single,1006,1838,0.547334,1006,7
images/901.jpg,multi_train,multi,1371,1106,1.239602,1106,5
images/903.jpg,multi_train,multi,1735,3217,0.539322,1735,3
images/904.jpg,single_train,single,2250,1946,1.156218,1946,9
images/908.jpg,multi_train,multi,2500,4280,0.584112,2500,4
images/912.jpg,multi_train,multi,1131,1700,0.665294,1131,6
images/914.jpg,single_train,single,1341,1763,0.760635,1341,3
images/916.jpg,multi_train,multi,2500,2940,0.85034,2500,6
images/917.jpg,multi_train,multi,2500,2692,0.928678,2500,6
images/918.jpg,multi_train,multi,2500,3451,0.724428,2500,4
images/92.jpg,single_train,single,2500,2521,0.99167,2500,8
images/920.jpg,multi_train,multi,1340,1825,0.734247,1340,4
images/922.jpg,single_train,single,2500,3661,0.682874,2500,5
images/924.jpg,multi_train,multi,2500,4610,0.542299,2500,8
images/928.jpg,single_train,single,1317,2092,0.629541,1317,10
images/929.jpg,multi_train,multi,2500,2813,0.888731,2500,3
images/930.jpg,multi_train,multi,2250,1936,1.16219,1936,3
images/931.jpg,single_train,single,1320,2486,0.530973,1320,12
images/932.jpg,single_train,single,1393,3097,0.44979,1393,8
images/936.jpg,multi_train,multi,2500,6386,0.391481,2500,3
images/937.jpg,"multi_train,single_train","multi,single",2500,2813,0.888731,2500,13
images/939.jpg,multi_train,multi,1343,1487,0.903161,1343,2
images/940.jpg,multi_train,multi,2500,3661,0.682874,2500,4
images/941.jpg,multi_train,multi,2500,3451,0.724428,2500,2
images/943.jpg,multi_test,multi,2500,4023,0.621427,2500,3
images/947.jpg,multi_train,multi,2500,2813,0.888731,2500,3
images/953.jpg,"multi_train,single_train","multi,single",2500,4788,0.522139,2500,10
images/954.jpg,multi_train,multi,2500,3661,0.682874,2500,4
images/962.jpg,single_train,single,2500,2813,0.888731,2500,3
images/963.jpg,multi_train,multi,2500,2641,0.946611,2500,3
images/964.jpg,multi_test,multi,1974,3451,0.572008,1974,5
images/970.jpg,multi_train,multi,2500,2470,1.012146,2470,5
images/971.jpg,multi_train,multi,2500,2692,0.928678,2500,6
images/972.jpg,multi_train,multi,2500,4788,0.522139,2500,3
images/973.jpg,multi_train,multi,1501,2027,0.740503,1501,2
images/974.jpg,single_train,single,1379,2396,0.575543,1379,9
images/976.jpg,multi_train,multi,2500,2237,1.117568,2237,2
images/978.jpg,multi_test,multi,2250,1672,1.345694,1672,4
images/981.jpg,multi_train,multi,1795,2665,0.673546,1795,4
images/983.jpg,multi_test,multi,2250,3156,0.712928,2250,1
images/987.jpg,multi_train,multi,2635,4550,0.579121,2635,3
images/990.jpg,multi_train,multi,2500,3451,0.724428,2500,3
images/991.jpg,multi_test,multi,1379,2502,0.551159,1379,2
images/992.jpg,multi_train,multi,2500,2379,1.050862,2379,6
images/993.jpg,multi_train,multi,2250,3427,0.656551,2250,4
images/996.jpg,multi_train,multi,2250,3026,0.743556,2250,1
images/997.jpg,multi_train,multi,2500,2309,1.08272,2309,4
