image_path,split_names,task_families,edge_density,entropy,connected_components,usage_count
images/10.jpg,multi_train,multi,0.056327,3.949583,519,2
images/100.jpg,single_train,single,0.018741,5.823236,1033,5
images/1000.jpg,single_train,single,0.027312,2.373193,1619,11
images/1002.jpg,multi_test,multi,0.03968,4.542592,1999,5
images/1003.jpg,single_train,single,0.034257,3.967624,1192,8
images/1004.jpg,single_train,single,0.047756,3.787016,832,7
images/1008.jpg,multi_train,multi,0.020497,2.815961,962,3
images/1009.jpg,"multi_train,single_train","multi,single",0.023561,3.272516,938,11
images/1011.jpg,multi_train,multi,0.031612,3.878324,894,6
images/1012.jpg,multi_train,multi,0.01951,3.460085,1725,2
images/1013.jpg,multi_train,multi,0.036737,4.867068,1434,2
images/1017.jpg,single_train,single,0.045782,5.345918,1466,7
images/1018.jpg,single_test,single,0.038353,4.222641,2363,8
images/1023.jpg,multi_train,multi,0.032224,3.742728,1171,3
images/1026.jpg,single_train,single,0.026458,5.558953,1079,2
images/1028.jpg,multi_train,multi,0.022701,3.128943,966,2
images/1034.jpg,single_train,single,0.060042,1.918821,1088,9
images/1035.jpg,multi_train,multi,0.038302,2.97015,1555,3
images/1036.jpg,multi_train,multi,0.060316,4.653196,1255,4
images/1037.jpg,multi_train,multi,0.070248,5.198355,1055,4
images/1040.jpg,single_train,single,0.020703,5.937043,1292,6
images/1050.jpg,"multi_train,single_train","multi,single",0.07216,6.497553,6000,13
images/1051.jpg,multi_test,multi,0.062351,5.133619,4629,2
images/1056.jpg,"multi_train,single_train","multi,single",0.022989,4.36109,1232,10
images/1057.jpg,single_test,single,0.021679,4.872572,1092,11
images/1058.jpg,"multi_train,single_train","multi,single",0.033482,4.008924,1355,10
images/106.jpg,multi_train,multi,0.022216,5.231723,1469,1
images/1060.jpg,multi_test,multi,0.046361,6.56923,3426,2
images/1063.jpg,"multi_test,single_test","multi,single",0.020758,5.933145,2418,11
images/1065.jpg,multi_train,multi,0.02179,2.761413,765,6
images/1066.jpg,multi_test,multi,0.030824,3.971608,2257,4
images/1069.jpg,multi_train,multi,0.023677,3.173173,2390,4
images/1073.jpg,multi_train,multi,0.040216,3.647048,3954,1
images/1076.jpg,multi_train,multi,0.019244,5.738349,1811,4
images/1077.jpg,multi_train,multi,0.023969,3.926565,1790,3
images/1082.jpg,multi_train,multi,0.043628,4.208573,2181,1
images/1087.jpg,single_train,single,0.034155,3.66291,624,8
images/1089.jpg,multi_train,multi,0.017112,4.314293,4230,2
images/1090.jpg,"multi_train,single_train","multi,single",0.02865,4.865482,2451,16
images/1091.jpg,multi_train,multi,0.033608,3.86119,1858,1
images/1095.jpg,multi_train,multi,0.022944,4.634183,854,4
images/1096.jpg,single_train,single,0.057795,5.02309,713,2
images/1097.jpg,multi_train,multi,0.033313,4.054765,1791,7
images/110.jpg,multi_train,multi,0.015508,6.715267,625,2
images/1103.jpg,multi_train,multi,0.02198,2.993147,673,4
images/1105.jpg,multi_train,multi,0.048018,5.026112,956,11
images/1107.jpg,multi_train,multi,0.024733,3.449022,2152,5
images/1108.jpg,multi_train,multi,0.032281,3.972937,960,2
images/1110.jpg,multi_train,multi,0.020042,3.543028,1140,4
images/1112.jpg,multi_train,multi,0.027807,5.133554,2259,2
images/1115.jpg,single_train,single,0.033166,3.959624,1381,7
images/1116.jpg,multi_train,multi,0.02322,2.216041,1296,3
images/1117.jpg,multi_train,multi,0.084793,3.302747,542,2
images/1118.jpg,multi_train,multi,0.041322,3.286763,486,1
images/1119.jpg,multi_train,multi,0.041557,1.766486,359,3
images/1124.jpg,single_train,single,0.040933,4.803716,4314,6
images/1125.jpg,multi_train,multi,0.061231,4.804961,2772,3
images/1126.jpg,single_train,single,0.033225,3.990709,1803,7
images/1127.jpg,single_train,single,0.041881,4.795538,2482,9
images/1129.jpg,multi_train,multi,0.023046,3.236277,821,6
images/1130.jpg,multi_train,multi,0.017232,3.308315,670,4
images/1135.jpg,"multi_train,single_train","multi,single",0.027837,2.661193,1082,13
images/1137.jpg,multi_train,multi,0.04307,4.18012,1132,4
images/1138.jpg,multi_train,multi,0.073204,4.75165,1033,5
images/1139.jpg,single_train,single,0.087724,6.520569,1331,5
images/1143.jpg,"multi_train,single_train","multi,single",0.044833,5.647455,2235,9
images/1144.jpg,multi_train,multi,0.026969,3.722569,2684,3
images/1152.jpg,single_train,single,0.052561,5.496118,2093,8
images/1156.jpg,multi_train,multi,0.092074,5.818651,967,4
images/1158.jpg,single_train,single,0.023158,5.731266,2180,10
images/1159.jpg,multi_train,multi,0.036181,3.245172,4341,3
images/1160.jpg,single_train,single,0.090397,5.247099,500,7
images/1163.jpg,"multi_train,single_train","multi,single",0.044779,2.311217,2020,15
images/1165.jpg,multi_train,multi,0.043186,5.100101,777,3
images/1166.jpg,multi_train,multi,0.036449,3.24218,4343,3
images/1169.jpg,multi_train,multi,0.034086,4.240266,1957,7
images/1170.jpg,multi_train,multi,0.015401,4.696683,1768,3
images/1173.jpg,single_train,single,0.067414,6.372145,1870,5
images/11733.jpg,multi_train,multi,0.029701,6.056836,105,3
images/11739.jpg,multi_train,multi,0.026484,6.395833,2341,1
images/11741.jpg,single_train,single,0.081024,6.099753,720,7
images/11743.jpg,multi_train,multi,0.031082,5.836468,104,4
images/11744.jpg,multi_train,multi,0.045772,3.879704,448,4
images/11745.jpg,"multi_train,single_train","multi,single",0.025356,2.087929,414,10
images/11747.jpg,multi_train,multi,0.029576,6.075236,106,4
images/11749.jpg,multi_train,multi,0.030825,5.825936,98,8
images/11750.jpg,multi_train,multi,0.038445,2.958253,325,2
images/11751.jpg,multi_train,multi,0.05005,5.62454,691,3
images/11754.jpg,multi_train,multi,0.073606,4.725061,1899,6
images/11760.jpg,single_train,single,0.027607,2.547077,1083,10
images/11764.jpg,multi_train,multi,0.050205,6.38542,291,1
images/11765.jpg,multi_train,multi,0.049552,5.798609,258,1
images/11779.jpg,single_train,single,0.019976,2.183752,692,6
images/1178.jpg,single_train,single,0.04651,4.601674,2112,8
images/11782.jpg,multi_train,multi,0.043908,3.844992,381,4
images/11789.jpg,multi_train,multi,0.029207,6.038021,108,9
images/11790.jpg,multi_train,multi,0.018227,3.259903,593,9
images/11795.jpg,multi_train,multi,0.029604,5.844262,116,5
images/11797.jpg,multi_train,multi,0.032016,2.344749,880,5
images/11798.jpg,multi_train,multi,0.027155,2.116807,574,5
images/11801.jpg,single_train,single,0.030631,5.822069,104,12
images/11802.jpg,single_train,single,0.034773,3.913435,592,5
images/11805.jpg,multi_train,multi,0.028549,5.520549,89,2
images/11819.jpg,single_train,single,0.027028,5.444838,843,7
images/11822.jpg,multi_train,multi,0.030518,5.818367,108,3
images/11827.jpg,multi_train,multi,0.027679,4.758714,553,4
images/1183.jpg,multi_train,multi,0.065358,5.227488,1403,3
images/11834.jpg,multi_train,multi,0.028028,2.488456,842,7
images/1184.jpg,multi_train,multi,0.084109,5.617902,733,3
images/11840.jpg,single_train,single,0.023194,2.277199,613,9
images/11849.jpg,single_test,single,0.034846,2.772338,444,10
images/1185.jpg,single_train,single,0.045863,3.333838,1622,7
images/11853.jpg,single_train,single,0.027764,4.62871,53,7
images/11858.jpg,single_train,single,0.027255,5.141634,59,10
images/1186.jpg,multi_train,multi,0.042407,1.842442,522,2
images/11860.jpg,multi_train,multi,0.029037,5.17902,108,3
images/11865.jpg,single_train,single,0.026131,5.118588,50,8
images/11867.jpg,single_train,single,0.024335,5.104612,34,9
images/11869.jpg,multi_train,multi,0.024228,5.112602,35,3
images/1187.jpg,multi_train,multi,0.03303,2.719545,1245,3
images/11872.jpg,single_train,single,0.026815,5.13271,51,7
images/11873.jpg,single_train,single,0.027485,5.137774,61,8
images/11877.jpg,multi_train,multi,0.026318,5.128138,52,2
images/11879.jpg,multi_train,multi,0.043747,5.091544,51,4
images/11880.jpg,multi_train,multi,0.027397,4.97881,58,5
images/11881.jpg,single_train,single,0.027333,4.97094,56,8
images/11889.jpg,multi_train,multi,0.027796,5.02681,71,3
images/1189.jpg,"multi_train,single_train","multi,single",0.038779,3.773736,4648,10
images/11891.jpg,multi_train,multi,0.026552,4.977581,82,4
images/11894.jpg,multi_train,multi,0.027648,4.991693,67,5
images/1190.jpg,multi_train,multi,0.022053,2.657872,1011,6
images/11906.jpg,multi_train,multi,0.051173,5.154607,41,4
images/11907.jpg,single_train,single,0.043093,5.080664,37,10
images/11909.jpg,multi_train,multi,0.027263,5.025713,72,5
images/11918.jpg,multi_train,multi,0.047862,5.607637,48,2
images/1192.jpg,multi_train,multi,0.091783,5.308026,486,3
images/11920.jpg,single_train,single,0.031462,6.389207,1226,8
images/11927.jpg,multi_train,multi,0.02534,6.361432,1694,5
images/1193.jpg,multi_train,multi,0.061597,4.937229,2011,3
images/11930.jpg,multi_train,multi,0.026871,6.411637,3265,5
images/11939.jpg,multi_train,multi,0.038438,3.453557,1136,2
images/1194.jpg,"multi_train,single_train","multi,single",0.087555,6.567543,822,11
images/11942.jpg,single_train,single,0.057193,3.873056,1336,6
images/11951.jpg,single_train,single,0.030252,2.832468,1516,6
images/11956.jpg,multi_train,multi,0.03509,3.861486,1254,1
images/11959.jpg,multi_train,multi,0.035452,6.119443,2861,1
images/11960.jpg,single_train,single,0.039006,5.157859,1556,12
images/11961.jpg,multi_train,multi,0.029228,3.448731,1248,1
images/11962.jpg,multi_train,multi,0.032324,4.584544,1100,3
images/11964.jpg,multi_train,multi,0.031124,4.337348,1313,3
images/11965.jpg,multi_train,multi,0.031373,4.182489,1196,3
images/11975.jpg,multi_train,multi,0.099635,4.408487,1115,3
images/11979.jpg,single_train,single,0.035068,4.549322,4871,11
images/1198.jpg,multi_train,multi,0.041411,3.927862,2017,3
images/11980.jpg,multi_train,multi,0.036037,3.137938,1166,8
images/11988.jpg,single_train,single,0.033308,3.249108,1449,6
images/1199.jpg,multi_train,multi,0.039668,3.755861,4681,3
images/11999.jpg,multi_test,multi,0.029608,4.571294,4313,3
images/12000.jpg,multi_train,multi,0.030956,4.424594,2940,4
images/12001.jpg,single_train,single,0.043515,2.934489,1483,5
images/12002.jpg,multi_train,multi,0.032505,5.199767,1593,2
images/12004.jpg,multi_train,multi,0.037789,6.059313,2041,2
images/12009.jpg,"multi_train,single_train","multi,single",0.030594,4.90906,1565,10
images/1201.jpg,"multi_train,single_train","multi,single",0.061871,4.26259,875,11
images/12011.jpg,multi_train,multi,0.03676,4.293671,1786,3
images/1202.jpg,single_train,single,0.040339,3.231953,752,7
images/12021.jpg,single_train,single,0.019015,3.85203,2479,10
images/12024.jpg,multi_train,multi,0.024153,3.198937,1132,2
images/12025.jpg,multi_train,multi,0.071149,3.91151,768,2
images/12027.jpg,multi_train,multi,0.037715,4.753006,1651,1
images/1203.jpg,single_train,single,0.034624,4.601795,1212,9
images/12037.jpg,multi_train,multi,0.020149,4.053493,128,3
images/12038.jpg,multi_train,multi,0.064212,5.170073,68,3
images/12040.jpg,multi_train,multi,0.064477,6.02099,1970,3
images/12042.jpg,multi_test,multi,0.035206,5.784162,1615,1
images/12044.jpg,single_train,single,0.017591,5.446597,1148,6
images/12045.jpg,multi_train,multi,0.017317,2.623467,705,1
images/12046.jpg,multi_train,multi,0.036114,5.743546,1453,12
images/12048.jpg,multi_train,multi,0.02605,3.699017,1452,1
images/12051.jpg,single_test,single,0.080742,6.251563,2403,8
images/12052.jpg,multi_train,multi,0.053141,5.473051,2164,3
images/12057.jpg,single_train,single,0.037417,3.917489,1150,9
images/1206.jpg,multi_train,multi,0.015785,3.899588,2198,2
images/12061.jpg,multi_train,multi,0.071059,2.738634,532,2
images/12064.jpg,multi_test,multi,0.075829,5.251554,1473,1
images/12065.jpg,multi_train,multi,0.03678,6.156696,3496,2
images/12074.jpg,multi_train,multi,0.056917,5.289302,1856,1
images/12076.jpg,multi_train,multi,0.04124,4.660339,1849,3
images/12078.jpg,single_train,single,0.027764,3.363392,1056,9
images/12080.jpg,multi_train,multi,0.030603,4.250867,6292,3
images/12096.jpg,multi_test,multi,0.052131,4.272115,976,3
images/12099.jpg,multi_train,multi,0.032589,3.872786,2620,2
images/121.jpg,multi_train,multi,0.018122,5.899131,2400,3
images/12109.jpg,multi_test,multi,0.035059,4.213432,804,1
images/12110.jpg,multi_test,multi,0.023016,4.078487,2421,3
images/12112.jpg,multi_test,multi,0.066467,5.863782,157,1
images/12115.jpg,multi_test,multi,0.042182,4.052262,7554,3
images/12116.jpg,"multi_train,single_train","multi,single",0.073031,4.861495,4438,8
images/12119.jpg,single_train,single,0.022517,2.378845,1300,11
images/1212.jpg,multi_test,multi,0.03222,4.876722,1238,12
images/12123.jpg,multi_train,multi,0.033537,4.108396,1897,3
images/12125.jpg,multi_train,multi,0.052789,6.258849,713,4
images/1213.jpg,multi_train,multi,0.042558,5.659165,2270,1
images/12130.jpg,multi_train,multi,0.045354,4.369137,4571,2
images/12131.jpg,multi_train,multi,0.046429,4.709121,3460,1
images/12138.jpg,multi_test,multi,0.054665,4.073422,900,1
images/12144.jpg,multi_train,multi,0.037652,3.64306,837,2
images/12146.jpg,multi_train,multi,0.040753,4.795008,1078,1
images/12147.jpg,multi_train,multi,0.038661,4.563642,1538,2
images/12148.jpg,single_train,single,0.026321,4.094237,991,7
images/12149.jpg,single_train,single,0.040925,4.64455,6735,8
images/12154.jpg,multi_train,multi,0.031415,3.184227,1481,2
images/12157.jpg,multi_train,multi,0.029012,6.086945,4864,10
images/12158.jpg,"multi_train,single_train","multi,single",0.027444,5.410643,1660,13
images/1216.jpg,single_train,single,0.019998,2.396774,1984,9
images/12160.jpg,multi_train,multi,0.023008,3.144505,1334,1
images/12161.jpg,single_train,single,0.025035,4.073798,892,11
images/12163.jpg,multi_train,multi,0.038196,2.720501,1177,4
images/12169.jpg,multi_train,multi,0.027139,4.395953,2718,1
images/12172.jpg,single_train,single,0.026562,4.288443,1372,9
images/12174.jpg,single_train,single,0.061091,5.186547,1609,8
images/12175.jpg,multi_train,multi,0.033577,2.485576,840,4
images/12177.jpg,single_train,single,0.058668,5.392383,1121,3
images/12178.jpg,"multi_train,single_train","multi,single",0.038743,2.240406,878,15
images/12180.jpg,multi_train,multi,0.022416,4.508379,941,1
images/12184.jpg,multi_train,multi,0.034519,2.506913,863,13
images/12185.jpg,multi_train,multi,0.031076,5.180211,5352,5
images/12188.jpg,multi_train,multi,0.025061,3.686691,1303,8
images/12190.jpg,single_train,single,0.029547,3.795008,1463,9
images/12191.jpg,multi_train,multi,0.019821,3.417109,1456,2
images/12192.jpg,multi_train,multi,0.022013,3.543335,1032,4
images/12195.jpg,multi_train,multi,0.029521,3.564347,952,6
images/12196.jpg,multi_train,multi,0.023315,4.048845,458,2
images/12197.jpg,multi_train,multi,0.025749,3.700348,2451,3
images/1220.jpg,multi_train,multi,0.020412,4.257363,1453,2
images/12201.jpg,multi_train,multi,0.033167,3.505069,335,9
images/12203.jpg,multi_train,multi,0.033279,3.503946,335,5
images/12204.jpg,multi_train,multi,0.03262,3.926255,753,2
images/12206.jpg,multi_train,multi,0.033265,3.489522,343,13
images/12209.jpg,multi_test,multi,0.02968,6.16451,1036,2
images/12210.jpg,multi_test,multi,0.038776,4.477379,1813,2
images/12213.jpg,multi_test,multi,0.038744,4.59086,1902,2
images/12214.jpg,multi_train,multi,0.027046,3.248318,614,5
images/12215.jpg,multi_train,multi,0.031867,3.391863,338,2
images/12216.jpg,multi_train,multi,0.035859,2.999692,778,6
images/12218.jpg,multi_train,multi,0.032899,3.475503,392,6
images/12219.jpg,multi_train,multi,0.03364,2.860065,786,6
images/12220.jpg,multi_train,multi,0.026762,3.128414,590,5
images/12221.jpg,multi_test,multi,0.032994,3.449212,388,4
images/12222.jpg,multi_train,multi,0.033125,3.077431,595,4
images/12224.jpg,multi_train,multi,0.028768,3.031322,557,4
images/12228.jpg,multi_train,multi,0.063147,4.810067,616,2
images/1223.jpg,multi_test,multi,0.048158,5.048446,866,4
images/12230.jpg,multi_train,multi,0.068999,4.228838,1449,4
images/12231.jpg,multi_train,multi,0.027445,3.454991,414,4
images/12232.jpg,"multi_train,single_train","multi,single",0.030106,3.099976,597,7
images/12233.jpg,multi_train,multi,0.027402,3.467354,393,4
images/12235.jpg,multi_train,multi,0.025092,3.510513,376,2
images/12236.jpg,multi_train,multi,0.032709,3.01256,577,3
images/12237.jpg,multi_train,multi,0.02635,2.515012,786,11
images/12238.jpg,multi_train,multi,0.025976,2.49182,775,5
images/12240.jpg,multi_train,multi,0.033099,2.972231,580,8
images/12241.jpg,multi_train,multi,0.030088,2.48351,714,9
images/12242.jpg,multi_train,multi,0.033586,2.487298,838,9
images/12244.jpg,multi_train,multi,0.030481,2.530083,732,6
images/12245.jpg,multi_train,multi,0.026667,2.611952,783,2
images/12246.jpg,multi_test,multi,0.028523,3.515551,347,4
images/12248.jpg,multi_train,multi,0.035823,3.176181,612,3
images/12249.jpg,multi_train,multi,0.033208,2.835922,663,3
images/1225.jpg,multi_test,multi,0.039328,3.803625,4550,5
images/12252.jpg,single_test,single,0.026328,3.299209,385,7
images/12255.jpg,multi_train,multi,0.051149,4.71305,450,3
images/12256.jpg,multi_test,multi,0.026132,3.284691,387,4
images/12259.jpg,multi_train,multi,0.038558,3.073038,703,1
images/1226.jpg,multi_train,multi,0.018326,5.102519,1879,3
images/12265.jpg,multi_train,multi,0.025231,2.713815,416,6
images/12266.jpg,multi_train,multi,0.034483,3.004834,498,9
images/12267.jpg,multi_train,multi,0.049989,4.82135,556,3
images/12269.jpg,multi_train,multi,0.043194,3.494779,515,4
images/1227.jpg,multi_train,multi,0.067682,5.438508,889,3
images/12270.jpg,multi_train,multi,0.041607,2.746122,59,2
images/12271.jpg,"multi_train,single_train","multi,single",0.04114,2.771016,984,8
images/12273.jpg,multi_train,multi,0.042763,3.119782,820,5
images/12274.jpg,multi_train,multi,0.046111,3.358149,1033,5
images/12276.jpg,multi_train,multi,0.043465,3.532828,516,4
images/12278.jpg,multi_train,multi,0.029761,4.238211,1316,3
images/12280.jpg,multi_train,multi,0.030771,4.914554,1745,1
images/12281.jpg,"multi_train,single_train","multi,single",0.025208,4.970696,1628,8
images/12283.jpg,multi_train,multi,0.046961,3.606148,511,9
images/12284.jpg,"multi_train,single_train","multi,single",0.045814,3.558556,521,12
images/12285.jpg,multi_train,multi,0.025067,2.657222,458,7
images/12286.jpg,multi_train,multi,0.023995,2.835598,973,5
images/12287.jpg,multi_train,multi,0.022561,2.62762,1061,3
images/12288.jpg,single_train,single,0.028522,4.171718,1000,11
images/12289.jpg,multi_train,multi,0.02804,2.731665,446,1
images/1229.jpg,multi_train,multi,0.027232,4.82888,724,2
images/12290.jpg,multi_train,multi,0.021989,2.874064,292,5
images/12291.jpg,"multi_train,single_train","multi,single",0.024435,3.444868,265,8
images/12292.jpg,multi_train,multi,0.047457,3.715775,549,3
images/12293.jpg,multi_train,multi,0.028452,2.7531,432,1
images/12294.jpg,single_train,single,0.037618,4.765096,2853,9
images/12295.jpg,multi_train,multi,0.019061,2.299863,840,3
images/12296.jpg,"multi_test,single_test","multi,single",0.033705,5.799164,1795,10
images/12298.jpg,multi_train,multi,0.019558,1.855005,433,4
images/12299.jpg,single_train,single,0.037246,2.743454,336,6
images/12303.jpg,multi_train,multi,0.045805,5.307699,4460,4
images/12304.jpg,multi_train,multi,0.046735,3.799893,516,4
images/12307.jpg,multi_train,multi,0.027663,2.643949,711,4
images/12308.jpg,multi_train,multi,0.025623,2.470053,1074,4
images/12309.jpg,multi_train,multi,0.016768,2.28499,1310,4
images/12310.jpg,multi_train,multi,0.017561,2.1508,876,4
images/12311.jpg,multi_train,multi,0.019929,2.196004,1227,3
images/12313.jpg,single_train,single,0.041701,2.290971,482,9
images/12314.jpg,multi_train,multi,0.023862,5.038949,2047,1
images/12317.jpg,multi_train,multi,0.041833,3.071321,266,6
images/12318.jpg,multi_train,multi,0.043412,3.04002,284,6
images/12319.jpg,"multi_train,single_train","multi,single",0.044323,3.192713,292,14
images/12320.jpg,multi_train,multi,0.046876,3.267258,307,6
images/12322.jpg,single_train,single,0.065519,6.839992,107,6
images/12325.jpg,multi_train,multi,0.054356,3.580428,1020,3
images/12329.jpg,multi_train,multi,0.050223,3.734018,1060,4
images/1233.jpg,single_train,single,0.031791,4.442661,1551,4
images/12331.jpg,multi_train,multi,0.052322,4.058891,284,13
images/12333.jpg,multi_train,multi,0.053653,3.839932,929,6
images/12334.jpg,multi_train,multi,0.053451,3.784053,1424,3
images/12339.jpg,multi_train,multi,0.039987,3.16599,471,8
images/12340.jpg,multi_train,multi,0.031926,2.231009,928,3
images/12344.jpg,single_train,single,0.026377,3.832898,4102,6
images/12347.jpg,multi_train,multi,0.032393,4.166855,1815,1
images/12348.jpg,multi_train,multi,0.025212,3.480615,549,3
images/12349.jpg,multi_train,multi,0.023707,3.427728,649,3
images/1235.jpg,multi_train,multi,0.017423,3.061699,1249,2
images/12350.jpg,"multi_train,single_train","multi,single",0.038852,2.665495,321,13
images/12351.jpg,"multi_train,single_train","multi,single",0.028605,2.957101,573,8
images/12353.jpg,multi_train,multi,0.029927,2.710177,408,6
images/12356.jpg,multi_train,multi,0.021543,3.071509,530,3
images/12358.jpg,multi_train,multi,0.032614,2.374183,564,4
images/12360.jpg,multi_train,multi,0.026526,2.764519,412,3
images/12361.jpg,multi_train,multi,0.026809,2.36214,1099,4
images/12362.jpg,multi_train,multi,0.029613,2.362525,340,4
images/12363.jpg,multi_train,multi,0.038993,2.398106,341,4
images/12364.jpg,multi_train,multi,0.05598,2.693777,268,3
images/1237.jpg,"multi_train,single_train","multi,single",0.117641,6.193432,1114,9
images/12371.jpg,multi_train,multi,0.027234,2.565716,520,3
images/12373.jpg,multi_train,multi,0.030409,3.775118,1137,1
images/12374.jpg,"multi_train,single_train","multi,single",0.027228,2.556526,517,4
images/12376.jpg,multi_train,multi,0.015344,4.331551,210,4
images/12378.jpg,multi_train,multi,0.027018,2.558813,495,5
images/1238.jpg,multi_train,multi,0.02795,4.389514,670,2
images/12382.jpg,multi_train,multi,0.015026,4.316336,197,4
images/12383.jpg,multi_train,multi,0.043296,2.031223,606,1
images/12385.jpg,multi_train,multi,0.041121,3.69825,917,1
images/12386.jpg,single_train,single,0.028739,3.769861,2744,6
images/12387.jpg,single_train,single,0.021601,3.009199,724,8
images/12388.jpg,multi_train,multi,0.020043,2.75907,541,2
images/12392.jpg,multi_train,multi,0.027792,3.756696,729,3
images/12393.jpg,multi_train,multi,0.026087,4.331334,787,3
images/12394.jpg,multi_train,multi,0.024525,4.522579,1406,3
images/12395.jpg,multi_test,multi,0.024449,4.501605,829,1
images/12396.jpg,multi_train,multi,0.026706,4.159272,1368,3
images/12398.jpg,multi_test,multi,0.02469,3.473931,714,1
images/12399.jpg,multi_train,multi,0.021499,3.829998,726,3
images/12400.jpg,multi_train,multi,0.035399,2.780446,655,5
images/12401.jpg,single_train,single,0.035625,2.85376,554,8
images/12402.jpg,multi_train,multi,0.04742,1.909417,588,4
images/12403.jpg,multi_train,multi,0.039606,2.869191,555,3
images/12404.jpg,multi_train,multi,0.036211,2.409482,205,4
images/12405.jpg,multi_train,multi,0.034169,2.159461,364,4
images/12406.jpg,multi_train,multi,0.022764,2.505089,494,3
images/12407.jpg,multi_train,multi,0.024263,2.688285,734,2
images/12409.jpg,multi_train,multi,0.037183,2.866818,506,2
images/1241.jpg,multi_train,multi,0.034538,2.364291,757,1
images/12411.jpg,multi_train,multi,0.037833,2.804026,588,7
images/12413.jpg,multi_train,multi,0.020018,5.532492,148,3
images/12415.jpg,single_train,single,0.026906,2.89336,603,10
images/12416.jpg,multi_train,multi,0.034025,2.774558,393,2
images/12417.jpg,multi_train,multi,0.020829,2.905603,757,2
images/12420.jpg,multi_train,multi,0.038179,2.740782,330,5
images/12421.jpg,multi_train,multi,0.036605,2.752677,414,3
images/12422.jpg,multi_train,multi,0.038459,2.865229,350,5
images/12423.jpg,single_test,single,0.020446,2.247233,439,2
images/12424.jpg,multi_train,multi,0.025536,2.940069,545,3
images/12425.jpg,multi_train,multi,0.026191,2.955381,586,3
images/12427.jpg,multi_train,multi,0.03673,2.829614,320,5
images/12429.jpg,multi_train,multi,0.033731,2.881968,588,6
images/12432.jpg,multi_train,multi,0.029511,2.630871,385,5
images/12434.jpg,"multi_train,single_train","multi,single",0.022705,5.42638,155,11
images/12435.jpg,single_train,single,0.029668,2.583618,216,9
images/12440.jpg,multi_train,multi,0.018983,2.912156,495,3
images/12450.jpg,"multi_train,single_train","multi,single",0.040663,1.96677,569,7
images/12453.jpg,multi_train,multi,0.03288,2.812733,545,4
images/12454.jpg,multi_train,multi,0.035889,2.663933,444,6
images/12455.jpg,multi_train,multi,0.03008,2.585945,352,3
images/12457.jpg,multi_train,multi,0.020739,5.282113,165,4
images/12458.jpg,multi_train,multi,0.030049,2.608789,360,5
images/12460.jpg,multi_train,multi,0.030139,2.573911,362,5
images/12461.jpg,multi_train,multi,0.020972,2.863004,500,3
images/12463.jpg,multi_train,multi,0.043851,2.031501,579,1
images/12465.jpg,multi_train,multi,0.035945,3.489932,603,3
images/12466.jpg,multi_train,multi,0.06507,7.169362,96,3
images/12470.jpg,"multi_train,single_train","multi,single",0.031117,2.605342,245,12
images/12472.jpg,multi_train,multi,0.035172,3.049436,1068,2
images/12474.jpg,multi_train,multi,0.046065,1.895281,582,4
images/12476.jpg,multi_train,multi,0.028117,2.791437,556,7
images/12477.jpg,multi_train,multi,0.044654,4.638164,6223,3
images/12479.jpg,single_test,single,0.051676,2.846685,332,10
images/12480.jpg,multi_train,multi,0.039818,1.758137,454,3
images/12483.jpg,multi_train,multi,0.037715,2.76437,732,2
images/12485.jpg,multi_train,multi,0.044646,3.097602,430,2
images/12489.jpg,multi_train,multi,0.044241,3.001277,437,2
images/12490.jpg,multi_train,multi,0.042082,1.717871,463,3
images/12493.jpg,multi_train,multi,0.0194,2.846856,640,3
images/12498.jpg,multi_train,multi,0.02334,3.723792,495,9
images/1250.jpg,multi_test,multi,0.032913,3.834097,1614,2
images/12500.jpg,"multi_train,single_train","multi,single",0.030494,3.876642,1467,10
images/12504.jpg,multi_train,multi,0.035338,2.834753,474,8
images/12506.jpg,single_train,single,0.032046,2.561337,386,9
images/12507.jpg,single_train,single,0.018732,2.752465,682,2
images/12508.jpg,multi_train,multi,0.024489,5.841532,142,1
images/1251.jpg,multi_train,multi,0.031306,3.841205,1275,2
images/12511.jpg,multi_train,multi,0.024535,3.734836,575,9
images/12513.jpg,multi_train,multi,0.036624,2.503414,492,6
images/12514.jpg,multi_train,multi,0.029694,2.050102,461,4
images/12516.jpg,multi_train,multi,0.035848,2.173572,457,7
images/12517.jpg,multi_train,multi,0.035709,2.169891,452,4
images/12518.jpg,multi_train,multi,0.045096,2.758888,575,3
images/12521.jpg,multi_train,multi,0.039163,2.622315,381,1
images/12522.jpg,single_test,single,0.037203,1.366452,524,7
images/12524.jpg,multi_train,multi,0.016477,2.350491,518,3
images/12525.jpg,"multi_train,single_train","multi,single",0.035403,2.465024,520,18
images/12527.jpg,multi_train,multi,0.022215,2.026962,422,4
images/12530.jpg,single_train,single,0.032818,2.56943,375,8
images/12531.jpg,multi_train,multi,0.021879,5.300865,173,4
images/12533.jpg,multi_train,multi,0.032965,2.561858,375,1
images/12535.jpg,multi_train,multi,0.017958,2.512979,2676,6
images/12537.jpg,multi_train,multi,0.040741,2.777248,371,1
images/12538.jpg,multi_test,multi,0.048907,2.391782,472,3
images/12541.jpg,multi_train,multi,0.017949,2.502162,436,3
images/12542.jpg,multi_train,multi,0.050373,3.598847,583,3
images/12544.jpg,single_train,single,0.035837,2.676448,481,8
images/12545.jpg,multi_test,multi,0.015054,2.037753,390,3
images/12547.jpg,multi_train,multi,0.030471,3.670055,866,2
images/12548.jpg,"multi_train,single_train","multi,single",0.026083,5.943299,144,9
images/12549.jpg,"multi_train,single_train","multi,single",0.034178,2.553694,300,13
images/12550.jpg,multi_train,multi,0.038218,4.539043,915,8
images/12551.jpg,multi_train,multi,0.040416,2.859969,494,3
images/12552.jpg,multi_train,multi,0.027457,6.327967,146,1
images/12554.jpg,multi_train,multi,0.023148,1.762854,619,6
images/12556.jpg,single_train,single,0.020175,2.884178,518,10
images/12557.jpg,multi_train,multi,0.023408,2.214115,410,2
images/1256.jpg,multi_train,multi,0.031588,4.214114,1466,3
images/12560.jpg,multi_train,multi,0.023472,3.778646,544,4
images/12561.jpg,multi_train,multi,0.02304,2.277015,405,2
images/12564.jpg,multi_test,multi,0.018163,2.086282,403,3
images/12569.jpg,single_train,single,0.018729,2.512556,473,10
images/12570.jpg,multi_train,multi,0.018389,1.209391,593,6
images/12571.jpg,multi_train,multi,0.031799,2.209381,340,5
images/12574.jpg,"multi_test,single_test","multi,single",0.041623,2.673858,1026,13
images/1258.jpg,single_train,single,0.020504,3.012434,1209,6
images/12584.jpg,multi_train,multi,0.018235,1.339969,576,6
images/12586.jpg,multi_train,multi,0.018051,2.4182,499,4
images/12587.jpg,multi_train,multi,0.034464,2.040958,661,2
images/12589.jpg,multi_test,multi,0.0674,2.661493,361,2
images/12590.jpg,multi_train,multi,0.036496,2.194369,447,2
images/12592.jpg,multi_train,multi,0.019654,3.690444,582,4
images/12596.jpg,single_test,single,0.019265,2.552597,657,7
images/126.jpg,multi_train,multi,0.022552,4.742394,496,2
images/1260.jpg,"multi_train,single_train","multi,single",0.02537,3.654519,1367,9
images/12600.jpg,multi_train,multi,0.017876,5.297242,82,8
images/12602.jpg,multi_train,multi,0.038872,2.297238,416,4
images/12603.jpg,multi_test,multi,0.067101,2.433948,354,9
images/12604.jpg,multi_train,multi,0.02062,3.665814,543,13
images/12605.jpg,multi_train,multi,0.02976,2.20384,514,2
images/12606.jpg,multi_train,multi,0.019449,2.504135,660,3
images/12608.jpg,multi_train,multi,0.029607,2.125658,471,4
images/1261.jpg,"multi_train,single_train","multi,single",0.049825,5.907978,907,15
images/12610.jpg,"multi_train,single_train","multi,single",0.021357,2.018169,674,19
images/12612.jpg,multi_train,multi,0.019299,2.617405,1016,2
images/12615.jpg,multi_train,multi,0.038831,2.570426,460,7
images/12616.jpg,multi_train,multi,0.029372,1.999072,456,6
images/12617.jpg,multi_test,multi,0.071444,2.579978,341,6
images/12619.jpg,multi_train,multi,0.017761,2.428309,764,4
images/1262.jpg,"multi_train,single_train","multi,single",0.073452,5.508341,1671,14
images/12624.jpg,multi_train,multi,0.020293,2.587412,547,3
images/12625.jpg,multi_train,multi,0.021712,5.325697,77,5
images/12626.jpg,multi_train,multi,0.035305,2.479518,517,5
images/12628.jpg,single_test,single,0.025479,2.24098,606,12
images/1263.jpg,multi_train,multi,0.050283,3.234516,307,4
images/12630.jpg,multi_train,multi,0.034188,2.425536,516,4
images/12631.jpg,multi_test,multi,0.070627,2.436141,337,9
images/12636.jpg,multi_train,multi,0.018162,2.405908,462,3
images/1264.jpg,multi_train,multi,0.046032,3.661378,976,3
images/12640.jpg,multi_train,multi,0.033727,2.522189,686,5
images/12641.jpg,multi_train,multi,0.018442,2.450153,400,3
images/12643.jpg,single_train,single,0.041502,2.597585,707,11
images/12644.jpg,multi_train,multi,0.031963,2.462404,861,3
images/12646.jpg,multi_train,multi,0.018646,2.421584,515,2
images/12649.jpg,single_train,single,0.032483,2.491751,410,11
images/1265.jpg,"multi_train,single_train","multi,single",0.025316,5.023785,1179,8
images/12652.jpg,multi_train,multi,0.038179,2.405785,616,3
images/12653.jpg,multi_test,multi,0.075849,2.598095,344,7
images/12655.jpg,multi_train,multi,0.03823,2.433683,611,5
images/12656.jpg,multi_train,multi,0.033724,2.445692,587,2
images/12657.jpg,multi_train,multi,0.034072,2.460736,647,2
images/12658.jpg,multi_train,multi,0.026955,2.298242,434,3
images/12659.jpg,multi_train,multi,0.02534,2.005866,606,2
images/12660.jpg,multi_train,multi,0.032728,2.331885,539,5
images/12661.jpg,multi_train,multi,0.034561,2.473461,626,2
images/12667.jpg,single_train,single,0.038645,3.098482,1147,6
images/12669.jpg,single_train,single,0.020623,3.574988,579,7
images/12670.jpg,single_train,single,0.030031,2.141143,486,9
images/12671.jpg,multi_train,multi,0.018118,2.343781,1137,2
images/12674.jpg,multi_train,multi,0.021828,2.639072,512,6
images/12676.jpg,multi_train,multi,0.057174,2.661272,384,3
images/12677.jpg,multi_train,multi,0.023551,2.080374,629,3
images/12678.jpg,multi_train,multi,0.031509,2.223021,486,3
images/12679.jpg,multi_train,multi,0.027484,4.468438,701,3
images/12680.jpg,multi_train,multi,0.030637,2.072428,489,3
images/12683.jpg,multi_train,multi,0.029505,3.075948,957,2
images/12686.jpg,single_train,single,0.030205,2.461206,396,12
images/12687.jpg,"multi_train,single_train","multi,single",0.032935,2.44909,757,16
images/12688.jpg,multi_train,multi,0.018275,2.401233,554,9
images/12690.jpg,multi_train,multi,0.035626,2.304205,984,3
images/12692.jpg,multi_train,multi,0.026437,2.426979,1168,2
images/12696.jpg,multi_train,multi,0.021645,2.971779,359,3
images/12697.jpg,multi_train,multi,0.02985,2.223634,657,4
images/12698.jpg,multi_train,multi,0.031441,2.10851,477,4
images/12699.jpg,"multi_train,single_train","multi,single",0.033608,2.087211,616,9
images/1270.jpg,multi_train,multi,0.045106,3.994611,825,5
images/12700.jpg,multi_train,multi,0.022566,1.972943,466,3
images/12701.jpg,multi_train,multi,0.031648,2.032749,3020,3
images/12702.jpg,multi_train,multi,0.035091,2.256412,1920,6
images/12703.jpg,multi_train,multi,0.028011,4.706382,754,3
images/12704.jpg,multi_train,multi,0.023004,1.986726,533,3
images/12705.jpg,multi_train,multi,0.019719,2.655814,561,2
images/12707.jpg,multi_train,multi,0.031559,2.473689,2955,5
images/12708.jpg,multi_train,multi,0.035757,2.588162,1111,3
images/12711.jpg,multi_train,multi,0.022231,2.079855,602,3
images/12714.jpg,multi_train,multi,0.025814,2.085001,689,3
images/12715.jpg,multi_train,multi,0.021007,2.987937,318,4
images/12716.jpg,multi_test,multi,0.029266,2.29655,1162,4
images/12719.jpg,"multi_train,single_train","multi,single",0.020396,2.970431,333,17
images/12720.jpg,multi_train,multi,0.019547,2.577474,1858,10
images/12721.jpg,multi_train,multi,0.026712,2.091054,897,3
images/12724.jpg,multi_train,multi,0.020394,3.148207,364,6
images/12725.jpg,multi_train,multi,0.023284,1.955154,579,2
images/12726.jpg,multi_train,multi,0.026025,2.062355,879,3
images/12728.jpg,multi_test,multi,0.020064,2.556843,519,3
images/12729.jpg,multi_test,multi,0.027325,2.150603,1086,4
images/12730.jpg,multi_train,multi,0.019821,5.345726,74,5
images/12731.jpg,multi_train,multi,0.026031,2.106314,1156,3
images/12733.jpg,multi_train,multi,0.024107,2.155034,1321,4
images/12735.jpg,multi_test,multi,0.024051,2.986362,631,3
images/12737.jpg,multi_train,multi,0.01974,1.718761,739,3
images/12741.jpg,"multi_train,single_train","multi,single",0.023118,2.639229,1343,11
images/12742.jpg,multi_train,multi,0.022591,5.33099,72,3
images/12744.jpg,multi_train,multi,0.031942,2.211361,602,3
images/12745.jpg,multi_train,multi,0.030994,2.125646,1249,4
images/12746.jpg,multi_train,multi,0.030974,2.890549,1357,4
images/12748.jpg,"multi_train,single_train","multi,single",0.021644,2.774774,560,10
images/12750.jpg,multi_train,multi,0.022442,2.05965,533,2
images/12755.jpg,multi_train,multi,0.023659,2.286226,910,5
images/12756.jpg,multi_train,multi,0.022822,2.928045,854,4
images/12758.jpg,multi_train,multi,0.02704,1.966901,948,3
images/12760.jpg,single_train,single,0.018593,1.802103,208,9
images/12765.jpg,multi_test,multi,0.021301,2.180752,745,4
images/12767.jpg,multi_train,multi,0.021037,5.352869,82,5
images/1277.jpg,multi_train,multi,0.024489,3.596073,1143,5
images/12770.jpg,single_train,single,0.024494,2.721383,674,8
images/12771.jpg,multi_train,multi,0.023288,2.414315,809,4
images/12773.jpg,single_train,single,0.019806,1.183354,456,8
images/12775.jpg,multi_train,multi,0.026194,2.406078,689,7
images/12776.jpg,multi_train,multi,0.021851,2.279988,703,3
images/12779.jpg,multi_train,multi,0.027389,2.250405,909,5
images/1278.jpg,multi_train,multi,0.023186,5.93269,960,6
images/12780.jpg,multi_train,multi,0.022991,2.069042,544,7
images/12782.jpg,multi_train,multi,0.022531,2.393172,913,3
images/12783.jpg,multi_train,multi,0.026325,2.10081,412,3
images/12784.jpg,multi_train,multi,0.025706,2.172084,886,3
images/12787.jpg,multi_train,multi,0.026687,2.330064,704,6
images/12789.jpg,multi_test,multi,0.020627,1.978582,744,3
images/1279.jpg,multi_train,multi,0.030044,3.389093,2408,2
images/12790.jpg,multi_train,multi,0.035757,1.927475,293,6
images/12792.jpg,multi_train,multi,0.021973,1.933107,881,4
images/12793.jpg,multi_train,multi,0.033918,2.424184,730,4
images/12795.jpg,multi_train,multi,0.037067,1.887677,306,9
images/12797.jpg,"multi_train,single_train","multi,single",0.029568,2.425118,734,12
images/12799.jpg,multi_train,multi,0.037742,1.893374,309,5
images/12802.jpg,multi_train,multi,0.025279,2.077084,1012,5
images/12803.jpg,multi_train,multi,0.029084,2.485548,761,3
images/12805.jpg,multi_train,multi,0.0186,2.194012,626,3
images/12806.jpg,multi_train,multi,0.023673,2.01614,414,4
images/12809.jpg,multi_train,multi,0.019491,5.33673,76,8
images/12810.jpg,single_train,single,0.020912,2.26424,677,7
images/12811.jpg,multi_train,multi,0.024532,2.049619,511,4
images/12814.jpg,multi_train,multi,0.028633,2.403855,773,11
images/12816.jpg,"multi_train,single_train","multi,single",0.026622,2.7859,625,11
images/12817.jpg,"multi_train,single_train","multi,single",0.032291,2.474434,794,10
images/12818.jpg,multi_train,multi,0.026128,2.049702,411,3
images/12820.jpg,single_train,single,0.032701,5.958817,2013,3
images/12822.jpg,"multi_train,single_train","multi,single",0.036491,1.841471,319,10
images/12828.jpg,multi_train,multi,0.019886,2.166609,689,3
images/12829.jpg,"multi_train,single_train","multi,single",0.017766,5.256222,78,11
images/12832.jpg,single_train,single,0.026425,2.701788,929,7
images/12835.jpg,multi_train,multi,0.049812,2.060599,328,4
images/12839.jpg,multi_train,multi,0.025063,2.492951,821,5
images/12840.jpg,multi_train,multi,0.033179,2.49547,850,3
images/12841.jpg,multi_train,multi,0.023433,1.881318,413,5
images/12845.jpg,single_train,single,0.03007,2.420823,909,7
images/12847.jpg,multi_train,multi,0.02283,2.312821,1002,6
images/1285.jpg,multi_train,multi,0.030863,3.536447,1230,3
images/12851.jpg,multi_train,multi,0.023678,2.0031,421,3
images/12852.jpg,multi_train,multi,0.023417,2.410571,659,4
images/12854.jpg,multi_train,multi,0.024087,2.055828,903,3
images/12855.jpg,multi_train,multi,0.025977,2.209175,1170,10
images/12856.jpg,single_train,single,0.023149,2.113314,982,5
images/1286.jpg,single_train,single,0.031104,3.388826,934,7
images/12860.jpg,"multi_train,single_train","multi,single",0.023789,2.140552,2161,8
images/12864.jpg,multi_train,multi,0.033673,4.55012,4130,1
images/12868.jpg,single_train,single,0.033204,3.192095,351,5
images/12869.jpg,multi_train,multi,0.030967,2.861917,282,4
images/12870.jpg,"multi_test,single_test","multi,single",0.028203,2.677916,460,5
images/12871.jpg,multi_train,multi,0.036993,3.126664,486,5
images/12872.jpg,multi_test,multi,0.037372,3.997957,392,2
images/12874.jpg,multi_train,multi,0.033795,3.786341,945,2
images/12877.jpg,multi_train,multi,0.030303,2.447339,899,1
images/12878.jpg,multi_train,multi,0.037158,1.828353,322,7
images/12884.jpg,multi_train,multi,0.031519,2.51445,922,2
images/12886.jpg,multi_train,multi,0.042786,1.891775,254,4
images/12887.jpg,single_train,single,0.019953,2.432352,849,1
images/12889.jpg,multi_train,multi,0.019532,2.422296,992,4
images/1289.jpg,multi_train,multi,0.023984,3.22707,1218,2
images/12890.jpg,multi_train,multi,0.039307,1.879726,314,8
images/12905.jpg,single_train,single,0.019505,2.215232,490,8
images/12909.jpg,multi_train,multi,0.022138,2.270228,688,4
images/1291.jpg,"multi_train,single_train","multi,single",0.01923,3.998947,1672,11
images/12911.jpg,multi_train,multi,0.021447,2.229789,730,4
images/12917.jpg,multi_train,multi,0.018859,2.207231,545,4
images/12922.jpg,multi_train,multi,0.03054,3.738857,2792,3
images/12924.jpg,multi_test,multi,0.023628,2.642791,791,6
images/12927.jpg,multi_train,multi,0.016018,2.885085,1504,2
images/12928.jpg,multi_train,multi,0.023171,2.7661,1804,2
images/12929.jpg,multi_train,multi,0.021059,3.006455,1214,2
images/12931.jpg,multi_test,multi,0.018694,3.424938,977,6
images/12934.jpg,"multi_test,single_test","multi,single",0.043683,3.677082,172,11
images/12935.jpg,multi_test,multi,0.035108,4.265793,531,9
images/12937.jpg,multi_train,multi,0.019884,2.254096,541,3
images/1294.jpg,multi_train,multi,0.030968,4.942322,1743,5
images/12940.jpg,single_train,single,0.027234,2.643702,771,4
images/12943.jpg,multi_train,multi,0.026783,2.574128,751,4
images/1295.jpg,"multi_train,single_train","multi,single",0.022994,4.972563,1521,6
images/12951.jpg,multi_train,multi,0.025933,2.049998,414,1
images/12952.jpg,multi_train,multi,0.038146,1.756595,321,3
images/12955.jpg,multi_train,multi,0.020491,2.770701,878,6
images/12958.jpg,multi_train,multi,0.018765,3.243373,444,3
images/1296.jpg,multi_train,multi,0.06594,5.435566,745,2
images/12961.jpg,multi_train,multi,0.040163,3.710134,660,6
images/12967.jpg,multi_train,multi,0.037284,4.056558,280,1
images/12970.jpg,multi_test,multi,0.02225,2.346502,562,3
images/12972.jpg,multi_train,multi,0.024962,2.363456,618,7
images/12975.jpg,multi_test,multi,0.048377,4.886149,425,1
images/12976.jpg,multi_train,multi,0.028903,1.76533,333,3
images/12977.jpg,multi_train,multi,0.022696,2.176283,279,4
images/1298.jpg,multi_train,multi,0.034874,5.290733,983,3
images/12988.jpg,multi_train,multi,0.028511,6.793111,624,1
images/1299.jpg,multi_train,multi,0.039854,2.512866,1636,3
images/12993.jpg,multi_train,multi,0.041402,2.303336,716,3
images/12995.jpg,single_train,single,0.025368,1.933954,452,5
images/13000.jpg,multi_train,multi,0.027879,2.681961,660,2
images/13005.jpg,multi_train,multi,0.024947,2.423165,630,2
images/13009.jpg,multi_train,multi,0.04015,5.171603,381,3
images/1301.jpg,multi_train,multi,0.024582,6.502525,2607,5
images/13010.jpg,single_train,single,0.02858,2.609689,726,5
images/13016.jpg,multi_test,multi,0.02372,2.310686,984,3
images/13018.jpg,single_train,single,0.028593,2.121869,419,5
images/13019.jpg,multi_train,multi,0.020338,2.149684,531,3
images/1302.jpg,single_test,single,0.026543,4.231618,1110,10
images/13023.jpg,multi_train,multi,0.033539,5.433633,1298,3
images/13027.jpg,single_train,single,0.030878,4.662982,389,9
images/13028.jpg,multi_test,multi,0.040487,1.806093,320,3
images/1303.jpg,multi_train,multi,0.034468,4.665291,3884,5
images/13030.jpg,multi_train,multi,0.060629,4.283861,638,5
images/13031.jpg,multi_train,multi,0.025468,1.951637,424,2
images/13033.jpg,single_train,single,0.025705,1.950645,425,8
images/13034.jpg,multi_train,multi,0.022734,2.387253,1113,3
images/13036.jpg,multi_train,multi,0.023824,2.382826,620,6
images/13037.jpg,multi_train,multi,0.028765,3.062445,837,2
images/13038.jpg,multi_train,multi,0.025741,1.948107,425,3
images/13040.jpg,single_train,single,0.02532,2.708904,869,8
images/13045.jpg,multi_train,multi,0.022108,2.295167,586,3
images/1305.jpg,single_train,single,0.045422,2.101479,812,7
images/13050.jpg,single_train,single,0.020601,2.199764,555,7
images/13061.jpg,multi_train,multi,0.02713,2.051729,394,4
images/13062.jpg,multi_train,multi,0.034742,4.58619,1313,2
images/13064.jpg,single_train,single,0.021302,2.247983,564,9
images/13065.jpg,multi_train,multi,0.025471,2.030537,398,4
images/13068.jpg,single_train,single,0.025563,2.019042,400,7
images/13070.jpg,"multi_train,single_train","multi,single",0.02537,2.418832,722,11
images/13071.jpg,single_test,single,0.027661,2.077977,398,4
images/13073.jpg,multi_train,multi,0.021402,2.722309,1247,4
images/13074.jpg,single_train,single,0.047709,3.62848,492,5
images/13076.jpg,single_train,single,0.027428,2.091225,400,1
images/13077.jpg,multi_train,multi,0.02761,2.900658,881,1
images/13081.jpg,multi_train,multi,0.054817,3.652459,417,5
images/13087.jpg,multi_train,multi,0.016631,3.683982,3376,1
images/13089.jpg,multi_train,multi,0.031083,3.527117,1243,1
images/13091.jpg,multi_train,multi,0.040042,1.681879,329,6
images/13093.jpg,multi_train,multi,0.041977,4.022428,5319,1
images/13096.jpg,"multi_train,single_train","multi,single",0.015943,3.863572,2431,10
images/13098.jpg,multi_train,multi,0.022095,2.267599,629,7
images/13102.jpg,multi_train,multi,0.026626,2.513249,700,6
images/13103.jpg,multi_train,multi,0.028499,2.341595,1377,2
images/13104.jpg,multi_train,multi,0.027828,2.400399,656,2
images/13110.jpg,single_train,single,0.031002,2.626206,861,7
images/13114.jpg,multi_train,multi,0.032709,6.742789,753,1
images/13115.jpg,"multi_train,single_train","multi,single",0.034493,4.18983,1004,8
images/13116.jpg,multi_train,multi,0.025984,3.858121,1420,3
images/13120.jpg,multi_train,multi,0.051724,3.891514,1313,3
images/13123.jpg,single_train,single,0.055463,3.759605,939,6
images/13124.jpg,single_train,single,0.05543,3.758279,938,8
images/13126.jpg,multi_train,multi,0.035433,4.367724,445,4
images/13128.jpg,multi_test,multi,0.040135,3.736398,391,2
images/1313.jpg,multi_train,multi,0.018696,2.618228,602,4
images/13130.jpg,multi_train,multi,0.03715,4.116016,602,4
images/13131.jpg,multi_train,multi,0.038872,4.24751,1007,3
images/13134.jpg,multi_train,multi,0.039515,4.412745,588,2
images/13139.jpg,multi_test,multi,0.053159,3.765973,708,1
images/1314.jpg,multi_train,multi,0.031309,2.260633,629,3
images/13142.jpg,multi_train,multi,0.022412,3.083294,518,5
images/13143.jpg,"multi_train,single_train","multi,single",0.022376,2.968675,508,11
images/13144.jpg,multi_train,multi,0.026864,3.054074,506,5
images/13145.jpg,multi_train,multi,0.083386,5.489867,960,4
images/13146.jpg,multi_train,multi,0.029666,3.593697,1499,1
images/13147.jpg,multi_train,multi,0.066186,4.76141,1190,3
images/1315.jpg,multi_train,multi,0.024947,6.306064,2660,5
images/13150.jpg,multi_train,multi,0.06118,5.82719,595,1
images/13151.jpg,multi_train,multi,0.073545,5.032294,794,2
images/13152.jpg,multi_train,multi,0.075964,5.148298,826,1
images/13153.jpg,"multi_train,single_train","multi,single",0.067757,4.695203,609,5
images/13154.jpg,single_train,single,0.035291,4.082707,887,5
images/13156.jpg,multi_train,multi,0.075225,5.211536,698,3
images/13157.jpg,single_train,single,0.046262,4.004732,1832,5
images/13158.jpg,multi_train,multi,0.075955,4.203505,1310,1
images/1316.jpg,multi_train,multi,0.024306,4.385383,959,3
images/13160.jpg,multi_train,multi,0.034994,3.532668,662,4
images/13162.jpg,multi_train,multi,0.035934,3.493271,662,4
images/13165.jpg,multi_train,multi,0.050539,3.12453,423,3
images/13168.jpg,multi_train,multi,0.057007,3.340309,395,3
images/13169.jpg,multi_train,multi,0.018029,5.74429,560,7
images/1317.jpg,multi_train,multi,0.05741,3.205987,593,2
images/13172.jpg,multi_train,multi,0.019555,5.321471,1489,9
images/13176.jpg,single_train,single,0.058813,6.920885,1590,8
images/13177.jpg,multi_train,multi,0.027402,5.364635,482,6
images/13178.jpg,"multi_train,single_train","multi,single",0.054345,5.284808,1412,10
images/1318.jpg,multi_train,multi,0.02325,4.764563,1076,1
images/13182.jpg,multi_train,multi,0.025331,6.132113,3658,2
images/13183.jpg,single_train,single,0.019141,4.655842,374,4
images/13185.jpg,multi_train,multi,0.06686,4.440823,1939,1
images/13186.jpg,multi_train,multi,0.049701,4.523098,1321,7
images/13189.jpg,multi_train,multi,0.055149,4.906194,1398,9
images/1319.jpg,multi_test,multi,0.029002,3.992395,1484,2
images/13190.jpg,multi_train,multi,0.051191,4.636123,1175,7
images/13191.jpg,"multi_train,single_train","multi,single",0.063793,3.943608,798,11
images/13195.jpg,multi_train,multi,0.062616,4.481952,994,2
images/13196.jpg,multi_train,multi,0.020002,2.972904,2682,3
images/13197.jpg,multi_train,multi,0.040516,3.58528,1509,2
images/13198.jpg,multi_train,multi,0.02098,3.002429,1885,2
images/13199.jpg,multi_train,multi,0.014295,4.276241,200,5
images/1320.jpg,multi_train,multi,0.046582,2.388289,397,7
images/13200.jpg,multi_train,multi,0.03376,7.065984,96,6
images/13201.jpg,multi_train,multi,0.019342,4.413388,189,5
images/13202.jpg,multi_train,multi,0.019626,4.345885,184,5
images/13203.jpg,single_train,single,0.025093,3.081502,1015,3
images/13204.jpg,multi_train,multi,0.015808,2.096015,314,3
images/13205.jpg,multi_train,multi,0.018072,4.343358,422,5
images/13206.jpg,multi_train,multi,0.021851,3.1161,967,3
images/13207.jpg,multi_train,multi,0.023852,2.772724,1285,3
images/13208.jpg,multi_train,multi,0.027472,2.197491,328,3
images/13210.jpg,multi_train,multi,0.036156,5.637746,2234,4
images/13215.jpg,multi_train,multi,0.032725,5.885724,6310,3
images/13217.jpg,multi_train,multi,0.026536,5.389684,624,8
images/13219.jpg,single_train,single,0.023399,3.741408,521,5
images/13220.jpg,multi_train,multi,0.025618,2.119885,585,2
images/13221.jpg,multi_train,multi,0.020848,3.69001,1333,3
images/13222.jpg,"multi_train,single_train","multi,single",0.017201,1.781048,731,8
images/13223.jpg,multi_train,multi,0.024815,2.045477,605,2
images/13224.jpg,multi_train,multi,0.048104,4.218161,419,4
images/13225.jpg,multi_train,multi,0.016701,1.726641,790,2
images/13226.jpg,"multi_train,single_train","multi,single",0.037833,3.011346,317,13
images/13228.jpg,multi_train,multi,0.022016,2.834937,17652,1
images/13229.jpg,single_test,single,0.068458,6.289226,2430,5
images/13230.jpg,"multi_train,single_train","multi,single",0.02041,2.954761,1152,13
images/13231.jpg,multi_train,multi,0.019982,3.818671,528,10
images/13232.jpg,multi_train,multi,0.049732,3.509723,2740,1
images/13233.jpg,multi_train,multi,0.017476,3.701102,998,3
images/13235.jpg,multi_train,multi,0.017573,3.709837,2068,13
images/13236.jpg,multi_train,multi,0.023166,3.805601,588,3
images/13237.jpg,"multi_train,single_train","multi,single",0.025982,2.874832,466,13
images/13238.jpg,multi_train,multi,0.020251,2.83336,502,6
images/13239.jpg,"multi_train,single_train","multi,single",0.028587,6.842027,108,9
images/13240.jpg,multi_train,multi,0.023527,3.801105,1125,3
images/13247.jpg,multi_train,multi,0.047745,3.016105,478,4
images/13248.jpg,multi_train,multi,0.021734,2.263217,631,3
images/1325.jpg,multi_train,multi,0.070637,5.275858,1409,4
images/13252.jpg,single_train,single,0.056055,4.469837,1312,5
images/13253.jpg,single_train,single,0.060147,3.046555,960,8
images/13256.jpg,single_train,single,0.054406,4.233394,1587,8
images/13257.jpg,multi_train,multi,0.047778,2.904552,509,4
images/13258.jpg,multi_train,multi,0.057055,4.459186,2359,2
images/13265.jpg,multi_train,multi,0.028511,2.544192,1026,2
images/13268.jpg,"multi_train,single_train","multi,single",0.03194,2.262067,1560,9
images/13272.jpg,multi_train,multi,0.021864,3.492521,966,1
images/13273.jpg,multi_train,multi,0.019517,3.324454,751,1
images/13274.jpg,multi_train,multi,0.027845,2.740213,572,3
images/13276.jpg,multi_train,multi,0.034069,2.37879,348,4
images/13278.jpg,multi_train,multi,0.041344,2.768566,1468,1
images/13279.jpg,multi_train,multi,0.023187,2.837574,343,9
images/13280.jpg,multi_train,multi,0.026196,3.569164,1616,1
images/13281.jpg,"multi_train,single_train","multi,single",0.020504,4.093012,664,12
images/13282.jpg,"multi_train,single_train","multi,single",0.022535,4.371983,1063,6
images/13283.jpg,multi_train,multi,0.031568,4.663116,1151,3
images/13284.jpg,multi_train,multi,0.041922,4.340521,1715,4
images/13285.jpg,multi_train,multi,0.028279,4.612209,6912,6
images/13286.jpg,multi_train,multi,0.025771,3.894767,1156,1
images/13288.jpg,multi_train,multi,0.042206,2.884206,1133,2
images/13290.jpg,multi_train,multi,0.045521,4.68128,139,2
images/13293.jpg,multi_test,multi,0.050068,4.771757,1508,3
images/13294.jpg,multi_train,multi,0.030236,4.731085,1513,1
images/13299.jpg,multi_train,multi,0.02324,1.96599,417,5
images/13300.jpg,multi_train,multi,0.02321,1.965725,416,1
images/13301.jpg,multi_train,multi,0.108278,5.498753,1288,2
images/13302.jpg,multi_train,multi,0.097363,5.464899,1235,2
images/13303.jpg,multi_train,multi,0.120036,5.448353,1248,2
images/13306.jpg,multi_train,multi,0.027757,2.506675,806,6
images/13307.jpg,multi_train,multi,0.024143,5.899107,74,8
images/13309.jpg,multi_train,multi,0.031362,2.263635,672,3
images/13313.jpg,multi_train,multi,0.024101,2.283904,704,5
images/13314.jpg,multi_train,multi,0.041593,1.687462,342,2
images/1332.jpg,multi_train,multi,0.029644,4.73242,738,4
images/13320.jpg,"multi_train,single_train","multi,single",0.027431,2.465643,986,11
images/13321.jpg,multi_test,multi,0.041813,1.681395,343,3
images/13324.jpg,multi_train,multi,0.027091,2.063162,410,2
images/13325.jpg,multi_train,multi,0.022291,5.888577,81,9
images/13327.jpg,single_train,single,0.024294,2.317654,588,4
images/13328.jpg,multi_train,multi,0.026045,2.434152,684,4
images/13329.jpg,multi_train,multi,0.029678,4.241901,2613,1
images/1333.jpg,multi_train,multi,0.036375,5.455142,1638,5
images/13332.jpg,multi_train,multi,0.025369,2.353689,670,2
images/13335.jpg,single_train,single,0.022756,2.174671,542,7
images/13338.jpg,multi_train,multi,0.029911,2.961777,1627,1
images/13342.jpg,"multi_test,single_test","multi,single",0.047178,4.022568,800,6
images/13346.jpg,multi_train,multi,0.022375,5.887051,81,7
images/13351.jpg,"multi_train,single_train","multi,single",0.020168,2.738492,390,12
images/1336.jpg,multi_train,multi,0.027529,2.568142,1885,5
images/13361.jpg,multi_train,multi,0.031625,2.71353,827,2
images/13363.jpg,multi_train,multi,0.0273,2.411193,681,2
images/13365.jpg,multi_train,multi,0.019945,2.706209,405,6
images/1337.jpg,multi_train,multi,0.056651,4.390433,2559,3
images/13372.jpg,single_train,single,0.023121,2.82107,797,6
images/13373.jpg,multi_train,multi,0.021683,2.948485,412,3
images/13374.jpg,multi_train,multi,0.027238,2.34513,627,5
images/13375.jpg,multi_train,multi,0.0515,3.304895,471,5
images/13376.jpg,multi_train,multi,0.027165,2.46486,710,2
images/13378.jpg,multi_train,multi,0.02009,2.709322,405,3
images/13380.jpg,multi_train,multi,0.020289,2.154304,1330,2
images/13384.jpg,multi_train,multi,0.022654,3.138973,428,5
images/13387.jpg,multi_train,multi,0.02632,2.361364,644,4
images/13388.jpg,multi_train,multi,0.023952,3.252016,503,11
images/13389.jpg,multi_train,multi,0.038268,2.90873,845,4
images/13390.jpg,multi_train,multi,0.022743,3.076465,5091,3
images/13392.jpg,multi_train,multi,0.025925,1.612871,1073,2
images/13394.jpg,multi_test,multi,0.027199,2.376693,601,3
images/13401.jpg,multi_train,multi,0.02699,4.651497,497,4
images/13402.jpg,"multi_train,single_train","multi,single",0.021224,2.024399,327,11
images/13405.jpg,multi_test,multi,0.027177,3.337625,480,5
images/13406.jpg,multi_train,multi,0.026983,2.896463,524,1
images/13407.jpg,multi_train,multi,0.050749,1.787623,309,4
images/13409.jpg,multi_train,multi,0.033135,3.238367,898,1
images/1341.jpg,single_train,single,0.041405,5.170366,1758,5
images/13410.jpg,multi_train,multi,0.051261,5.705477,1258,1
images/13411.jpg,multi_train,multi,0.024696,2.763322,4908,3
images/13412.jpg,single_train,single,0.02804,2.392288,684,4
images/13414.jpg,multi_test,multi,0.051776,3.575344,493,5
images/13417.jpg,multi_test,multi,0.04505,4.038782,434,5
images/13424.jpg,"multi_train,single_train","multi,single",0.052384,4.749673,1087,8
images/13426.jpg,"multi_train,single_train","multi,single",0.050998,2.619322,423,11
images/13427.jpg,multi_train,multi,0.052844,2.657742,446,3
images/13428.jpg,multi_train,multi,0.044723,6.027783,351,2
images/13429.jpg,multi_train,multi,0.043534,2.495858,274,6
images/1343.jpg,"multi_train,single_train","multi,single",0.042382,4.334861,964,8
images/13431.jpg,multi_train,multi,0.058844,4.396014,985,8
images/13432.jpg,"multi_train,single_train","multi,single",0.054454,2.711543,443,10
images/13433.jpg,multi_train,multi,0.073087,4.994525,1169,2
images/13434.jpg,multi_train,multi,0.066731,4.660358,541,5
images/13435.jpg,multi_train,multi,0.057769,4.535921,547,3
images/13437.jpg,"multi_train,single_train","multi,single",0.057339,2.833088,468,11
images/13438.jpg,multi_train,multi,0.06326,4.22322,2280,8
images/13439.jpg,multi_train,multi,0.052942,3.489999,543,3
images/13441.jpg,multi_train,multi,0.055308,2.777297,450,3
images/13443.jpg,multi_train,multi,0.056306,2.735149,453,5
images/13444.jpg,single_train,single,0.034427,4.895444,317,5
images/13445.jpg,multi_train,multi,0.054122,3.506793,792,3
images/13446.jpg,multi_train,multi,0.056218,2.800168,453,3
images/13451.jpg,single_test,single,0.063048,4.808693,994,7
images/13453.jpg,multi_test,multi,0.075641,4.376055,1229,1
images/13456.jpg,"multi_train,single_train","multi,single",0.061158,4.522013,965,13
images/13457.jpg,multi_train,multi,0.065186,4.499051,890,5
images/13458.jpg,multi_test,multi,0.048353,2.76464,280,3
images/13459.jpg,multi_train,multi,0.069584,3.386729,247,3
images/1346.jpg,multi_train,multi,0.020567,2.119746,774,1
images/13462.jpg,single_train,single,0.051383,2.890434,270,7
images/13465.jpg,multi_train,multi,0.062265,3.274773,841,4
images/13467.jpg,"multi_train,single_train","multi,single",0.072988,3.616193,343,11
images/13468.jpg,multi_train,multi,0.084608,5.565128,233,5
images/13469.jpg,multi_train,multi,0.067135,5.166252,183,1
images/13470.jpg,multi_train,multi,0.058965,4.265693,867,2
images/13473.jpg,multi_train,multi,0.057985,4.161329,1514,3
images/13474.jpg,multi_train,multi,0.051186,4.114357,911,2
images/13475.jpg,multi_train,multi,0.060125,6.180851,49,3
images/13478.jpg,multi_train,multi,0.067469,4.105115,478,5
images/13479.jpg,multi_train,multi,0.07262,5.047248,1632,1
images/13480.jpg,multi_train,multi,0.061815,3.920115,817,1
images/13481.jpg,single_train,single,0.044165,5.92125,160,4
images/13483.jpg,"multi_train,single_train","multi,single",0.050801,5.388067,666,15
images/13485.jpg,single_train,single,0.064023,4.046614,4185,8
images/13486.jpg,multi_train,multi,0.0472,4.052263,627,5
images/13488.jpg,multi_train,multi,0.041369,5.623472,177,5
images/13490.jpg,multi_train,multi,0.045034,5.955217,125,5
images/13491.jpg,multi_train,multi,0.066443,4.50202,653,3
images/13493.jpg,"multi_train,single_train","multi,single",0.043715,5.895329,145,19
images/13494.jpg,multi_train,multi,0.046576,5.969513,263,2
images/13495.jpg,multi_train,multi,0.071536,4.542987,1142,1
images/13496.jpg,multi_train,multi,0.060346,5.837012,53,9
images/13497.jpg,multi_train,multi,0.069434,4.500801,645,1
images/13498.jpg,multi_train,multi,0.079934,3.827929,2136,1
images/135.jpg,multi_test,multi,0.017116,5.818301,1606,4
images/13503.jpg,multi_train,multi,0.077728,3.733028,2104,1
images/13504.jpg,multi_train,multi,0.063225,4.418376,840,2
images/13506.jpg,multi_train,multi,0.051415,4.367936,498,5
images/13507.jpg,multi_train,multi,0.054761,4.133173,1248,3
images/13508.jpg,"multi_train,single_train","multi,single",0.069163,4.5078,1332,9
images/13509.jpg,multi_train,multi,0.057059,4.047316,558,3
images/13510.jpg,multi_train,multi,0.025697,2.466449,866,2
images/13511.jpg,multi_train,multi,0.030933,2.453705,401,4
images/13516.jpg,multi_test,multi,0.033563,2.35304,922,3
images/13517.jpg,multi_test,multi,0.030778,1.770875,789,3
images/13518.jpg,"multi_test,single_test","multi,single",0.034011,1.807428,1416,5
images/13519.jpg,multi_train,multi,0.024232,2.366688,897,3
images/13522.jpg,multi_train,multi,0.024995,2.344072,848,4
images/13523.jpg,multi_train,multi,0.024984,2.413318,868,3
images/13524.jpg,single_train,single,0.047747,6.2873,130,6
images/13525.jpg,multi_train,multi,0.060276,3.882475,729,3
images/13526.jpg,multi_train,multi,0.06028,3.894333,808,3
images/13527.jpg,multi_train,multi,0.05554,3.990455,569,2
images/13529.jpg,multi_train,multi,0.072983,3.963244,741,2
images/1353.jpg,multi_train,multi,0.025107,4.412856,749,4
images/13530.jpg,multi_train,multi,0.034867,3.737408,309,2
images/13532.jpg,multi_train,multi,0.066084,3.008486,1652,2
images/13533.jpg,multi_train,multi,0.04878,4.50067,1126,5
images/13534.jpg,multi_train,multi,0.055962,3.587399,1044,5
images/13535.jpg,multi_train,multi,0.051531,3.029295,917,2
images/13539.jpg,single_train,single,0.070252,3.422573,1730,3
images/1354.jpg,"multi_train,single_train","multi,single",0.020501,2.671197,588,13
images/13543.jpg,"multi_train,single_train","multi,single",0.089524,5.198169,2507,7
images/13544.jpg,multi_train,multi,0.105707,4.363358,1566,1
images/13546.jpg,single_train,single,0.092204,4.075802,1400,5
images/13547.jpg,multi_train,multi,0.107225,4.563191,1642,3
images/13549.jpg,multi_train,multi,0.099771,4.58383,982,1
images/1355.jpg,"multi_train,single_train","multi,single",0.052095,4.656072,847,17
images/13551.jpg,multi_train,multi,0.059658,4.006667,761,3
images/13552.jpg,multi_train,multi,0.061262,6.01725,354,3
images/13554.jpg,multi_test,multi,0.047295,6.058749,85,3
images/13555.jpg,multi_train,multi,0.026283,5.497372,46,2
images/13556.jpg,multi_train,multi,0.055029,3.866791,919,3
images/13558.jpg,multi_train,multi,0.047104,3.962158,1030,4
images/1356.jpg,multi_test,multi,0.02388,5.027875,1169,6
images/13563.jpg,multi_train,multi,0.037153,4.027428,620,3
images/13566.jpg,multi_train,multi,0.049483,5.47052,1604,1
images/13567.jpg,multi_train,multi,0.055433,2.857411,2282,3
images/13568.jpg,multi_train,multi,0.044057,5.285288,416,5
images/1357.jpg,multi_test,multi,0.024547,3.004016,698,2
images/13574.jpg,multi_train,multi,0.059234,4.602287,904,2
images/13575.jpg,"multi_train,single_train","multi,single",0.052457,2.892598,1348,4
images/13577.jpg,multi_train,multi,0.061735,2.722905,2560,1
images/13578.jpg,multi_train,multi,0.072944,3.223902,2636,2
images/13579.jpg,multi_train,multi,0.065822,4.21943,1461,2
images/1358.jpg,multi_train,multi,0.03041,5.210053,816,2
images/13581.jpg,multi_train,multi,0.036159,3.517376,602,1
images/13583.jpg,multi_train,multi,0.055343,2.919272,1481,3
images/13584.jpg,single_train,single,0.055464,3.083902,1186,5
images/13585.jpg,multi_train,multi,0.055281,5.209583,2356,1
images/13590.jpg,single_train,single,0.056822,3.86626,1772,4
images/13592.jpg,multi_train,multi,0.049484,3.018697,1254,1
images/13593.jpg,multi_train,multi,0.052126,3.201702,1143,2
images/13595.jpg,multi_train,multi,0.050596,5.779121,1338,5
images/13597.jpg,multi_train,multi,0.047505,5.676639,1274,5
images/13599.jpg,"multi_train,single_train","multi,single",0.02057,3.26269,785,10
images/13603.jpg,multi_train,multi,0.029495,3.546067,836,2
images/13607.jpg,multi_train,multi,0.05014,4.884321,2684,3
images/13609.jpg,multi_train,multi,0.03317,3.152578,14293,2
images/13612.jpg,multi_train,multi,0.101066,5.581722,3980,8
images/13613.jpg,multi_train,multi,0.033249,3.838818,1676,3
images/13614.jpg,multi_test,multi,0.02559,3.552937,989,2
images/13616.jpg,multi_train,multi,0.04208,4.401553,9694,5
images/13617.jpg,multi_train,multi,0.024829,3.936439,3818,1
images/13618.jpg,multi_train,multi,0.032245,3.071255,1544,3
images/13620.jpg,multi_train,multi,0.099787,4.373201,847,1
images/13622.jpg,multi_train,multi,0.082246,3.98113,780,1
images/13626.jpg,multi_test,multi,0.030395,3.956757,396,3
images/13629.jpg,single_train,single,0.022858,3.382274,1225,6
images/1363.jpg,multi_test,multi,0.051326,4.385359,2174,2
images/13631.jpg,single_test,single,0.074197,3.478026,959,7
images/13636.jpg,multi_test,multi,0.066408,3.086209,1728,3
images/13637.jpg,multi_train,multi,0.066064,3.201556,1315,5
images/13639.jpg,multi_train,multi,0.061162,3.720109,1728,1
images/1364.jpg,multi_train,multi,0.040392,3.308031,1213,3
images/13640.jpg,multi_train,multi,0.062407,3.655862,351,2
images/13642.jpg,single_train,single,0.054385,3.58105,593,4
images/13643.jpg,multi_train,multi,0.08409,3.288222,1568,5
images/13645.jpg,multi_train,multi,0.089783,5.410721,498,2
images/13646.jpg,multi_train,multi,0.062117,3.198748,760,4
images/13649.jpg,multi_train,multi,0.092281,5.213453,123,7
images/1365.jpg,multi_test,multi,0.058663,4.755182,1185,5
images/13650.jpg,multi_train,multi,0.074118,5.08686,236,3
images/13651.jpg,multi_train,multi,0.069796,5.603143,136,4
images/13652.jpg,single_train,single,0.081707,4.730421,136,2
images/13653.jpg,multi_train,multi,0.072035,5.219476,129,2
images/13655.jpg,single_train,single,0.072304,4.700855,213,4
images/13657.jpg,multi_train,multi,0.078337,4.973485,170,5
images/13659.jpg,single_train,single,0.071203,5.466709,330,6
images/1366.jpg,multi_train,multi,0.042658,5.138468,1036,1
images/13662.jpg,single_train,single,0.069249,5.299442,121,5
images/13663.jpg,multi_train,multi,0.059394,5.359707,182,5
images/13664.jpg,multi_train,multi,0.065631,5.406607,160,1
images/13665.jpg,"multi_train,single_train","multi,single",0.063338,5.065272,373,6
images/13666.jpg,multi_train,multi,0.07699,5.2468,159,2
images/13667.jpg,multi_train,multi,0.061513,4.954345,113,2
images/13668.jpg,"multi_train,single_train","multi,single",0.072952,4.79127,718,8
images/13669.jpg,single_train,single,0.055019,3.081345,478,8
images/1367.jpg,single_train,single,0.055296,4.555417,2789,3
images/13670.jpg,multi_train,multi,0.079652,5.384348,409,2
images/13673.jpg,single_train,single,0.046391,3.378029,327,6
images/13675.jpg,multi_train,multi,0.052853,3.46098,1139,1
images/13677.jpg,multi_train,multi,0.113062,4.754315,2419,3
images/13678.jpg,multi_train,multi,0.088584,4.390503,1127,2
images/13679.jpg,multi_train,multi,0.079698,4.241004,2809,3
images/13680.jpg,multi_train,multi,0.084864,4.611017,1398,3
images/13681.jpg,multi_train,multi,0.106713,4.676791,2110,4
images/13682.jpg,multi_train,multi,0.080604,5.369124,2324,4
images/13683.jpg,multi_test,multi,0.079101,4.332169,1631,1
images/13684.jpg,multi_train,multi,0.078396,4.227646,571,1
images/13686.jpg,multi_train,multi,0.06758,4.068877,456,2
images/13687.jpg,multi_train,multi,0.064976,4.486334,347,1
images/13688.jpg,multi_train,multi,0.080199,4.741227,90,5
images/13689.jpg,multi_train,multi,0.043615,5.981231,165,5
images/1369.jpg,multi_train,multi,0.033331,2.649576,736,3
images/13690.jpg,multi_train,multi,0.066001,3.953796,1108,2
images/13691.jpg,single_train,single,0.092084,5.11213,1177,4
images/13693.jpg,multi_train,multi,0.085588,4.759662,1616,5
images/13696.jpg,multi_train,multi,0.108629,4.610221,1653,1
images/137.jpg,multi_train,multi,0.019828,5.730927,1753,1
images/13700.jpg,multi_train,multi,0.090159,4.012953,1044,2
images/13703.jpg,multi_train,multi,0.09912,3.690496,1399,4
images/13705.jpg,single_train,single,0.092936,5.246778,963,7
images/13706.jpg,multi_train,multi,0.102584,3.931801,1326,3
images/13707.jpg,multi_train,multi,0.128361,4.287253,2344,5
images/13708.jpg,multi_train,multi,0.088285,3.582571,993,2
images/13709.jpg,multi_train,multi,0.100759,3.687385,1335,3
images/13710.jpg,multi_train,multi,0.101451,3.775201,1114,1
images/13712.jpg,multi_train,multi,0.064763,4.377461,1098,3
images/13715.jpg,"multi_train,single_train","multi,single",0.043894,5.900603,270,12
images/13716.jpg,multi_train,multi,0.09254,5.506977,604,2
images/13717.jpg,multi_train,multi,0.082612,4.693996,923,2
images/13721.jpg,"multi_train,single_train","multi,single",0.079477,4.309513,1871,5
images/13722.jpg,multi_train,multi,0.070124,3.847402,1638,1
images/13723.jpg,multi_train,multi,0.101894,4.654881,1347,1
images/13724.jpg,multi_train,multi,0.099218,3.478932,2535,1
images/13725.jpg,multi_train,multi,0.07,4.361484,1055,1
images/13728.jpg,multi_train,multi,0.078436,4.649476,887,2
images/1373.jpg,multi_train,multi,0.041036,4.453328,1887,3
images/13730.jpg,multi_train,multi,0.107695,5.175623,478,1
images/13733.jpg,multi_train,multi,0.091197,4.943794,107,2
images/13734.jpg,multi_train,multi,0.092934,5.822102,78,4
images/13735.jpg,multi_train,multi,0.077063,5.810665,91,6
images/13736.jpg,multi_train,multi,0.085762,6.290161,286,1
images/13737.jpg,multi_train,multi,0.083756,4.575365,395,1
images/13738.jpg,"multi_train,single_train","multi,single",0.082023,4.439374,496,6
images/13739.jpg,multi_train,multi,0.079454,4.468343,427,1
images/13741.jpg,single_train,single,0.081079,5.335004,1939,6
images/13742.jpg,"multi_train,single_train","multi,single",0.103805,4.968936,2989,5
images/13745.jpg,multi_train,multi,0.094416,6.516655,133,6
images/13747.jpg,multi_test,multi,0.085251,6.225771,206,3
images/13749.jpg,multi_train,multi,0.091073,6.462795,156,6
images/13750.jpg,single_train,single,0.08917,5.798838,156,5
images/13753.jpg,multi_train,multi,0.096716,3.954002,1270,4
images/13757.jpg,multi_train,multi,0.09624,5.619325,1296,1
images/1376.jpg,"multi_train,single_train","multi,single",0.031706,4.216827,1389,14
images/13761.jpg,multi_train,multi,0.073863,3.700539,765,2
images/13762.jpg,single_train,single,0.088725,5.164889,740,7
images/13764.jpg,multi_train,multi,0.095498,4.905249,403,2
images/13766.jpg,multi_test,multi,0.080431,5.167837,349,3
images/13768.jpg,multi_train,multi,0.100107,5.19597,424,3
images/1377.jpg,single_train,single,0.037387,5.963773,2307,7
images/13771.jpg,multi_train,multi,0.080567,4.640707,741,4
images/13774.jpg,multi_train,multi,0.073345,4.389512,602,3
images/13775.jpg,multi_test,multi,0.066281,4.91716,327,3
images/13776.jpg,"multi_train,single_train","multi,single",0.127059,5.479726,892,15
images/13778.jpg,single_train,single,0.106459,5.018705,518,9
images/13779.jpg,single_train,single,0.082694,5.162052,344,9
images/13782.jpg,multi_test,multi,0.094026,4.942998,592,3
images/13783.jpg,multi_train,multi,0.052309,4.161208,560,5
images/13784.jpg,single_test,single,0.097535,4.187089,2218,1
images/13788.jpg,single_train,single,0.073881,4.745848,415,6
images/13796.jpg,single_test,single,0.073599,4.031201,540,6
images/13798.jpg,multi_train,multi,0.050488,5.108946,158,1
images/13799.jpg,multi_train,multi,0.115519,6.238846,155,9
images/13800.jpg,multi_train,multi,0.099392,6.499631,119,6
images/13803.jpg,"multi_train,single_train","multi,single",0.083463,4.528844,1621,9
images/13807.jpg,single_train,single,0.073621,4.690618,819,5
images/13808.jpg,multi_train,multi,0.092181,4.848424,1517,3
images/13810.jpg,multi_train,multi,0.089042,5.252741,1268,6
images/13811.jpg,multi_train,multi,0.089713,5.151606,1513,3
images/13812.jpg,multi_train,multi,0.084765,4.79275,1483,6
images/13813.jpg,multi_train,multi,0.066514,4.858789,800,4
images/13814.jpg,multi_train,multi,0.085143,5.052997,1018,5
images/13815.jpg,"multi_train,single_train","multi,single",0.061365,5.173435,760,10
images/13816.jpg,multi_train,multi,0.071054,4.824362,774,3
images/13817.jpg,multi_train,multi,0.08235,4.949792,1202,3
images/1382.jpg,multi_train,multi,0.046229,4.730777,390,4
images/13821.jpg,single_train,single,0.121058,4.662229,851,9
images/13822.jpg,multi_train,multi,0.070302,4.878391,1125,1
images/13826.jpg,multi_train,multi,0.040749,3.537062,781,9
images/13828.jpg,multi_test,multi,0.055763,4.206506,529,3
images/13829.jpg,multi_train,multi,0.069506,4.529131,825,3
images/1383.jpg,multi_train,multi,0.026796,4.229267,860,6
images/13830.jpg,multi_train,multi,0.053809,5.516187,734,3
images/13831.jpg,multi_train,multi,0.0505,5.336668,744,8
images/13832.jpg,multi_train,multi,0.052507,4.658305,743,3
images/13833.jpg,multi_train,multi,0.051014,4.727011,651,8
images/13834.jpg,multi_train,multi,0.052815,4.729218,725,3
images/13836.jpg,multi_train,multi,0.046947,5.587214,45,2
images/13837.jpg,multi_train,multi,0.04649,5.265666,35,2
images/13838.jpg,multi_train,multi,0.043898,5.086874,40,2
images/13839.jpg,multi_train,multi,0.087482,5.154537,1829,2
images/1384.jpg,multi_train,multi,0.064656,3.004047,412,4
images/13840.jpg,single_train,single,0.084165,5.81577,283,2
images/13846.jpg,multi_train,multi,0.025093,3.677708,461,2
images/13848.jpg,multi_train,multi,0.02709,3.133145,507,9
images/13849.jpg,multi_train,multi,0.045767,7.150088,347,2
images/1385.jpg,multi_train,multi,0.03865,1.967979,459,3
images/13850.jpg,"multi_train,single_train","multi,single",0.045707,5.37581,7613,13
images/1386.jpg,multi_train,multi,0.044887,4.475649,814,2
images/13860.jpg,multi_train,multi,0.06028,5.038083,1492,3
images/13867.jpg,multi_test,multi,0.049801,5.061315,243,1
images/13868.jpg,multi_test,multi,0.053988,5.326132,157,1
images/1387.jpg,multi_train,multi,0.022753,4.282934,685,3
images/13870.jpg,multi_train,multi,0.037828,6.220891,272,6
images/13872.jpg,multi_train,multi,0.044933,3.476258,1829,5
images/13873.jpg,multi_train,multi,0.064664,3.202306,2182,1
images/13874.jpg,multi_train,multi,0.051183,2.742442,1486,2
images/13877.jpg,multi_train,multi,0.042374,3.021514,1255,4
images/13878.jpg,multi_train,multi,0.042374,3.021514,1255,2
images/13879.jpg,multi_train,multi,0.045659,3.410344,1384,2
images/13880.jpg,multi_train,multi,0.051409,3.593862,1424,6
images/13882.jpg,"multi_train,single_train","multi,single",0.044201,4.036529,1594,7
images/13883.jpg,multi_train,multi,0.04737,4.709489,1388,2
images/13886.jpg,multi_train,multi,0.055158,3.68592,2838,3
images/13887.jpg,"multi_train,single_train","multi,single",0.058978,3.858062,2822,2
images/13888.jpg,multi_train,multi,0.057044,4.330043,3062,3
images/13890.jpg,multi_train,multi,0.050738,4.494862,1598,2
images/13892.jpg,multi_train,multi,0.052424,3.638448,1680,1
images/13893.jpg,multi_train,multi,0.049637,3.417085,1107,1
images/13897.jpg,multi_train,multi,0.047046,4.53351,911,5
images/13898.jpg,multi_train,multi,0.049501,3.209071,1235,3
images/13899.jpg,multi_train,multi,0.052379,3.096115,1273,1
images/1390.jpg,multi_train,multi,0.04074,4.690682,1398,2
images/13900.jpg,multi_train,multi,0.055853,3.220817,1233,3
images/13902.jpg,single_train,single,0.051528,2.975825,2172,8
images/13904.jpg,multi_train,multi,0.028805,3.826084,203,4
images/13907.jpg,multi_train,multi,0.042457,4.293588,1192,3
images/13908.jpg,single_train,single,0.063133,7.311401,778,7
images/13909.jpg,multi_train,multi,0.036143,3.569728,789,4
images/13911.jpg,multi_train,multi,0.074412,5.093674,1263,3
images/13912.jpg,multi_train,multi,0.089231,4.925053,1819,3
images/13914.jpg,single_train,single,0.034645,3.46818,562,5
images/13917.jpg,multi_test,multi,0.043013,3.861568,485,2
images/13918.jpg,single_train,single,0.049915,4.250976,1001,6
images/13919.jpg,multi_train,multi,0.090988,4.236771,84,3
images/13920.jpg,multi_train,multi,0.040611,3.334382,296,1
images/13921.jpg,multi_train,multi,0.038457,3.782015,426,2
images/13923.jpg,multi_train,multi,0.059974,4.714334,1044,3
images/13926.jpg,"multi_train,single_train","multi,single",0.077744,4.269569,863,7
images/13927.jpg,multi_train,multi,0.087899,3.733158,1870,2
images/13929.jpg,multi_test,multi,0.04911,3.790732,541,2
images/1393.jpg,"multi_train,single_train","multi,single",0.043437,2.090921,339,12
images/13930.jpg,multi_train,multi,0.051942,6.207234,1986,3
images/13931.jpg,multi_train,multi,0.083561,6.429584,299,3
images/13933.jpg,multi_train,multi,0.05159,3.772936,1361,1
images/13934.jpg,multi_train,multi,0.037189,5.305754,3093,1
images/13935.jpg,multi_train,multi,0.149256,5.461875,1034,4
images/13936.jpg,multi_train,multi,0.146407,5.651089,1019,4
images/13939.jpg,single_train,single,0.035227,3.721105,355,4
images/13940.jpg,single_train,single,0.04286,3.994716,1462,5
images/13941.jpg,multi_train,multi,0.040572,3.987013,1351,2
images/13942.jpg,single_train,single,0.030715,5.122215,127,9
images/13943.jpg,multi_train,multi,0.038998,3.874553,1091,2
images/13944.jpg,single_train,single,0.03828,3.550842,612,6
images/13945.jpg,multi_train,multi,0.037648,4.000408,1093,3
images/13946.jpg,multi_train,multi,0.030467,2.744459,678,4
images/13947.jpg,"multi_train,single_train","multi,single",0.027069,2.928439,277,5
images/13948.jpg,multi_train,multi,0.026623,3.298377,63,2
images/1395.jpg,multi_train,multi,0.040686,5.052217,842,6
images/13950.jpg,multi_train,multi,0.024358,2.827702,86,1
images/13953.jpg,"multi_train,single_train","multi,single",0.026912,3.254857,77,2
images/13954.jpg,multi_train,multi,0.01771,2.553344,251,1
images/13956.jpg,single_train,single,0.029524,3.333263,588,6
images/13957.jpg,single_train,single,0.032058,3.152113,598,9
images/13959.jpg,"multi_test,single_test","multi,single",0.032491,5.475385,1361,7
images/13960.jpg,multi_train,multi,0.039681,3.709561,380,2
images/13961.jpg,multi_test,multi,0.043082,4.706556,121,2
images/13963.jpg,multi_train,multi,0.039118,4.750221,1257,2
images/13964.jpg,multi_test,multi,0.05485,5.210355,1181,2
images/13966.jpg,"multi_train,single_train","multi,single",0.041736,4.189662,680,12
images/13967.jpg,multi_train,multi,0.042663,4.534537,659,5
images/13968.jpg,multi_train,multi,0.041142,3.303258,849,1
images/1397.jpg,multi_train,multi,0.033052,4.939266,967,2
images/13971.jpg,multi_train,multi,0.058002,5.001131,966,1
images/13972.jpg,multi_train,multi,0.028319,4.632811,493,6
images/13976.jpg,multi_train,multi,0.0413,3.899546,1200,1
images/13977.jpg,"multi_train,single_train","multi,single",0.03987,4.072655,1215,15
images/13980.jpg,multi_test,multi,0.033881,3.813053,582,5
images/13981.jpg,multi_train,multi,0.046713,3.71179,1379,2
images/13982.jpg,multi_test,multi,0.032816,6.323928,275,3
images/13985.jpg,multi_test,multi,0.039084,3.296568,651,2
images/13986.jpg,single_train,single,0.064551,5.043652,86,4
images/13987.jpg,multi_train,multi,0.033859,2.856565,319,5
images/13989.jpg,"multi_train,single_train","multi,single",0.041578,4.06514,137,8
images/1399.jpg,multi_train,multi,0.022105,2.309131,735,3
images/13990.jpg,multi_train,multi,0.035486,3.189864,327,3
images/13991.jpg,multi_train,multi,0.041768,3.467925,229,4
images/13994.jpg,single_train,single,0.035356,3.427753,571,9
images/13995.jpg,multi_test,multi,0.038715,4.290538,335,3
images/13999.jpg,multi_train,multi,0.044842,5.228371,907,5
images/1400.jpg,multi_train,multi,0.040735,2.030562,341,2
images/14002.jpg,multi_train,multi,0.038599,4.900495,434,2
images/14005.jpg,multi_train,multi,0.052709,4.379321,459,6
images/14009.jpg,multi_train,multi,0.04996,5.568119,644,4
images/14018.jpg,single_train,single,0.049036,4.499203,979,11
images/14022.jpg,multi_train,multi,0.046639,3.143399,8777,3
images/14023.jpg,multi_train,multi,0.038838,3.536245,517,1
images/14024.jpg,"multi_train,single_train","multi,single",0.027416,3.587897,230,2
images/14025.jpg,multi_train,multi,0.047256,3.886601,1153,1
images/14026.jpg,multi_train,multi,0.037648,3.534513,533,1
images/14031.jpg,multi_train,multi,0.045419,2.517276,858,2
images/14032.jpg,multi_train,multi,0.059642,2.918405,1356,5
images/14033.jpg,multi_train,multi,0.070401,4.425036,777,3
images/14041.jpg,multi_train,multi,0.036847,6.518796,45,4
images/14042.jpg,single_train,single,0.030234,3.26703,623,11
images/14044.jpg,single_train,single,0.044764,4.698771,160,7
images/14045.jpg,multi_train,multi,0.038769,4.119917,799,1
images/14046.jpg,multi_train,multi,0.057349,4.669228,1109,3
images/14047.jpg,multi_train,multi,0.040797,3.543351,717,6
images/14049.jpg,single_train,single,0.066143,4.435289,1761,6
images/14054.jpg,multi_test,multi,0.028956,3.665971,684,4
images/14055.jpg,multi_train,multi,0.042756,3.863972,857,7
images/14057.jpg,single_train,single,0.041509,3.350351,885,2
images/14062.jpg,"multi_train,single_train","multi,single",0.045281,4.70898,459,8
images/14064.jpg,multi_train,multi,0.041278,3.016185,34,1
images/14065.jpg,multi_train,multi,0.030305,2.72837,24,4
images/14066.jpg,single_test,single,0.027953,5.502027,40,5
images/14067.jpg,multi_train,multi,0.045425,4.446266,607,3
images/14071.jpg,multi_train,multi,0.042811,3.352041,156,2
images/14072.jpg,multi_train,multi,0.056437,6.013306,398,4
images/14075.jpg,multi_train,multi,0.02755,2.75578,457,2
images/14079.jpg,multi_train,multi,0.02509,3.492443,309,1
images/1408.jpg,single_train,single,0.057225,5.412946,5473,10
images/14080.jpg,single_train,single,0.023406,3.191266,179,6
images/14081.jpg,multi_train,multi,0.041522,3.559014,954,6
images/14082.jpg,multi_train,multi,0.050924,3.398529,2282,1
images/14084.jpg,multi_test,multi,0.041282,6.402789,436,1
images/14086.jpg,multi_train,multi,0.037687,5.245942,402,4
images/14087.jpg,multi_train,multi,0.039047,3.924252,733,2
images/14088.jpg,"multi_train,single_train","multi,single",0.020247,2.744006,56,6
images/14089.jpg,multi_train,multi,0.030312,3.46859,18,1
images/14090.jpg,multi_train,multi,0.031605,3.558134,215,1
images/14093.jpg,multi_train,multi,0.043741,3.27374,143,4
images/14095.jpg,multi_train,multi,0.04323,3.315112,47,4
images/14097.jpg,multi_test,multi,0.034419,4.739923,1228,1
images/14098.jpg,multi_test,multi,0.050682,5.336856,820,3
images/14099.jpg,multi_train,multi,0.047597,5.302859,3307,6
images/14102.jpg,multi_train,multi,0.033302,3.924942,787,4
images/14103.jpg,multi_train,multi,0.032905,4.992362,49,4
images/14104.jpg,multi_train,multi,0.03186,4.653635,654,3
images/14107.jpg,multi_train,multi,0.044599,4.105137,235,6
images/14108.jpg,multi_train,multi,0.028565,3.031413,711,3
images/14110.jpg,multi_train,multi,0.022449,4.716811,372,9
images/14113.jpg,single_train,single,0.029136,4.570765,1185,8
images/14115.jpg,multi_train,multi,0.050157,3.077833,1203,2
images/14119.jpg,multi_train,multi,0.037683,2.993976,853,6
images/14120.jpg,multi_train,multi,0.027155,5.632897,369,2
images/14121.jpg,multi_train,multi,0.028115,5.576001,415,4
images/14122.jpg,multi_train,multi,0.030839,5.392584,642,1
images/14123.jpg,multi_test,multi,0.039639,4.250425,712,5
images/14125.jpg,multi_test,multi,0.043808,4.748501,449,1
images/14126.jpg,multi_train,multi,0.039712,3.944771,1342,3
images/14130.jpg,multi_train,multi,0.037902,4.67681,2347,2
images/14132.jpg,multi_train,multi,0.044431,4.7849,990,6
images/14133.jpg,multi_train,multi,0.036135,4.574167,606,5
images/14134.jpg,single_train,single,0.038878,3.351974,117,1
images/14135.jpg,multi_train,multi,0.048258,3.521153,1092,3
images/14138.jpg,multi_train,multi,0.038365,4.053206,111,3
images/14143.jpg,"multi_train,single_train","multi,single",0.041381,3.657606,1296,8
images/14145.jpg,multi_train,multi,0.024068,2.345841,422,6
images/14146.jpg,single_train,single,0.020715,1.858562,394,7
images/14147.jpg,multi_train,multi,0.038113,2.667202,3271,3
images/14148.jpg,multi_train,multi,0.050668,3.832938,1815,1
images/14152.jpg,multi_test,multi,0.052961,4.722799,125,2
images/14156.jpg,single_test,single,0.056498,3.241345,1752,6
images/14159.jpg,multi_train,multi,0.042374,3.474349,376,2
images/14161.jpg,single_train,single,0.044815,3.569565,635,4
images/14162.jpg,multi_train,multi,0.041925,3.520978,882,1
images/14163.jpg,multi_train,multi,0.040768,2.887787,1673,1
images/14166.jpg,"multi_train,single_train","multi,single",0.025395,4.580127,1185,9
images/1417.jpg,multi_train,multi,0.02861,4.536415,1675,3
images/14170.jpg,multi_train,multi,0.032366,1.88273,1607,4
images/14173.jpg,multi_train,multi,0.03161,1.935267,1474,4
images/14175.jpg,multi_train,multi,0.030264,3.751806,4724,2
images/14178.jpg,multi_train,multi,0.029897,3.107857,175,3
images/1418.jpg,multi_test,multi,0.023474,2.960753,1942,5
images/14180.jpg,"multi_train,single_train","multi,single",0.03109,2.313885,911,6
images/14181.jpg,single_train,single,0.033978,3.480655,858,4
images/14182.jpg,multi_train,multi,0.020271,2.238346,540,4
images/14183.jpg,multi_train,multi,0.031539,3.528885,1112,3
images/14184.jpg,multi_train,multi,0.045648,4.122286,519,3
images/14185.jpg,multi_train,multi,0.032994,3.409614,396,3
images/14186.jpg,multi_train,multi,0.038782,3.951546,863,2
images/14187.jpg,single_train,single,0.040411,3.285442,1836,9
images/1419.jpg,single_train,single,0.038658,5.156669,1179,8
images/14191.jpg,multi_train,multi,0.049136,5.75312,972,1
images/14192.jpg,"multi_train,single_train","multi,single",0.0442,4.920013,1589,12
images/14197.jpg,single_train,single,0.036252,2.790379,1086,3
images/142.jpg,multi_train,multi,0.031208,4.450202,1736,3
images/14205.jpg,single_train,single,0.062227,4.985288,1836,6
images/14207.jpg,multi_train,multi,0.02709,2.610913,216,1
images/14208.jpg,multi_train,multi,0.032048,2.321649,497,1
images/1421.jpg,single_train,single,0.019618,3.88252,942,7
images/14210.jpg,multi_train,multi,0.032786,3.210752,142,1
images/14211.jpg,multi_train,multi,0.031735,3.370069,723,3
images/14212.jpg,multi_test,multi,0.033222,3.05411,585,1
images/14213.jpg,multi_train,multi,0.031103,3.417746,668,6
images/14214.jpg,multi_train,multi,0.040794,4.661703,750,3
images/14216.jpg,multi_train,multi,0.033924,2.84504,796,5
images/14217.jpg,multi_train,multi,0.030438,3.159041,353,6
images/14218.jpg,multi_train,multi,0.03093,3.12623,304,1
images/14219.jpg,multi_train,multi,0.029955,2.510777,527,1
images/14221.jpg,multi_train,multi,0.028868,3.570092,447,3
images/14222.jpg,multi_train,multi,0.028007,2.935146,706,7
images/14223.jpg,multi_train,multi,0.027116,2.507899,533,3
images/14224.jpg,multi_test,multi,0.028109,2.784081,640,1
images/14225.jpg,"multi_train,single_train","multi,single",0.023741,2.419236,605,2
images/14227.jpg,single_train,single,0.027956,6.038259,94,7
images/14228.jpg,multi_train,multi,0.041327,2.351998,769,4
images/14229.jpg,multi_train,multi,0.043926,1.985231,374,4
images/1423.jpg,multi_test,multi,0.02312,4.645608,1098,6
images/14230.jpg,multi_train,multi,0.040784,1.904602,377,3
images/14231.jpg,multi_train,multi,0.038278,1.958966,359,7
images/14232.jpg,multi_train,multi,0.035457,2.598387,399,4
images/14233.jpg,multi_train,multi,0.039667,3.986028,1309,2
images/14236.jpg,multi_train,multi,0.027248,2.487058,676,2
images/14241.jpg,multi_train,multi,0.034753,2.400288,881,4
images/14245.jpg,multi_train,multi,0.029634,2.110482,635,5
images/14246.jpg,multi_test,multi,0.041625,3.191208,604,2
images/14248.jpg,multi_train,multi,0.01891,5.052812,82,3
images/14253.jpg,single_test,single,0.036092,2.913796,554,10
images/1426.jpg,single_train,single,0.031605,3.748996,1564,14
images/14260.jpg,multi_train,multi,0.024572,1.85994,803,6
images/14262.jpg,multi_train,multi,0.032884,2.605178,619,5
images/14263.jpg,"multi_train,single_train","multi,single",0.022115,2.459153,413,14
images/14264.jpg,multi_train,multi,0.025889,2.091949,439,5
images/14265.jpg,single_test,single,0.077887,4.9069,543,6
images/14267.jpg,multi_train,multi,0.026057,2.608334,477,4
images/1427.jpg,multi_train,multi,0.071255,5.512001,2723,2
images/14270.jpg,multi_test,multi,0.02529,5.476378,47,3
images/14271.jpg,multi_train,multi,0.034099,5.543918,1575,3
images/14272.jpg,multi_test,multi,0.021223,2.887496,385,6
images/14274.jpg,single_train,single,0.024038,1.879498,933,2
images/14275.jpg,"multi_train,single_train","multi,single",0.024937,2.996745,652,10
images/14276.jpg,multi_train,multi,0.023906,2.348776,411,4
images/14278.jpg,multi_train,multi,0.032071,3.150971,26621,2
images/14283.jpg,"multi_train,single_train","multi,single",0.051124,3.941626,1779,9
images/14285.jpg,multi_train,multi,0.025669,2.469198,917,3
images/14292.jpg,multi_test,multi,0.029405,6.047079,110,3
images/14295.jpg,"multi_train,single_train","multi,single",0.019979,2.666525,1351,14
images/14297.jpg,single_train,single,0.027814,2.509928,820,9
images/14299.jpg,multi_train,multi,0.027497,2.532901,828,8
images/143.jpg,single_train,single,0.024989,2.501986,598,6
images/14301.jpg,multi_train,multi,0.024629,2.551707,1667,8
images/14306.jpg,multi_train,multi,0.028882,2.19754,540,4
images/1431.jpg,multi_train,multi,0.014169,2.590064,1125,1
images/1432.jpg,multi_train,multi,0.031819,4.527758,2443,5
images/14321.jpg,multi_train,multi,0.029914,2.114772,1260,2
images/14322.jpg,multi_train,multi,0.031862,2.891038,669,6
images/14323.jpg,multi_train,multi,0.031651,2.498056,867,1
images/14329.jpg,multi_train,multi,0.042574,2.090091,440,2
images/14334.jpg,multi_train,multi,0.016841,2.275821,2030,4
images/14336.jpg,multi_test,multi,0.020238,2.779618,432,5
images/14338.jpg,single_train,single,0.027731,6.035579,96,9
images/1434.jpg,multi_train,multi,0.038298,3.213544,1668,2
images/14340.jpg,multi_train,multi,0.067491,4.353934,919,2
images/14342.jpg,single_train,single,0.025927,2.072021,444,7
images/14343.jpg,multi_train,multi,0.035939,6.605804,249,3
images/14346.jpg,multi_train,multi,0.051359,3.602964,1975,4
images/14354.jpg,single_train,single,0.022683,2.348089,679,2
images/14355.jpg,"multi_train,single_train","multi,single",0.051106,5.935836,903,7
images/14357.jpg,single_train,single,0.035118,2.921704,716,6
images/14358.jpg,single_train,single,0.029828,2.550536,398,10
images/14359.jpg,multi_test,multi,0.043275,5.209607,840,4
images/14378.jpg,multi_train,multi,0.05426,4.011327,1071,2
images/14380.jpg,multi_train,multi,0.024987,4.235973,1816,4
images/14381.jpg,multi_train,multi,0.021853,2.365021,571,3
images/14383.jpg,single_train,single,0.029136,5.87475,267,8
images/14384.jpg,multi_train,multi,0.029774,3.017728,453,1
images/14386.jpg,single_test,single,0.030552,6.049718,110,6
images/14389.jpg,multi_train,multi,0.042347,3.59829,616,2
images/14392.jpg,multi_test,multi,0.026235,3.061265,490,6
images/14395.jpg,single_train,single,0.026909,2.125387,408,2
images/14396.jpg,single_train,single,0.056795,6.271594,550,2
images/14405.jpg,multi_train,multi,0.019209,2.52757,662,4
images/14406.jpg,multi_train,multi,0.025926,2.116603,440,6
images/14409.jpg,multi_train,multi,0.029983,2.352462,713,3
images/1441.jpg,multi_train,multi,0.052405,4.008144,2048,2
images/14414.jpg,multi_test,multi,0.027457,5.453963,55,3
images/14419.jpg,multi_train,multi,0.029157,2.487695,393,3
images/1442.jpg,"multi_train,single_train","multi,single",0.021251,3.668682,1388,12
images/14420.jpg,multi_train,multi,0.036698,2.645499,477,3
images/14422.jpg,single_train,single,0.029877,5.851743,110,9
images/1443.jpg,"multi_train,single_train","multi,single",0.020197,3.278052,817,5
images/14430.jpg,multi_train,multi,0.03628,2.488321,1021,2
images/14432.jpg,single_train,single,0.027729,5.135956,62,5
images/14433.jpg,multi_train,multi,0.043444,3.974893,630,1
images/14435.jpg,single_train,single,0.030715,5.825551,112,9
images/14441.jpg,single_train,single,0.030585,5.821671,106,4
images/14442.jpg,multi_train,multi,0.032229,3.18575,228,2
images/14444.jpg,multi_test,multi,0.030439,5.957554,109,3
images/14446.jpg,multi_train,multi,0.025952,2.022164,419,4
images/14447.jpg,single_train,single,0.04582,6.281658,253,4
images/14449.jpg,multi_train,multi,0.077431,5.081934,593,2
images/14451.jpg,multi_train,multi,0.048141,4.204786,230,3
images/14453.jpg,multi_train,multi,0.028485,2.45271,269,3
images/14455.jpg,multi_train,multi,0.016279,5.629478,94,3
images/14456.jpg,multi_train,multi,0.030027,3.422154,629,6
images/1446.jpg,single_train,single,0.02605,2.685821,2788,8
images/14460.jpg,multi_train,multi,0.033955,2.341041,538,4
images/14461.jpg,multi_test,multi,0.029902,6.061634,104,3
images/14463.jpg,multi_train,multi,0.026779,2.371908,543,3
images/14467.jpg,multi_train,multi,0.020722,2.219285,531,3
images/14468.jpg,multi_test,multi,0.02124,3.299616,3194,3
images/1447.jpg,multi_train,multi,0.038427,5.007121,1012,3
images/14473.jpg,multi_train,multi,0.025667,5.486392,43,5
images/14475.jpg,single_train,single,0.025448,2.042577,445,8
images/14476.jpg,multi_train,multi,0.056199,5.474641,43,5
images/14484.jpg,multi_train,multi,0.030932,2.353244,353,6
images/14486.jpg,"multi_train,single_train","multi,single",0.030087,2.241002,398,7
images/14489.jpg,multi_test,multi,0.039284,4.22597,1216,1
images/14492.jpg,multi_train,multi,0.051203,4.643036,1255,2
images/14493.jpg,multi_train,multi,0.038839,1.890267,372,4
images/14494.jpg,multi_test,multi,0.027286,5.501865,53,3
images/14497.jpg,"multi_train,single_train","multi,single",0.027076,4.296236,1656,8
images/14498.jpg,multi_train,multi,0.035911,2.728799,1072,5
images/1450.jpg,multi_train,multi,0.086924,5.121432,1285,4
images/14500.jpg,single_train,single,0.025482,2.042299,403,5
images/14501.jpg,single_train,single,0.025516,5.129374,50,6
images/14503.jpg,multi_train,multi,0.026047,4.928871,741,3
images/14505.jpg,"multi_train,single_train","multi,single",0.049697,4.400314,1302,8
images/14508.jpg,single_train,single,0.025841,5.473765,36,5
images/14509.jpg,multi_train,multi,0.030792,2.241819,641,4
images/14511.jpg,single_train,single,0.032052,2.582073,462,6
images/14514.jpg,multi_train,multi,0.026511,2.387012,318,3
images/14518.jpg,multi_train,multi,0.031419,2.522877,854,3
images/14519.jpg,multi_train,multi,0.018014,2.495609,365,2
images/14524.jpg,single_train,single,0.0671,5.043762,1532,7
images/1453.jpg,"multi_train,single_train","multi,single",0.038298,2.969131,577,20
images/14533.jpg,multi_train,multi,0.042286,3.349254,374,1
images/14536.jpg,single_train,single,0.079406,3.988265,486,1
images/1454.jpg,multi_train,multi,0.022782,5.879444,2516,2
images/14544.jpg,single_train,single,0.034819,4.963457,2369,6
images/14550.jpg,multi_train,multi,0.036708,1.903208,683,1
images/14554.jpg,single_train,single,0.070961,5.57415,2410,2
images/14557.jpg,single_test,single,0.044253,3.195505,1122,3
images/14563.jpg,multi_train,multi,0.034484,2.719804,389,4
images/14566.jpg,"multi_train,single_train","multi,single",0.053755,3.888368,1601,7
images/1457.jpg,single_train,single,0.053916,4.567564,1276,7
images/14572.jpg,multi_train,multi,0.025206,2.114116,478,8
images/14576.jpg,multi_train,multi,0.0279,5.486844,62,5
images/14577.jpg,multi_train,multi,0.021754,5.098415,74,3
images/14579.jpg,single_train,single,0.027846,6.037183,98,10
images/14582.jpg,single_train,single,0.029718,6.055865,105,3
images/14583.jpg,multi_train,multi,0.047853,2.181955,820,5
images/14585.jpg,multi_test,multi,0.028368,2.807413,427,2
images/14586.jpg,multi_train,multi,0.033657,2.500595,320,3
images/14587.jpg,multi_train,multi,0.032465,2.713585,374,8
images/14589.jpg,single_test,single,0.029495,5.881945,256,5
images/14591.jpg,single_test,single,0.039202,3.078048,322,10
images/14593.jpg,multi_train,multi,0.040504,2.517161,702,6
images/14594.jpg,multi_train,multi,0.040567,1.870816,402,2
images/14595.jpg,single_train,single,0.028331,5.465698,62,6
images/14597.jpg,"multi_train,single_train","multi,single",0.025806,2.127202,415,14
images/14600.jpg,multi_train,multi,0.056103,4.844231,42,4
images/14602.jpg,multi_train,multi,0.026206,2.070057,442,5
images/14605.jpg,multi_train,multi,0.024538,1.994284,413,4
images/14606.jpg,single_train,single,0.05245,5.306993,36,4
images/1462.jpg,single_train,single,0.027622,4.308788,665,6
images/14620.jpg,multi_train,multi,0.026026,2.064888,414,4
images/14624.jpg,single_train,single,0.038679,2.887264,673,8
images/14625.jpg,multi_train,multi,0.035174,2.246664,446,10
images/14626.jpg,multi_train,multi,0.045311,4.079547,1391,2
images/14633.jpg,multi_train,multi,0.087805,4.57456,1577,3
images/14642.jpg,multi_train,multi,0.042488,5.102454,1660,3
images/14646.jpg,multi_train,multi,0.038251,1.663205,504,6
images/14647.jpg,multi_train,multi,0.03932,1.684381,458,4
images/14648.jpg,"multi_train,single_train","multi,single",0.037275,1.943124,342,12
images/14651.jpg,single_train,single,0.027986,6.004582,98,9
images/14652.jpg,multi_train,multi,0.032034,3.186546,229,8
images/14655.jpg,single_train,single,0.013418,1.368781,770,8
images/14656.jpg,"multi_train,single_train","multi,single",0.044577,5.140846,535,10
images/14658.jpg,"multi_train,single_train","multi,single",0.025763,2.515528,815,5
images/1466.jpg,multi_test,multi,0.053863,5.173053,10808,1
images/14663.jpg,multi_train,multi,0.047411,5.302535,876,3
images/14664.jpg,single_train,single,0.079998,4.675943,1025,3
images/14665.jpg,single_train,single,0.030042,6.051557,108,4
images/14668.jpg,multi_train,multi,0.031671,2.354066,855,2
images/1467.jpg,multi_train,multi,0.076633,5.132577,771,4
images/14672.jpg,multi_train,multi,0.031991,2.566053,768,1
images/14673.jpg,multi_train,multi,0.03147,2.493425,623,2
images/14676.jpg,multi_train,multi,0.054362,2.715337,2577,2
images/14677.jpg,single_train,single,0.036951,2.302537,915,7
images/14686.jpg,multi_train,multi,0.040372,1.882752,378,4
images/14688.jpg,single_train,single,0.040945,1.811907,648,9
images/1469.jpg,"multi_test,single_test","multi,single",0.038935,4.717949,816,12
images/14690.jpg,single_train,single,0.020923,1.955609,399,8
images/14691.jpg,single_test,single,0.025045,2.045733,355,7
images/14693.jpg,multi_train,multi,0.034498,2.792938,1307,1
images/14696.jpg,multi_train,multi,0.054809,2.875302,403,4
images/14697.jpg,multi_train,multi,0.058212,2.837935,392,8
images/14698.jpg,multi_train,multi,0.061104,2.765096,362,4
images/14699.jpg,multi_train,multi,0.06161,2.695418,378,12
images/14700.jpg,multi_train,multi,0.062885,2.62742,365,4
images/14701.jpg,"multi_train,single_train","multi,single",0.065267,2.585199,350,11
images/14704.jpg,multi_train,multi,0.041172,2.038744,336,6
images/14705.jpg,multi_train,multi,0.040745,1.848048,369,9
images/14711.jpg,single_train,single,0.04062,1.392314,865,10
images/14712.jpg,multi_train,multi,0.02738,4.685263,34,5
images/14714.jpg,multi_train,multi,0.026715,2.131458,910,4
images/14716.jpg,multi_train,multi,0.01682,2.412352,1803,4
images/14717.jpg,multi_train,multi,0.028216,5.482736,55,5
images/1472.jpg,multi_train,multi,0.066086,4.27148,1102,6
images/14721.jpg,multi_train,multi,0.021752,2.262628,532,1
images/14723.jpg,multi_train,multi,0.036213,2.624425,1235,5
images/14724.jpg,single_train,single,0.054384,4.752734,862,6
images/14727.jpg,"multi_train,single_train","multi,single",0.052134,4.269423,1502,3
images/14729.jpg,multi_train,multi,0.026261,5.12391,46,5
images/1473.jpg,"multi_train,single_train","multi,single",0.074023,6.176904,1374,8
images/14733.jpg,multi_train,multi,0.03221,5.487523,2626,5
images/14736.jpg,multi_train,multi,0.074789,4.40265,1022,3
images/14737.jpg,multi_train,multi,0.02196,2.145425,420,6
images/14741.jpg,multi_train,multi,0.047137,2.401271,695,4
images/14742.jpg,multi_train,multi,0.035459,2.423697,385,4
images/14747.jpg,multi_train,multi,0.03147,2.483435,757,3
images/14748.jpg,multi_train,multi,0.026045,5.878714,720,1
images/14749.jpg,single_train,single,0.025748,2.062244,410,5
images/1475.jpg,"multi_test,single_test","multi,single",0.037903,3.13689,1658,8
images/14753.jpg,multi_train,multi,0.041322,3.827402,811,2
images/14754.jpg,single_train,single,0.032818,2.600041,408,6
images/14755.jpg,single_train,single,0.029374,6.035759,106,8
images/14757.jpg,multi_test,multi,0.020294,2.80851,411,4
images/14758.jpg,multi_train,multi,0.066895,4.904903,663,2
images/14759.jpg,multi_train,multi,0.080782,4.704315,1237,2
images/14763.jpg,multi_train,multi,0.026898,2.368397,656,3
images/14764.jpg,multi_train,multi,0.047978,5.305126,45,3
images/14765.jpg,single_train,single,0.023063,3.176753,309,11
images/14766.jpg,multi_train,multi,0.051579,3.927964,1087,1
images/14769.jpg,"multi_train,single_train","multi,single",0.047896,4.301057,205,9
images/1477.jpg,multi_train,multi,0.027668,2.261392,672,3
images/14770.jpg,single_train,single,0.030938,5.831104,103,8
images/14771.jpg,multi_train,multi,0.025389,5.477731,38,5
images/14774.jpg,single_train,single,0.027594,6.068787,100,5
images/1478.jpg,single_test,single,0.057983,3.317186,380,3
images/14783.jpg,multi_train,multi,0.026356,5.001464,48,3
images/14785.jpg,"multi_train,single_train","multi,single",0.028213,4.987044,79,14
images/14786.jpg,multi_train,multi,0.049162,4.497626,255,3
images/14787.jpg,multi_train,multi,0.019156,2.261157,573,1
images/14789.jpg,"multi_train,single_train","multi,single",0.033311,3.879251,644,4
images/1479.jpg,"multi_train,single_train","multi,single",0.027613,1.826305,674,15
images/14792.jpg,multi_train,multi,0.047662,4.712124,844,1
images/14798.jpg,multi_train,multi,0.025544,3.010891,634,4
images/14800.jpg,multi_test,multi,0.04108,3.218074,87,3
images/14803.jpg,multi_train,multi,0.039367,3.221369,78,4
images/14805.jpg,multi_train,multi,0.028316,2.465349,843,5
images/14806.jpg,multi_test,multi,0.04204,3.833782,90,3
images/14807.jpg,multi_test,multi,0.036386,4.807843,1459,1
images/14809.jpg,multi_test,multi,0.040546,3.195056,164,3
images/14814.jpg,multi_train,multi,0.029075,2.438088,392,3
images/14820.jpg,single_train,single,0.052935,2.528202,394,5
images/14823.jpg,single_train,single,0.026006,5.483729,49,10
images/14826.jpg,multi_train,multi,0.03649,2.552322,1019,2
images/14829.jpg,multi_train,multi,0.02433,3.173395,116,1
images/1483.jpg,multi_test,multi,0.016671,5.357881,3458,6
images/14831.jpg,multi_test,multi,0.021029,2.848652,376,3
images/14833.jpg,single_test,single,0.038171,1.408733,500,10
images/14837.jpg,multi_train,multi,0.050115,2.5818,525,2
images/14838.jpg,multi_train,multi,0.031125,2.850376,548,5
images/1484.jpg,multi_train,multi,0.020583,3.536334,894,1
images/14840.jpg,multi_train,multi,0.035371,2.579491,993,5
images/14841.jpg,multi_train,multi,0.032026,5.833391,149,3
images/14845.jpg,single_train,single,0.05079,5.624404,752,8
images/14847.jpg,"multi_train,single_train","multi,single",0.071647,2.877083,543,15
images/14850.jpg,multi_train,multi,0.033328,3.269417,303,5
images/14851.jpg,"multi_train,single_train","multi,single",0.034234,4.946027,502,12
images/14852.jpg,multi_train,multi,0.042615,3.940026,1463,4
images/14855.jpg,multi_train,multi,0.041654,6.180931,734,3
images/14857.jpg,multi_train,multi,0.035649,3.319403,611,2
images/14858.jpg,"multi_train,single_train","multi,single",0.038846,3.240939,693,8
images/14861.jpg,multi_train,multi,0.105515,5.90848,2262,2
images/14862.jpg,multi_train,multi,0.101212,5.711538,2131,2
images/14863.jpg,multi_train,multi,0.09875,5.880746,1563,1
images/14864.jpg,multi_train,multi,0.096803,6.150112,2503,2
images/14867.jpg,single_train,single,0.031155,2.728786,43,6
images/14870.jpg,multi_test,multi,0.056607,4.603105,1179,4
images/14874.jpg,multi_test,multi,0.046476,4.059674,962,4
images/1488.jpg,multi_train,multi,0.025967,2.608611,791,5
images/14883.jpg,multi_train,multi,0.018589,2.535175,740,4
images/14886.jpg,"multi_test,single_test","multi,single",0.032667,1.78167,793,14
images/14889.jpg,multi_train,multi,0.049526,4.14821,1925,3
images/14890.jpg,multi_test,multi,0.04254,5.095201,586,3
images/14891.jpg,multi_test,multi,0.042726,5.484939,645,8
images/14892.jpg,multi_test,multi,0.042989,2.918774,556,8
images/14893.jpg,"multi_test,single_test","multi,single",0.043615,2.915423,573,15
images/14894.jpg,multi_test,multi,0.044173,3.003895,522,3
images/14895.jpg,multi_test,multi,0.043108,2.932805,526,3
images/14899.jpg,multi_train,multi,0.039204,2.835595,296,3
images/14900.jpg,multi_train,multi,0.053825,5.145466,21,5
images/14901.jpg,multi_train,multi,0.05,5.47435,27,3
images/14902.jpg,multi_train,multi,0.052254,5.977435,26,2
images/14910.jpg,single_test,single,0.031183,5.838806,97,10
images/14923.jpg,multi_train,multi,0.030954,5.830579,96,4
images/14926.jpg,multi_train,multi,0.031133,5.836326,102,4
images/1493.jpg,multi_train,multi,0.024494,4.358776,1149,7
images/14932.jpg,single_test,single,0.030867,5.828922,96,8
images/14934.jpg,single_train,single,0.03184,5.837277,101,5
images/14938.jpg,multi_train,multi,0.030895,5.842943,98,5
images/1494.jpg,single_train,single,0.041077,5.739041,3499,2
images/14945.jpg,multi_train,multi,0.03141,5.832728,102,5
images/14946.jpg,single_train,single,0.030477,5.835912,97,2
images/14948.jpg,single_train,single,0.030554,5.83797,99,9
images/14953.jpg,single_test,single,0.030291,5.834423,97,8
images/14955.jpg,multi_train,multi,0.03088,5.847023,101,4
images/14958.jpg,single_train,single,0.030867,5.840942,99,4
images/1496.jpg,multi_train,multi,0.103734,6.743183,1457,2
images/14969.jpg,multi_test,multi,0.047742,3.373524,812,5
images/14970.jpg,multi_train,multi,0.046878,3.410617,715,4
images/14971.jpg,single_train,single,0.047709,3.379813,816,5
images/14979.jpg,single_train,single,0.040451,2.597006,646,4
images/14987.jpg,multi_test,multi,0.046742,2.780281,931,5
images/14988.jpg,multi_test,multi,0.046196,2.742657,929,5
images/1499.jpg,multi_train,multi,0.0278,4.259431,1461,5
images/14991.jpg,single_train,single,0.052445,3.02015,938,7
images/14996.jpg,multi_train,multi,0.051914,2.841781,538,3
images/1500.jpg,multi_train,multi,0.05921,4.586897,4019,2
images/15010.jpg,single_train,single,0.04578,2.966524,659,6
images/15011.jpg,multi_test,multi,0.046247,2.940305,668,7
images/15012.jpg,multi_train,multi,0.04615,2.951223,730,2
images/15013.jpg,multi_test,multi,0.045537,2.891616,742,4
images/15015.jpg,multi_test,multi,0.045805,2.810364,858,5
images/15027.jpg,single_train,single,0.039888,2.666667,667,8
images/15031.jpg,single_train,single,0.039732,2.587196,767,9
images/15032.jpg,"multi_train,single_train","multi,single",0.040236,2.698287,750,11
images/15033.jpg,single_train,single,0.0401,2.631225,763,10
images/15034.jpg,single_train,single,0.039304,2.552122,678,6
images/15035.jpg,multi_test,multi,0.03919,2.694266,708,4
images/15036.jpg,multi_test,multi,0.039055,2.457543,700,3
images/1504.jpg,single_train,single,0.072778,4.608128,495,7
images/15048.jpg,multi_train,multi,0.029491,5.843161,107,5
images/1505.jpg,multi_train,multi,0.029887,4.980238,716,5
images/15059.jpg,single_train,single,0.043973,2.831263,596,7
images/15073.jpg,multi_train,multi,0.049681,2.940657,610,3
images/15076.jpg,multi_test,multi,0.051898,2.981896,629,3
images/15081.jpg,single_train,single,0.052608,3.06366,641,2
images/15085.jpg,multi_train,multi,0.054697,2.950137,609,5
images/1509.jpg,multi_train,multi,0.018332,2.808888,716,4
images/15093.jpg,single_train,single,0.061676,3.30792,641,3
images/15099.jpg,multi_train,multi,0.050872,2.969468,500,3
images/15101.jpg,multi_test,multi,0.049977,2.951775,542,3
images/15103.jpg,multi_test,multi,0.050422,2.650675,547,3
images/15105.jpg,multi_train,multi,0.05063,2.925298,541,3
images/15106.jpg,"multi_train,single_train","multi,single",0.051233,2.82226,646,6
images/15107.jpg,single_train,single,0.051553,2.894628,546,8
images/15108.jpg,multi_test,multi,0.052594,2.797483,541,5
images/15109.jpg,multi_test,multi,0.055282,2.737884,541,3
images/1511.jpg,multi_train,multi,0.025146,2.387553,621,4
images/15110.jpg,multi_test,multi,0.057562,2.733535,558,5
images/15111.jpg,multi_test,multi,0.057656,2.765976,563,5
images/15112.jpg,multi_train,multi,0.058695,2.743031,517,5
images/15115.jpg,"multi_train,single_train","multi,single",0.057226,2.746206,529,13
images/15118.jpg,multi_train,multi,0.057884,2.869997,537,4
images/15119.jpg,single_train,single,0.059029,2.825827,536,3
images/1512.jpg,multi_test,multi,0.018858,3.864902,974,5
images/15120.jpg,multi_train,multi,0.058378,2.865909,531,5
images/15121.jpg,multi_train,multi,0.058159,2.888844,537,4
images/15122.jpg,multi_train,multi,0.057378,2.726536,515,3
images/15126.jpg,single_train,single,0.062301,2.827268,588,4
images/15127.jpg,multi_train,multi,0.059874,2.873779,606,6
images/15130.jpg,"multi_train,single_train","multi,single",0.062945,2.826457,620,11
images/15131.jpg,multi_train,multi,0.06306,2.891361,619,6
images/15133.jpg,single_test,single,0.067526,2.896818,614,7
images/15139.jpg,single_train,single,0.066438,2.822053,699,4
images/1514.jpg,multi_test,multi,0.050749,3.528532,747,11
images/15145.jpg,multi_test,multi,0.066703,3.027161,722,3
images/15149.jpg,multi_test,multi,0.072895,2.942217,662,3
images/1515.jpg,multi_train,multi,0.02387,3.168934,565,5
images/15154.jpg,multi_train,multi,0.057343,2.91008,709,5
images/15159.jpg,multi_train,multi,0.060873,2.778976,717,5
images/15161.jpg,multi_train,multi,0.062486,2.81832,727,5
images/15162.jpg,single_test,single,0.051207,2.646658,693,2
images/15163.jpg,multi_train,multi,0.06429,2.765276,751,5
images/15164.jpg,multi_train,multi,0.064123,2.725571,733,5
images/15165.jpg,multi_train,multi,0.056505,2.604469,768,5
images/15167.jpg,single_test,single,0.064696,2.626354,737,8
images/15169.jpg,multi_train,multi,0.062639,2.774464,769,4
images/15171.jpg,single_train,single,0.060226,2.763522,896,2
images/15172.jpg,"multi_train,single_train","multi,single",0.060471,2.792272,884,9
images/15176.jpg,multi_test,multi,0.032201,2.505176,649,3
images/1518.jpg,single_train,single,0.022379,4.371615,3335,11
images/15182.jpg,multi_train,multi,0.059475,2.662879,861,3
images/15187.jpg,single_test,single,0.059937,3.512356,761,10
images/15189.jpg,multi_train,multi,0.057138,3.460525,587,5
images/1519.jpg,"multi_train,single_train","multi,single",0.0164,4.270546,1452,5
images/15196.jpg,single_train,single,0.053523,3.440396,754,2
images/1520.jpg,multi_train,multi,0.030034,2.285445,555,1
images/15206.jpg,multi_test,multi,0.051749,3.434023,663,5
images/15207.jpg,single_train,single,0.051935,3.359232,686,9
images/1521.jpg,multi_train,multi,0.057447,4.874283,336,4
images/15212.jpg,single_train,single,0.048438,3.328091,603,10
images/15216.jpg,multi_train,multi,0.047317,3.287746,589,5
images/15221.jpg,multi_train,multi,0.047738,3.348078,629,4
images/15226.jpg,multi_train,multi,0.046765,3.331277,789,4
images/15229.jpg,multi_train,multi,0.045611,3.357043,604,5
images/1523.jpg,multi_train,multi,0.062165,3.965468,595,2
images/15232.jpg,single_train,single,0.045628,3.38909,606,10
images/1524.jpg,multi_train,multi,0.03466,3.231547,1326,2
images/15255.jpg,single_train,single,0.054347,3.405397,707,7
images/15260.jpg,single_train,single,0.060784,3.472444,721,8
images/15273.jpg,single_train,single,0.059208,3.606301,759,8
images/15276.jpg,multi_test,multi,0.058509,3.407241,726,5
images/15278.jpg,single_train,single,0.057517,3.464736,738,8
images/15280.jpg,single_train,single,0.057398,3.492791,726,9
images/1529.jpg,multi_train,multi,0.028755,2.672571,1311,2
images/15292.jpg,single_train,single,0.053583,3.338673,723,7
images/15294.jpg,single_test,single,0.053673,3.509387,806,11
images/153.jpg,"multi_train,single_train","multi,single",0.025342,5.350401,557,9
images/15305.jpg,single_train,single,0.054111,3.56903,770,10
images/15307.jpg,single_train,single,0.052619,3.451259,727,10
images/1531.jpg,multi_train,multi,0.027403,1.709696,701,7
images/15310.jpg,single_train,single,0.052588,3.385184,737,9
images/15318.jpg,multi_train,multi,0.03002,1.67096,1426,1
images/15322.jpg,multi_train,multi,0.043305,4.790485,5868,2
images/15326.jpg,multi_train,multi,0.043643,3.931448,1186,1
images/15337.jpg,multi_train,multi,0.062034,4.643936,4000,2
images/15341.jpg,multi_train,multi,0.032424,3.218958,221,5
images/15342.jpg,"multi_train,single_train","multi,single",0.031738,3.362232,208,9
images/15345.jpg,multi_train,multi,0.025088,2.068787,3847,5
images/15346.jpg,multi_train,multi,0.031503,6.219247,154,3
images/15348.jpg,multi_train,multi,0.043922,5.958465,1651,1
images/15353.jpg,multi_train,multi,0.055693,2.762001,2561,3
images/15354.jpg,multi_train,multi,0.051579,2.688919,2087,2
images/15355.jpg,multi_train,multi,0.024415,2.005917,8275,1
images/15356.jpg,multi_train,multi,0.039478,1.829673,777,1
images/15357.jpg,multi_train,multi,0.045048,2.558486,4284,1
images/15358.jpg,multi_train,multi,0.04011,2.525884,4237,5
images/1536.jpg,"multi_train,single_train","multi,single",0.054505,4.370962,1086,6
images/15364.jpg,multi_test,multi,0.057829,2.262669,335,5
images/15365.jpg,multi_train,multi,0.037781,1.666447,554,5
images/15366.jpg,multi_train,multi,0.026241,1.984378,625,8
images/1537.jpg,multi_train,multi,0.054374,4.062516,1121,4
images/15375.jpg,"multi_train,single_train","multi,single",0.055189,4.590378,37,12
images/15376.jpg,single_train,single,0.054914,4.585991,38,12
images/15377.jpg,multi_train,multi,0.055,4.467822,44,7
images/15380.jpg,multi_train,multi,0.05631,5.478814,40,2
images/15381.jpg,multi_train,multi,0.041235,1.88022,424,4
images/15383.jpg,multi_train,multi,0.029419,6.011349,1837,4
images/15387.jpg,single_train,single,0.04033,2.110408,1237,11
images/1539.jpg,multi_train,multi,0.034631,3.274275,1180,3
images/15396.jpg,multi_train,multi,0.039653,2.547498,1213,4
images/15399.jpg,multi_train,multi,0.032446,6.167765,166,4
images/15400.jpg,single_train,single,0.0423,2.251483,915,9
images/15401.jpg,multi_train,multi,0.052711,2.854682,853,4
images/15405.jpg,"multi_train,single_train","multi,single",0.047781,2.610751,2146,15
images/1541.jpg,single_train,single,0.073098,6.216875,762,9
images/15410.jpg,multi_train,multi,0.026939,2.499513,592,5
images/15412.jpg,multi_train,multi,0.061157,4.019821,869,2
images/15413.jpg,single_train,single,0.043616,5.64296,2574,4
images/15416.jpg,multi_train,multi,0.033145,1.958683,2284,1
images/15418.jpg,multi_test,multi,0.035388,6.249583,8494,1
images/1542.jpg,single_train,single,0.025317,5.079845,1173,7
images/15424.jpg,multi_train,multi,0.030298,4.613213,1564,3
images/15426.jpg,multi_train,multi,0.025612,5.371072,1400,1
images/15428.jpg,multi_train,multi,0.03903,5.617848,1580,1
images/1543.jpg,"multi_train,single_train","multi,single",0.020235,3.050589,794,15
images/15430.jpg,multi_train,multi,0.023535,4.632191,3358,3
images/15432.jpg,"multi_train,single_train","multi,single",0.026837,4.931989,5165,10
images/15434.jpg,single_train,single,0.035528,4.563786,1425,5
images/15436.jpg,single_train,single,0.04596,6.490249,6962,6
images/15439.jpg,single_train,single,0.04276,6.460366,4848,7
images/15441.jpg,multi_train,multi,0.04365,6.958854,6426,3
images/15443.jpg,multi_train,multi,0.035968,4.016833,1815,2
images/15446.jpg,"multi_test,single_test","multi,single",0.032092,4.922168,1728,10
images/15448.jpg,multi_test,multi,0.022566,7.017535,13149,1
images/15449.jpg,multi_train,multi,0.01842,5.026529,3812,3
images/15454.jpg,multi_train,multi,0.01132,5.500703,5362,2
images/15458.jpg,"multi_train,single_train","multi,single",0.034876,5.585845,4497,8
images/1546.jpg,multi_train,multi,0.040852,4.90315,4348,5
images/15460.jpg,multi_train,multi,0.027436,4.416024,1254,2
images/15463.jpg,multi_train,multi,0.033502,5.424377,1210,2
images/15469.jpg,single_train,single,0.018708,5.097904,6581,10
images/1547.jpg,multi_train,multi,0.019003,3.897491,1080,3
images/15472.jpg,multi_train,multi,0.024386,3.194059,5178,3
images/15474.jpg,multi_train,multi,0.03737,5.884121,7769,2
images/15475.jpg,multi_train,multi,0.036653,4.949281,9096,4
images/15478.jpg,single_train,single,0.025469,2.830365,1876,7
images/15484.jpg,multi_train,multi,0.031242,3.085668,1058,2
images/15487.jpg,multi_train,multi,0.032919,6.379935,1870,3
images/15489.jpg,multi_train,multi,0.032732,3.049867,2616,2
images/1549.jpg,single_train,single,0.090918,5.29461,863,9
images/15491.jpg,"multi_train,single_train","multi,single",0.028815,3.113176,984,5
images/15492.jpg,multi_train,multi,0.026445,3.107002,2229,3
images/15495.jpg,single_train,single,0.062401,3.197726,3578,10
images/15496.jpg,single_train,single,0.03868,1.972912,1439,8
images/15498.jpg,multi_train,multi,0.061449,5.015738,7944,3
images/15499.jpg,single_train,single,0.04165,4.275647,3380,8
images/15502.jpg,single_train,single,0.038884,3.18499,2959,10
images/15504.jpg,single_train,single,0.050271,3.229548,541,9
images/15508.jpg,single_train,single,0.062573,2.102978,919,9
images/15512.jpg,single_train,single,0.065309,4.806418,4759,8
images/15513.jpg,multi_test,multi,0.062038,3.138352,1523,1
images/15514.jpg,multi_train,multi,0.031613,2.288733,1375,3
images/15519.jpg,multi_test,multi,0.056098,4.92782,1149,5
images/15527.jpg,multi_train,multi,0.043858,4.178625,9316,2
images/15528.jpg,single_train,single,0.021848,1.800024,784,8
images/15530.jpg,multi_train,multi,0.032081,3.852436,615,5
images/15531.jpg,multi_train,multi,0.071756,3.287403,8756,3
images/15532.jpg,multi_train,multi,0.023812,3.331434,843,2
images/15534.jpg,single_train,single,0.02827,1.86851,572,1
images/15535.jpg,multi_train,multi,0.033714,3.467314,744,2
images/15537.jpg,single_train,single,0.028957,3.789827,2280,11
images/15538.jpg,"multi_train,single_train","multi,single",0.037197,5.48444,2665,9
images/1554.jpg,multi_test,multi,0.029197,4.846206,4104,2
images/15540.jpg,multi_train,multi,0.035271,5.650393,2685,2
images/15542.jpg,single_train,single,0.029925,5.026496,3386,1
images/15545.jpg,multi_train,multi,0.035498,4.200324,2390,5
images/15546.jpg,single_train,single,0.040285,5.755236,2794,5
images/15548.jpg,multi_train,multi,0.036286,5.175741,3297,1
images/15551.jpg,multi_train,multi,0.033027,5.555364,2531,3
images/15554.jpg,multi_train,multi,0.040056,6.252004,2512,3
images/15555.jpg,single_train,single,0.030096,3.753096,3233,6
images/15557.jpg,multi_train,multi,0.037852,4.28341,999,2
images/15561.jpg,multi_test,multi,0.032578,3.049473,1108,1
images/15567.jpg,multi_train,multi,0.033576,5.281579,2494,8
images/15569.jpg,multi_train,multi,0.033455,5.43788,1273,3
images/15570.jpg,single_train,single,0.034801,5.264268,7410,11
images/15575.jpg,multi_train,multi,0.040745,4.502022,1453,2
images/15576.jpg,multi_train,multi,0.04163,4.544209,1453,2
images/15578.jpg,multi_train,multi,0.038295,5.520684,1834,3
images/1558.jpg,multi_train,multi,0.058469,4.763023,896,2
images/15580.jpg,multi_test,multi,0.050772,4.129434,7064,5
images/15581.jpg,single_train,single,0.024488,4.692999,1555,1
images/15582.jpg,multi_test,multi,0.062524,4.451645,7018,12
images/15583.jpg,multi_train,multi,0.031577,2.801819,1008,2
images/15584.jpg,"multi_train,single_train","multi,single",0.026722,3.202671,1226,8
images/15587.jpg,multi_train,multi,0.024611,2.226811,473,2
images/15588.jpg,multi_test,multi,0.066986,4.498128,7338,2
images/1559.jpg,"multi_test,single_test","multi,single",0.048941,4.875154,2338,6
images/15590.jpg,multi_test,multi,0.048969,4.348726,6804,5
images/15595.jpg,multi_train,multi,0.031514,2.905339,1552,2
images/15596.jpg,"multi_train,single_train","multi,single",0.02223,2.805913,479,10
images/15609.jpg,"multi_train,single_train","multi,single",0.124668,5.760067,3151,10
images/1561.jpg,multi_train,multi,0.027134,3.980093,878,3
images/15610.jpg,multi_train,multi,0.023687,5.617909,2233,3
images/15611.jpg,multi_train,multi,0.04231,5.670099,1372,3
images/15612.jpg,multi_train,multi,0.056709,3.261735,1311,1
images/15614.jpg,multi_train,multi,0.098531,6.390216,1076,1
images/15615.jpg,multi_train,multi,0.026661,3.203415,1030,4
images/15616.jpg,single_train,single,0.039134,5.542911,7354,9
images/15617.jpg,single_train,single,0.060655,6.110179,2284,10
images/15619.jpg,multi_train,multi,0.06394,2.288565,931,2
images/15624.jpg,multi_train,multi,0.041413,2.905124,976,5
images/15628.jpg,single_train,single,0.046327,1.423991,1012,8
images/15629.jpg,multi_train,multi,0.055412,4.58593,4066,2
images/1563.jpg,multi_train,multi,0.026806,3.81219,663,5
images/15632.jpg,"multi_train,single_train","multi,single",0.037902,4.936,799,10
images/15639.jpg,multi_train,multi,0.033283,4.914103,4373,3
images/15640.jpg,multi_train,multi,0.033587,2.751704,902,2
images/15641.jpg,single_train,single,0.023635,3.622686,637,5
images/15642.jpg,single_train,single,0.055998,4.497554,947,11
images/15649.jpg,multi_train,multi,0.031972,2.932858,535,2
images/15658.jpg,multi_train,multi,0.025628,3.274378,892,1
images/15659.jpg,single_train,single,0.040832,5.912321,861,10
images/1566.jpg,multi_train,multi,0.057909,4.264509,809,3
images/15660.jpg,multi_train,multi,0.058497,2.805369,1060,3
images/15667.jpg,single_train,single,0.043375,4.053532,705,6
images/15669.jpg,multi_train,multi,0.023116,2.871221,624,2
images/15674.jpg,single_train,single,0.032786,6.081904,927,11
images/15675.jpg,single_train,single,0.063242,4.638884,3264,13
images/15677.jpg,"multi_train,single_train","multi,single",0.043832,6.851315,1934,4
images/15679.jpg,multi_train,multi,0.067315,4.29121,2276,1
images/1568.jpg,multi_test,multi,0.065722,4.486125,2347,2
images/15687.jpg,single_train,single,0.045387,3.466286,767,13
images/1569.jpg,multi_train,multi,0.032227,3.656791,817,2
images/15693.jpg,"multi_train,single_train","multi,single",0.043303,4.330845,7213,8
images/15694.jpg,multi_train,multi,0.045726,4.551961,5645,2
images/15697.jpg,multi_train,multi,0.025092,3.979096,695,2
images/157.jpg,multi_test,multi,0.020112,3.625052,2637,4
images/15702.jpg,single_test,single,0.022573,3.170827,354,6
images/15703.jpg,multi_train,multi,0.020271,3.322789,629,1
images/1571.jpg,multi_train,multi,0.045541,5.165415,1907,4
images/15717.jpg,"multi_train,single_train","multi,single",0.103804,5.030167,7434,13
images/15718.jpg,multi_train,multi,0.045839,1.482617,746,2
images/15719.jpg,multi_train,multi,0.050247,4.100603,2227,1
images/1572.jpg,multi_test,multi,0.035135,3.984187,4607,5
images/15721.jpg,multi_train,multi,0.080925,6.324646,2413,2
images/15722.jpg,multi_train,multi,0.033935,6.212373,18734,2
images/15724.jpg,single_train,single,0.046028,4.603828,651,9
images/15726.jpg,single_train,single,0.091314,6.524389,2827,9
images/1573.jpg,multi_train,multi,0.020735,2.607006,758,5
images/15730.jpg,multi_train,multi,0.026932,4.162558,1194,3
images/15732.jpg,single_train,single,0.050399,4.236229,4620,14
images/15736.jpg,single_train,single,0.037628,4.263028,9696,12
images/1574.jpg,multi_train,multi,0.019122,4.281987,1165,3
images/15741.jpg,multi_train,multi,0.035215,4.515463,2452,4
images/15744.jpg,"multi_train,single_train","multi,single",0.023436,2.297725,1067,7
images/15747.jpg,multi_train,multi,0.033075,5.660354,270,5
images/1575.jpg,multi_train,multi,0.036283,3.377034,674,1
images/15754.jpg,multi_train,multi,0.032178,2.880649,852,3
images/15756.jpg,single_train,single,0.047032,4.965098,1273,5
images/1576.jpg,multi_train,multi,0.06418,5.245506,1012,4
images/15762.jpg,multi_test,multi,0.06083,6.890002,919,2
images/15769.jpg,"multi_train,single_train","multi,single",0.0417,2.948822,966,13
images/1577.jpg,multi_train,multi,0.03208,4.829087,3954,2
images/15772.jpg,multi_test,multi,0.093388,6.200607,1905,3
images/15774.jpg,multi_train,multi,0.059722,5.975649,437,5
images/15776.jpg,multi_train,multi,0.050075,2.908957,1260,4
images/15777.jpg,multi_train,multi,0.055734,7.602499,540,3
images/15779.jpg,multi_train,multi,0.060085,7.61209,987,3
images/15780.jpg,multi_train,multi,0.061824,7.631757,1007,3
images/15782.jpg,single_train,single,0.03629,3.293996,611,9
images/15784.jpg,multi_train,multi,0.06185,4.001077,3063,5
images/15785.jpg,multi_train,multi,0.069592,5.52975,505,4
images/15788.jpg,multi_train,multi,0.044111,5.831572,419,1
images/15789.jpg,multi_train,multi,0.044316,5.886009,418,1
images/15796.jpg,multi_test,multi,0.060123,6.033629,2711,2
images/15799.jpg,multi_train,multi,0.04584,3.51999,1449,4
images/1580.jpg,multi_train,multi,0.022047,2.731317,568,6
images/15801.jpg,multi_train,multi,0.072849,4.149082,410,3
images/15803.jpg,multi_test,multi,0.072944,6.682318,965,3
images/15804.jpg,single_train,single,0.039108,6.520083,395,7
images/15809.jpg,single_train,single,0.061335,2.780661,71,6
images/1581.jpg,multi_train,multi,0.058678,5.04792,504,4
images/15810.jpg,multi_test,multi,0.057871,2.660129,74,2
images/15811.jpg,multi_test,multi,0.062091,2.783163,79,2
images/15812.jpg,single_train,single,0.062357,2.808355,93,7
images/15815.jpg,multi_train,multi,0.028269,4.642862,3182,2
images/15816.jpg,single_train,single,0.062757,4.9737,1578,6
images/15818.jpg,single_test,single,0.073434,6.657717,1637,9
images/15820.jpg,single_train,single,0.117967,6.015238,849,9
images/15821.jpg,multi_train,multi,0.080656,7.238741,1428,7
images/15822.jpg,multi_train,multi,0.031407,3.199297,773,5
images/15823.jpg,multi_train,multi,0.052587,4.396984,1462,5
images/15827.jpg,multi_test,multi,0.021147,3.720306,389,2
images/15828.jpg,multi_train,multi,0.078638,6.639415,468,2
images/1583.jpg,multi_train,multi,0.023148,3.023933,531,5
images/15830.jpg,"multi_train,single_train","multi,single",0.040588,4.18817,437,9
images/15837.jpg,multi_train,multi,0.042634,4.655531,436,4
images/1584.jpg,multi_train,multi,0.026683,3.857233,724,3
images/15848.jpg,multi_train,multi,0.077469,2.086448,689,1
images/1585.jpg,multi_train,multi,0.063967,4.061825,1957,1
images/15857.jpg,multi_train,multi,0.059458,3.332414,4394,2
images/15858.jpg,multi_train,multi,0.058901,3.218545,3826,10
images/15859.jpg,"multi_train,single_train","multi,single",0.068455,3.405986,4700,17
images/1586.jpg,multi_train,multi,0.084327,7.280546,6557,3
images/15862.jpg,multi_train,multi,0.040192,5.258965,3577,2
images/15865.jpg,multi_train,multi,0.057245,3.543391,1227,1
images/1587.jpg,multi_train,multi,0.026961,4.019396,1034,3
images/15871.jpg,single_train,single,0.044632,2.725924,944,12
images/15872.jpg,"multi_train,single_train","multi,single",0.047362,3.066933,496,12
images/15873.jpg,multi_train,multi,0.073445,3.45777,4745,4
images/15876.jpg,single_test,single,0.050172,2.24039,774,10
images/15879.jpg,multi_train,multi,0.054936,2.159097,2091,2
images/15882.jpg,multi_train,multi,0.053658,3.35206,871,1
images/15885.jpg,multi_train,multi,0.077567,3.861191,3213,1
images/15886.jpg,multi_train,multi,0.102733,4.969562,722,2
images/15891.jpg,multi_test,multi,0.066991,2.672349,1265,3
images/15893.jpg,multi_train,multi,0.055978,4.305435,615,1
images/15894.jpg,single_train,single,0.030394,2.10945,1611,10
images/15895.jpg,single_train,single,0.075138,4.047147,1970,9
images/15899.jpg,single_train,single,0.055365,2.724114,1396,11
images/15903.jpg,multi_test,multi,0.089068,4.816843,5249,1
images/15904.jpg,multi_train,multi,0.051407,2.68355,2796,1
images/15907.jpg,"multi_train,single_train","multi,single",0.056779,2.434817,735,9
images/15909.jpg,multi_train,multi,0.044699,3.864035,1981,1
images/15915.jpg,multi_train,multi,0.071721,3.478424,1448,3
images/15916.jpg,single_train,single,0.072364,4.551647,486,1
images/15923.jpg,single_train,single,0.03015,6.76058,258,6
images/15928.jpg,single_train,single,0.117651,5.646962,411,7
images/15933.jpg,single_train,single,0.068439,1.868361,1389,8
images/15936.jpg,single_train,single,0.067848,4.248556,923,11
images/1594.jpg,multi_train,multi,0.033557,4.336735,1002,2
images/15940.jpg,multi_test,multi,0.058688,2.734172,983,3
images/15941.jpg,multi_train,multi,0.048495,5.227528,2935,2
images/15943.jpg,multi_train,multi,0.06329,3.405873,4434,4
images/15945.jpg,multi_train,multi,0.062881,3.698993,973,2
images/15947.jpg,single_test,single,0.057056,1.903436,861,6
images/15949.jpg,single_train,single,0.06038,6.277155,841,7
images/1595.jpg,multi_train,multi,0.07606,5.735771,1039,2
images/15951.jpg,multi_test,multi,0.04953,4.154929,1033,2
images/15952.jpg,multi_test,multi,0.055934,4.333576,456,5
images/15956.jpg,single_train,single,0.046421,1.896875,2646,6
images/1596.jpg,single_test,single,0.078685,5.060835,1274,12
images/15960.jpg,multi_train,multi,0.071284,5.913083,2065,1
images/15962.jpg,multi_train,multi,0.050695,4.03602,326,5
images/15965.jpg,multi_train,multi,0.062386,2.315189,1206,3
images/15966.jpg,single_train,single,0.129469,5.492279,2489,7
images/15968.jpg,multi_train,multi,0.042749,2.207436,461,4
images/15970.jpg,multi_train,multi,0.025688,3.475211,1810,1
images/15974.jpg,multi_train,multi,0.085891,3.848881,302,3
images/15975.jpg,single_train,single,0.041116,6.521676,409,9
images/15978.jpg,multi_train,multi,0.045495,3.537534,2553,2
images/15979.jpg,multi_train,multi,0.025592,3.067553,1862,5
images/15984.jpg,multi_train,multi,0.041364,3.655828,920,1
images/15985.jpg,single_train,single,0.022554,3.560744,2223,6
images/1599.jpg,multi_train,multi,0.025411,4.943994,748,1
images/15991.jpg,multi_train,multi,0.105009,5.901186,1468,4
images/15992.jpg,single_train,single,0.079772,5.523222,769,6
images/15995.jpg,multi_train,multi,0.094022,5.110322,2561,3
images/15996.jpg,single_train,single,0.033619,4.074458,2362,10
images/15999.jpg,single_train,single,0.060147,4.820172,991,6
images/160.jpg,multi_train,multi,0.020007,6.755335,2271,1
images/1600.jpg,"multi_test,single_test","multi,single",0.05473,6.321694,2592,10
images/16001.jpg,multi_train,multi,0.06702,4.755597,540,4
images/16002.jpg,multi_train,multi,0.055612,5.773609,659,7
images/16003.jpg,multi_train,multi,0.063425,4.836857,2677,4
images/16009.jpg,single_train,single,0.035902,4.555338,633,8
images/16011.jpg,multi_train,multi,0.02579,2.512924,682,5
images/16018.jpg,single_train,single,0.056293,2.571326,972,4
images/1602.jpg,multi_train,multi,0.032862,3.278702,738,1
images/16021.jpg,multi_train,multi,0.115565,6.310127,946,1
images/16022.jpg,multi_train,multi,0.058772,3.940799,631,2
images/16025.jpg,multi_train,multi,0.093663,4.620397,4343,2
images/16026.jpg,single_train,single,0.034784,1.346118,950,6
images/16027.jpg,multi_train,multi,0.057022,2.45599,848,3
images/16031.jpg,multi_train,multi,0.056271,3.363376,1985,3
images/16032.jpg,"multi_train,single_train","multi,single",0.056221,3.575579,1479,14
images/16035.jpg,multi_test,multi,0.029319,3.176204,606,2
images/16037.jpg,multi_train,multi,0.037169,4.152525,1314,4
images/16040.jpg,multi_train,multi,0.040594,3.309981,4152,2
images/16041.jpg,"multi_train,single_train","multi,single",0.061282,4.142324,995,11
images/16042.jpg,multi_train,multi,0.037059,3.178552,1153,1
images/16043.jpg,multi_train,multi,0.035571,3.585126,2934,3
images/16045.jpg,"multi_train,single_train","multi,single",0.058314,3.264438,418,11
images/16046.jpg,single_test,single,0.042184,1.345885,832,8
images/16049.jpg,single_train,single,0.045103,4.03622,1844,12
images/16050.jpg,multi_train,multi,0.052849,2.827865,1086,1
images/16051.jpg,single_train,single,0.056884,6.34732,1403,8
images/16055.jpg,single_train,single,0.081296,5.438985,1901,7
images/16059.jpg,"multi_train,single_train","multi,single",0.042316,2.886341,388,13
images/1606.jpg,single_train,single,0.0894,5.589774,746,4
images/16066.jpg,multi_train,multi,0.050543,3.952885,940,3
images/16067.jpg,multi_train,multi,0.060727,6.434653,1426,8
images/1607.jpg,multi_train,multi,0.040922,3.152301,419,2
images/16076.jpg,single_train,single,0.098932,4.61918,729,8
images/16077.jpg,single_train,single,0.03678,4.197262,681,11
images/16078.jpg,multi_train,multi,0.052984,3.151506,925,2
images/16079.jpg,multi_train,multi,0.070558,2.704724,840,2
images/16087.jpg,"multi_train,single_train","multi,single",0.066957,4.861991,2449,10
images/16088.jpg,multi_train,multi,0.067745,5.756742,1261,4
images/16089.jpg,multi_test,multi,0.114319,5.085543,741,4
images/16090.jpg,multi_test,multi,0.099531,4.783054,1260,4
images/16091.jpg,multi_train,multi,0.046564,5.2292,4526,1
images/16093.jpg,single_train,single,0.05741,2.595324,473,10
images/16094.jpg,multi_train,multi,0.080307,4.680242,5699,2
images/16095.jpg,multi_train,multi,0.049715,2.275371,1678,4
images/16098.jpg,single_train,single,0.052394,3.682487,916,6
images/161.jpg,multi_train,multi,0.020347,5.285812,855,4
images/1610.jpg,multi_test,multi,0.039002,3.779632,4626,3
images/16105.jpg,"multi_train,single_train","multi,single",0.049624,3.339603,414,11
images/16108.jpg,single_train,single,0.068883,2.337739,2479,11
images/1611.jpg,"multi_train,single_train","multi,single",0.026619,2.518266,605,15
images/16110.jpg,multi_train,multi,0.068434,3.769673,903,3
images/16121.jpg,single_train,single,0.050622,4.549272,2259,1
images/16122.jpg,multi_train,multi,0.046733,2.889103,545,3
images/16123.jpg,multi_train,multi,0.025134,2.699834,788,5
images/16129.jpg,single_train,single,0.037689,2.028213,964,9
images/1613.jpg,multi_train,multi,0.077811,4.701285,795,5
images/16131.jpg,multi_train,multi,0.042665,2.898551,999,5
images/16133.jpg,multi_train,multi,0.061911,4.44068,2044,4
images/16136.jpg,multi_train,multi,0.037471,2.295341,95,2
images/16137.jpg,"multi_train,single_train","multi,single",0.040457,2.250932,132,10
images/16138.jpg,multi_train,multi,0.036601,2.103752,98,2
images/16139.jpg,multi_train,multi,0.035399,2.150407,46,2
images/16142.jpg,single_train,single,0.114625,6.465302,792,1
images/16144.jpg,multi_train,multi,0.061818,4.649869,3334,1
images/16147.jpg,multi_train,multi,0.050068,3.639996,999,1
images/16148.jpg,multi_train,multi,0.028981,3.261924,1475,1
images/16149.jpg,"multi_train,single_train","multi,single",0.119003,3.938591,5383,15
images/16151.jpg,multi_train,multi,0.050408,3.886436,1251,3
images/16153.jpg,multi_train,multi,0.05168,3.129015,715,2
images/16160.jpg,multi_train,multi,0.040573,5.607053,2922,1
images/16161.jpg,multi_train,multi,0.036705,5.260451,2087,3
images/16167.jpg,single_train,single,0.037509,3.820903,775,9
images/16177.jpg,multi_train,multi,0.062068,3.373086,1673,4
images/16180.jpg,multi_train,multi,0.038694,5.391465,1999,3
images/16181.jpg,multi_train,multi,0.031698,5.723236,4648,2
images/16185.jpg,single_train,single,0.053588,6.434182,2621,10
images/16187.jpg,multi_train,multi,0.067533,6.410219,7793,2
images/16188.jpg,single_train,single,0.038248,5.232113,3205,7
images/16189.jpg,multi_train,multi,0.068706,6.45684,1757,3
images/1619.jpg,"multi_train,single_train","multi,single",0.073351,5.435387,678,11
images/16190.jpg,"multi_test,single_test","multi,single",0.056122,5.338353,19747,9
images/16191.jpg,"multi_train,single_train","multi,single",0.036663,5.43395,14919,5
images/16192.jpg,multi_test,multi,0.037139,5.317545,15925,2
images/16193.jpg,multi_train,multi,0.0474,5.972651,10234,6
images/16195.jpg,multi_train,multi,0.034333,5.621072,4921,3
images/16196.jpg,multi_train,multi,0.046677,5.947899,4945,1
images/16198.jpg,multi_test,multi,0.032331,5.649465,3577,2
images/16201.jpg,multi_test,multi,0.0347,5.768775,4212,2
images/16203.jpg,multi_test,multi,0.031397,5.711147,4121,2
images/16209.jpg,multi_train,multi,0.071512,3.014087,2063,1
images/16211.jpg,multi_train,multi,0.032156,5.57547,4445,5
images/16212.jpg,multi_train,multi,0.046499,5.612208,4851,3
images/16215.jpg,"multi_train,single_train","multi,single",0.040752,5.461816,4781,10
images/16216.jpg,multi_train,multi,0.032151,5.608386,5207,5
images/16218.jpg,"multi_train,single_train","multi,single",0.033027,5.748061,4697,11
images/16221.jpg,multi_train,multi,0.033143,5.793246,3943,1
images/16223.jpg,single_train,single,0.032794,5.589191,515,9
images/16224.jpg,multi_train,multi,0.013792,4.383193,995,2
images/16225.jpg,multi_train,multi,0.042028,6.017725,1679,7
images/16228.jpg,single_train,single,0.041806,5.498836,5231,4
images/16230.jpg,single_train,single,0.036972,5.462235,1500,5
images/16231.jpg,multi_train,multi,0.042494,5.501438,4575,1
images/16233.jpg,single_train,single,0.050121,6.095635,9676,9
images/16235.jpg,multi_train,multi,0.032666,5.711299,5314,8
images/16236.jpg,multi_train,multi,0.040345,5.968052,5132,3
images/16242.jpg,multi_train,multi,0.053496,5.229925,3965,1
images/16243.jpg,multi_train,multi,0.031129,4.320651,2611,2
images/16244.jpg,single_train,single,0.041474,5.445706,4894,7
images/16245.jpg,multi_train,multi,0.038159,5.308171,1570,2
images/16247.jpg,multi_train,multi,0.039085,5.082843,1891,2
images/16249.jpg,multi_train,multi,0.027995,4.769749,1430,1
images/16253.jpg,multi_train,multi,0.024035,6.584892,4610,4
images/16255.jpg,multi_train,multi,0.03331,5.782044,5346,1
images/16259.jpg,single_train,single,0.013973,5.145061,3616,8
images/16264.jpg,"multi_train,single_train","multi,single",0.031059,5.786805,5867,8
images/16269.jpg,single_train,single,0.02572,7.456736,1349,10
images/16270.jpg,multi_train,multi,0.038638,5.323623,1172,3
images/16272.jpg,multi_train,multi,0.052051,6.190741,1679,4
images/16273.jpg,multi_train,multi,0.032324,5.962353,4798,2
images/16276.jpg,multi_train,multi,0.04163,6.022343,5662,3
images/16279.jpg,single_train,single,0.020286,6.199408,4717,4
images/16281.jpg,"multi_train,single_train","multi,single",0.028043,5.394496,3020,9
images/16283.jpg,multi_train,multi,0.050988,6.86007,1506,4
images/16284.jpg,multi_train,multi,0.032025,5.129938,1542,5
images/16285.jpg,multi_train,multi,0.040097,4.023542,3301,5
images/16286.jpg,multi_train,multi,0.062665,5.958179,1463,8
images/16291.jpg,multi_train,multi,0.03481,5.645479,2230,2
images/16295.jpg,multi_train,multi,0.037853,6.611304,4441,3
images/16297.jpg,multi_train,multi,0.035739,5.257964,1809,2
images/16298.jpg,single_train,single,0.041578,5.943395,5620,2
images/16299.jpg,single_train,single,0.028508,5.352738,1822,2
images/1630.jpg,multi_train,multi,0.069033,5.020443,1396,4
images/16306.jpg,single_train,single,0.025721,5.217955,2207,6
images/16309.jpg,multi_train,multi,0.039003,5.937187,6105,1
images/1631.jpg,multi_test,multi,0.075903,5.422167,772,8
images/16312.jpg,multi_train,multi,0.035351,5.191581,1682,1
images/16314.jpg,multi_train,multi,0.020556,5.820909,3335,2
images/16319.jpg,"multi_train,single_train","multi,single",0.033634,5.180952,1616,12
images/16323.jpg,single_train,single,0.031155,5.542871,5189,7
images/16327.jpg,multi_train,multi,0.034977,5.19927,1744,6
images/16328.jpg,multi_train,multi,0.030508,4.974556,3083,3
images/16330.jpg,single_test,single,0.065048,4.948005,2341,7
images/16331.jpg,multi_train,multi,0.035486,5.251498,1797,1
images/16336.jpg,multi_train,multi,0.041435,5.501475,4076,2
images/16337.jpg,multi_train,multi,0.035859,5.9584,6156,5
images/16338.jpg,single_train,single,0.04253,5.863564,8630,9
images/1634.jpg,multi_train,multi,0.02013,5.844359,1989,1
images/16341.jpg,multi_train,multi,0.035942,5.235472,2028,3
images/16346.jpg,multi_train,multi,0.038594,4.89642,1975,7
images/16347.jpg,single_test,single,0.025503,5.024388,1279,10
images/1635.jpg,single_train,single,0.03761,4.369949,288,7
images/16357.jpg,multi_train,multi,0.032236,5.221863,7141,5
images/16361.jpg,multi_train,multi,0.022548,5.131677,2105,3
images/16363.jpg,multi_train,multi,0.070099,5.361047,1397,8
images/16365.jpg,single_train,single,0.053785,4.828991,1588,10
images/16366.jpg,single_train,single,0.089503,6.567844,1757,2
images/16368.jpg,"multi_train,single_train","multi,single",0.0367,5.688094,1611,11
images/16369.jpg,multi_test,multi,0.029227,5.410719,4369,2
images/16370.jpg,single_train,single,0.019401,6.012884,1822,6
images/16372.jpg,multi_train,multi,0.059093,6.887792,1234,7
images/16377.jpg,single_test,single,0.031755,5.627496,3360,12
images/1638.jpg,single_train,single,0.041697,3.799332,4418,7
images/16380.jpg,multi_train,multi,0.060167,5.922873,1471,1
images/16384.jpg,multi_train,multi,0.065126,7.061047,1448,1
images/16386.jpg,single_train,single,0.024996,4.129996,4371,9
images/16388.jpg,multi_train,multi,0.036118,2.827996,1690,6
images/16389.jpg,"multi_train,single_train","multi,single",0.045111,5.319161,1366,11
images/16392.jpg,multi_train,multi,0.046425,7.00781,1897,4
images/16393.jpg,multi_train,multi,0.039249,5.497086,984,1
images/16394.jpg,multi_train,multi,0.018207,5.86691,1801,2
images/16397.jpg,multi_train,multi,0.031815,5.269239,1262,1
images/164.jpg,multi_train,multi,0.017757,4.962135,570,3
images/16400.jpg,single_train,single,0.060218,5.652994,2719,9
images/16402.jpg,multi_train,multi,0.054284,5.58162,1333,5
images/16407.jpg,single_train,single,0.041603,7.018485,1178,8
images/1641.jpg,multi_train,multi,0.084376,4.851268,687,1
images/16411.jpg,single_train,single,0.09178,6.041299,3213,5
images/16413.jpg,multi_train,multi,0.041145,4.107347,1825,1
images/16416.jpg,multi_train,multi,0.019977,6.224276,1287,4
images/16417.jpg,multi_train,multi,0.031776,6.775516,1304,2
images/16418.jpg,multi_train,multi,0.033943,6.86314,391,3
images/1642.jpg,multi_train,multi,0.091827,4.837851,564,1
images/16420.jpg,multi_train,multi,0.078154,7.346299,1116,2
images/16421.jpg,multi_train,multi,0.061018,6.710893,394,2
images/16426.jpg,multi_train,multi,0.10432,5.472494,1842,1
images/16430.jpg,multi_train,multi,0.040784,5.353311,43,2
images/16433.jpg,multi_train,multi,0.057916,4.471948,571,1
images/16435.jpg,multi_train,multi,0.018915,4.901568,746,2
images/16436.jpg,"multi_test,single_test","multi,single",0.092415,5.906182,23,7
images/16437.jpg,multi_train,multi,0.101694,7.383369,1182,2
images/16439.jpg,multi_train,multi,0.081338,4.777746,132,2
images/16441.jpg,multi_train,multi,0.079606,6.493884,192,2
images/16442.jpg,multi_train,multi,0.067541,5.360918,3362,3
images/16443.jpg,multi_train,multi,0.037499,6.980805,357,3
images/16444.jpg,multi_train,multi,0.043671,7.136782,1677,5
images/16445.jpg,multi_train,multi,0.041339,6.046269,5551,1
images/16447.jpg,"multi_train,single_train","multi,single",0.063431,6.14654,1762,8
images/16448.jpg,"multi_train,single_train","multi,single",0.046724,6.617852,1397,6
images/1645.jpg,"multi_train,single_train","multi,single",0.065574,4.376098,1143,12
images/16451.jpg,multi_train,multi,0.070245,6.556049,2336,3
images/16452.jpg,multi_train,multi,0.052756,5.170117,312,1
images/16456.jpg,multi_train,multi,0.068651,6.296078,1520,3
images/16457.jpg,multi_train,multi,0.058245,5.453398,2081,1
images/16458.jpg,multi_train,multi,0.065746,6.008542,1811,9
images/16459.jpg,multi_train,multi,0.071535,5.174469,441,4
images/16460.jpg,multi_train,multi,0.069203,4.861197,740,2
images/16461.jpg,multi_train,multi,0.046331,5.411123,1219,1
images/16462.jpg,multi_train,multi,0.047089,6.937113,2015,1
images/16464.jpg,multi_train,multi,0.057825,5.68363,1814,7
images/16465.jpg,multi_train,multi,0.055228,4.739697,119,4
images/16466.jpg,multi_train,multi,0.056273,6.445572,262,4
images/16467.jpg,single_test,single,0.067364,6.537707,852,5
images/16469.jpg,multi_train,multi,0.062526,4.726562,3662,3
images/16470.jpg,"multi_train,single_train","multi,single",0.059128,5.224889,968,7
images/16471.jpg,multi_train,multi,0.083268,6.287262,1126,5
images/16473.jpg,multi_train,multi,0.067334,6.550058,2157,3
images/16474.jpg,multi_train,multi,0.0698,4.365711,606,6
images/16475.jpg,multi_train,multi,0.068549,6.518652,797,5
images/16477.jpg,multi_train,multi,0.076803,4.848168,564,3
images/16478.jpg,multi_train,multi,0.085472,4.873405,709,3
images/16479.jpg,multi_train,multi,0.04964,5.446717,1853,1
images/16481.jpg,multi_train,multi,0.048703,4.684398,538,2
images/16482.jpg,multi_train,multi,0.055097,2.668522,1667,4
images/16484.jpg,multi_train,multi,0.046186,4.567131,642,2
images/16485.jpg,multi_train,multi,0.044227,4.302767,1525,1
images/16489.jpg,"multi_train,single_train","multi,single",0.097076,5.147941,954,12
images/16491.jpg,multi_train,multi,0.089109,4.853413,781,5
images/16493.jpg,multi_train,multi,0.089632,4.983394,832,3
images/16496.jpg,multi_train,multi,0.049832,5.863099,1625,4
images/165.jpg,multi_train,multi,0.021372,6.514903,2730,1
images/16500.jpg,multi_train,multi,0.049159,4.32963,520,2
images/16501.jpg,"multi_train,single_train","multi,single",0.056772,4.530004,1832,16
images/16505.jpg,multi_train,multi,0.04614,4.37176,2004,3
images/16508.jpg,multi_train,multi,0.047476,5.650447,1149,1
images/16510.jpg,"multi_train,single_train","multi,single",0.051147,6.035924,3297,10
images/16513.jpg,multi_test,multi,0.049985,4.507247,463,3
images/16521.jpg,multi_train,multi,0.053302,5.365068,1484,1
images/16522.jpg,multi_train,multi,0.046612,4.989488,2060,1
images/16525.jpg,multi_train,multi,0.058071,4.367568,636,2
images/16526.jpg,multi_train,multi,0.037847,5.377346,1067,5
images/16528.jpg,multi_train,multi,0.098098,6.019671,749,5
images/16533.jpg,single_test,single,0.0453,4.211981,1257,10
images/16539.jpg,multi_train,multi,0.063505,4.56096,732,2
images/16544.jpg,multi_train,multi,0.050329,5.595909,611,1
images/16545.jpg,single_train,single,0.05212,4.37987,957,11
images/16550.jpg,multi_train,multi,0.088664,5.712035,666,4
images/16555.jpg,multi_train,multi,0.061547,4.334166,564,1
images/16558.jpg,multi_train,multi,0.05601,5.798804,1580,9
images/16559.jpg,multi_train,multi,0.062576,5.923874,852,1
images/16560.jpg,"multi_train,single_train","multi,single",0.048396,4.461761,1452,17
images/16562.jpg,multi_train,multi,0.053005,4.222652,828,2
images/16563.jpg,multi_train,multi,0.071365,7.075179,686,1
images/16566.jpg,multi_train,multi,0.076063,4.305126,2739,2
images/16567.jpg,multi_train,multi,0.048882,6.06948,2371,2
images/16568.jpg,multi_train,multi,0.038859,3.32133,2346,1
images/16574.jpg,single_train,single,0.026626,1.92352,794,11
images/16576.jpg,multi_train,multi,0.055321,4.908771,1272,2
images/16582.jpg,single_train,single,0.054586,4.745772,1966,11
images/16585.jpg,multi_train,multi,0.057927,5.149427,586,3
images/16587.jpg,multi_train,multi,0.032657,3.800058,763,3
images/1659.jpg,multi_test,multi,0.073218,4.185448,587,3
images/16593.jpg,multi_train,multi,0.091445,6.099979,925,1
images/16594.jpg,multi_train,multi,0.065268,4.243605,921,5
images/16595.jpg,"multi_train,single_train","multi,single",0.062616,5.004977,3133,8
images/16596.jpg,single_train,single,0.045762,2.757226,1838,15
images/16599.jpg,multi_train,multi,0.038021,6.287665,5135,1
images/1660.jpg,multi_train,multi,0.031082,3.071711,1309,5
images/16602.jpg,multi_train,multi,0.035788,5.563175,3522,1
images/16604.jpg,multi_train,multi,0.01861,4.109433,580,1
images/16605.jpg,multi_train,multi,0.025103,6.351061,3335,4
images/16606.jpg,single_train,single,0.040014,5.65279,2145,2
images/16608.jpg,single_train,single,0.060963,7.511058,1187,9
images/1661.jpg,multi_train,multi,0.055549,4.835869,796,4
images/16611.jpg,multi_train,multi,0.041838,6.64525,7977,1
images/16615.jpg,multi_train,multi,0.017318,6.754746,547,4
images/16617.jpg,multi_train,multi,0.023559,3.128678,3917,4
images/16620.jpg,"multi_train,single_train","multi,single",0.04695,3.211022,1059,10
images/16624.jpg,multi_train,multi,0.024227,4.477371,2731,4
images/1663.jpg,single_train,single,0.056781,5.497453,1066,10
images/16633.jpg,multi_train,multi,0.034515,3.218072,691,2
images/16634.jpg,multi_train,multi,0.057427,2.881246,12018,1
images/16635.jpg,multi_train,multi,0.029018,5.233909,1906,5
images/16641.jpg,multi_train,multi,0.048655,4.08383,1634,2
images/16642.jpg,multi_train,multi,0.042937,4.706684,2252,2
images/16643.jpg,multi_test,multi,0.058028,6.185967,3367,4
images/16647.jpg,multi_train,multi,0.037007,4.034402,415,2
images/16650.jpg,single_test,single,0.03111,3.160472,589,9
images/16652.jpg,multi_test,multi,0.02332,3.199893,5112,4
images/16654.jpg,multi_test,multi,0.025443,4.392938,831,3
images/16655.jpg,multi_train,multi,0.04064,5.457792,3020,4
images/16660.jpg,single_train,single,0.032558,4.574015,3147,8
images/16662.jpg,multi_train,multi,0.028838,2.590383,2674,1
images/16663.jpg,multi_train,multi,0.026238,2.484345,2589,1
images/16664.jpg,multi_test,multi,0.021746,2.865997,1790,3
images/16665.jpg,multi_test,multi,0.021738,2.780268,1544,3
images/16666.jpg,single_test,single,0.03224,4.916371,12514,8
images/16667.jpg,multi_train,multi,0.032773,4.291903,2357,1
images/16668.jpg,multi_train,multi,0.047939,4.981582,1604,3
images/16669.jpg,multi_train,multi,0.031294,4.350635,4228,3
images/1667.jpg,multi_test,multi,0.036586,6.385728,903,4
images/16670.jpg,multi_train,multi,0.08317,5.979585,3340,3
images/16672.jpg,multi_train,multi,0.048514,2.987975,438,7
images/16673.jpg,"multi_train,single_train","multi,single",0.039782,5.748121,1238,9
images/16679.jpg,multi_train,multi,0.036222,4.676573,4947,3
images/16682.jpg,single_train,single,0.033616,3.830193,3911,7
images/16685.jpg,multi_train,multi,0.037727,5.418857,1403,3
images/1669.jpg,multi_train,multi,0.016018,3.807813,606,3
images/16693.jpg,multi_train,multi,0.040002,5.044983,3698,5
images/16694.jpg,multi_train,multi,0.037305,4.150543,985,5
images/16696.jpg,multi_test,multi,0.033157,5.202398,922,4
images/16698.jpg,multi_train,multi,0.018024,2.294719,968,3
images/16699.jpg,single_train,single,0.034105,4.245925,874,14
images/16700.jpg,multi_train,multi,0.037693,4.020384,5038,2
images/16701.jpg,multi_train,multi,0.024833,2.62124,1429,2
images/16702.jpg,multi_train,multi,0.031667,3.382614,1537,2
images/16703.jpg,multi_train,multi,0.039538,4.113505,1508,2
images/16706.jpg,multi_train,multi,0.046564,5.769123,2682,4
images/16707.jpg,single_test,single,0.035538,7.199725,1323,13
images/16708.jpg,multi_train,multi,0.071937,6.323313,1472,3
images/16713.jpg,multi_train,multi,0.029019,6.318932,1581,2
images/16714.jpg,multi_train,multi,0.030005,6.131475,1712,2
images/16715.jpg,multi_train,multi,0.039055,4.569802,3083,1
images/16716.jpg,multi_test,multi,0.039101,4.000189,1440,4
images/16717.jpg,multi_train,multi,0.040942,4.676687,3075,1
images/16720.jpg,multi_train,multi,0.028011,4.650872,745,9
images/16722.jpg,multi_train,multi,0.042008,4.38902,1205,3
images/16723.jpg,multi_train,multi,0.018098,3.517786,982,4
images/16724.jpg,multi_train,multi,0.018389,3.482482,1006,2
images/16725.jpg,multi_train,multi,0.063269,5.759048,2761,3
images/16726.jpg,"multi_train,single_train","multi,single",0.060427,5.790848,2618,7
images/16728.jpg,multi_train,multi,0.028261,2.78844,620,1
images/16732.jpg,multi_train,multi,0.03399,4.980659,12832,1
images/16733.jpg,multi_train,multi,0.035571,4.894672,11709,1
images/16736.jpg,multi_train,multi,0.023174,3.823438,771,4
images/16737.jpg,multi_train,multi,0.056348,5.232968,1911,4
images/16738.jpg,"multi_train,single_train","multi,single",0.053432,5.232407,1745,7
images/16739.jpg,multi_train,multi,0.053965,6.002757,3000,4
images/16740.jpg,single_train,single,0.029264,3.639544,1108,7
images/16743.jpg,single_train,single,0.01966,3.867066,1913,8
images/16745.jpg,single_train,single,0.033177,4.267309,1726,4
images/16746.jpg,multi_train,multi,0.030472,4.392757,1487,3
images/16747.jpg,multi_train,multi,0.030817,3.166691,885,2
images/16748.jpg,multi_train,multi,0.04172,5.618502,1421,6
images/16749.jpg,multi_train,multi,0.108857,6.462785,662,3
images/1675.jpg,multi_test,multi,0.026293,3.55453,1235,3
images/16750.jpg,"multi_train,single_train","multi,single",0.043042,5.917707,1234,8
images/16751.jpg,multi_train,multi,0.02122,2.989691,1198,2
images/16752.jpg,multi_train,multi,0.049043,4.344101,2745,5
images/16753.jpg,multi_train,multi,0.031578,3.862965,668,1
images/16754.jpg,multi_train,multi,0.03428,4.660524,2945,1
images/16755.jpg,multi_train,multi,0.034513,4.680507,2539,1
images/16756.jpg,multi_train,multi,0.023258,2.724885,490,3
images/16757.jpg,multi_train,multi,0.04046,5.613811,694,2
images/16758.jpg,multi_train,multi,0.032164,4.120868,1429,4
images/16763.jpg,multi_train,multi,0.03002,4.032628,1547,3
images/16766.jpg,multi_train,multi,0.046645,5.711496,2149,4
images/16772.jpg,multi_train,multi,0.029242,3.37045,1000,3
images/16773.jpg,single_train,single,0.038279,4.470789,931,10
images/16775.jpg,multi_train,multi,0.035868,4.692444,821,3
images/16777.jpg,multi_train,multi,0.090128,5.684176,505,2
images/16779.jpg,multi_train,multi,0.026082,2.541388,860,4
images/16780.jpg,multi_test,multi,0.046674,4.881146,604,2
images/16781.jpg,single_train,single,0.028759,6.207292,2206,3
images/16782.jpg,single_train,single,0.029883,2.209965,841,8
images/16783.jpg,single_train,single,0.056534,5.397305,7531,7
images/16784.jpg,multi_train,multi,0.034535,5.922621,3427,3
images/16786.jpg,multi_train,multi,0.019216,3.511103,533,2
images/16791.jpg,"multi_train,single_train","multi,single",0.041236,3.798377,850,12
images/16792.jpg,multi_train,multi,0.03751,3.54181,1077,4
images/16793.jpg,multi_train,multi,0.053875,7.311696,1413,7
images/16795.jpg,multi_train,multi,0.071744,5.552666,1948,7
images/16797.jpg,multi_train,multi,0.040807,5.264207,6768,3
images/16798.jpg,multi_train,multi,0.041889,5.363318,5731,3
images/16799.jpg,multi_train,multi,0.027567,3.394111,687,4
images/168.jpg,multi_train,multi,0.021425,5.203301,971,3
images/1680.jpg,multi_train,multi,0.034105,3.796814,2081,1
images/16800.jpg,multi_train,multi,0.069601,6.523227,2534,3
images/16803.jpg,"multi_train,single_train","multi,single",0.044837,6.185491,1051,11
images/16809.jpg,multi_train,multi,0.043749,3.972524,1710,4
images/16821.jpg,multi_train,multi,0.065854,5.122171,1141,3
images/16822.jpg,multi_train,multi,0.037123,5.526493,2044,2
images/16826.jpg,single_train,single,0.031562,4.193882,6590,9
images/16827.jpg,single_train,single,0.058631,4.239358,537,7
images/16828.jpg,single_train,single,0.068326,5.965004,1917,12
images/16832.jpg,multi_train,multi,0.028052,4.074216,1673,1
images/16833.jpg,"multi_train,single_train","multi,single",0.031745,6.805421,7158,9
images/16838.jpg,multi_train,multi,0.035932,5.707781,1225,2
images/16841.jpg,multi_train,multi,0.03861,5.155721,580,3
images/16842.jpg,multi_test,multi,0.051833,5.340898,1118,3
images/16844.jpg,multi_train,multi,0.059445,3.606817,5477,2
images/16852.jpg,multi_train,multi,0.036374,3.677969,3288,2
images/16854.jpg,multi_train,multi,0.030454,5.056101,1807,2
images/16865.jpg,single_train,single,0.027723,4.751584,722,5
images/16866.jpg,multi_train,multi,0.03412,4.09393,2015,5
images/16868.jpg,single_train,single,0.06713,5.530398,888,8
images/16869.jpg,multi_test,multi,0.112631,7.537766,585,1
images/16871.jpg,multi_train,multi,0.051535,6.894349,4260,3
images/16872.jpg,single_test,single,0.047532,6.973553,1627,9
images/16873.jpg,multi_train,multi,0.045486,4.255176,1115,3
images/16874.jpg,multi_train,multi,0.044114,6.047019,3233,4
images/16875.jpg,single_train,single,0.04065,3.457196,1671,7
images/16878.jpg,multi_train,multi,0.089657,6.539682,3592,4
images/16879.jpg,multi_train,multi,0.05694,5.414637,1518,6
images/16880.jpg,multi_train,multi,0.051279,5.124684,2056,5
images/16881.jpg,single_train,single,0.037218,5.399336,487,3
images/16882.jpg,multi_train,multi,0.037054,5.467545,1955,4
images/16883.jpg,multi_test,multi,0.065023,5.542508,1610,3
images/16884.jpg,multi_train,multi,0.061576,5.571709,1709,2
images/16885.jpg,multi_train,multi,0.046742,6.193172,6362,2
images/16886.jpg,multi_train,multi,0.043332,5.436485,3687,7
images/16888.jpg,multi_train,multi,0.042159,3.981906,773,3
images/1689.jpg,multi_train,multi,0.019712,2.092925,639,3
images/16893.jpg,single_train,single,0.102523,6.396676,1820,9
images/16896.jpg,multi_train,multi,0.104254,6.214598,1271,4
images/16897.jpg,"multi_train,single_train","multi,single",0.041794,5.541906,795,13
images/16905.jpg,multi_train,multi,0.06483,6.535845,2206,4
images/16907.jpg,multi_train,multi,0.03378,6.232668,1948,3
images/16908.jpg,multi_train,multi,0.030623,4.868141,1336,3
images/16913.jpg,multi_train,multi,0.038829,5.397186,1163,5
images/16914.jpg,"multi_train,single_train","multi,single",0.032649,5.894913,3918,6
images/16915.jpg,single_train,single,0.033983,4.119431,3180,5
images/16917.jpg,single_train,single,0.052604,6.712745,774,11
images/16919.jpg,multi_train,multi,0.038174,5.526643,2055,5
images/16924.jpg,single_train,single,0.042048,4.506607,1879,7
images/1693.jpg,multi_test,multi,0.038662,3.791843,4167,1
images/16930.jpg,multi_train,multi,0.034353,5.84091,852,3
images/16932.jpg,single_train,single,0.024272,5.771071,1543,8
images/1694.jpg,multi_train,multi,0.021968,4.068132,2883,7
images/16941.jpg,multi_train,multi,0.046751,5.362359,1673,2
images/16942.jpg,multi_train,multi,0.048022,4.928132,2142,2
images/16947.jpg,multi_train,multi,0.03121,6.311122,4864,5
images/16948.jpg,multi_train,multi,0.03022,6.455621,6293,5
images/1695.jpg,multi_train,multi,0.065473,4.907493,719,5
images/16950.jpg,multi_train,multi,0.042693,6.066592,980,3
images/16951.jpg,"multi_train,single_train","multi,single",0.018601,4.282738,1134,14
images/16952.jpg,multi_test,multi,0.057423,5.775447,1313,1
images/16955.jpg,multi_train,multi,0.037168,6.86857,3536,2
images/16959.jpg,multi_train,multi,0.031977,4.404679,4030,2
images/1696.jpg,multi_train,multi,0.05228,3.747293,474,4
images/16962.jpg,multi_train,multi,0.032945,6.429742,2269,3
images/16963.jpg,multi_train,multi,0.091612,5.535868,1939,2
images/16966.jpg,multi_train,multi,0.032615,5.435657,399,8
images/16970.jpg,single_train,single,0.033402,4.727621,2844,7
images/16976.jpg,"multi_train,single_train","multi,single",0.04322,4.319425,1658,13
images/16981.jpg,single_train,single,0.042126,4.966886,2622,6
images/16982.jpg,multi_train,multi,0.016797,5.434918,899,4
images/16985.jpg,multi_train,multi,0.015614,5.574583,1149,4
images/16989.jpg,single_train,single,0.027926,3.882811,816,6
images/1699.jpg,multi_train,multi,0.033092,3.793719,1215,2
images/16990.jpg,multi_train,multi,0.044292,4.746607,816,3
images/16991.jpg,multi_train,multi,0.058536,5.077899,846,3
images/16997.jpg,multi_train,multi,0.021063,5.040779,1113,2
images/17.jpg,multi_train,multi,0.052171,3.348543,400,4
images/170.jpg,multi_train,multi,0.020592,5.790968,984,3
images/1700.jpg,single_train,single,0.057274,5.065168,1711,10
images/17000.jpg,multi_train,multi,0.032026,4.703083,321,3
images/17007.jpg,multi_train,multi,0.045528,5.260363,879,3
images/17008.jpg,single_train,single,0.051875,6.376324,1105,11
images/17010.jpg,"multi_train,single_train","multi,single",0.024806,4.878894,899,6
images/17011.jpg,multi_train,multi,0.026486,4.921992,960,4
images/17016.jpg,multi_train,multi,0.033005,4.109076,1265,3
images/17017.jpg,multi_train,multi,0.060365,5.317383,2896,2
images/17019.jpg,single_train,single,0.039379,3.424313,1033,7
images/17023.jpg,multi_train,multi,0.02491,3.473177,755,3
images/17024.jpg,single_train,single,0.02955,4.031531,1260,12
images/17028.jpg,multi_train,multi,0.046694,5.775259,810,3
images/17029.jpg,"multi_train,single_train","multi,single",0.031231,6.261942,3026,12
images/1703.jpg,multi_train,multi,0.039463,4.11057,2697,3
images/17030.jpg,multi_train,multi,0.055748,5.405933,4382,3
images/17033.jpg,multi_train,multi,0.038705,5.914414,1207,3
images/17039.jpg,"multi_train,single_train","multi,single",0.053047,4.884833,759,12
images/17040.jpg,multi_train,multi,0.082135,5.896766,164,2
images/17044.jpg,multi_train,multi,0.033011,3.706571,1940,1
images/17046.jpg,multi_train,multi,0.068313,4.267822,719,5
images/17047.jpg,multi_train,multi,0.054604,6.413479,2431,3
images/1705.jpg,multi_train,multi,0.031184,3.220074,1342,3
images/17050.jpg,"multi_train,single_train","multi,single",0.073883,5.802619,2032,10
images/1706.jpg,multi_train,multi,0.032452,5.206663,911,4
images/17061.jpg,single_test,single,0.051688,3.751526,1417,3
images/17062.jpg,single_train,single,0.025272,3.370343,876,3
images/17066.jpg,multi_train,multi,0.026208,2.341903,662,4
images/17067.jpg,multi_train,multi,0.020523,4.433115,616,7
images/17068.jpg,multi_train,multi,0.0349,5.262233,6303,3
images/1707.jpg,multi_train,multi,0.061597,4.832108,2389,3
images/17073.jpg,multi_train,multi,0.086877,6.893701,1720,4
images/17075.jpg,single_train,single,0.177604,6.548623,3173,9
images/17079.jpg,multi_train,multi,0.063776,5.802582,409,1
images/1708.jpg,multi_train,multi,0.018373,3.151412,1149,3
images/17080.jpg,"multi_train,single_train","multi,single",0.019639,4.892989,677,9
images/17081.jpg,multi_train,multi,0.078459,5.419855,1226,1
images/17082.jpg,multi_train,multi,0.040523,6.153555,1369,2
images/17083.jpg,multi_train,multi,0.043746,4.112178,1583,9
images/17084.jpg,multi_train,multi,0.046587,5.7257,282,3
images/17086.jpg,multi_train,multi,0.069254,4.258553,680,2
images/17087.jpg,multi_train,multi,0.03679,5.796321,1090,3
images/1709.jpg,single_train,single,0.019241,3.041363,1473,4
images/17092.jpg,multi_train,multi,0.054574,6.097426,1169,3
images/17093.jpg,multi_train,multi,0.065151,4.732802,1012,10
images/17094.jpg,multi_train,multi,0.043966,4.800278,1761,2
images/17096.jpg,multi_train,multi,0.050669,3.973614,535,2
images/17099.jpg,multi_train,multi,0.033271,3.465476,15175,3
images/17100.jpg,multi_train,multi,0.030012,5.884149,1522,3
images/17101.jpg,multi_train,multi,0.036561,5.690537,1851,3
images/17103.jpg,multi_train,multi,0.027315,2.374958,619,3
images/17104.jpg,multi_train,multi,0.055011,3.689232,2662,3
images/17106.jpg,multi_train,multi,0.05819,6.046403,552,1
images/17107.jpg,single_train,single,0.059787,5.629555,822,7
images/17109.jpg,multi_train,multi,0.02576,2.659123,582,3
images/1711.jpg,single_train,single,0.022293,4.297313,881,8
images/17111.jpg,multi_test,multi,0.024156,5.821418,1289,1
images/17112.jpg,multi_train,multi,0.018912,4.148097,872,3
images/17113.jpg,multi_train,multi,0.029703,3.626535,1091,1
images/17114.jpg,multi_train,multi,0.110889,7.772866,709,3
images/17116.jpg,multi_train,multi,0.070671,5.327863,694,3
images/17118.jpg,multi_train,multi,0.02521,2.122956,871,4
images/17119.jpg,multi_train,multi,0.045113,5.293832,686,3
images/1712.jpg,multi_train,multi,0.02663,3.801265,681,2
images/17120.jpg,multi_train,multi,0.074591,5.864061,532,2
images/17125.jpg,multi_train,multi,0.040191,4.017814,548,3
images/17126.jpg,multi_train,multi,0.039772,3.587772,518,3
images/17127.jpg,"multi_train,single_train","multi,single",0.042137,5.105335,622,15
images/17129.jpg,multi_train,multi,0.042098,3.885423,506,3
images/1713.jpg,multi_train,multi,0.041885,4.38459,622,3
images/17132.jpg,single_train,single,0.033305,2.277883,514,7
images/17136.jpg,single_train,single,0.054019,3.720599,433,2
images/17138.jpg,single_train,single,0.101288,6.068238,654,4
images/17139.jpg,multi_train,multi,0.079338,4.970337,1255,2
images/1714.jpg,multi_train,multi,0.04076,6.57542,2716,2
images/17140.jpg,multi_train,multi,0.08455,5.33515,1585,1
images/17141.jpg,multi_train,multi,0.09447,5.930862,2157,2
images/17142.jpg,single_train,single,0.057076,3.438478,663,11
images/17144.jpg,single_train,single,0.062433,3.67601,546,9
images/17146.jpg,multi_train,multi,0.035521,3.218678,691,4
images/17147.jpg,multi_train,multi,0.037406,3.263689,746,11
images/17149.jpg,multi_train,multi,0.039736,3.256988,1257,3
images/17152.jpg,multi_train,multi,0.056655,4.558093,722,1
images/17154.jpg,multi_train,multi,0.082653,6.341661,5197,5
images/17155.jpg,multi_train,multi,0.065413,6.269379,521,4
images/17156.jpg,multi_train,multi,0.070791,5.304291,1667,3
images/17157.jpg,"multi_train,single_train","multi,single",0.052852,5.189039,2039,9
images/17158.jpg,multi_train,multi,0.069944,5.266087,1647,3
images/1716.jpg,multi_train,multi,0.026822,3.841003,473,3
images/17162.jpg,multi_train,multi,0.053036,4.447145,643,5
images/17163.jpg,multi_train,multi,0.054412,4.45826,648,5
images/17166.jpg,multi_train,multi,0.04137,5.261673,538,3
images/17172.jpg,multi_train,multi,0.037029,6.416505,300,1
images/17174.jpg,multi_train,multi,0.040611,4.730465,3689,3
images/17175.jpg,multi_train,multi,0.061802,5.787988,1307,5
images/17176.jpg,multi_train,multi,0.028306,5.966043,107,2
images/17179.jpg,multi_train,multi,0.042292,5.415907,662,3
images/1718.jpg,single_train,single,0.04185,3.608832,962,9
images/17180.jpg,multi_train,multi,0.034923,3.533283,699,3
images/17181.jpg,single_train,single,0.038309,3.460477,826,12
images/17192.jpg,single_train,single,0.047815,2.929324,1846,5
images/17195.jpg,single_train,single,0.048247,2.910535,1806,13
images/17197.jpg,multi_train,multi,0.04684,2.855608,1777,6
images/17198.jpg,single_train,single,0.048434,2.943169,1785,9
images/17199.jpg,single_train,single,0.047446,2.894316,1839,9
images/172.jpg,"multi_train,single_train","multi,single",0.027983,5.89713,469,12
images/1720.jpg,single_train,single,0.01854,3.58558,954,10
images/17201.jpg,single_train,single,0.042078,2.37775,1708,6
images/17203.jpg,multi_train,multi,0.047802,2.879241,1814,5
images/17207.jpg,single_train,single,0.047803,2.87292,1781,13
images/17211.jpg,multi_train,multi,0.031791,5.067371,63,1
images/17216.jpg,single_train,single,0.047011,2.88237,1900,10
images/17217.jpg,multi_train,multi,0.046823,2.853984,1882,3
images/17219.jpg,single_train,single,0.046022,2.816342,1801,9
images/17226.jpg,single_train,single,0.047147,2.84946,1768,7
images/17230.jpg,single_train,single,0.046163,2.797248,1943,12
images/17235.jpg,single_train,single,0.046396,2.791082,1779,11
images/1724.jpg,multi_test,multi,0.042756,4.486836,3668,2
images/17240.jpg,multi_train,multi,0.073005,7.178212,907,3
images/17242.jpg,single_train,single,0.046104,2.780015,1828,12
images/1725.jpg,"multi_train,single_train","multi,single",0.019444,4.268086,792,4
images/17256.jpg,single_train,single,0.046117,2.791692,1806,11
images/1726.jpg,multi_train,multi,0.024351,2.143326,783,3
images/17266.jpg,single_train,single,0.046256,2.794263,1852,9
images/17269.jpg,multi_train,multi,0.045699,2.766019,1968,6
images/1727.jpg,multi_train,multi,0.017242,2.995237,1046,3
images/17275.jpg,single_train,single,0.045978,2.750277,1838,9
images/17276.jpg,single_train,single,0.045462,2.717872,1828,10
images/17280.jpg,multi_train,multi,0.033821,3.520325,598,5
images/17281.jpg,multi_train,multi,0.031773,3.417495,5438,5
images/17283.jpg,single_train,single,0.04578,2.753975,1894,8
images/17285.jpg,"multi_train,single_train","multi,single",0.053494,4.727882,734,15
images/17286.jpg,multi_train,multi,0.045888,2.755311,1740,5
images/17289.jpg,multi_train,multi,0.0449,2.742043,1788,3
images/1729.jpg,multi_train,multi,0.025686,3.624899,468,4
images/17294.jpg,multi_train,multi,0.028162,4.621349,871,5
images/1730.jpg,"multi_train,single_train","multi,single",0.025232,2.889711,604,8
images/17303.jpg,multi_train,multi,0.046702,2.769335,1217,4
images/17306.jpg,single_train,single,0.044974,2.698846,1961,12
images/17307.jpg,multi_train,multi,0.045047,2.752366,1851,6
images/1731.jpg,multi_train,multi,0.027578,4.054461,1621,2
images/17315.jpg,multi_train,multi,0.04514,2.739887,1860,3
images/17318.jpg,single_train,single,0.045578,2.740003,1857,6
images/1733.jpg,single_train,single,0.04739,5.399454,884,7
images/17331.jpg,multi_train,multi,0.032136,3.709974,655,3
images/17344.jpg,multi_train,multi,0.045406,4.920144,845,3
images/17350.jpg,single_train,single,0.04568,2.758289,1771,9
images/17357.jpg,multi_test,multi,0.050713,5.398369,355,4
images/17358.jpg,multi_test,multi,0.055666,5.592323,373,4
images/17359.jpg,multi_test,multi,0.058002,5.229515,829,4
images/17360.jpg,multi_train,multi,0.053243,4.889174,1929,1
images/17361.jpg,"multi_train,single_train","multi,single",0.037242,3.793557,1095,10
images/17364.jpg,single_train,single,0.044249,4.287963,1360,12
images/17365.jpg,"multi_train,single_train","multi,single",0.040804,3.934338,346,13
images/17367.jpg,single_train,single,0.04031,3.947108,513,6
images/17368.jpg,single_train,single,0.041487,7.086333,201,2
images/17370.jpg,single_train,single,0.038394,7.141776,961,7
images/17371.jpg,multi_train,multi,0.050758,3.750698,1243,11
images/17372.jpg,multi_train,multi,0.04398,3.588784,686,9
images/17377.jpg,multi_train,multi,0.06068,6.704176,736,3
images/17378.jpg,single_train,single,0.121204,6.946305,45,5
images/1738.jpg,multi_test,multi,0.028712,3.256183,5545,4
images/17384.jpg,single_train,single,0.062517,7.481024,927,5
images/17387.jpg,multi_train,multi,0.041758,3.913863,657,3
images/17388.jpg,multi_train,multi,0.049868,5.411579,389,5
images/17389.jpg,multi_train,multi,0.056833,4.802241,3010,3
images/17391.jpg,multi_train,multi,0.07483,4.270322,1446,3
images/17392.jpg,single_train,single,0.076156,5.062708,492,7
images/17394.jpg,multi_train,multi,0.038207,5.369854,1294,2
images/17397.jpg,single_train,single,0.09131,4.81927,1291,4
images/1740.jpg,multi_train,multi,0.03569,2.671561,1101,4
images/17400.jpg,multi_train,multi,0.047589,7.271568,154,4
images/17401.jpg,"multi_train,single_train","multi,single",0.037674,3.724506,377,20
images/17404.jpg,multi_train,multi,0.0266,2.159034,6,9
images/17406.jpg,multi_train,multi,0.039377,3.40483,213,5
images/17407.jpg,multi_train,multi,0.035593,2.967192,551,10
images/17408.jpg,"multi_train,single_train","multi,single",0.034251,2.859498,610,11
images/17409.jpg,single_train,single,0.036409,2.607373,23,2
images/1741.jpg,multi_train,multi,0.021378,3.49753,366,2
images/17410.jpg,single_train,single,0.044741,3.01538,632,6
images/17411.jpg,multi_train,multi,0.040625,3.14235,2528,3
images/17412.jpg,multi_train,multi,0.033681,2.587548,423,15
images/17413.jpg,"multi_train,single_train","multi,single",0.03471,2.58365,711,15
images/17414.jpg,multi_train,multi,0.040595,3.162709,2564,7
images/17415.jpg,multi_train,multi,0.035376,2.981182,53,4
images/17417.jpg,multi_train,multi,0.041168,3.153732,2590,9
images/17418.jpg,"multi_train,single_train","multi,single",0.035426,3.085455,532,12
images/17419.jpg,multi_train,multi,0.030293,4.609571,2749,2
images/17420.jpg,multi_train,multi,0.040274,3.861089,571,5
images/17421.jpg,multi_train,multi,0.047366,4.130691,840,3
images/17428.jpg,multi_train,multi,0.035686,4.729596,1089,2
images/17429.jpg,multi_test,multi,0.035302,3.885592,908,5
images/1743.jpg,multi_train,multi,0.040967,3.906646,1115,3
images/17430.jpg,multi_train,multi,0.03481,3.041272,15,8
images/17431.jpg,multi_train,multi,0.036392,4.920844,129,7
images/17434.jpg,multi_train,multi,0.028865,4.447062,1057,3
images/17435.jpg,multi_train,multi,0.031575,4.399857,2746,3
images/17436.jpg,multi_train,multi,0.045775,4.293282,610,3
images/17437.jpg,multi_train,multi,0.039822,6.033455,325,2
images/17438.jpg,multi_train,multi,0.050897,6.085909,461,1
images/17439.jpg,"multi_train,single_train","multi,single",0.041128,5.92015,283,9
images/1744.jpg,multi_train,multi,0.021493,3.89736,1002,2
images/17440.jpg,multi_train,multi,0.045593,6.213523,701,4
images/17441.jpg,multi_train,multi,0.031141,4.46165,93,6
images/17442.jpg,multi_train,multi,0.030919,4.47697,98,4
images/17444.jpg,multi_train,multi,0.036059,3.900082,765,7
images/17453.jpg,multi_test,multi,0.048434,3.668155,217,4
images/17454.jpg,"multi_train,single_train","multi,single",0.046677,3.519485,159,15
images/17455.jpg,multi_train,multi,0.058556,5.050715,293,5
images/17456.jpg,multi_train,multi,0.096765,4.774845,919,5
images/17457.jpg,multi_train,multi,0.044203,4.517917,236,2
images/17459.jpg,multi_train,multi,0.104349,6.416686,533,5
images/17460.jpg,multi_train,multi,0.051744,4.717457,610,4
images/17461.jpg,multi_train,multi,0.051694,3.599364,97,4
images/17462.jpg,multi_train,multi,0.05166,3.532977,109,4
images/17463.jpg,multi_train,multi,0.047995,4.562657,517,4
images/17464.jpg,multi_train,multi,0.048798,3.95198,279,2
images/17465.jpg,multi_train,multi,0.029774,4.282864,87,3
images/17466.jpg,"multi_train,single_train","multi,single",0.036213,5.477256,476,8
images/17467.jpg,multi_train,multi,0.043875,5.37557,349,2
images/17468.jpg,multi_train,multi,0.035616,4.555095,91,6
images/17469.jpg,multi_train,multi,0.034593,4.529704,95,5
images/1747.jpg,multi_train,multi,0.028884,3.782798,1952,1
images/17470.jpg,multi_train,multi,0.034094,4.54679,95,3
images/17472.jpg,multi_train,multi,0.042544,4.284379,305,4
images/17473.jpg,multi_train,multi,0.045234,4.442891,308,4
images/17474.jpg,multi_train,multi,0.047087,4.530256,293,4
images/17476.jpg,multi_train,multi,0.047218,5.038503,1091,2
images/17477.jpg,multi_train,multi,0.037261,3.635529,866,3
images/17479.jpg,multi_train,multi,0.042113,5.175961,91,2
images/17480.jpg,multi_train,multi,0.034845,4.433026,582,2
images/17481.jpg,"multi_train,single_train","multi,single",0.05012,4.426434,1602,6
images/17482.jpg,multi_train,multi,0.042181,7.160297,159,8
images/17484.jpg,multi_train,multi,0.045503,4.328199,260,2
images/17485.jpg,multi_train,multi,0.034295,4.667154,8,3
images/17486.jpg,single_train,single,0.026742,6.76757,50,6
images/1749.jpg,multi_train,multi,0.015669,3.115841,857,2
images/17493.jpg,multi_train,multi,0.107975,5.658432,821,12
images/17495.jpg,single_train,single,0.036861,3.598738,124,8
images/17499.jpg,single_train,single,0.065381,4.7301,767,9
images/1750.jpg,multi_train,multi,0.024466,3.413598,904,2
images/17501.jpg,multi_train,multi,0.034772,7.032445,1489,2
images/17502.jpg,multi_train,multi,0.045547,2.810205,1837,5
images/17504.jpg,single_train,single,0.054211,6.064365,317,5
images/17507.jpg,multi_train,multi,0.089106,5.04641,779,3
images/1751.jpg,multi_test,multi,0.01782,2.712405,964,5
images/17510.jpg,multi_train,multi,0.030179,6.096604,56,4
images/17511.jpg,single_train,single,0.034055,5.980845,1218,5
images/17516.jpg,multi_train,multi,0.050411,4.009824,2511,2
images/17518.jpg,multi_train,multi,0.063576,3.393347,2473,1
images/17519.jpg,multi_train,multi,0.047013,4.682011,200,5
images/17520.jpg,multi_train,multi,0.070753,6.152877,627,1
images/17523.jpg,multi_train,multi,0.067476,5.096472,1719,4
images/17524.jpg,"multi_train,single_train","multi,single",0.037673,3.226278,789,12
images/17528.jpg,multi_test,multi,0.073336,5.312803,2356,2
images/17530.jpg,multi_train,multi,0.056997,6.455004,249,5
images/17533.jpg,multi_train,multi,0.051037,3.708689,961,5
images/17534.jpg,"multi_train,single_train","multi,single",0.038688,3.717095,432,9
images/17535.jpg,multi_train,multi,0.047401,4.993807,628,2
images/1754.jpg,single_train,single,0.028881,3.782994,8843,4
images/17540.jpg,multi_train,multi,0.039908,2.563125,1197,2
images/17542.jpg,single_train,single,0.059399,4.858825,660,5
images/17543.jpg,single_test,single,0.04383,3.545369,1321,10
images/17548.jpg,single_train,single,0.03852,2.955548,916,9
images/1755.jpg,multi_train,multi,0.022512,2.614777,1651,2
images/17550.jpg,multi_train,multi,0.026434,3.952765,2020,1
images/17552.jpg,multi_train,multi,0.023782,3.765711,1962,2
images/17555.jpg,multi_train,multi,0.035935,3.695289,1484,3
images/17557.jpg,multi_train,multi,0.02055,3.369352,1171,4
images/1756.jpg,multi_train,multi,0.025559,1.734941,705,7
images/17562.jpg,multi_train,multi,0.03419,3.15843,1608,2
images/17565.jpg,multi_test,multi,0.034862,3.075685,1866,4
images/17566.jpg,multi_train,multi,0.034881,4.881049,3431,3
images/17568.jpg,multi_train,multi,0.03611,5.149447,5416,3
images/17569.jpg,multi_train,multi,0.031127,4.81046,1910,4
images/17570.jpg,single_train,single,0.035893,4.782684,2095,9
images/17572.jpg,single_train,single,0.035269,3.972911,4493,10
images/17575.jpg,multi_train,multi,0.033643,2.835236,1909,4
images/17578.jpg,multi_train,multi,0.041041,3.923931,786,7
images/17579.jpg,multi_train,multi,0.03342,3.248242,1695,11
images/1758.jpg,multi_train,multi,0.033202,1.598191,612,2
images/17583.jpg,"multi_train,single_train","multi,single",0.03502,5.040771,4930,13
images/17585.jpg,single_train,single,0.032571,4.962616,2118,10
images/17587.jpg,single_train,single,0.041046,4.645401,619,10
images/17591.jpg,single_train,single,0.06066,6.724714,1157,8
images/17592.jpg,multi_train,multi,0.071307,2.944118,1074,4
images/17594.jpg,single_train,single,0.038271,3.124508,291,12
images/17595.jpg,multi_train,multi,0.022207,3.649629,1283,4
images/17596.jpg,single_train,single,0.065714,3.686524,1600,7
images/17607.jpg,multi_train,multi,0.068806,6.362468,1646,5
images/17608.jpg,"multi_train,single_train","multi,single",0.059856,6.243056,2860,10
images/1761.jpg,multi_train,multi,0.024876,4.238357,609,1
images/17611.jpg,multi_train,multi,0.044771,6.56985,1426,2
images/17614.jpg,single_train,single,0.055729,3.506685,515,11
images/17616.jpg,single_train,single,0.09927,4.945166,631,5
images/17617.jpg,"multi_train,single_train","multi,single",0.088137,3.512542,1860,10
images/1762.jpg,multi_train,multi,0.022256,3.326942,348,1
images/17621.jpg,multi_train,multi,0.03893,4.624735,957,1
images/17623.jpg,single_train,single,0.017662,6.642851,3521,8
images/17627.jpg,single_train,single,0.135638,5.755474,1174,6
images/17628.jpg,single_train,single,0.057127,2.948371,190,6
images/17636.jpg,multi_train,multi,0.091339,3.460068,3713,1
images/17638.jpg,multi_train,multi,0.046185,1.830097,712,4
images/17639.jpg,single_train,single,0.061895,2.797831,1554,8
images/17642.jpg,multi_train,multi,0.057009,2.54324,900,1
images/17644.jpg,single_train,single,0.069286,4.452597,1324,7
images/17645.jpg,multi_train,multi,0.092413,5.656301,1839,1
images/17647.jpg,single_train,single,0.035597,6.207772,573,14
images/17653.jpg,multi_train,multi,0.034897,6.006647,6691,1
images/1766.jpg,multi_train,multi,0.020379,2.115408,1300,3
images/17665.jpg,multi_train,multi,0.08881,3.618628,3725,1
images/17669.jpg,multi_train,multi,0.082963,5.345035,3389,5
images/1767.jpg,"multi_train,single_train","multi,single",0.015874,2.811953,1034,9
images/17676.jpg,multi_test,multi,0.028767,2.734908,849,9
images/17677.jpg,multi_test,multi,0.094163,3.797668,1164,7
images/17678.jpg,multi_test,multi,0.094508,4.018702,1139,8
images/1768.jpg,multi_train,multi,0.025338,2.900284,683,2
images/17680.jpg,multi_train,multi,0.033241,3.259023,1018,4
images/17681.jpg,multi_train,multi,0.024586,2.946254,748,5
images/17682.jpg,multi_train,multi,0.090018,3.933067,1275,6
images/17683.jpg,"multi_train,single_train","multi,single",0.028151,3.25996,740,14
images/17684.jpg,multi_train,multi,0.02785,3.303627,802,5
images/17688.jpg,multi_train,multi,0.048893,5.088937,1884,3
images/17689.jpg,multi_train,multi,0.0528,6.471376,1344,5
images/17690.jpg,multi_train,multi,0.045874,2.74302,122,1
images/17692.jpg,multi_train,multi,0.044899,4.753973,513,3
images/17695.jpg,multi_train,multi,0.028813,2.987052,1056,4
images/17696.jpg,multi_train,multi,0.027861,2.938648,1001,9
images/17697.jpg,multi_train,multi,0.028435,2.876014,802,4
images/17698.jpg,multi_train,multi,0.028408,2.879006,795,10
images/177.jpg,single_train,single,0.026955,4.605323,4293,10
images/1770.jpg,multi_train,multi,0.047713,4.757349,769,7
images/17702.jpg,single_train,single,0.031571,3.210671,1007,8
images/17706.jpg,multi_train,multi,0.031949,2.890838,1069,5
images/17709.jpg,multi_train,multi,0.026827,3.242986,1068,7
images/1771.jpg,multi_train,multi,0.051115,4.704771,1521,5
images/17710.jpg,"multi_train,single_train","multi,single",0.026583,3.037174,828,10
images/17712.jpg,multi_test,multi,0.063468,3.589051,1020,12
images/17713.jpg,multi_train,multi,0.064033,3.780892,1123,4
images/17714.jpg,multi_train,multi,0.066841,3.760179,1254,1
images/17716.jpg,single_train,single,0.037702,2.945372,1543,10
images/17718.jpg,multi_train,multi,0.030714,3.156074,957,2
images/17719.jpg,multi_train,multi,0.031936,3.116793,1006,11
images/1772.jpg,multi_train,multi,0.020136,3.05406,332,4
images/17720.jpg,multi_train,multi,0.029826,3.127441,889,9
images/17722.jpg,single_train,single,0.032033,2.996825,999,16
images/1773.jpg,multi_train,multi,0.054205,4.623391,627,4
images/17730.jpg,multi_train,multi,0.030688,3.258965,1159,3
images/17736.jpg,single_train,single,0.032319,3.179659,1088,11
images/17739.jpg,single_train,single,0.034212,3.248496,1035,9
images/1774.jpg,multi_train,multi,0.024278,2.878752,1098,3
images/17740.jpg,multi_train,multi,0.032059,3.377865,5428,1
images/17741.jpg,multi_train,multi,0.032504,3.116031,850,3
images/17742.jpg,single_train,single,0.033014,4.414289,6025,10
images/17744.jpg,"multi_train,single_train","multi,single",0.029445,3.27463,784,19
images/17745.jpg,multi_train,multi,0.030466,3.130325,808,10
images/17748.jpg,multi_train,multi,0.029254,3.321501,802,4
images/17752.jpg,multi_test,multi,0.034834,3.289126,1147,4
images/17759.jpg,multi_train,multi,0.03205,3.497305,895,4
images/17763.jpg,multi_train,multi,0.031559,3.310404,901,3
images/17766.jpg,multi_train,multi,0.036215,3.773533,1264,8
images/17767.jpg,multi_train,multi,0.032746,2.785571,1629,3
images/17768.jpg,multi_test,multi,0.041279,3.042397,597,3
images/1777.jpg,multi_train,multi,0.055921,3.047819,666,2
images/17771.jpg,single_train,single,0.031159,3.150068,1017,7
images/17774.jpg,multi_train,multi,0.032073,3.096513,977,4
images/17778.jpg,"multi_test,single_test","multi,single",0.029425,2.978037,5470,16
images/17785.jpg,single_train,single,0.032558,3.23656,1159,12
images/17787.jpg,single_train,single,0.081324,4.335346,2005,12
images/17789.jpg,multi_train,multi,0.049085,4.0744,1348,1
images/1779.jpg,multi_train,multi,0.058802,3.049045,722,4
images/17791.jpg,multi_test,multi,0.049048,4.14081,919,1
images/1780.jpg,multi_train,multi,0.055918,3.10597,631,3
images/17803.jpg,multi_test,multi,0.090054,5.049078,3023,1
images/17804.jpg,multi_train,multi,0.054666,4.493063,3287,1
images/1781.jpg,multi_train,multi,0.020579,3.259532,348,5
images/17810.jpg,multi_train,multi,0.151618,6.130469,885,2
images/17811.jpg,multi_train,multi,0.069229,4.834815,755,3
images/17815.jpg,multi_train,multi,0.044919,5.839273,260,3
images/17816.jpg,multi_train,multi,0.035084,3.140417,126,4
images/17817.jpg,multi_train,multi,0.097103,5.992672,765,5
images/17823.jpg,multi_train,multi,0.091924,6.120757,901,1
images/17826.jpg,single_train,single,0.081202,3.991006,1231,15
images/17827.jpg,single_train,single,0.05786,4.616621,1458,6
images/17830.jpg,single_train,single,0.029889,3.853719,570,8
images/17831.jpg,multi_train,multi,0.037828,3.792402,1626,2
images/17835.jpg,"multi_train,single_train","multi,single",0.037819,6.312832,788,8
images/17839.jpg,multi_test,multi,0.040011,3.864766,1447,4
images/17840.jpg,multi_train,multi,0.041072,2.762711,833,3
images/17844.jpg,single_train,single,0.03964,3.615577,1284,10
images/17846.jpg,multi_train,multi,0.021195,3.308683,4486,5
images/17847.jpg,multi_train,multi,0.055324,4.708866,1393,2
images/17848.jpg,multi_train,multi,0.054633,4.679151,1344,2
images/1785.jpg,multi_train,multi,0.055701,5.444423,1190,5
images/17856.jpg,"multi_train,single_train","multi,single",0.070883,5.746194,445,10
images/17857.jpg,"multi_train,single_train","multi,single",0.043284,5.706418,1963,17
images/17860.jpg,multi_train,multi,0.041524,4.869043,759,5
images/17865.jpg,multi_train,multi,0.039583,6.495263,366,2
images/17874.jpg,single_train,single,0.031986,2.630862,864,12
images/17875.jpg,multi_train,multi,0.034983,4.088525,1312,4
images/17879.jpg,multi_train,multi,0.046918,3.491134,1395,1
images/17882.jpg,multi_train,multi,0.057083,3.19809,437,5
images/17883.jpg,multi_train,multi,0.088683,5.715547,1267,1
images/17886.jpg,multi_test,multi,0.034395,4.868329,180,4
images/17887.jpg,"multi_test,single_test","multi,single",0.036044,4.951114,112,8
images/17894.jpg,single_train,single,0.050826,4.86938,510,8
images/17896.jpg,multi_train,multi,0.07369,5.167654,568,2
images/17897.jpg,multi_train,multi,0.078842,7.514345,2301,3
images/17899.jpg,multi_test,multi,0.052748,3.577182,2045,4
images/1790.jpg,multi_train,multi,0.036774,3.50489,1187,2
images/17900.jpg,multi_test,multi,0.08051,5.347053,1117,4
images/17906.jpg,multi_test,multi,0.037378,3.595897,1184,4
images/17908.jpg,multi_train,multi,0.070552,3.210196,2719,1
images/17909.jpg,multi_train,multi,0.048597,5.45941,480,2
images/17912.jpg,multi_train,multi,0.028024,2.911012,373,5
images/17913.jpg,multi_train,multi,0.037835,3.112317,882,3
images/17914.jpg,multi_train,multi,0.051292,3.181753,202,2
images/17915.jpg,multi_train,multi,0.043658,2.624831,145,2
images/17916.jpg,single_train,single,0.046082,2.769863,1892,7
images/17918.jpg,single_train,single,0.07015,4.801965,326,5
images/17919.jpg,multi_train,multi,0.043393,3.962389,787,3
images/1792.jpg,multi_train,multi,0.030342,3.084194,510,2
images/17920.jpg,multi_train,multi,0.045499,6.636766,449,3
images/17922.jpg,multi_train,multi,0.042206,3.781041,273,5
images/17923.jpg,multi_train,multi,0.034756,3.194144,153,5
images/17925.jpg,multi_train,multi,0.047566,3.737477,935,4
images/17926.jpg,multi_train,multi,0.039494,3.421016,195,2
images/17927.jpg,multi_train,multi,0.044963,3.400013,919,3
images/1793.jpg,multi_train,multi,0.032374,4.694215,1422,5
images/17930.jpg,multi_train,multi,0.041582,6.229692,158,2
images/17931.jpg,"multi_train,single_train","multi,single",0.056314,5.340387,1003,12
images/17932.jpg,multi_train,multi,0.040805,3.118151,3087,4
images/17933.jpg,multi_train,multi,0.056032,3.208683,560,5
images/1794.jpg,multi_train,multi,0.018666,2.775825,894,2
images/17942.jpg,single_train,single,0.060009,6.24625,1616,9
images/17946.jpg,multi_train,multi,0.042144,3.342553,961,5
images/1795.jpg,multi_train,multi,0.020888,3.241191,359,4
images/17952.jpg,"multi_train,single_train","multi,single",0.060176,5.206111,1252,10
images/17953.jpg,multi_train,multi,0.057476,4.669629,912,1
images/17956.jpg,multi_train,multi,0.059629,3.81961,1023,1
images/1796.jpg,multi_train,multi,0.019106,2.544141,1251,3
images/17964.jpg,multi_train,multi,0.040466,4.102455,1027,1
images/17965.jpg,multi_train,multi,0.033634,3.6861,1015,1
images/17967.jpg,single_train,single,0.042217,6.356094,2858,2
images/17969.jpg,single_train,single,0.085435,5.591722,503,6
images/17970.jpg,single_train,single,0.036673,4.943564,1057,4
images/17971.jpg,multi_train,multi,0.019468,1.754107,450,3
images/17976.jpg,multi_train,multi,0.041132,4.847472,684,5
images/17979.jpg,multi_train,multi,0.019832,3.987773,1823,2
images/1798.jpg,multi_train,multi,0.027702,4.146715,775,2
images/17982.jpg,"multi_train,single_train","multi,single",0.031643,4.724222,1970,8
images/17984.jpg,multi_train,multi,0.031955,3.824344,293,1
images/17989.jpg,multi_train,multi,0.037819,2.903225,2034,3
images/1799.jpg,multi_train,multi,0.023189,4.293693,1277,6
images/17990.jpg,multi_train,multi,0.060196,4.850382,1019,5
images/17996.jpg,single_train,single,0.030523,2.630923,829,9
images/17999.jpg,single_train,single,0.08019,5.346343,788,6
images/18001.jpg,single_train,single,0.045139,3.96583,406,7
images/18002.jpg,multi_train,multi,0.053812,4.883629,1248,5
images/18007.jpg,multi_train,multi,0.077777,5.898277,1184,1
images/18008.jpg,multi_train,multi,0.073518,5.967127,759,1
images/18011.jpg,multi_train,multi,0.092724,4.207378,1213,3
images/18013.jpg,multi_test,multi,0.086685,3.930841,1208,3
images/18025.jpg,multi_train,multi,0.070849,5.57733,1169,4
images/18029.jpg,multi_train,multi,0.06166,6.622802,537,3
images/1803.jpg,multi_train,multi,0.042591,5.455265,3855,5
images/18031.jpg,multi_train,multi,0.061388,5.885626,2392,3
images/18033.jpg,multi_train,multi,0.041305,5.347373,438,2
images/18035.jpg,multi_train,multi,0.035503,2.249043,556,3
images/18036.jpg,multi_train,multi,0.036866,4.204642,1579,5
images/18038.jpg,multi_train,multi,0.041111,4.461905,452,3
images/18042.jpg,multi_train,multi,0.073278,4.608872,1607,5
images/18043.jpg,multi_train,multi,0.045835,4.809429,3543,3
images/18044.jpg,multi_train,multi,0.045367,4.955953,3473,4
images/18050.jpg,single_train,single,0.057082,4.150417,1480,10
images/18051.jpg,multi_train,multi,0.091149,5.479031,1474,4
images/18052.jpg,multi_train,multi,0.033473,3.590118,831,3
images/18055.jpg,"multi_train,single_train","multi,single",0.077734,5.182214,2158,9
images/18063.jpg,single_test,single,0.058148,5.370944,4620,1
images/18069.jpg,single_train,single,0.05609,4.819631,522,8
images/18073.jpg,multi_train,multi,0.044337,4.018421,2450,1
images/18074.jpg,multi_train,multi,0.038593,4.192704,1814,1
images/18075.jpg,multi_train,multi,0.037775,4.102985,1771,1
images/18076.jpg,multi_train,multi,0.05336,3.352647,810,3
images/18078.jpg,multi_train,multi,0.043455,1.923351,635,4
images/18079.jpg,multi_train,multi,0.039396,1.703449,839,3
images/1808.jpg,multi_train,multi,0.028721,2.828741,1018,2
images/18080.jpg,single_train,single,0.053886,4.696892,2358,6
images/18081.jpg,multi_train,multi,0.032842,4.143868,762,2
images/18086.jpg,multi_train,multi,0.055559,4.351145,943,1
images/18087.jpg,"multi_test,single_test","multi,single",0.020435,5.01375,1279,7
images/1809.jpg,"multi_train,single_train","multi,single",0.020894,3.19291,321,5
images/18092.jpg,"multi_train,single_train","multi,single",0.097717,4.751391,1855,8
images/18093.jpg,multi_train,multi,0.094025,4.852002,1664,1
images/18094.jpg,multi_train,multi,0.03017,2.657062,570,7
images/18096.jpg,multi_train,multi,0.053791,3.621016,1429,1
images/18099.jpg,multi_train,multi,0.122727,5.289388,1979,2
images/181.jpg,multi_train,multi,0.019534,5.528251,1243,2
images/18100.jpg,multi_train,multi,0.111111,5.459421,2163,2
images/18102.jpg,multi_train,multi,0.059015,4.96829,1202,1
images/18106.jpg,multi_train,multi,0.017983,3.749387,690,10
images/18112.jpg,multi_train,multi,0.03288,4.562431,319,3
images/18113.jpg,multi_train,multi,0.0411,4.226351,713,2
images/18116.jpg,multi_train,multi,0.073062,5.806866,771,3
images/18117.jpg,single_train,single,0.029547,3.488725,317,2
images/18118.jpg,multi_train,multi,0.03551,5.83188,353,1
images/18119.jpg,single_train,single,0.028326,5.74507,586,3
images/1812.jpg,"multi_train,single_train","multi,single",0.022369,2.789328,630,14
images/18121.jpg,multi_train,multi,0.041087,4.067417,2664,4
images/18122.jpg,multi_train,multi,0.030619,5.465986,3034,2
images/18124.jpg,multi_train,multi,0.04049,5.013844,654,4
images/18128.jpg,multi_train,multi,0.039961,6.582084,565,6
images/1813.jpg,multi_test,multi,0.018405,2.471416,589,6
images/18130.jpg,multi_train,multi,0.045464,5.876127,1875,2
images/18131.jpg,single_train,single,0.035982,6.649043,2726,12
images/18133.jpg,multi_train,multi,0.023903,4.712625,698,5
images/18135.jpg,multi_train,multi,0.026241,2.301917,1964,4
images/18138.jpg,multi_train,multi,0.018703,1.4097,693,6
images/18139.jpg,single_train,single,0.023169,2.729593,2824,7
images/1814.jpg,multi_train,multi,0.021619,3.015142,920,3
images/18141.jpg,single_train,single,0.07418,3.631555,807,11
images/18142.jpg,single_test,single,0.080364,2.183326,552,5
images/18144.jpg,multi_train,multi,0.072009,3.502158,1157,3
images/18149.jpg,single_train,single,0.043727,2.234801,3282,11
images/18150.jpg,single_train,single,0.048264,1.744725,16923,4
images/18154.jpg,multi_train,multi,0.038581,3.0264,1160,1
images/18158.jpg,multi_train,multi,0.037389,3.002355,1118,1
images/18161.jpg,multi_train,multi,0.036065,2.992582,1051,1
images/18166.jpg,single_train,single,0.033206,3.701782,1280,8
images/18167.jpg,multi_test,multi,0.040412,3.8592,2285,3
images/18168.jpg,multi_test,multi,0.015298,1.79014,888,1
images/18169.jpg,multi_train,multi,0.023652,1.916049,1421,3
images/18170.jpg,multi_train,multi,0.034632,1.907134,915,3
images/18173.jpg,multi_train,multi,0.035347,4.803636,1276,5
images/18174.jpg,single_test,single,0.05478,3.175686,38119,6
images/18175.jpg,multi_train,multi,0.034616,4.981211,1676,4
images/18176.jpg,single_train,single,0.018115,3.748546,721,8
images/18185.jpg,multi_train,multi,0.018011,3.857204,716,5
images/18188.jpg,multi_train,multi,0.01827,3.78183,541,5
images/18190.jpg,single_train,single,0.047047,3.776603,5187,13
images/18194.jpg,multi_train,multi,0.031248,4.693621,4044,1
images/18199.jpg,single_train,single,0.018309,3.840121,739,6
images/18200.jpg,single_train,single,0.018304,3.840864,731,10
images/18201.jpg,single_train,single,0.031012,3.286461,1910,1
images/18208.jpg,single_train,single,0.049452,2.049869,823,8
images/18209.jpg,single_train,single,0.057702,3.952431,639,13
images/18210.jpg,single_train,single,0.060038,1.721785,843,11
images/18213.jpg,single_test,single,0.028294,5.069491,3963,8
images/18214.jpg,single_train,single,0.029282,4.67421,1983,7
images/18216.jpg,single_train,single,0.062364,2.235627,1079,7
images/18219.jpg,single_train,single,0.043032,2.375469,1684,10
images/18220.jpg,multi_test,multi,0.031907,2.458864,1517,1
images/18221.jpg,multi_train,multi,0.030266,4.724988,2447,2
images/18228.jpg,multi_train,multi,0.032942,2.138114,1959,2
images/18229.jpg,multi_train,multi,0.034175,2.871779,2328,2
images/1823.jpg,single_test,single,0.037555,4.008365,1669,7
images/18231.jpg,multi_train,multi,0.051864,2.436596,2146,2
images/18232.jpg,multi_train,multi,0.042162,2.931554,776,3
images/18234.jpg,multi_train,multi,0.036821,3.288225,2682,2
images/18235.jpg,multi_train,multi,0.024481,3.400375,1220,3
images/18236.jpg,single_train,single,0.036753,4.736217,1032,10
images/18237.jpg,multi_train,multi,0.0342,5.788961,3020,2
images/18239.jpg,single_test,single,0.045458,5.59233,1334,9
images/1824.jpg,multi_train,multi,0.026165,4.276681,1390,7
images/18243.jpg,multi_test,multi,0.044896,3.560275,2526,3
images/18244.jpg,multi_train,multi,0.02414,4.105488,1666,5
images/18245.jpg,multi_train,multi,0.039436,4.528717,584,5
images/18247.jpg,multi_train,multi,0.016835,4.251204,770,4
images/1825.jpg,multi_train,multi,0.0442,7.291932,1344,2
images/18251.jpg,"multi_train,single_train","multi,single",0.017411,4.330613,904,13
images/18253.jpg,"multi_train,single_train","multi,single",0.017435,4.334001,893,9
images/18254.jpg,multi_train,multi,0.01778,4.269238,780,4
images/18255.jpg,multi_train,multi,0.036136,3.746024,2449,5
images/18256.jpg,multi_train,multi,0.018565,4.282073,859,7
images/18257.jpg,single_train,single,0.032821,5.146435,2317,6
images/18260.jpg,multi_train,multi,0.02657,6.196118,2577,1
images/18263.jpg,multi_train,multi,0.042052,3.830684,1549,3
images/18264.jpg,multi_train,multi,0.04077,4.389637,1156,5
images/18265.jpg,multi_train,multi,0.035488,3.084798,996,2
images/18270.jpg,single_train,single,0.019879,5.616893,5783,7
images/18272.jpg,multi_train,multi,0.034564,4.537698,2333,2
images/18274.jpg,single_train,single,0.039664,3.844858,1584,11
images/18276.jpg,multi_train,multi,0.044876,2.645652,1779,2
images/18277.jpg,"multi_test,single_test","multi,single",0.046272,2.247176,1894,10
images/1828.jpg,single_train,single,0.08995,5.296841,1365,10
images/18280.jpg,multi_train,multi,0.016288,4.181419,906,4
images/18281.jpg,multi_train,multi,0.02885,6.062071,1319,4
images/18282.jpg,multi_train,multi,0.017439,4.066559,749,4
images/18285.jpg,multi_train,multi,0.0251,4.942116,826,4
images/18286.jpg,multi_train,multi,0.03841,5.296232,1070,4
images/18287.jpg,multi_train,multi,0.017691,4.060274,762,3
images/18288.jpg,multi_train,multi,0.023032,4.262047,502,4
images/18289.jpg,multi_train,multi,0.023734,4.310837,728,4
images/18290.jpg,single_train,single,0.031824,5.290103,1260,8
images/18291.jpg,"multi_train,single_train","multi,single",0.018056,4.051938,796,18
images/18294.jpg,multi_train,multi,0.04163,5.292028,7744,1
images/1830.jpg,single_train,single,0.055049,4.931454,476,7
images/18300.jpg,multi_train,multi,0.054659,5.606156,1270,2
images/18301.jpg,single_train,single,0.071112,6.550623,1712,5
images/18303.jpg,multi_train,multi,0.025135,6.134152,2688,1
images/18305.jpg,multi_train,multi,0.07401,6.542711,569,2
images/18306.jpg,single_train,single,0.053704,5.285671,2750,5
images/18307.jpg,multi_train,multi,0.035239,4.349247,1390,2
images/18308.jpg,multi_train,multi,0.040467,6.629324,1703,3
images/18309.jpg,single_train,single,0.02295,6.494617,933,4
images/18312.jpg,multi_train,multi,0.066251,5.462559,1397,2
images/18314.jpg,multi_train,multi,0.035277,5.022175,1180,3
images/18315.jpg,multi_train,multi,0.048927,5.071701,1046,2
images/18316.jpg,multi_test,multi,0.047274,2.176835,1733,2
images/18317.jpg,multi_train,multi,0.074711,5.611376,318,4
images/18319.jpg,multi_train,multi,0.084741,5.685405,565,1
images/1832.jpg,single_train,single,0.051302,4.231939,1010,5
images/18320.jpg,multi_train,multi,0.047341,5.24689,973,1
images/18324.jpg,multi_train,multi,0.042879,3.974103,931,3
images/18325.jpg,multi_train,multi,0.048383,4.391979,814,3
images/1833.jpg,multi_train,multi,0.024091,2.139248,594,3
images/18331.jpg,multi_train,multi,0.082038,2.57014,589,3
images/18333.jpg,"multi_train,single_train","multi,single",0.074337,2.333758,487,7
images/18334.jpg,multi_train,multi,0.079955,2.512286,639,9
images/18346.jpg,multi_train,multi,0.04483,5.14701,8573,1
images/18347.jpg,multi_train,multi,0.043091,5.19944,8868,1
images/1835.jpg,multi_train,multi,0.021509,2.899418,325,1
images/18351.jpg,multi_train,multi,0.055544,2.102446,1019,5
images/18353.jpg,multi_train,multi,0.06242,2.265424,1760,5
images/18354.jpg,multi_train,multi,0.052988,2.090246,1137,5
images/18356.jpg,multi_train,multi,0.047846,2.151715,4334,3
images/18357.jpg,multi_train,multi,0.060395,2.201768,1540,7
images/18358.jpg,multi_train,multi,0.060499,2.203398,1314,5
images/18359.jpg,"multi_train,single_train","multi,single",0.049518,1.983143,999,10
images/1836.jpg,multi_train,multi,0.053166,5.060273,786,4
images/18360.jpg,multi_train,multi,0.048833,2.080884,1007,7
images/18361.jpg,"multi_train,single_train","multi,single",0.045194,2.137645,3251,8
images/18363.jpg,multi_train,multi,0.046906,2.082763,784,2
images/18365.jpg,multi_train,multi,0.058177,2.219395,1083,2
images/18367.jpg,multi_train,multi,0.052625,2.286577,4815,2
images/18368.jpg,multi_train,multi,0.051966,2.222824,991,2
images/18369.jpg,multi_train,multi,0.060397,2.329197,2329,2
images/18371.jpg,multi_train,multi,0.050606,2.178087,3943,2
images/18373.jpg,multi_train,multi,0.047384,2.1336,3413,1
images/18375.jpg,single_train,single,0.075713,2.014442,21439,9
images/18377.jpg,multi_train,multi,0.041257,5.120651,7501,1
images/18388.jpg,multi_train,multi,0.023401,4.097908,436,2
images/18394.jpg,single_train,single,0.055178,3.03062,4158,6
images/18398.jpg,multi_train,multi,0.049985,2.286751,3016,1
images/18399.jpg,multi_train,multi,0.045286,2.195127,2789,1
images/184.jpg,multi_train,multi,0.023019,2.6671,1022,1
images/18400.jpg,multi_train,multi,0.051281,2.280295,3367,2
images/18401.jpg,multi_train,multi,0.048065,2.24355,4161,2
images/18404.jpg,multi_train,multi,0.037075,3.935722,3047,2
images/18405.jpg,multi_train,multi,0.096204,5.920493,6975,2
images/18408.jpg,multi_train,multi,0.059071,3.380687,952,2
images/1841.jpg,multi_train,multi,0.019243,2.299767,806,1
images/18412.jpg,"multi_train,single_train","multi,single",0.044625,6.08062,5680,10
images/18413.jpg,"multi_train,single_train","multi,single",0.048854,6.105733,14379,12
images/18414.jpg,multi_train,multi,0.060944,6.116089,13225,2
images/18415.jpg,single_train,single,0.041645,5.336857,10543,6
images/18417.jpg,multi_train,multi,0.009344,6.731691,383,5
images/18419.jpg,multi_train,multi,0.049883,5.445109,10054,4
images/18420.jpg,multi_train,multi,0.085487,6.065362,6412,2
images/18421.jpg,multi_train,multi,0.009367,6.525973,366,5
images/18422.jpg,multi_train,multi,0.055697,5.282884,1511,2
images/18425.jpg,multi_train,multi,0.014026,4.163636,578,8
images/18427.jpg,multi_train,multi,0.046898,4.754142,1145,2
images/18428.jpg,multi_train,multi,0.067854,4.020248,1134,3
images/18429.jpg,"multi_train,single_train","multi,single",0.043899,4.659083,1286,16
images/1843.jpg,multi_train,multi,0.064924,4.450954,1509,2
images/18433.jpg,multi_train,multi,0.045549,4.356661,1314,2
images/18434.jpg,multi_train,multi,0.094691,3.771617,1086,3
images/18440.jpg,multi_train,multi,0.054934,3.362289,1031,2
images/18441.jpg,multi_train,multi,0.023828,4.054852,2030,4
images/18442.jpg,multi_test,multi,0.036562,2.811219,1477,1
images/18447.jpg,single_train,single,0.060344,5.284694,2263,9
images/1845.jpg,multi_train,multi,0.020603,3.299005,330,2
images/18450.jpg,multi_train,multi,0.018664,6.185597,2627,1
images/18451.jpg,multi_train,multi,0.058828,5.449258,1144,3
images/18452.jpg,multi_train,multi,0.032106,2.599594,1359,1
images/18453.jpg,multi_test,multi,0.032654,3.587819,2712,3
images/18454.jpg,multi_train,multi,0.03127,2.77919,1289,1
images/18456.jpg,multi_train,multi,0.063436,4.115524,736,3
images/18457.jpg,single_test,single,0.039016,4.705802,868,8
images/18458.jpg,multi_test,multi,0.019327,2.402197,919,1
images/1846.jpg,multi_train,multi,0.053149,3.754083,1172,4
images/18460.jpg,single_train,single,0.023567,5.528658,5384,7
images/18461.jpg,multi_train,multi,0.034505,2.685737,1198,4
images/18463.jpg,"multi_train,single_train","multi,single",0.02984,2.660036,778,15
images/18469.jpg,multi_train,multi,0.030309,3.382801,783,1
images/18470.jpg,multi_train,multi,0.032879,3.459855,901,1
images/18475.jpg,multi_train,multi,0.031072,3.602405,1335,2
images/18477.jpg,multi_train,multi,0.044542,6.863942,594,1
images/18478.jpg,multi_train,multi,0.03534,5.363158,243,4
images/18479.jpg,multi_train,multi,0.033351,5.341543,217,4
images/18481.jpg,single_train,single,0.029495,7.48579,1593,10
images/18484.jpg,multi_train,multi,0.042208,5.916881,222,3
images/18485.jpg,multi_train,multi,0.048148,3.777927,716,5
images/18486.jpg,multi_train,multi,0.0412,5.888104,190,3
images/18488.jpg,multi_train,multi,0.063957,3.535791,1586,1
images/18489.jpg,multi_train,multi,0.021871,4.998424,1355,3
images/1849.jpg,multi_train,multi,0.045444,2.761109,685,7
images/18490.jpg,multi_train,multi,0.039106,6.244144,765,3
images/18492.jpg,multi_train,multi,0.022176,6.562148,171,2
images/18493.jpg,multi_train,multi,0.042203,5.892371,413,3
images/18494.jpg,multi_train,multi,0.045184,3.507621,37686,2
images/18495.jpg,multi_train,multi,0.040239,4.952613,355,3
images/18496.jpg,single_test,single,0.102637,6.182275,932,13
images/18497.jpg,multi_train,multi,0.033057,4.273983,586,4
images/18498.jpg,multi_train,multi,0.040947,5.897169,364,3
images/1850.jpg,multi_train,multi,0.060767,4.7127,1433,1
images/18501.jpg,multi_train,multi,0.071578,7.055583,267,10
images/18503.jpg,multi_train,multi,0.023136,5.076745,2262,3
images/18509.jpg,"multi_train,single_train","multi,single",0.045997,6.454306,286,17
images/1851.jpg,multi_train,multi,0.019317,2.540839,638,3
images/18510.jpg,multi_train,multi,0.043263,4.431872,291,3
images/18512.jpg,"multi_train,single_train","multi,single",0.042501,3.628774,251,14
images/18513.jpg,multi_train,multi,0.033232,6.03395,1643,2
images/18518.jpg,multi_train,multi,0.044637,4.571902,827,4
images/18519.jpg,"multi_train,single_train","multi,single",0.053274,5.933533,376,8
images/18520.jpg,"multi_train,single_train","multi,single",0.047396,6.468231,406,9
images/18522.jpg,multi_train,multi,0.069307,3.515512,1026,3
images/18523.jpg,multi_train,multi,0.05207,4.042348,1125,1
images/18527.jpg,multi_train,multi,0.037878,6.292627,357,2
images/1853.jpg,multi_train,multi,0.047416,5.121382,542,1
images/18530.jpg,multi_train,multi,0.078363,7.443971,343,3
images/18532.jpg,multi_train,multi,0.044574,6.42192,373,4
images/18533.jpg,multi_train,multi,0.040037,5.439387,1236,2
images/18534.jpg,multi_train,multi,0.029546,5.090075,978,2
images/18535.jpg,single_train,single,0.052297,5.298252,476,11
images/18536.jpg,single_train,single,0.041997,4.273876,1302,4
images/18537.jpg,multi_train,multi,0.029467,3.670682,312,5
images/18543.jpg,multi_train,multi,0.037514,5.658158,786,1
images/18545.jpg,multi_train,multi,0.029628,3.68501,316,5
images/18546.jpg,multi_train,multi,0.048754,6.658921,258,4
images/18548.jpg,single_test,single,0.055757,3.955052,796,8
images/18550.jpg,multi_train,multi,0.076399,5.289914,8350,1
images/18551.jpg,multi_train,multi,0.086584,5.295786,5294,3
images/18552.jpg,multi_train,multi,0.030215,5.471328,6076,1
images/18553.jpg,multi_train,multi,0.050988,5.407494,8752,5
images/18554.jpg,multi_train,multi,0.059108,4.817323,5216,5
images/18555.jpg,multi_train,multi,0.059282,4.836735,6831,5
images/1856.jpg,multi_train,multi,0.067864,5.123454,2775,1
images/18564.jpg,multi_train,multi,0.050509,6.310476,508,1
images/18568.jpg,multi_train,multi,0.026976,4.164863,1849,5
images/1857.jpg,multi_train,multi,0.035651,3.285222,460,4
images/18570.jpg,multi_train,multi,0.028088,3.875514,87,8
images/18572.jpg,multi_train,multi,0.034064,4.632829,20212,3
images/18573.jpg,"multi_train,single_train","multi,single",0.037271,7.126309,495,7
images/18574.jpg,multi_train,multi,0.037866,7.128404,360,1
images/18575.jpg,single_train,single,0.040524,6.594619,301,7
images/1858.jpg,multi_train,multi,0.070312,4.40157,2061,2
images/18581.jpg,multi_train,multi,0.045701,7.268265,454,1
images/18588.jpg,multi_train,multi,0.053752,3.721316,2158,2
images/18590.jpg,multi_train,multi,0.044022,3.955042,1686,1
images/18595.jpg,single_train,single,0.068958,5.20746,1285,5
images/18598.jpg,multi_train,multi,0.053976,4.337527,420,3
images/18599.jpg,multi_train,multi,0.035703,5.769609,649,2
images/18602.jpg,multi_train,multi,0.049311,6.127499,791,1
images/18603.jpg,multi_train,multi,0.050244,6.208715,1157,1
images/18604.jpg,multi_train,multi,0.062708,5.669455,204,3
images/18605.jpg,multi_train,multi,0.053397,6.352054,227,2
images/18606.jpg,"multi_train,single_train","multi,single",0.050238,4.659218,771,14
images/18607.jpg,single_train,single,0.051499,4.632958,906,10
images/18608.jpg,multi_train,multi,0.0541,6.30617,949,1
images/1861.jpg,multi_train,multi,0.047816,4.595019,2106,5
images/18611.jpg,multi_train,multi,0.059611,6.443467,838,1
images/18612.jpg,single_train,single,0.051218,5.28337,815,8
images/18613.jpg,multi_train,multi,0.048463,3.617649,2510,2
images/18614.jpg,multi_train,multi,0.062242,4.478789,1465,1
images/18616.jpg,multi_train,multi,0.088446,6.926875,86,2
images/18617.jpg,"multi_train,single_train","multi,single",0.082067,6.934597,436,8
images/18621.jpg,multi_train,multi,0.066215,5.414522,141,1
images/18622.jpg,single_train,single,0.072824,5.458844,134,8
images/18628.jpg,single_test,single,0.078483,5.650291,176,3
images/18632.jpg,single_train,single,0.067241,6.046692,319,6
images/18634.jpg,multi_train,multi,0.063518,5.989777,256,2
images/18636.jpg,single_train,single,0.055172,5.894502,180,5
images/18637.jpg,multi_train,multi,0.074169,6.862939,205,1
images/18638.jpg,multi_train,multi,0.073097,6.374499,850,2
images/18639.jpg,multi_train,multi,0.072172,5.611167,194,1
images/18640.jpg,"multi_train,single_train","multi,single",0.068752,6.224244,343,7
images/18643.jpg,single_test,single,0.069397,3.360703,474,12
images/18645.jpg,multi_train,multi,0.058874,6.204964,103,2
images/18646.jpg,single_train,single,0.050867,5.888964,190,10
images/18649.jpg,"multi_train,single_train","multi,single",0.053736,6.255479,80,9
images/1865.jpg,multi_train,multi,0.024655,3.111387,1173,1
images/18653.jpg,multi_train,multi,0.070163,5.705713,395,4
images/18655.jpg,multi_train,multi,0.048267,4.452641,635,4
images/18656.jpg,single_train,single,0.05392,4.672232,452,4
images/18657.jpg,single_test,single,0.055444,4.686663,468,8
images/18658.jpg,multi_train,multi,0.055027,4.668645,470,2
images/1866.jpg,single_train,single,0.045565,6.301203,8263,9
images/18664.jpg,multi_train,multi,0.041743,3.935309,1076,5
images/18666.jpg,multi_train,multi,0.028737,6.36772,146,3
images/18668.jpg,multi_train,multi,0.032859,4.635499,521,1
images/18669.jpg,multi_train,multi,0.029331,5.32188,2569,2
images/1867.jpg,multi_train,multi,0.022315,2.608011,350,4
images/18670.jpg,multi_train,multi,0.028558,5.766449,182,3
images/18671.jpg,multi_train,multi,0.031389,5.797022,304,3
images/18673.jpg,multi_train,multi,0.035055,3.71563,687,3
images/18675.jpg,multi_train,multi,0.048508,5.539884,695,1
images/18676.jpg,multi_test,multi,0.052307,4.868958,1221,2
images/18677.jpg,multi_test,multi,0.050008,4.789793,963,2
images/18682.jpg,multi_train,multi,0.025933,6.479309,183,6
images/18684.jpg,multi_train,multi,0.024369,6.417604,104,6
images/18685.jpg,single_train,single,0.026197,5.413634,76,5
images/18686.jpg,multi_train,multi,0.026787,5.41432,153,6
images/18688.jpg,multi_train,multi,0.034768,6.509917,151,3
images/18689.jpg,multi_train,multi,0.03356,6.735758,153,3
images/1869.jpg,multi_train,multi,0.018734,2.631881,1509,3
images/18690.jpg,multi_train,multi,0.032365,4.969176,169,3
images/18692.jpg,multi_train,multi,0.030709,6.609957,202,3
images/18693.jpg,"multi_train,single_train","multi,single",0.040706,5.993043,180,9
images/18695.jpg,multi_train,multi,0.0356,4.12331,339,4
images/18699.jpg,multi_train,multi,0.05559,4.283554,287,4
images/187.jpg,multi_train,multi,0.025882,2.509363,891,4
images/1870.jpg,multi_train,multi,0.0328,3.162994,751,2
images/18700.jpg,multi_train,multi,0.063129,3.970008,189,2
images/18703.jpg,multi_train,multi,0.029815,5.700485,252,2
images/18704.jpg,multi_train,multi,0.041712,3.226161,172,3
images/18706.jpg,multi_train,multi,0.041083,3.124219,54,3
images/18707.jpg,multi_train,multi,0.041083,4.316973,720,1
images/18708.jpg,multi_train,multi,0.035144,4.134483,555,1
images/18712.jpg,"multi_train,single_train","multi,single",0.035017,2.991895,175,8
images/18713.jpg,multi_train,multi,0.035541,3.418009,120,3
images/18714.jpg,multi_train,multi,0.027972,4.650115,132,3
images/18715.jpg,multi_train,multi,0.044353,4.283927,334,1
images/18718.jpg,multi_train,multi,0.041522,5.053054,695,1
images/18719.jpg,multi_train,multi,0.048116,5.579992,255,2
images/18721.jpg,"multi_train,single_train","multi,single",0.043205,3.609059,126,10
images/18722.jpg,multi_train,multi,0.043307,3.598007,119,3
images/18723.jpg,multi_train,multi,0.04176,3.598643,123,4
images/18724.jpg,multi_train,multi,0.054075,6.437668,832,1
images/18725.jpg,multi_train,multi,0.088507,4.033681,15207,2
images/18728.jpg,multi_train,multi,0.029696,5.669761,260,2
images/18732.jpg,single_train,single,0.040701,3.898581,514,9
images/18733.jpg,multi_train,multi,0.037994,3.749963,500,5
images/18736.jpg,multi_train,multi,0.038663,3.956457,519,3
images/1874.jpg,"multi_train,single_train","multi,single",0.041714,2.651308,1200,12
images/18740.jpg,single_train,single,0.039158,3.663905,524,11
images/18741.jpg,multi_train,multi,0.039374,3.758549,525,3
images/18743.jpg,single_train,single,0.039815,3.833556,532,11
images/1875.jpg,multi_train,multi,0.035749,2.897462,577,2
images/18754.jpg,multi_train,multi,0.044362,3.916011,641,8
images/18757.jpg,multi_train,multi,0.045063,3.989687,683,5
images/18759.jpg,multi_train,multi,0.042221,3.914578,690,5
images/18760.jpg,multi_train,multi,0.042263,3.870025,659,5
images/18761.jpg,multi_train,multi,0.041389,3.930628,673,5
images/18767.jpg,single_train,single,0.047209,6.504383,326,10
images/1877.jpg,multi_train,multi,0.032361,6.455673,602,5
images/18772.jpg,multi_train,multi,0.03957,5.60815,934,4
images/18773.jpg,multi_train,multi,0.039607,6.16846,1015,4
images/18777.jpg,multi_train,multi,0.035561,4.532274,975,5
images/18778.jpg,multi_test,multi,0.03727,3.955216,1094,3
images/18779.jpg,multi_train,multi,0.041291,4.823365,951,5
images/18781.jpg,multi_test,multi,0.034627,5.032425,1653,3
images/18784.jpg,single_test,single,0.035353,3.375861,82,6
images/18787.jpg,multi_train,multi,0.037107,4.553497,697,5
images/18788.jpg,single_train,single,0.065449,4.390722,679,7
images/1879.jpg,multi_train,multi,0.02479,3.136866,529,2
images/18796.jpg,single_train,single,0.036596,4.515453,469,6
images/1880.jpg,multi_train,multi,0.020485,4.253245,382,2
images/18802.jpg,multi_train,multi,0.059747,4.359666,129,5
images/18803.jpg,multi_train,multi,0.046746,5.586355,1210,1
images/18804.jpg,single_train,single,0.080275,7.508028,524,8
images/18806.jpg,multi_train,multi,0.051549,5.696616,184,5
images/1881.jpg,multi_train,multi,0.018557,2.490151,320,6
images/18811.jpg,multi_train,multi,0.042248,6.581971,571,6
images/18812.jpg,multi_train,multi,0.047505,3.312512,1092,1
images/18813.jpg,multi_train,multi,0.032179,5.923711,128,2
images/18814.jpg,multi_train,multi,0.032417,6.362956,135,3
images/18820.jpg,multi_train,multi,0.039941,6.011308,1952,3
images/18821.jpg,multi_train,multi,0.035915,6.366759,1585,3
images/18822.jpg,multi_train,multi,0.034563,6.105193,1165,3
images/18823.jpg,multi_train,multi,0.037548,6.301845,1214,3
images/18827.jpg,"multi_train,single_train","multi,single",0.040397,5.532521,1098,8
images/1883.jpg,multi_train,multi,0.046151,4.532135,872,3
images/18830.jpg,multi_train,multi,0.042062,6.421695,125,3
images/18831.jpg,single_train,single,0.041549,6.210647,1106,8
images/18834.jpg,single_train,single,0.060788,6.440084,301,6
images/18835.jpg,single_train,single,0.037464,6.332984,147,4
images/18837.jpg,single_train,single,0.031556,4.299084,1581,5
images/18838.jpg,multi_train,multi,0.035066,4.437781,668,3
images/18841.jpg,single_train,single,0.054107,6.937373,296,4
images/18842.jpg,multi_train,multi,0.051267,4.088649,151,6
images/18843.jpg,multi_train,multi,0.043274,5.43977,925,3
images/18847.jpg,single_train,single,0.032929,4.060914,596,8
images/18849.jpg,multi_train,multi,0.037187,6.401257,137,3
images/1885.jpg,multi_train,multi,0.030322,2.287888,1018,4
images/18856.jpg,multi_test,multi,0.057649,3.160643,735,1
images/18857.jpg,multi_train,multi,0.035827,5.562196,556,4
images/18858.jpg,single_train,single,0.04317,4.820702,680,11
images/18859.jpg,multi_train,multi,0.033131,7.01353,358,2
images/1886.jpg,multi_train,multi,0.028608,3.912265,1085,3
images/18860.jpg,multi_train,multi,0.043427,6.84581,712,3
images/18861.jpg,"multi_train,single_train","multi,single",0.033854,5.464337,456,8
images/18862.jpg,multi_train,multi,0.040705,4.163751,1245,2
images/18864.jpg,multi_train,multi,0.037919,3.921568,785,3
images/18865.jpg,multi_train,multi,0.041774,4.962302,747,3
images/18866.jpg,multi_test,multi,0.039615,3.911075,431,6
images/18867.jpg,multi_train,multi,0.039479,5.871249,533,2
images/1887.jpg,multi_train,multi,0.014929,3.860798,6630,1
images/18870.jpg,single_train,single,0.047774,4.474828,731,7
images/18874.jpg,multi_train,multi,0.044987,5.417577,727,6
images/18875.jpg,multi_train,multi,0.035721,3.871647,978,3
images/18877.jpg,multi_train,multi,0.036222,3.823398,1025,3
images/18878.jpg,multi_train,multi,0.036584,3.72102,1065,2
images/18880.jpg,multi_train,multi,0.052198,5.391123,874,3
images/18881.jpg,multi_train,multi,0.03882,3.71932,1301,2
images/18882.jpg,single_test,single,0.039867,4.274226,818,8
images/18885.jpg,single_train,single,0.07116,4.801012,1559,2
images/18887.jpg,multi_train,multi,0.038945,3.553513,1125,2
images/18888.jpg,multi_train,multi,0.039677,3.531985,759,2
images/18889.jpg,multi_train,multi,0.027556,4.110811,370,3
images/1889.jpg,multi_train,multi,0.017698,3.672962,750,3
images/18892.jpg,multi_train,multi,0.040496,3.706712,619,2
images/18893.jpg,multi_train,multi,0.029983,4.487714,263,3
images/18894.jpg,multi_train,multi,0.039857,3.533139,831,2
images/18896.jpg,multi_train,multi,0.028164,4.408377,294,5
images/18897.jpg,multi_train,multi,0.037017,3.404741,714,4
images/18898.jpg,multi_train,multi,0.038482,3.515272,703,2
images/18899.jpg,multi_train,multi,0.037972,3.658665,387,2
images/1890.jpg,multi_train,multi,0.018852,2.969447,939,3
images/18901.jpg,"multi_train,single_train","multi,single",0.037082,3.67991,284,10
images/18904.jpg,multi_train,multi,0.036076,3.592202,266,4
images/18905.jpg,multi_train,multi,0.038475,3.701999,293,2
images/18906.jpg,multi_train,multi,0.029424,4.429787,255,2
images/18907.jpg,multi_train,multi,0.029228,4.338984,243,6
images/18908.jpg,multi_train,multi,0.029516,4.450643,249,2
images/1891.jpg,single_train,single,0.018847,2.600637,1991,6
images/18910.jpg,multi_train,multi,0.039135,3.48992,634,1
images/18912.jpg,multi_train,multi,0.029264,4.243407,210,3
images/18913.jpg,multi_train,multi,0.033437,4.49387,190,3
images/18914.jpg,"multi_train,single_train","multi,single",0.041497,3.68564,916,10
images/18915.jpg,multi_train,multi,0.043572,3.485303,458,3
images/18918.jpg,multi_train,multi,0.036161,5.947365,1239,3
images/1892.jpg,multi_train,multi,0.020735,2.817347,1109,5
images/18921.jpg,multi_train,multi,0.026937,4.264148,88,2
images/18925.jpg,multi_train,multi,0.033701,6.476113,237,2
images/18926.jpg,single_train,single,0.045901,4.473705,489,8
images/18928.jpg,multi_train,multi,0.044769,4.447107,250,5
images/18932.jpg,multi_train,multi,0.052932,4.239241,117,5
images/18938.jpg,multi_train,multi,0.037891,3.692468,204,3
images/18940.jpg,multi_train,multi,0.045468,4.18942,281,5
images/18941.jpg,multi_train,multi,0.044451,4.193388,217,5
images/18944.jpg,multi_test,multi,0.070272,5.307594,1052,1
images/18946.jpg,multi_test,multi,0.045261,4.41678,821,1
images/18948.jpg,multi_train,multi,0.028953,4.975446,417,3
images/18951.jpg,multi_train,multi,0.048466,5.610762,279,8
images/18953.jpg,"multi_train,single_train","multi,single",0.044287,5.590061,532,16
images/18954.jpg,multi_train,multi,0.033401,5.383697,288,2
images/18956.jpg,single_train,single,0.033951,3.594331,166,7
images/18957.jpg,"multi_train,single_train","multi,single",0.031933,4.378668,1971,7
images/1896.jpg,multi_train,multi,0.050126,3.130514,849,3
images/18967.jpg,multi_train,multi,0.037597,4.426051,175,2
images/18968.jpg,multi_train,multi,0.03524,3.987301,75,9
images/1897.jpg,multi_train,multi,0.030854,4.060606,477,2
images/18970.jpg,multi_train,multi,0.035091,3.963179,62,3
images/18971.jpg,multi_train,multi,0.035629,3.999926,79,2
images/18973.jpg,multi_train,multi,0.037499,4.554757,186,2
images/18974.jpg,multi_train,multi,0.03545,3.998216,69,4
images/18975.jpg,"multi_train,single_train","multi,single",0.035994,3.999443,77,15
images/18977.jpg,"multi_train,single_train","multi,single",0.036492,4.409148,166,16
images/18979.jpg,single_train,single,0.0334,4.179418,125,6
images/1898.jpg,multi_train,multi,0.072048,4.934153,1507,1
images/18981.jpg,multi_train,multi,0.044743,4.257776,196,5
images/1899.jpg,multi_train,multi,0.019992,3.042683,502,6
images/18996.jpg,multi_train,multi,0.035425,5.674329,1544,1
images/190.jpg,multi_train,multi,0.022647,5.882055,4612,2
images/1900.jpg,multi_train,multi,0.053966,5.202074,738,10
images/19000.jpg,single_train,single,0.040356,4.489211,752,5
images/19002.jpg,single_train,single,0.036141,4.542161,732,7
images/19005.jpg,multi_train,multi,0.052834,3.610439,480,2
images/19006.jpg,multi_train,multi,0.05423,3.631853,497,3
images/19007.jpg,multi_train,multi,0.055302,3.487229,771,3
images/19010.jpg,single_train,single,0.030556,3.630855,503,8
images/19012.jpg,multi_train,multi,0.062131,6.431775,182,3
images/19013.jpg,multi_train,multi,0.045801,6.461477,1599,3
images/19014.jpg,multi_train,multi,0.042926,3.281101,129,4
images/19019.jpg,multi_train,multi,0.045333,2.991543,293,3
images/19020.jpg,multi_train,multi,0.044557,3.933388,3412,4
images/19021.jpg,multi_train,multi,0.051067,4.132212,980,5
images/19023.jpg,multi_train,multi,0.026577,3.864323,72,6
images/19026.jpg,multi_test,multi,0.035684,4.772224,2841,4
images/19028.jpg,multi_train,multi,0.043882,2.994017,293,4
images/19029.jpg,multi_train,multi,0.046368,4.068668,143,6
images/1903.jpg,multi_train,multi,0.065036,4.529526,730,3
images/19030.jpg,multi_train,multi,0.053859,4.665731,450,4
images/19036.jpg,single_train,single,0.035766,4.785165,613,8
images/19039.jpg,single_train,single,0.028256,6.153567,1421,7
images/1904.jpg,multi_train,multi,0.062445,4.722399,1055,3
images/19043.jpg,multi_train,multi,0.033444,5.735348,354,1
images/19044.jpg,multi_train,multi,0.044122,3.010665,301,4
images/19045.jpg,multi_train,multi,0.042308,3.262201,156,3
images/19047.jpg,multi_train,multi,0.03455,4.999004,3505,5
images/19049.jpg,multi_train,multi,0.054514,4.57273,544,2
images/19052.jpg,single_train,single,0.036718,4.020946,1026,3
images/19053.jpg,multi_train,multi,0.041499,4.807981,333,3
images/19054.jpg,"multi_train,single_train","multi,single",0.036766,6.334371,101,11
images/19055.jpg,single_train,single,0.067779,6.051251,238,5
images/19057.jpg,single_train,single,0.03436,4.977401,4093,5
images/19059.jpg,"multi_train,single_train","multi,single",0.051342,5.85184,722,9
images/1906.jpg,single_train,single,0.045848,3.304162,724,11
images/19062.jpg,multi_train,multi,0.042814,3.268632,139,3
images/19064.jpg,single_train,single,0.042582,6.685644,180,6
images/19065.jpg,multi_train,multi,0.032163,5.849823,122,3
images/19068.jpg,multi_train,multi,0.029342,2.885047,742,2
images/19069.jpg,multi_train,multi,0.060227,3.638509,463,2
images/19072.jpg,multi_train,multi,0.034315,2.987355,150,4
images/19073.jpg,single_train,single,0.101978,6.838501,478,6
images/19077.jpg,multi_train,multi,0.041471,4.187414,2451,4
images/19080.jpg,"multi_train,single_train","multi,single",0.035216,3.708774,508,11
images/19081.jpg,"multi_train,single_train","multi,single",0.03574,2.914705,42,11
images/19084.jpg,multi_train,multi,0.055092,4.70521,461,2
images/19086.jpg,multi_train,multi,0.05436,3.66507,500,6
images/19088.jpg,multi_train,multi,0.027543,4.139871,39,2
images/19089.jpg,multi_train,multi,0.040277,4.109173,302,1
images/1909.jpg,multi_test,multi,0.035538,4.489848,8978,1
images/19091.jpg,multi_train,multi,0.039144,4.249496,1245,5
images/19092.jpg,multi_test,multi,0.053425,3.118659,640,4
images/19094.jpg,multi_train,multi,0.051694,1.61902,651,3
images/19098.jpg,multi_test,multi,0.077333,4.836543,545,4
images/19099.jpg,multi_test,multi,0.039919,2.974991,497,4
images/191.jpg,single_train,single,0.02741,2.833329,2130,12
images/19102.jpg,multi_test,multi,0.115564,4.632294,1581,4
images/19105.jpg,multi_train,multi,0.115997,4.865705,857,2
images/19106.jpg,multi_train,multi,0.072665,3.199148,446,5
images/19107.jpg,multi_train,multi,0.086295,3.501269,688,5
images/19115.jpg,single_train,single,0.022921,2.877802,1014,8
images/19116.jpg,single_train,single,0.065832,4.438508,261,6
images/19130.jpg,multi_train,multi,0.026824,4.837602,2153,1
images/19132.jpg,multi_train,multi,0.044425,3.064864,1526,1
images/19138.jpg,single_test,single,0.037541,2.596718,1295,7
images/19141.jpg,multi_train,multi,0.05917,3.606622,1014,1
images/19146.jpg,multi_train,multi,0.028874,5.826497,572,5
images/19148.jpg,multi_train,multi,0.028886,5.825857,569,5
images/1915.jpg,multi_train,multi,0.051859,5.930974,1322,3
images/19152.jpg,single_test,single,0.069694,5.497788,1299,3
images/19153.jpg,single_train,single,0.027308,5.637547,569,12
images/19154.jpg,"multi_train,single_train","multi,single",0.072374,4.133754,922,6
images/19156.jpg,multi_train,multi,0.064742,2.592111,1198,3
images/19158.jpg,multi_train,multi,0.053987,3.035474,1478,4
images/19163.jpg,multi_train,multi,0.038422,4.461452,1856,3
images/19166.jpg,multi_train,multi,0.07123,3.993214,1049,3
images/19169.jpg,multi_train,multi,0.046177,1.579385,660,6
images/19170.jpg,multi_train,multi,0.056412,3.821942,637,6
images/19173.jpg,multi_train,multi,0.036098,1.618649,628,3
images/19174.jpg,multi_test,multi,0.034812,4.113518,867,6
images/19175.jpg,multi_train,multi,0.032935,2.946751,167,10
images/19176.jpg,multi_train,multi,0.048788,6.074649,958,3
images/1918.jpg,multi_train,multi,0.038122,4.62788,646,8
images/19181.jpg,multi_train,multi,0.057397,3.839529,826,2
images/19182.jpg,multi_train,multi,0.053729,3.298346,713,3
images/19184.jpg,multi_train,multi,0.03089,5.989425,139,4
images/19188.jpg,multi_train,multi,0.036538,3.907738,1586,3
images/19194.jpg,multi_train,multi,0.029986,3.802169,2129,3
images/19195.jpg,multi_test,multi,0.034614,4.98285,3915,5
images/19196.jpg,"multi_train,single_train","multi,single",0.056777,4.695225,785,7
images/19198.jpg,multi_train,multi,0.043366,3.307219,132,4
images/19199.jpg,multi_train,multi,0.034705,4.966148,4009,5
images/192.jpg,multi_train,multi,0.019489,5.156306,595,3
images/1920.jpg,multi_train,multi,0.051042,3.674792,678,2
images/19200.jpg,multi_train,multi,0.047316,3.877766,321,2
images/19203.jpg,multi_train,multi,0.04765,3.535829,3293,2
images/19204.jpg,multi_train,multi,0.047658,3.510747,2640,2
images/19205.jpg,multi_train,multi,0.056907,3.344972,2284,2
images/19207.jpg,multi_train,multi,0.056877,6.326158,1280,4
images/19209.jpg,multi_train,multi,0.029582,3.573669,372,4
images/1921.jpg,multi_train,multi,0.036678,2.629444,508,1
images/19210.jpg,multi_train,multi,0.107842,4.468753,1250,6
images/19211.jpg,multi_train,multi,0.109633,4.626226,1067,4
images/19213.jpg,multi_train,multi,0.074995,3.691431,649,6
images/19214.jpg,single_train,single,0.023685,1.709671,370,5
images/19217.jpg,single_train,single,0.038728,3.720515,1772,8
images/19219.jpg,multi_train,multi,0.046994,3.523653,3276,2
images/1922.jpg,multi_train,multi,0.02674,3.612832,491,2
images/19222.jpg,multi_train,multi,0.030779,5.705265,295,2
images/19223.jpg,multi_test,multi,0.034773,4.842643,10190,1
images/19227.jpg,"multi_train,single_train","multi,single",0.039764,4.109775,567,10
images/19228.jpg,multi_train,multi,0.028895,5.716453,160,5
images/19230.jpg,single_train,single,0.053699,3.619862,495,8
images/19231.jpg,multi_train,multi,0.037442,4.230701,1305,5
images/19238.jpg,"multi_train,single_train","multi,single",0.043031,3.26924,146,14
images/19239.jpg,multi_train,multi,0.049123,4.579831,392,2
images/19240.jpg,multi_train,multi,0.03175,4.088306,358,5
images/19242.jpg,multi_train,multi,0.049515,6.09597,748,3
images/19245.jpg,multi_train,multi,0.040841,2.830258,186,4
images/19247.jpg,multi_train,multi,0.043105,6.382837,711,3
images/19249.jpg,multi_train,multi,0.060457,3.536741,148,3
images/19250.jpg,multi_train,multi,0.026356,1.939323,892,4
images/19251.jpg,multi_train,multi,0.024134,2.042469,929,2
images/19252.jpg,multi_train,multi,0.023802,1.942991,838,3
images/19253.jpg,multi_train,multi,0.033,2.202534,1574,3
images/19254.jpg,multi_train,multi,0.025354,2.109627,989,7
images/19255.jpg,multi_train,multi,0.024905,2.076203,866,2
images/19257.jpg,multi_train,multi,0.071299,3.412151,1222,3
images/19258.jpg,multi_train,multi,0.036838,4.692778,2292,3
images/19259.jpg,multi_train,multi,0.043034,6.191857,831,3
images/1926.jpg,single_train,single,0.024905,1.558744,1313,6
images/19260.jpg,multi_train,multi,0.044562,6.080603,704,3
images/19262.jpg,multi_train,multi,0.069445,6.210059,880,2
images/19264.jpg,multi_train,multi,0.034738,5.888905,1760,4
images/19265.jpg,multi_train,multi,0.030606,2.646294,1326,2
images/19266.jpg,multi_train,multi,0.076105,5.064983,2194,2
images/19274.jpg,"multi_train,single_train","multi,single",0.033906,7.311825,1156,8
images/19276.jpg,single_train,single,0.034305,4.717881,4294,6
images/19278.jpg,multi_train,multi,0.056976,3.106809,765,5
images/19281.jpg,multi_train,multi,0.049238,3.857085,99,5
images/19284.jpg,multi_train,multi,0.034779,5.313104,2976,4
images/19286.jpg,multi_train,multi,0.035157,5.456311,539,2
images/19287.jpg,multi_train,multi,0.032766,4.137537,580,3
images/19288.jpg,multi_train,multi,0.045414,5.270762,747,3
images/19289.jpg,multi_train,multi,0.037613,4.419025,165,4
images/1929.jpg,multi_train,multi,0.052224,6.903153,252,2
images/19290.jpg,multi_train,multi,0.038857,4.408847,141,2
images/19291.jpg,multi_train,multi,0.036617,4.424789,180,1
images/19295.jpg,multi_train,multi,0.028602,4.306268,233,6
images/19298.jpg,multi_train,multi,0.032959,4.208085,188,5
images/19299.jpg,multi_train,multi,0.038576,3.239186,521,3
images/193.jpg,multi_train,multi,0.034943,4.159668,1476,1
images/19300.jpg,"multi_train,single_train","multi,single",0.032621,4.217505,183,12
images/19301.jpg,"multi_train,single_train","multi,single",0.042713,3.433576,515,10
images/19302.jpg,single_train,single,0.033538,4.231104,187,10
images/19304.jpg,multi_train,multi,0.030632,5.128857,267,6
images/19307.jpg,multi_train,multi,0.027494,4.10497,369,5
images/19308.jpg,multi_train,multi,0.028179,4.257921,279,3
images/19309.jpg,multi_train,multi,0.028914,4.314969,221,2
images/1931.jpg,multi_test,multi,0.034744,3.612465,4759,5
images/19315.jpg,multi_train,multi,0.091678,3.002387,1020,3
images/19321.jpg,multi_train,multi,0.052668,5.136848,749,2
images/19322.jpg,single_train,single,0.085874,3.34682,5634,5
images/19324.jpg,multi_train,multi,0.062437,3.508019,834,3
images/19325.jpg,multi_train,multi,0.029688,5.712271,557,3
images/19331.jpg,multi_train,multi,0.053153,3.427416,456,4
images/19332.jpg,"multi_train,single_train","multi,single",0.076353,2.498678,1719,10
images/19334.jpg,multi_train,multi,0.038205,3.60235,1180,3
images/19335.jpg,single_train,single,0.029875,2.280466,1531,7
images/19338.jpg,multi_train,multi,0.029346,2.798741,1953,2
images/19339.jpg,multi_train,multi,0.033067,2.798624,1544,2
images/19341.jpg,multi_train,multi,0.030733,2.880201,1993,2
images/19344.jpg,multi_train,multi,0.053127,3.737649,1661,1
images/19345.jpg,"multi_train,single_train","multi,single",0.025586,2.344581,371,10
images/19347.jpg,"multi_train,single_train","multi,single",0.027001,2.386158,390,9
images/19348.jpg,multi_train,multi,0.027028,2.386037,393,2
images/19349.jpg,"multi_train,single_train","multi,single",0.027241,2.390242,394,6
images/1935.jpg,multi_train,multi,0.048815,4.056129,636,7
images/19352.jpg,multi_test,multi,0.041374,3.044688,785,5
images/19353.jpg,multi_test,multi,0.048989,3.282941,765,3
images/19355.jpg,single_train,single,0.068167,2.666398,897,9
images/19356.jpg,multi_train,multi,0.038017,4.165106,1147,5
images/19357.jpg,multi_train,multi,0.04124,3.919748,2169,6
images/1936.jpg,"multi_train,single_train","multi,single",0.046702,3.198043,688,6
images/19360.jpg,"multi_train,single_train","multi,single",0.041591,4.164781,1984,14
images/19362.jpg,multi_test,multi,0.0507,2.730022,1418,13
images/19364.jpg,multi_test,multi,0.037583,2.579192,1033,8
images/19365.jpg,multi_test,multi,0.039221,2.274375,1739,5
images/1937.jpg,multi_test,multi,0.042514,4.909359,953,6
images/19370.jpg,multi_test,multi,0.030701,2.76388,2522,5
images/19371.jpg,single_train,single,0.091855,4.396768,1581,12
images/19372.jpg,single_train,single,0.049229,3.234088,1812,9
images/19375.jpg,multi_train,multi,0.026439,3.159614,525,3
images/19376.jpg,multi_train,multi,0.026618,3.162414,532,2
images/19378.jpg,multi_train,multi,0.029155,3.370243,650,2
images/1938.jpg,single_train,single,0.019125,2.507029,672,10
images/19380.jpg,"multi_train,single_train","multi,single",0.027461,3.178916,558,7
images/19382.jpg,multi_train,multi,0.028476,3.286883,595,3
images/19387.jpg,single_train,single,0.035005,2.472596,787,9
images/19389.jpg,multi_train,multi,0.047455,4.262553,1369,4
images/1939.jpg,multi_test,multi,0.020461,2.295173,7365,4
images/19398.jpg,multi_train,multi,0.032142,2.812007,1143,2
images/19403.jpg,single_train,single,0.077532,5.687862,395,1
images/19411.jpg,multi_train,multi,0.02896,5.288535,1022,2
images/19422.jpg,single_train,single,0.028057,3.4087,502,5
images/19423.jpg,multi_train,multi,0.031696,3.430154,1052,2
images/19428.jpg,multi_train,multi,0.028183,2.734227,1636,1
images/19429.jpg,single_train,single,0.041373,3.22426,1125,1
images/1943.jpg,single_test,single,0.029177,6.930751,1355,7
images/19434.jpg,multi_train,multi,0.067699,3.345823,1454,1
images/19435.jpg,multi_train,multi,0.060013,3.912376,1978,1
images/19436.jpg,multi_train,multi,0.03705,3.130618,1615,1
images/19437.jpg,single_train,single,0.020634,1.84737,841,9
images/19439.jpg,multi_train,multi,0.030619,2.025944,726,4
images/19443.jpg,multi_train,multi,0.023531,1.819265,920,2
images/19444.jpg,single_train,single,0.046298,5.434591,474,9
images/19446.jpg,multi_train,multi,0.023826,5.801506,7226,2
images/19447.jpg,multi_train,multi,0.03227,3.82998,3355,5
images/19449.jpg,multi_train,multi,0.033868,3.870857,2355,2
images/19450.jpg,multi_test,multi,0.029131,2.82605,1198,7
images/19453.jpg,"multi_train,single_train","multi,single",0.024699,2.116905,670,15
images/19455.jpg,single_train,single,0.034686,1.759227,865,8
images/19456.jpg,multi_train,multi,0.043628,3.563037,1944,1
images/19457.jpg,multi_train,multi,0.025201,2.542583,1172,2
images/19469.jpg,single_train,single,0.044851,3.036587,638,6
images/1947.jpg,multi_test,multi,0.036447,4.777916,2016,1
images/19472.jpg,multi_train,multi,0.039262,3.627867,6375,1
images/19475.jpg,multi_test,multi,0.031957,3.961271,1509,10
images/19476.jpg,multi_train,multi,0.031313,3.731458,2860,5
images/19477.jpg,"multi_train,single_train","multi,single",0.038652,5.218804,881,17
images/19482.jpg,"multi_train,single_train","multi,single",0.037793,4.513537,4601,9
images/19483.jpg,single_train,single,0.033254,2.843874,1768,8
images/19484.jpg,multi_train,multi,0.031789,3.566805,1495,7
images/19487.jpg,single_train,single,0.052181,4.81136,1891,5
images/19488.jpg,multi_train,multi,0.030282,4.012724,3088,1
images/19489.jpg,single_train,single,0.055522,4.37948,493,9
images/1949.jpg,multi_train,multi,0.035972,3.17548,1549,5
images/19497.jpg,multi_train,multi,0.03865,6.352327,3295,1
images/19499.jpg,"multi_test,single_test","multi,single",0.025683,3.71216,1115,4
images/19500.jpg,multi_train,multi,0.027563,2.522582,1143,3
images/19509.jpg,"multi_train,single_train","multi,single",0.02999,3.053506,1171,11
images/19510.jpg,multi_train,multi,0.05106,5.348398,6149,5
images/19513.jpg,multi_train,multi,0.019606,4.243935,2597,5
images/19517.jpg,multi_test,multi,0.054126,6.045993,499,4
images/19518.jpg,"multi_train,single_train","multi,single",0.059549,5.68402,1098,7
images/1952.jpg,multi_train,multi,0.024012,2.379108,472,3
images/19521.jpg,multi_train,multi,0.023164,5.944398,647,4
images/19522.jpg,multi_train,multi,0.030041,3.600737,1901,3
images/19525.jpg,multi_train,multi,0.034659,3.191483,2019,2
images/19526.jpg,multi_train,multi,0.042391,5.630018,2205,4
images/19527.jpg,multi_test,multi,0.042177,5.636944,1236,2
images/19529.jpg,multi_test,multi,0.024941,6.459152,1977,6
images/19531.jpg,multi_train,multi,0.05593,3.547404,5737,4
images/19533.jpg,multi_train,multi,0.030822,5.213826,1097,4
images/19536.jpg,multi_train,multi,0.017636,2.664479,458,5
images/19541.jpg,multi_train,multi,0.028942,7.102036,675,4
images/19544.jpg,single_train,single,0.059996,3.739303,181,8
images/19545.jpg,single_train,single,0.051103,3.883706,260,7
images/19546.jpg,single_train,single,0.066159,3.754879,189,13
images/19549.jpg,multi_train,multi,0.046899,4.59132,1614,2
images/19550.jpg,multi_train,multi,0.031269,3.712306,2580,2
images/19553.jpg,single_train,single,0.039348,4.574646,6146,3
images/19554.jpg,multi_test,multi,0.032515,4.106152,1568,3
images/19555.jpg,multi_train,multi,0.069321,4.482458,2057,1
images/19556.jpg,"multi_test,single_test","multi,single",0.031238,4.890054,2279,9
images/19558.jpg,multi_test,multi,0.032823,4.69803,2191,1
images/1956.jpg,multi_train,multi,0.053948,3.935188,174,3
images/19562.jpg,single_train,single,0.055055,3.278514,1200,8
images/19563.jpg,multi_train,multi,0.060603,4.908616,1034,7
images/19566.jpg,single_train,single,0.064907,5.863698,1568,5
images/19571.jpg,multi_train,multi,0.020081,4.816204,1109,5
images/19572.jpg,multi_train,multi,0.030907,3.338932,1741,1
images/19573.jpg,single_train,single,0.032271,3.715186,4291,6
images/19574.jpg,"multi_test,single_test","multi,single",0.048558,4.555597,1510,9
images/19575.jpg,multi_train,multi,0.028317,2.158962,1835,5
images/19577.jpg,multi_train,multi,0.037056,4.918554,1129,2
images/19578.jpg,"multi_train,single_train","multi,single",0.023723,4.027641,946,14
images/19579.jpg,multi_train,multi,0.025903,4.539357,1055,3
images/19580.jpg,multi_train,multi,0.033541,4.083439,5476,2
images/19582.jpg,single_train,single,0.051877,3.922808,334,7
images/19585.jpg,multi_train,multi,0.039709,3.5586,1636,7
images/19586.jpg,multi_train,multi,0.019163,2.861317,772,4
images/19587.jpg,multi_train,multi,0.02499,3.098814,1302,4
images/19588.jpg,multi_train,multi,0.01963,2.631332,530,8
images/19589.jpg,multi_test,multi,0.024652,2.804058,551,5
images/19591.jpg,multi_test,multi,0.019766,2.559513,623,5
images/19592.jpg,multi_train,multi,0.023961,2.759146,565,3
images/19593.jpg,multi_test,multi,0.024683,2.735788,554,5
images/19594.jpg,single_train,single,0.019492,4.046503,1434,9
images/19595.jpg,multi_train,multi,0.028302,4.097395,2178,2
images/196.jpg,multi_train,multi,0.026739,2.34109,1676,2
images/1960.jpg,multi_train,multi,0.017263,3.925071,1124,1
images/19606.jpg,multi_train,multi,0.048676,4.542277,2133,9
images/19607.jpg,single_train,single,0.056494,5.715985,1744,4
images/19608.jpg,"multi_train,single_train","multi,single",0.07423,6.04321,900,7
images/19610.jpg,multi_train,multi,0.029634,4.067445,857,3
images/19611.jpg,multi_train,multi,0.026565,4.375187,3393,2
images/1962.jpg,single_train,single,0.049905,4.042023,1036,7
images/19625.jpg,"multi_train,single_train","multi,single",0.02694,5.936969,7263,6
images/1963.jpg,multi_train,multi,0.07281,4.420189,1347,4
images/19631.jpg,single_train,single,0.038405,6.890827,3131,5
images/19633.jpg,multi_train,multi,0.043203,3.213591,875,3
images/19634.jpg,multi_train,multi,0.022919,3.674751,1075,3
images/19635.jpg,multi_train,multi,0.018515,2.988782,814,2
images/19636.jpg,multi_train,multi,0.028592,6.43955,818,3
images/19638.jpg,multi_train,multi,0.031401,3.968952,1320,2
images/19640.jpg,"multi_train,single_train","multi,single",0.045201,6.18,1181,11
images/19642.jpg,"multi_train,single_train","multi,single",0.046192,4.178345,616,6
images/19643.jpg,multi_train,multi,0.03784,4.877034,2227,2
images/19644.jpg,single_train,single,0.028553,4.515458,1973,8
images/19645.jpg,multi_train,multi,0.019337,5.20011,1336,2
images/19647.jpg,multi_train,multi,0.025638,5.23235,6632,3
images/19649.jpg,multi_train,multi,0.07902,6.973462,440,7
images/1965.jpg,multi_train,multi,0.041937,3.312805,409,3
images/19650.jpg,multi_train,multi,0.074523,4.685866,1653,2
images/19651.jpg,multi_test,multi,0.021766,3.427667,1009,2
images/19654.jpg,multi_train,multi,0.023079,3.997492,725,1
images/19655.jpg,multi_test,multi,0.032326,3.542434,2080,3
images/19656.jpg,multi_test,multi,0.049244,4.577854,2419,3
images/19657.jpg,single_train,single,0.054497,3.743993,106,9
images/19658.jpg,multi_train,multi,0.031565,4.281341,894,5
images/19659.jpg,"multi_train,single_train","multi,single",0.051723,5.388402,1278,11
images/19660.jpg,multi_train,multi,0.026612,3.395328,2547,2
images/19662.jpg,multi_train,multi,0.031245,3.538807,9396,4
images/19663.jpg,multi_test,multi,0.020564,2.872729,737,2
images/19664.jpg,multi_train,multi,0.021845,3.441478,834,5
images/19666.jpg,multi_train,multi,0.031555,3.044712,848,6
images/19671.jpg,multi_train,multi,0.03803,5.10448,2979,2
images/19672.jpg,multi_train,multi,0.034195,3.21376,375,2
images/19673.jpg,single_train,single,0.060377,5.479168,185,6
images/19674.jpg,multi_train,multi,0.034617,2.999435,1743,6
images/19675.jpg,multi_train,multi,0.055017,3.304561,825,11
images/19676.jpg,multi_train,multi,0.025212,2.089754,893,4
images/19678.jpg,multi_train,multi,0.028022,2.42098,742,2
images/19679.jpg,multi_train,multi,0.029224,3.181419,1844,2
images/1968.jpg,multi_train,multi,0.053085,5.056111,792,6
images/19682.jpg,"multi_train,single_train","multi,single",0.030667,2.51976,995,16
images/19683.jpg,multi_train,multi,0.020038,2.348326,1053,4
images/19684.jpg,multi_train,multi,0.01594,1.98429,695,2
images/1969.jpg,single_train,single,0.0206,3.741139,1713,9
images/19691.jpg,multi_train,multi,0.028149,3.358227,431,4
images/19697.jpg,multi_train,multi,0.031847,3.924384,1096,8
images/19699.jpg,multi_train,multi,0.031701,4.196276,677,3
images/1970.jpg,multi_train,multi,0.02143,3.846331,2962,2
images/19700.jpg,multi_train,multi,0.034678,3.932986,683,3
images/19707.jpg,single_train,single,0.05015,6.728712,403,10
images/1971.jpg,multi_train,multi,0.050906,4.938531,1632,5
images/19715.jpg,multi_train,multi,0.082615,4.71824,400,4
images/19718.jpg,multi_train,multi,0.050193,4.333031,740,3
images/1972.jpg,"multi_train,single_train","multi,single",0.049098,3.245416,150,10
images/19722.jpg,multi_test,multi,0.04091,4.081802,656,2
images/19723.jpg,multi_train,multi,0.048813,5.444186,1043,1
images/19725.jpg,multi_train,multi,0.028493,4.404553,1894,2
images/19726.jpg,single_train,single,0.036637,4.288048,843,3
images/19729.jpg,multi_train,multi,0.026904,1.940593,984,4
images/19730.jpg,single_train,single,0.024552,5.389957,1767,5
images/19731.jpg,multi_train,multi,0.045508,4.405193,1504,4
images/19732.jpg,"multi_train,single_train","multi,single",0.028794,2.292695,1231,8
images/19733.jpg,multi_train,multi,0.018592,5.315644,1291,6
images/19735.jpg,multi_train,multi,0.044138,4.946086,3431,4
images/19736.jpg,multi_train,multi,0.029325,7.265937,707,5
images/19737.jpg,multi_train,multi,0.022766,3.689055,576,1
images/19738.jpg,multi_train,multi,0.027567,4.517076,5286,1
images/19739.jpg,multi_train,multi,0.060438,4.192375,3013,2
images/1974.jpg,multi_train,multi,0.015011,2.720804,1073,2
images/19740.jpg,multi_train,multi,0.034143,4.641574,1974,4
images/19741.jpg,multi_train,multi,0.030327,3.76421,1116,4
images/19742.jpg,multi_train,multi,0.077284,5.728863,1413,5
images/19743.jpg,multi_train,multi,0.05617,4.452612,685,5
images/19744.jpg,multi_train,multi,0.104203,7.403415,656,5
images/19745.jpg,multi_train,multi,0.07625,6.630225,102,2
images/19747.jpg,multi_train,multi,0.067578,6.666779,72,2
images/19748.jpg,multi_train,multi,0.075408,3.894832,808,9
images/19749.jpg,single_train,single,0.059536,5.665158,827,7
images/1975.jpg,multi_train,multi,0.032419,3.470351,1587,3
images/19750.jpg,multi_train,multi,0.081382,4.167005,615,3
images/19751.jpg,single_train,single,0.05367,4.263359,666,12
images/19752.jpg,multi_train,multi,0.06491,4.558827,407,1
images/19753.jpg,multi_train,multi,0.073717,4.86378,1292,5
images/19755.jpg,multi_train,multi,0.062233,4.214524,2159,2
images/19756.jpg,multi_train,multi,0.062278,4.256016,533,5
images/1976.jpg,single_train,single,0.076939,5.825248,674,7
images/19760.jpg,multi_train,multi,0.050985,4.69162,1242,2
images/19765.jpg,"multi_train,single_train","multi,single",0.072636,5.204884,279,16
images/19766.jpg,single_test,single,0.094816,6.124928,189,6
images/19768.jpg,single_train,single,0.068883,5.497676,364,6
images/19775.jpg,multi_train,multi,0.059118,3.751386,1237,2
images/19776.jpg,multi_train,multi,0.049008,6.049053,336,6
images/19777.jpg,"multi_train,single_train","multi,single",0.050514,4.628173,1192,9
images/19780.jpg,multi_train,multi,0.060147,4.630177,883,1
images/19781.jpg,multi_train,multi,0.044522,5.328828,22,4
images/19782.jpg,multi_train,multi,0.03952,4.621923,1078,3
images/19784.jpg,multi_train,multi,0.04849,4.084195,1143,1
images/19787.jpg,single_train,single,0.093779,4.716253,40,1
images/19788.jpg,single_test,single,0.07357,4.399536,53,7
images/1979.jpg,multi_train,multi,0.039381,5.421433,2108,5
images/19790.jpg,multi_train,multi,0.073996,5.453453,587,7
images/19793.jpg,multi_train,multi,0.082982,4.356049,897,7
images/19794.jpg,multi_train,multi,0.07483,5.068042,1183,2
images/19795.jpg,multi_train,multi,0.070334,3.612854,892,5
images/19801.jpg,multi_train,multi,0.069153,4.521807,374,3
images/19802.jpg,multi_train,multi,0.061555,4.655887,520,8
images/19803.jpg,multi_train,multi,0.073574,6.269106,381,3
images/19805.jpg,multi_train,multi,0.062522,3.295439,461,8
images/19808.jpg,multi_train,multi,0.054198,6.141666,175,3
images/19809.jpg,multi_train,multi,0.07641,5.638946,164,3
images/1981.jpg,multi_train,multi,0.033606,3.538172,936,3
images/19812.jpg,multi_train,multi,0.080845,5.018194,34,5
images/19813.jpg,multi_train,multi,0.089963,5.839232,139,10
images/19814.jpg,multi_train,multi,0.057946,4.134916,815,5
images/19815.jpg,multi_train,multi,0.074938,4.117899,1107,1
images/19819.jpg,multi_test,multi,0.068937,4.738628,194,2
images/1982.jpg,multi_train,multi,0.075474,4.889743,1380,1
images/19821.jpg,multi_train,multi,0.056722,4.570441,3548,4
images/19827.jpg,multi_train,multi,0.056637,4.923405,395,3
images/19831.jpg,single_train,single,0.090224,5.765924,1878,5
images/19832.jpg,multi_train,multi,0.098813,5.544094,61,3
images/19836.jpg,single_train,single,0.046714,2.904219,605,7
images/19839.jpg,multi_train,multi,0.034277,2.713915,654,2
images/19841.jpg,"multi_train,single_train","multi,single",0.070864,4.491515,1260,6
images/19842.jpg,multi_train,multi,0.047298,3.355125,1402,3
images/19843.jpg,multi_train,multi,0.038233,4.226819,812,2
images/19844.jpg,"multi_train,single_train","multi,single",0.044763,3.448983,808,13
images/19845.jpg,multi_train,multi,0.046601,5.285401,1554,3
images/19846.jpg,multi_train,multi,0.041077,5.39876,2596,3
images/19849.jpg,multi_train,multi,0.040514,4.32642,1130,2
images/19850.jpg,multi_train,multi,0.043037,3.407342,1205,8
images/19853.jpg,multi_train,multi,0.043563,3.515578,1216,2
images/19854.jpg,multi_train,multi,0.039762,7.045439,630,4
images/19855.jpg,single_train,single,0.04898,5.840306,555,9
images/19860.jpg,multi_train,multi,0.033383,2.751495,644,4
images/19861.jpg,multi_train,multi,0.034877,3.935543,1027,3
images/19863.jpg,multi_train,multi,0.043103,5.383204,827,9
images/19869.jpg,multi_train,multi,0.036125,5.318289,1262,3
images/19874.jpg,multi_test,multi,0.041091,4.845083,528,4
images/19875.jpg,multi_train,multi,0.047164,5.287194,425,3
images/19878.jpg,multi_train,multi,0.039771,3.749854,644,2
images/19879.jpg,"multi_train,single_train","multi,single",0.030746,4.434325,467,13
images/19881.jpg,multi_train,multi,0.036068,4.392434,804,5
images/19882.jpg,multi_train,multi,0.042037,3.675287,1253,4
images/19884.jpg,"multi_train,single_train","multi,single",0.053783,3.836873,1261,11
images/19885.jpg,multi_train,multi,0.0365,4.581797,954,2
images/19887.jpg,single_test,single,0.04017,4.521906,1647,5
images/19889.jpg,single_train,single,0.049353,5.691468,414,8
images/1989.jpg,single_train,single,0.050875,3.016068,407,6
images/19893.jpg,multi_train,multi,0.04163,4.965579,841,7
images/19894.jpg,multi_train,multi,0.032557,3.100171,532,10
images/19895.jpg,multi_train,multi,0.034031,2.981224,831,3
images/19896.jpg,"multi_train,single_train","multi,single",0.032245,4.485094,717,6
images/19897.jpg,multi_train,multi,0.038921,3.431092,758,1
images/19898.jpg,multi_train,multi,0.032514,3.829616,988,6
images/19899.jpg,multi_train,multi,0.039453,4.494151,565,6
images/19900.jpg,multi_train,multi,0.042688,4.595142,1371,5
images/19908.jpg,multi_train,multi,0.033942,5.108426,747,7
images/19910.jpg,multi_train,multi,0.037601,2.62929,506,6
images/19912.jpg,multi_train,multi,0.028486,3.040314,875,3
images/19913.jpg,multi_train,multi,0.046061,4.154021,681,3
images/19915.jpg,multi_test,multi,0.052755,3.707027,2245,1
images/19916.jpg,multi_train,multi,0.043596,4.701943,1332,2
images/19917.jpg,multi_train,multi,0.042645,5.284302,6525,4
images/19919.jpg,multi_train,multi,0.036663,3.317035,897,5
images/1992.jpg,multi_train,multi,0.054476,4.481638,981,1
images/19920.jpg,multi_train,multi,0.064963,4.807016,851,6
images/19921.jpg,multi_train,multi,0.047084,3.963258,1862,4
images/19924.jpg,multi_train,multi,0.039142,3.68981,991,5
images/19925.jpg,multi_train,multi,0.034527,3.731164,617,5
images/19926.jpg,multi_train,multi,0.036307,3.319389,673,2
images/19927.jpg,multi_train,multi,0.045667,4.194808,952,3
images/19929.jpg,single_train,single,0.052601,5.91371,3008,5
images/19931.jpg,multi_train,multi,0.050386,7.184566,609,5
images/19935.jpg,multi_test,multi,0.048572,6.234817,725,4
images/19938.jpg,multi_train,multi,0.03666,3.48779,1345,3
images/1994.jpg,multi_train,multi,0.042201,6.210749,451,1
images/19941.jpg,"multi_train,single_train","multi,single",0.038527,3.450817,1333,13
images/19943.jpg,multi_train,multi,0.071835,5.265491,83,4
images/19944.jpg,multi_train,multi,0.042947,4.878591,2574,5
images/1995.jpg,multi_train,multi,0.055909,5.470432,147,8
images/19951.jpg,multi_train,multi,0.037204,3.321487,203,7
images/19952.jpg,multi_train,multi,0.038136,3.595052,586,3
images/19953.jpg,multi_train,multi,0.030153,3.384357,533,6
images/19955.jpg,multi_train,multi,0.04183,4.665918,196,2
images/19957.jpg,single_train,single,0.047776,4.035501,1023,3
images/19960.jpg,multi_train,multi,0.044419,3.52901,434,3
images/19962.jpg,"multi_train,single_train","multi,single",0.033696,3.066204,762,16
images/19964.jpg,multi_test,multi,0.043205,5.948411,778,4
images/19965.jpg,multi_train,multi,0.041517,4.305976,1136,5
images/19966.jpg,single_train,single,0.041544,5.257207,487,8
images/19968.jpg,multi_train,multi,0.035064,3.487154,147,6
images/19969.jpg,"multi_train,single_train","multi,single",0.041621,4.209824,5043,13
images/19970.jpg,multi_train,multi,0.034409,4.643707,839,2
images/19973.jpg,multi_train,multi,0.068299,6.255699,27,2
images/19974.jpg,multi_train,multi,0.036837,4.09789,960,3
images/19975.jpg,multi_train,multi,0.070706,5.073304,250,3
images/19976.jpg,single_train,single,0.044916,5.062284,722,6
images/19977.jpg,multi_train,multi,0.033429,4.846428,774,3
images/19978.jpg,multi_train,multi,0.038082,3.511363,741,7
images/1998.jpg,multi_train,multi,0.043968,3.670668,671,2
images/19981.jpg,multi_train,multi,0.036306,4.573639,1589,3
images/19982.jpg,multi_train,multi,0.029059,5.021017,2098,13
images/19985.jpg,multi_test,multi,0.034431,3.119473,560,2
images/19987.jpg,multi_train,multi,0.036589,4.863045,370,4
images/19988.jpg,multi_train,multi,0.045845,6.719564,567,2
images/19990.jpg,multi_train,multi,0.050421,5.469493,165,4
images/19991.jpg,multi_test,multi,0.03008,4.187084,695,2
images/19992.jpg,single_train,single,0.047361,5.215686,258,4
images/19995.jpg,multi_train,multi,0.047574,6.531401,1077,4
images/19996.jpg,single_train,single,0.039304,4.105247,962,8
images/19997.jpg,multi_train,multi,0.041513,5.115966,7677,4
images/19998.jpg,multi_train,multi,0.065959,5.492632,123,4
images/2.jpg,multi_train,multi,0.024204,1.753033,690,1
images/20.jpg,multi_train,multi,0.054603,2.414032,281,7
images/200.jpg,multi_train,multi,0.027753,2.538235,1538,2
images/20000.jpg,multi_train,multi,0.069086,4.788724,141,4
images/20002.jpg,multi_train,multi,0.04452,6.170282,1883,4
images/20003.jpg,multi_train,multi,0.038694,3.870835,700,5
images/20004.jpg,multi_train,multi,0.035857,3.871081,1591,2
images/20005.jpg,multi_train,multi,0.05972,6.558212,275,4
images/20008.jpg,"multi_test,single_test","multi,single",0.040124,5.017281,1272,21
images/20014.jpg,multi_train,multi,0.036002,3.235529,503,2
images/20015.jpg,multi_train,multi,0.033876,3.304309,546,3
images/20017.jpg,multi_train,multi,0.040676,5.874577,547,5
images/2002.jpg,multi_train,multi,0.04646,3.93377,596,5
images/20020.jpg,single_train,single,0.035147,4.196478,85,3
images/20021.jpg,multi_train,multi,0.038534,3.443065,1024,3
images/20023.jpg,multi_train,multi,0.047128,3.781041,1371,3
images/20025.jpg,single_train,single,0.05093,5.614203,2473,11
images/20028.jpg,multi_train,multi,0.039992,3.264163,667,2
images/20029.jpg,multi_train,multi,0.033095,3.20125,754,3
images/20030.jpg,multi_train,multi,0.039118,6.860809,1524,3
images/20031.jpg,multi_train,multi,0.040863,3.625096,644,2
images/20032.jpg,"multi_train,single_train","multi,single",0.031099,3.318232,1116,9
images/20033.jpg,single_train,single,0.044816,4.908514,696,2
images/20035.jpg,multi_train,multi,0.039814,4.119878,1074,5
images/20036.jpg,"multi_train,single_train","multi,single",0.031441,2.654382,579,15
images/20037.jpg,multi_train,multi,0.031823,2.627548,633,9
images/20038.jpg,multi_train,multi,0.031529,2.630963,587,4
images/2004.jpg,single_train,single,0.06859,4.371543,938,7
images/20040.jpg,multi_train,multi,0.032865,2.77804,645,9
images/20041.jpg,multi_train,multi,0.039355,4.019661,915,2
images/20042.jpg,multi_train,multi,0.045164,3.398143,1202,2
images/20045.jpg,multi_train,multi,0.050821,4.006917,1601,2
images/20048.jpg,multi_train,multi,0.035762,4.462763,435,3
images/20050.jpg,single_train,single,0.052235,6.53178,317,9
images/20051.jpg,multi_train,multi,0.070064,5.414793,1444,1
images/20053.jpg,multi_train,multi,0.038222,5.603376,213,2
images/20054.jpg,single_train,single,0.033885,5.68024,143,5
images/20055.jpg,multi_train,multi,0.031689,6.642395,660,3
images/20059.jpg,multi_train,multi,0.036845,4.711804,221,5
images/2006.jpg,multi_train,multi,0.089102,6.199312,1393,1
images/20060.jpg,multi_train,multi,0.039845,4.462682,632,3
images/20061.jpg,multi_train,multi,0.035917,4.426355,616,4
images/20062.jpg,multi_train,multi,0.039668,4.544785,708,4
images/20063.jpg,multi_test,multi,0.048552,5.326953,1480,4
images/20064.jpg,multi_train,multi,0.045319,3.463306,1250,1
images/20066.jpg,"multi_train,single_train","multi,single",0.059604,4.270514,1214,7
images/20067.jpg,multi_train,multi,0.064604,3.743432,1416,6
images/20074.jpg,multi_train,multi,0.048895,4.722942,1525,1
images/20076.jpg,"multi_train,single_train","multi,single",0.039035,4.665487,1275,13
images/2008.jpg,multi_train,multi,0.07446,3.64342,898,6
images/20082.jpg,multi_train,multi,0.04189,4.818692,100,6
images/20084.jpg,multi_train,multi,0.045298,3.862954,1347,2
images/20086.jpg,multi_test,multi,0.029252,4.240939,1231,7
images/20087.jpg,multi_test,multi,0.034607,4.059028,1141,7
images/20088.jpg,"multi_train,single_train","multi,single",0.053104,3.41509,826,7
images/20089.jpg,multi_train,multi,0.036847,3.87449,493,3
images/2009.jpg,single_test,single,0.066065,5.481672,615,12
images/20096.jpg,single_train,single,0.041259,4.132554,3818,10
images/20100.jpg,multi_train,multi,0.033227,4.138845,445,7
images/20101.jpg,multi_train,multi,0.036166,4.525251,929,2
images/20103.jpg,multi_train,multi,0.03856,3.29794,656,3
images/20104.jpg,multi_train,multi,0.044354,3.292332,1815,5
images/20105.jpg,multi_train,multi,0.042134,4.534356,176,9
images/2011.jpg,single_train,single,0.029957,4.991178,727,8
images/20111.jpg,multi_test,multi,0.042569,3.95516,601,3
images/20113.jpg,multi_train,multi,0.034462,3.590352,973,6
images/20114.jpg,multi_train,multi,0.036029,4.200226,953,2
images/20115.jpg,multi_train,multi,0.03956,3.072498,874,8
images/20116.jpg,"multi_train,single_train","multi,single",0.0372,4.463993,593,11
images/2012.jpg,single_test,single,0.043599,4.350612,1046,9
images/20124.jpg,multi_train,multi,0.041032,4.157245,1001,3
images/20126.jpg,multi_train,multi,0.043282,6.380021,823,3
images/20129.jpg,multi_train,multi,0.024077,3.186533,665,8
images/2013.jpg,multi_train,multi,0.038607,3.551889,556,1
images/20130.jpg,multi_train,multi,0.038567,4.41795,1070,4
images/20131.jpg,multi_train,multi,0.031479,4.302307,1884,4
images/20132.jpg,multi_train,multi,0.03127,4.322448,601,4
images/20133.jpg,multi_train,multi,0.030633,4.93243,1088,5
images/20134.jpg,"multi_train,single_train","multi,single",0.045589,4.89603,67,12
images/20135.jpg,single_train,single,0.045402,3.652184,1468,9
images/2014.jpg,multi_test,multi,0.022217,3.767614,1565,1
images/20140.jpg,multi_train,multi,0.038202,2.901246,632,6
images/20141.jpg,multi_train,multi,0.038284,2.939259,869,2
images/20142.jpg,"multi_train,single_train","multi,single",0.035824,3.322894,1121,13
images/20145.jpg,multi_train,multi,0.049884,4.782654,1461,5
images/20146.jpg,multi_test,multi,0.036183,3.306503,930,11
images/20149.jpg,multi_train,multi,0.031019,2.293048,1008,2
images/2015.jpg,multi_train,multi,0.046086,3.380041,690,3
images/20154.jpg,"multi_train,single_train","multi,single",0.037424,5.032745,786,11
images/20156.jpg,single_train,single,0.037342,5.936657,398,4
images/20160.jpg,"multi_test,single_test","multi,single",0.02565,4.640729,1839,17
images/20162.jpg,multi_train,multi,0.03708,3.512228,233,1
images/20163.jpg,multi_train,multi,0.030637,3.080415,546,1
images/20167.jpg,"multi_train,single_train","multi,single",0.029917,4.571824,5261,6
images/20170.jpg,multi_train,multi,0.064026,5.460948,123,3
images/20175.jpg,multi_train,multi,0.042904,5.041022,2065,5
images/20176.jpg,multi_test,multi,0.034899,4.899587,1110,3
images/20179.jpg,multi_train,multi,0.034215,4.184364,1747,6
images/2018.jpg,multi_test,multi,0.057027,4.020689,1200,5
images/20181.jpg,multi_train,multi,0.015921,3.733738,1270,2
images/20182.jpg,"multi_train,single_train","multi,single",0.036331,4.343837,2599,6
images/20186.jpg,multi_test,multi,0.070745,5.086213,889,10
images/20187.jpg,multi_train,multi,0.051044,4.823584,944,5
images/20189.jpg,multi_train,multi,0.033693,3.162335,411,7
images/2019.jpg,multi_train,multi,0.077486,3.620876,650,3
images/20191.jpg,single_train,single,0.024726,5.378778,1684,10
images/20193.jpg,multi_test,multi,0.046429,5.734286,737,4
images/20194.jpg,multi_train,multi,0.041735,3.06305,700,3
images/20195.jpg,multi_train,multi,0.03905,5.603061,391,3
images/20196.jpg,multi_train,multi,0.033844,3.086063,1223,2
images/20198.jpg,"multi_test,single_test","multi,single",0.054884,3.526348,2376,2
images/20200.jpg,multi_test,multi,0.040143,4.291985,269,8
images/20202.jpg,multi_train,multi,0.035567,3.154156,728,3
images/20203.jpg,multi_train,multi,0.031701,3.092236,782,4
images/20209.jpg,single_train,single,0.044794,3.208456,913,11
images/20210.jpg,single_train,single,0.048027,2.459469,3923,9
images/20214.jpg,multi_train,multi,0.035635,2.232065,1078,4
images/20215.jpg,single_train,single,0.057417,2.458833,1173,7
images/20218.jpg,multi_train,multi,0.056542,2.782317,1445,5
images/20226.jpg,multi_train,multi,0.058913,2.383534,1402,5
images/2023.jpg,multi_train,multi,0.020207,2.354874,613,2
images/20231.jpg,single_train,single,0.031113,2.283371,71,7
images/20232.jpg,single_train,single,0.07671,6.289954,672,1
images/20238.jpg,single_train,single,0.063986,5.022136,893,12
images/20239.jpg,multi_train,multi,0.055833,2.949012,828,2
images/2024.jpg,multi_train,multi,0.075173,3.565422,888,9
images/20240.jpg,multi_train,multi,0.055881,2.842614,1127,2
images/20241.jpg,single_train,single,0.049202,4.97484,829,8
images/20248.jpg,single_train,single,0.051507,3.625926,398,7
images/20252.jpg,single_train,single,0.048225,5.221959,41,10
images/20254.jpg,"multi_train,single_train","multi,single",0.048519,2.152542,659,3
images/20255.jpg,single_train,single,0.094292,2.99402,735,10
images/20257.jpg,single_train,single,0.079663,2.929759,611,5
images/20261.jpg,single_train,single,0.021364,2.805297,65,9
images/20267.jpg,multi_train,multi,0.019155,2.676718,578,5
images/20268.jpg,multi_train,multi,0.072397,4.19095,961,5
images/20269.jpg,multi_test,multi,0.046878,5.609703,663,4
images/20272.jpg,"multi_train,single_train","multi,single",0.043386,5.180581,30,9
images/20273.jpg,multi_train,multi,0.041449,4.462345,837,5
images/20276.jpg,multi_train,multi,0.072017,2.395001,494,4
images/20277.jpg,multi_train,multi,0.049413,5.357177,2140,4
images/2028.jpg,single_train,single,0.024979,3.439443,428,6
images/20280.jpg,multi_train,multi,0.100982,2.582315,658,2
images/20281.jpg,single_train,single,0.075655,6.313926,1621,10
images/20282.jpg,multi_train,multi,0.037944,3.928317,789,2
images/20286.jpg,multi_train,multi,0.076874,6.424724,401,3
images/20287.jpg,multi_test,multi,0.056064,3.027522,1002,4
images/20290.jpg,multi_train,multi,0.042214,3.81388,487,5
images/20292.jpg,multi_train,multi,0.027396,6.352937,3301,5
images/20293.jpg,"multi_test,single_test","multi,single",0.044662,5.024995,891,8
images/20295.jpg,multi_train,multi,0.041699,3.92712,414,3
images/20296.jpg,multi_train,multi,0.060212,4.928122,1140,3
images/20297.jpg,multi_train,multi,0.049204,3.295573,1706,2
images/20300.jpg,multi_train,multi,0.020012,2.807722,574,8
images/20302.jpg,multi_train,multi,0.024381,5.107305,2220,1
images/20306.jpg,multi_train,multi,0.021597,4.257521,1264,1
images/20308.jpg,multi_train,multi,0.041852,3.625369,2155,1
images/20311.jpg,multi_train,multi,0.03047,2.677575,725,3
images/20314.jpg,single_train,single,0.052632,5.707019,1002,7
images/20315.jpg,multi_train,multi,0.051919,3.608898,1564,4
images/20322.jpg,multi_train,multi,0.047753,4.544351,245,5
images/20323.jpg,multi_train,multi,0.028596,3.301661,2248,2
images/20324.jpg,multi_train,multi,0.05544,5.77769,1565,2
images/2033.jpg,multi_train,multi,0.07194,4.725148,571,2
images/20332.jpg,multi_train,multi,0.043888,4.722472,9999,2
images/20333.jpg,single_train,single,0.058744,4.08024,305,6
images/20339.jpg,multi_train,multi,0.032525,4.259978,1221,5
images/2034.jpg,single_train,single,0.086081,6.736036,1222,9
images/20349.jpg,multi_train,multi,0.03289,2.597017,618,4
images/20351.jpg,single_train,single,0.03296,2.578698,552,5
images/20353.jpg,multi_train,multi,0.04037,4.014213,954,2
images/20356.jpg,multi_test,multi,0.036463,4.158691,584,5
images/20358.jpg,single_train,single,0.043001,2.163567,613,12
images/2036.jpg,multi_train,multi,0.038102,3.056158,782,2
images/20361.jpg,single_train,single,0.062322,6.484694,106,3
images/20366.jpg,multi_train,multi,0.035323,4.614887,1448,1
images/20367.jpg,multi_train,multi,0.018852,4.217155,2301,1
images/20369.jpg,single_test,single,0.050771,4.680574,609,4
images/2037.jpg,multi_train,multi,0.021979,5.435758,1680,3
images/20372.jpg,single_train,single,0.043643,3.926995,1424,6
images/20377.jpg,single_train,single,0.105371,4.280784,660,1
images/2038.jpg,multi_train,multi,0.017471,3.355162,2204,1
images/20381.jpg,multi_train,multi,0.073712,3.683515,1867,6
images/20384.jpg,single_train,single,0.057526,2.378687,1111,8
images/20387.jpg,multi_train,multi,0.045318,2.099036,686,1
images/20389.jpg,multi_train,multi,0.033463,3.362779,1445,2
images/20396.jpg,multi_test,multi,0.055716,1.7313,1115,2
images/20397.jpg,multi_test,multi,0.059609,1.756443,883,2
images/20399.jpg,single_train,single,0.028728,1.63543,724,9
images/204.jpg,multi_train,multi,0.031262,2.876582,545,2
images/20403.jpg,multi_train,multi,0.041329,2.30292,1522,5
images/20406.jpg,multi_train,multi,0.031755,5.125732,1415,3
images/20407.jpg,multi_train,multi,0.062493,3.991438,785,2
images/20408.jpg,multi_train,multi,0.02681,1.48241,1229,3
images/20409.jpg,multi_train,multi,0.037394,1.663703,636,2
images/20410.jpg,multi_train,multi,0.036519,1.620999,639,2
images/20411.jpg,multi_train,multi,0.034186,1.608947,587,2
images/20412.jpg,multi_train,multi,0.032263,1.9325,2095,4
images/20413.jpg,multi_test,multi,0.03268,3.60964,2298,5
images/20414.jpg,multi_train,multi,0.03298,2.463394,1580,2
images/20415.jpg,multi_train,multi,0.061989,6.656474,291,2
images/20416.jpg,multi_train,multi,0.026829,2.180431,618,3
images/20417.jpg,multi_train,multi,0.076743,5.637445,1305,3
images/20418.jpg,multi_test,multi,0.066676,3.745326,599,6
images/2044.jpg,multi_train,multi,0.026758,2.01201,560,7
images/2046.jpg,multi_train,multi,0.019265,2.387851,323,2
images/2050.jpg,multi_train,multi,0.013875,2.775812,375,2
images/2052.jpg,multi_train,multi,0.0501,3.864102,1779,4
images/2053.jpg,multi_train,multi,0.023368,2.588596,323,5
images/2058.jpg,single_train,single,0.031058,3.331079,1028,7
images/206.jpg,multi_train,multi,0.018349,4.204829,629,3
images/2061.jpg,multi_train,multi,0.028997,2.726433,1981,8
images/2062.jpg,"multi_train,single_train","multi,single",0.027183,2.196394,726,10
images/207.jpg,multi_train,multi,0.020228,2.331795,487,3
images/2072.jpg,multi_train,multi,0.022963,3.840861,720,4
images/2073.jpg,"multi_train,single_train","multi,single",0.020638,4.884108,3365,5
images/2078.jpg,multi_train,multi,0.057635,3.584132,765,2
images/2079.jpg,single_train,single,0.016919,2.289926,1221,5
images/2083.jpg,multi_train,multi,0.034566,4.439025,750,3
images/2085.jpg,multi_train,multi,0.023271,1.752201,548,3
images/2087.jpg,multi_train,multi,0.03848,2.698628,996,4
images/2088.jpg,single_train,single,0.028039,2.802115,1631,9
images/2090.jpg,multi_train,multi,0.053225,3.694974,543,9
images/2092.jpg,multi_train,multi,0.062129,4.409142,485,3
images/2095.jpg,multi_train,multi,0.054506,3.603963,480,7
images/2097.jpg,multi_train,multi,0.053027,3.46857,572,7
images/2098.jpg,multi_train,multi,0.063974,4.055607,278,6
images/2101.jpg,multi_test,multi,0.049053,3.313632,365,2
images/2102.jpg,multi_train,multi,0.064548,4.060484,243,3
images/2104.jpg,multi_train,multi,0.053322,3.78815,540,3
images/2109.jpg,"multi_train,single_train","multi,single",0.050941,3.467167,480,7
images/211.jpg,multi_train,multi,0.044376,6.662826,1630,2
images/2111.jpg,multi_train,multi,0.041749,3.363221,1117,5
images/2117.jpg,multi_train,multi,0.05794,3.626486,727,5
images/2118.jpg,multi_train,multi,0.053982,3.53836,590,3
images/2119.jpg,multi_train,multi,0.086875,6.074184,643,4
images/212.jpg,single_train,single,0.019057,1.94688,144,11
images/2120.jpg,"multi_train,single_train","multi,single",0.065851,4.050228,242,15
images/2123.jpg,multi_train,multi,0.050541,3.512565,497,2
images/2124.jpg,multi_train,multi,0.066702,5.323182,931,1
images/2127.jpg,multi_train,multi,0.06944,3.27796,1021,4
images/2135.jpg,multi_train,multi,0.050765,3.432091,694,4
images/2136.jpg,multi_train,multi,0.064581,3.982727,263,2
images/2138.jpg,multi_train,multi,0.046162,3.217428,916,3
images/2139.jpg,multi_train,multi,0.055842,3.489454,739,3
images/2142.jpg,multi_train,multi,0.083728,4.493038,130,2
images/2143.jpg,multi_train,multi,0.080111,4.473409,1152,1
images/2146.jpg,multi_train,multi,0.057675,4.324327,1074,3
images/2147.jpg,"multi_train,single_train","multi,single",0.056798,3.625291,647,10
images/2150.jpg,multi_train,multi,0.051772,2.809853,627,3
images/2152.jpg,"multi_train,single_train","multi,single",0.058042,3.721286,361,7
images/2153.jpg,multi_train,multi,0.057123,3.560359,615,3
images/2156.jpg,"multi_train,single_train","multi,single",0.064665,7.185551,2024,11
images/2157.jpg,multi_train,multi,0.033932,2.906295,1450,6
images/2159.jpg,multi_train,multi,0.052916,4.80305,2303,5
images/2161.jpg,multi_train,multi,0.045086,3.402032,388,5
images/2162.jpg,multi_test,multi,0.07596,5.070052,499,4
images/2164.jpg,single_train,single,0.078579,5.099841,115,7
images/2166.jpg,"multi_train,single_train","multi,single",0.068718,3.826981,911,6
images/2167.jpg,multi_test,multi,0.078158,5.758566,637,3
images/2168.jpg,multi_train,multi,0.111771,5.055544,1176,1
images/217.jpg,multi_train,multi,0.024941,2.50255,720,5
images/2172.jpg,multi_train,multi,0.094622,6.564347,161,3
images/2173.jpg,single_train,single,0.052478,3.618765,1607,6
images/2174.jpg,multi_train,multi,0.040729,4.80499,1615,1
images/2179.jpg,multi_train,multi,0.071245,6.923245,364,1
images/2180.jpg,"multi_train,single_train","multi,single",0.040294,3.339031,287,8
images/2182.jpg,multi_train,multi,0.031435,2.801706,1112,6
images/2183.jpg,multi_train,multi,0.037468,3.203287,725,3
images/2185.jpg,multi_train,multi,0.118242,5.839398,453,4
images/2187.jpg,single_train,single,0.075442,4.440711,552,6
images/2189.jpg,multi_train,multi,0.053967,3.573094,366,2
images/2190.jpg,multi_train,multi,0.077995,4.918583,2333,3
images/2197.jpg,single_test,single,0.032926,4.895948,329,9
images/2198.jpg,multi_train,multi,0.03955,3.414016,15429,3
images/220.jpg,multi_train,multi,0.020678,4.792715,1296,1
images/2202.jpg,single_train,single,0.048645,2.893548,1742,5
images/2203.jpg,single_train,single,0.046162,3.899401,869,9
images/2206.jpg,multi_test,multi,0.030261,3.842628,606,2
images/2207.jpg,multi_train,multi,0.031614,2.765885,1260,6
images/2209.jpg,multi_train,multi,0.030939,2.287424,916,4
images/221.jpg,multi_train,multi,0.022972,4.293279,1294,2
images/2211.jpg,"multi_train,single_train","multi,single",0.042443,4.357249,658,10
images/2214.jpg,multi_train,multi,0.05094,4.888997,834,1
images/2216.jpg,"multi_train,single_train","multi,single",0.032527,4.252206,198,9
images/2218.jpg,multi_train,multi,0.104181,7.231054,832,3
images/2219.jpg,multi_train,multi,0.042766,4.124143,1298,1
images/222.jpg,multi_train,multi,0.025044,4.47674,1253,2
images/2221.jpg,"multi_train,single_train","multi,single",0.043658,5.455404,955,4
images/2224.jpg,single_train,single,0.045399,5.531072,95,7
images/2227.jpg,multi_train,multi,0.034742,3.91285,616,2
images/223.jpg,multi_train,multi,0.02235,4.076889,2423,3
images/2230.jpg,multi_train,multi,0.038657,2.995167,2483,4
images/2233.jpg,multi_train,multi,0.039487,4.069685,1055,1
images/2235.jpg,multi_train,multi,0.047734,3.339632,487,3
images/2236.jpg,"multi_train,single_train","multi,single",0.038067,4.754245,785,8
images/2239.jpg,multi_train,multi,0.024228,2.565649,382,8
images/224.jpg,single_train,single,0.027248,5.231709,685,8
images/2243.jpg,multi_train,multi,0.031024,3.593658,333,2
images/2250.jpg,multi_test,multi,0.058933,4.364134,599,6
images/2254.jpg,multi_train,multi,0.05954,4.868287,362,4
images/2255.jpg,single_train,single,0.129199,5.893529,968,7
images/2257.jpg,single_train,single,0.073577,3.455882,670,3
images/2260.jpg,multi_train,multi,0.093302,4.818324,941,1
images/2262.jpg,multi_train,multi,0.068577,3.884626,387,2
images/2263.jpg,multi_train,multi,0.03701,2.84412,915,3
images/2270.jpg,multi_test,multi,0.064458,4.351712,527,12
images/2271.jpg,multi_train,multi,0.05658,4.0648,625,1
images/2273.jpg,single_train,single,0.080783,4.309141,412,7
images/2277.jpg,multi_train,multi,0.072463,3.851538,5198,2
images/2278.jpg,multi_train,multi,0.072204,3.751145,736,1
images/228.jpg,single_train,single,0.025141,5.011919,677,6
images/2280.jpg,multi_train,multi,0.067392,4.202709,134,4
images/2281.jpg,multi_train,multi,0.055373,3.57014,692,8
images/2282.jpg,"multi_train,single_train","multi,single",0.112621,5.752718,307,16
images/2285.jpg,"multi_train,single_train","multi,single",0.080724,4.522158,2241,7
images/2287.jpg,"multi_test,single_test","multi,single",0.091401,5.517451,950,12
images/2288.jpg,"multi_train,single_train","multi,single",0.06641,3.702357,530,11
images/2297.jpg,"multi_train,single_train","multi,single",0.094748,5.38703,628,6
images/2298.jpg,multi_train,multi,0.097983,5.933453,1422,3
images/2300.jpg,multi_train,multi,0.069306,5.265652,878,5
images/2303.jpg,multi_train,multi,0.057694,4.398247,289,2
images/2307.jpg,multi_train,multi,0.092054,5.953017,3170,1
images/2310.jpg,multi_test,multi,0.06793,3.897399,906,3
images/2311.jpg,multi_train,multi,0.079013,3.765843,470,7
images/2314.jpg,multi_train,multi,0.086541,6.476766,99,1
images/2315.jpg,multi_train,multi,0.063141,4.769165,354,1
images/2321.jpg,single_train,single,0.049471,3.927531,1185,6
images/2324.jpg,multi_test,multi,0.025006,3.817151,2083,8
images/2329.jpg,multi_train,multi,0.038213,3.345963,653,1
images/233.jpg,single_train,single,0.02151,2.402634,715,8
images/2336.jpg,multi_train,multi,0.041496,2.894018,781,5
images/2338.jpg,"multi_train,single_train","multi,single",0.038737,3.062132,2347,11
images/2339.jpg,multi_train,multi,0.040061,3.401516,786,6
images/234.jpg,multi_train,multi,0.02063,5.517985,4800,4
images/2343.jpg,multi_train,multi,0.048235,3.65449,768,10
images/2347.jpg,multi_test,multi,0.037387,3.688574,567,3
images/2348.jpg,multi_test,multi,0.035654,3.206556,507,3
images/2349.jpg,multi_train,multi,0.022428,2.333783,509,1
images/2351.jpg,multi_train,multi,0.047029,3.850961,727,1
images/2354.jpg,multi_train,multi,0.058109,4.146643,1147,1
images/2356.jpg,multi_train,multi,0.040713,3.358183,884,5
images/2357.jpg,multi_train,multi,0.037253,3.358611,793,2
images/236.jpg,multi_train,multi,0.018377,3.518808,326,3
images/2360.jpg,single_train,single,0.033475,2.910306,2540,10
images/2361.jpg,multi_train,multi,0.039283,3.370642,735,3
images/2363.jpg,multi_train,multi,0.032718,2.739165,675,3
images/2365.jpg,multi_train,multi,0.044545,3.946401,797,1
images/2366.jpg,single_train,single,0.047686,4.280367,896,6
images/2367.jpg,multi_train,multi,0.033498,2.901237,1031,4
images/2369.jpg,multi_test,multi,0.058412,4.346937,701,6
images/237.jpg,multi_train,multi,0.02762,2.544982,503,5
images/2370.jpg,multi_train,multi,0.03984,3.369104,697,3
images/2371.jpg,multi_train,multi,0.045898,3.809167,524,10
images/2372.jpg,multi_train,multi,0.060751,4.576618,1234,2
images/2379.jpg,multi_test,multi,0.03378,2.884043,1520,5
images/238.jpg,multi_train,multi,0.021349,4.121875,991,6
images/2381.jpg,multi_train,multi,0.062741,4.732613,1399,3
images/2382.jpg,multi_train,multi,0.046461,3.781558,1157,1
images/2383.jpg,multi_train,multi,0.036461,5.024908,557,3
images/2388.jpg,multi_train,multi,0.059232,4.559378,540,4
images/2389.jpg,multi_train,multi,0.046399,3.841519,2034,2
images/2390.jpg,multi_test,multi,0.062637,5.62092,567,3
images/2391.jpg,multi_train,multi,0.035206,4.250451,744,7
images/2394.jpg,multi_train,multi,0.050063,3.547237,1201,6
images/2396.jpg,multi_train,multi,0.035059,3.765483,1206,2
images/2397.jpg,multi_train,multi,0.031317,2.755782,449,1
images/2399.jpg,multi_train,multi,0.045012,6.42969,720,4
images/24.jpg,multi_train,multi,0.02004,2.077431,784,1
images/240.jpg,multi_train,multi,0.027403,2.126241,717,3
images/2400.jpg,multi_train,multi,0.042311,4.89483,1078,1
images/2401.jpg,multi_train,multi,0.071799,5.13587,411,1
images/2402.jpg,multi_train,multi,0.032433,3.063833,817,3
images/2403.jpg,multi_train,multi,0.040992,4.182867,423,1
images/2404.jpg,multi_train,multi,0.050757,3.859342,1562,3
images/2406.jpg,multi_train,multi,0.079123,4.842911,1145,2
images/2407.jpg,multi_train,multi,0.041211,3.560931,856,2
images/2408.jpg,multi_train,multi,0.042957,2.872081,209,5
images/2414.jpg,multi_train,multi,0.07265,5.294875,1387,2
images/2416.jpg,multi_train,multi,0.070595,5.03372,2880,2
images/2417.jpg,multi_train,multi,0.081752,5.799984,442,1
images/2422.jpg,multi_train,multi,0.037782,3.524706,714,4
images/2423.jpg,multi_test,multi,0.033745,2.821835,511,2
images/2424.jpg,multi_test,multi,0.059626,5.076344,684,4
images/2426.jpg,multi_train,multi,0.040226,3.187007,534,1
images/2427.jpg,multi_train,multi,0.035463,3.094479,662,4
images/2429.jpg,multi_train,multi,0.037348,4.170057,1193,3
images/2431.jpg,multi_train,multi,0.027332,2.747816,816,4
images/2432.jpg,multi_test,multi,0.049394,4.719767,536,4
images/2433.jpg,multi_train,multi,0.04076,4.52662,383,3
images/2435.jpg,multi_train,multi,0.064672,4.765689,1147,4
images/2439.jpg,multi_train,multi,0.068719,4.353014,2419,6
images/2440.jpg,"multi_train,single_train","multi,single",0.030808,2.973385,528,15
images/2443.jpg,single_train,single,0.051619,5.856621,7959,8
images/2444.jpg,multi_train,multi,0.057821,3.881137,986,4
images/2445.jpg,"multi_train,single_train","multi,single",0.030434,3.189795,422,9
images/2448.jpg,single_train,single,0.043524,5.937338,863,11
images/2450.jpg,multi_train,multi,0.039808,4.025714,1091,3
images/2453.jpg,multi_train,multi,0.035379,3.575135,551,6
images/2454.jpg,multi_train,multi,0.053463,3.431306,1557,3
images/2455.jpg,single_train,single,0.040908,4.523509,786,16
images/2456.jpg,multi_train,multi,0.06763,5.293278,1128,3
images/2457.jpg,multi_train,multi,0.065653,4.480602,1279,6
images/2459.jpg,"multi_train,single_train","multi,single",0.073411,5.110635,1305,9
images/246.jpg,multi_train,multi,0.053202,2.796569,1741,2
images/2464.jpg,multi_train,multi,0.034629,5.064504,740,3
images/2468.jpg,multi_train,multi,0.050764,4.447248,1212,1
images/2469.jpg,multi_test,multi,0.056704,4.359926,1477,2
images/247.jpg,multi_train,multi,0.055629,3.017522,1654,2
images/2470.jpg,multi_train,multi,0.046318,4.587706,1185,3
images/2471.jpg,multi_train,multi,0.061437,5.057262,913,2
images/2475.jpg,multi_train,multi,0.047603,4.206873,1406,6
images/2476.jpg,multi_train,multi,0.051041,3.858186,1382,3
images/2477.jpg,multi_train,multi,0.053959,4.928669,870,6
images/2478.jpg,multi_train,multi,0.037627,4.060033,1111,1
images/2479.jpg,multi_train,multi,0.038681,4.334146,1646,3
images/248.jpg,multi_train,multi,0.019484,1.777428,575,4
images/2480.jpg,multi_train,multi,0.050405,4.792732,4699,3
images/2483.jpg,multi_train,multi,0.03739,4.1188,691,4
images/2484.jpg,multi_train,multi,0.044795,4.010026,1491,3
images/2485.jpg,multi_train,multi,0.045456,7.140875,1988,3
images/2487.jpg,multi_train,multi,0.043571,3.248279,716,4
images/2488.jpg,multi_train,multi,0.039742,2.968189,763,3
images/2491.jpg,multi_train,multi,0.035722,3.683872,1239,10
images/2494.jpg,multi_train,multi,0.066889,6.927644,279,2
images/2495.jpg,multi_train,multi,0.04955,6.85383,228,2
images/25.jpg,single_train,single,0.020161,1.809978,1626,3
images/2500.jpg,multi_train,multi,0.03124,3.007289,732,2
images/2504.jpg,multi_train,multi,0.037246,3.129222,705,6
images/2506.jpg,multi_train,multi,0.053134,5.294223,1171,4
images/2508.jpg,multi_train,multi,0.039611,3.494808,679,6
images/2509.jpg,multi_train,multi,0.035227,3.20886,1081,3
images/2512.jpg,single_train,single,0.034848,3.01583,1646,4
images/2514.jpg,multi_train,multi,0.036023,3.838329,1392,2
images/2515.jpg,multi_train,multi,0.036023,2.982538,2308,3
images/2516.jpg,single_train,single,0.055559,4.612377,759,5
images/2519.jpg,single_train,single,0.046252,5.301343,1019,7
images/2522.jpg,"multi_train,single_train","multi,single",0.038444,3.73004,1100,14
images/2523.jpg,multi_train,multi,0.063048,5.202236,827,7
images/2528.jpg,multi_train,multi,0.02765,5.428736,864,1
images/253.jpg,multi_train,multi,0.026258,5.92134,3637,2
images/2535.jpg,multi_train,multi,0.035312,4.405034,279,4
images/2537.jpg,multi_train,multi,0.029019,2.996238,1015,5
images/2544.jpg,multi_train,multi,0.069883,5.175684,1260,3
images/2545.jpg,"multi_train,single_train","multi,single",0.039929,3.641965,960,6
images/2547.jpg,multi_train,multi,0.032928,2.962577,689,3
images/2548.jpg,single_train,single,0.040107,4.170827,826,7
images/2549.jpg,multi_test,multi,0.023978,3.125822,367,2
images/255.jpg,multi_train,multi,0.028388,1.718392,738,3
images/2550.jpg,multi_train,multi,0.03476,3.593998,779,9
images/2552.jpg,multi_train,multi,0.048397,3.973737,1329,3
images/2554.jpg,single_test,single,0.039561,4.142304,441,6
images/2555.jpg,multi_test,multi,0.026391,3.271028,401,2
images/2557.jpg,multi_train,multi,0.04404,2.535208,807,3
images/2559.jpg,multi_train,multi,0.069543,4.34447,499,4
images/256.jpg,multi_train,multi,0.043147,2.926809,657,2
images/2560.jpg,multi_train,multi,0.063162,4.041862,2205,1
images/2563.jpg,multi_train,multi,0.041785,4.189815,731,5
images/2565.jpg,multi_train,multi,0.04011,3.320685,1682,1
images/2568.jpg,multi_train,multi,0.042007,4.407602,1199,2
images/2570.jpg,single_train,single,0.038546,4.061856,1414,11
images/2574.jpg,multi_train,multi,0.097755,5.411545,1902,5
images/2575.jpg,multi_train,multi,0.077602,4.815873,1355,3
images/2576.jpg,multi_train,multi,0.03,3.078219,835,4
images/2577.jpg,multi_train,multi,0.081896,5.340055,1298,2
images/2578.jpg,multi_train,multi,0.045816,3.807914,650,2
images/2579.jpg,"multi_train,single_train","multi,single",0.05765,4.011292,1140,4
images/2583.jpg,single_train,single,0.035951,3.966666,967,11
images/2585.jpg,multi_train,multi,0.046987,6.414813,659,2
images/2587.jpg,multi_train,multi,0.068054,5.023865,1218,4
images/2588.jpg,single_train,single,0.043253,4.217439,632,9
images/2589.jpg,multi_train,multi,0.067312,4.524331,749,2
images/259.jpg,multi_train,multi,0.026785,2.825571,649,2
images/2590.jpg,multi_train,multi,0.039148,2.965814,963,3
images/2594.jpg,multi_train,multi,0.0339,2.911222,831,3
images/2595.jpg,multi_train,multi,0.040328,3.642569,1000,3
images/2599.jpg,multi_train,multi,0.034956,4.485388,770,3
images/26.jpg,multi_train,multi,0.050191,5.063908,1292,5
images/260.jpg,multi_train,multi,0.026439,5.756331,508,4
images/2600.jpg,single_train,single,0.078043,6.506807,1175,7
images/2602.jpg,multi_train,multi,0.030984,3.212695,373,4
images/2604.jpg,multi_train,multi,0.067157,4.530481,1631,2
images/2605.jpg,multi_train,multi,0.050102,4.056683,1586,5
images/2606.jpg,multi_train,multi,0.045464,4.491696,866,9
images/2608.jpg,multi_train,multi,0.036636,3.222297,486,5
images/2609.jpg,multi_train,multi,0.054159,3.822846,2001,2
images/261.jpg,"multi_test,single_test","multi,single",0.037345,2.034206,819,12
images/2611.jpg,multi_train,multi,0.035848,3.773613,1055,2
images/2612.jpg,multi_train,multi,0.048247,3.661006,1336,6
images/2614.jpg,single_train,single,0.046018,3.816447,1526,8
images/2615.jpg,multi_train,multi,0.042862,2.922025,2464,5
images/2616.jpg,multi_train,multi,0.052179,4.225592,1224,2
images/2617.jpg,multi_train,multi,0.037785,2.864374,618,3
images/2619.jpg,multi_train,multi,0.041615,3.923196,1113,5
images/2620.jpg,multi_train,multi,0.036739,4.268191,458,1
images/2623.jpg,single_train,single,0.037064,3.539447,4063,5
images/2625.jpg,multi_train,multi,0.052807,5.085036,1300,6
images/2629.jpg,multi_train,multi,0.037471,3.336715,958,2
images/263.jpg,multi_test,multi,0.028928,5.76991,1603,2
images/2631.jpg,multi_train,multi,0.034757,3.612888,439,6
images/2633.jpg,"multi_train,single_train","multi,single",0.042436,5.018521,1446,13
images/2635.jpg,single_train,single,0.05472,4.554328,1289,10
images/264.jpg,multi_train,multi,0.044256,4.007343,1238,5
images/2640.jpg,multi_train,multi,0.038237,2.946569,535,3
images/2643.jpg,multi_train,multi,0.043864,4.204255,799,3
images/2647.jpg,multi_train,multi,0.064065,6.089929,3000,4
images/2653.jpg,"multi_train,single_train","multi,single",0.051162,4.944242,1081,10
images/2655.jpg,multi_train,multi,0.046291,4.375444,1186,6
images/2656.jpg,multi_train,multi,0.050985,4.167443,1323,3
images/2658.jpg,multi_test,multi,0.044078,3.765392,612,5
images/2659.jpg,single_train,single,0.038232,4.055112,621,6
images/2660.jpg,multi_test,multi,0.033183,3.444922,1222,4
images/2662.jpg,multi_test,multi,0.036989,3.28019,569,2
images/2663.jpg,multi_train,multi,0.033146,2.88515,677,4
images/2665.jpg,"multi_train,single_train","multi,single",0.07926,6.20868,945,10
images/2666.jpg,multi_train,multi,0.036462,3.859558,1330,2
images/2667.jpg,multi_train,multi,0.041918,3.692063,1310,4
images/2669.jpg,multi_test,multi,0.042863,3.783642,501,4
images/267.jpg,multi_test,multi,0.025035,2.15094,467,2
images/2670.jpg,multi_train,multi,0.037422,3.430023,468,5
images/2671.jpg,multi_train,multi,0.041119,3.491159,2564,3
images/2674.jpg,multi_train,multi,0.047291,4.683168,2023,3
images/2678.jpg,multi_train,multi,0.040551,3.995309,1189,5
images/2681.jpg,single_train,single,0.044464,2.606655,1000,7
images/2682.jpg,multi_test,multi,0.040691,3.745855,512,6
images/2683.jpg,single_train,single,0.038701,3.915837,569,10
images/2684.jpg,single_train,single,0.039454,3.469093,753,9
images/2686.jpg,multi_train,multi,0.038726,3.24898,443,1
images/2687.jpg,multi_train,multi,0.038631,3.441642,1051,3
images/2688.jpg,single_train,single,0.036105,3.301531,1157,10
images/2691.jpg,"multi_train,single_train","multi,single",0.039743,3.71269,612,8
images/2692.jpg,multi_train,multi,0.065965,4.866524,1064,3
images/2693.jpg,multi_train,multi,0.048136,3.567935,1298,5
images/2695.jpg,single_train,single,0.051443,3.717764,2137,10
images/2696.jpg,multi_train,multi,0.065175,4.751113,958,5
images/2697.jpg,single_train,single,0.034246,5.578226,843,4
images/2699.jpg,"multi_train,single_train","multi,single",0.056188,4.556153,1382,18
images/2700.jpg,single_train,single,0.042795,4.970777,2495,1
images/2702.jpg,multi_train,multi,0.03036,2.851677,963,2
images/2703.jpg,multi_train,multi,0.037615,3.469228,485,5
images/2705.jpg,single_train,single,0.036903,3.417957,533,6
images/2706.jpg,multi_train,multi,0.045746,4.879765,1031,4
images/2708.jpg,single_train,single,0.045107,4.058095,609,2
images/2710.jpg,multi_train,multi,0.060073,5.069729,2734,2
images/2711.jpg,multi_train,multi,0.049791,4.147276,1184,1
images/2712.jpg,multi_train,multi,0.062345,4.269144,1060,1
images/2714.jpg,multi_train,multi,0.043186,4.837453,1456,2
images/2716.jpg,multi_train,multi,0.045641,4.64875,624,2
images/2719.jpg,single_train,single,0.04761,5.575977,757,7
images/272.jpg,multi_test,multi,0.027192,1.930074,542,4
images/2721.jpg,multi_train,multi,0.045223,4.902662,1507,5
images/2724.jpg,multi_train,multi,0.038266,3.988507,804,4
images/2725.jpg,multi_train,multi,0.045723,6.184657,2514,4
images/2727.jpg,multi_train,multi,0.048957,4.734368,387,2
images/2728.jpg,multi_train,multi,0.04272,4.768813,279,2
images/2729.jpg,multi_train,multi,0.048196,4.645027,1818,2
images/2730.jpg,single_train,single,0.046305,5.10652,4093,4
images/2733.jpg,multi_train,multi,0.040871,4.688762,2440,5
images/2734.jpg,single_train,single,0.05386,5.228078,176,4
images/2735.jpg,multi_train,multi,0.036295,3.118956,988,4
images/2737.jpg,multi_train,multi,0.039749,2.954382,807,3
images/2738.jpg,multi_train,multi,0.041028,4.265099,950,2
images/274.jpg,"multi_train,single_train","multi,single",0.020195,2.307153,833,15
images/2740.jpg,multi_train,multi,0.039987,3.235107,1665,1
images/2743.jpg,multi_test,multi,0.034442,3.357218,991,4
images/2746.jpg,multi_train,multi,0.065802,5.627374,3859,5
images/2749.jpg,multi_train,multi,0.023628,3.209884,445,4
images/275.jpg,multi_train,multi,0.024343,2.297241,629,2
images/2750.jpg,multi_train,multi,0.044121,4.037369,573,1
images/2755.jpg,multi_train,multi,0.041065,4.566812,1397,5
images/2756.jpg,multi_train,multi,0.048515,4.674848,1059,4
images/2757.jpg,multi_train,multi,0.046491,3.914764,1456,8
images/2758.jpg,single_train,single,0.043563,3.494142,932,15
images/2762.jpg,multi_train,multi,0.051295,5.22539,1237,2
images/2766.jpg,single_train,single,0.034951,2.947904,647,9
images/2777.jpg,multi_train,multi,0.037624,3.171298,594,3
images/2778.jpg,multi_train,multi,0.036125,3.902275,757,2
images/2779.jpg,multi_train,multi,0.039649,4.255681,639,2
images/278.jpg,single_train,single,0.035391,6.603503,2714,6
images/2781.jpg,multi_train,multi,0.037465,2.709535,541,4
images/2782.jpg,multi_train,multi,0.038265,5.199902,1135,2
images/2787.jpg,multi_train,multi,0.039629,3.254463,942,3
images/279.jpg,multi_train,multi,0.021171,2.348562,9307,4
images/2790.jpg,multi_train,multi,0.065392,4.758821,723,5
images/2791.jpg,multi_train,multi,0.034104,3.177555,665,7
images/2792.jpg,"multi_train,single_train","multi,single",0.041264,4.388646,1273,9
images/2794.jpg,multi_train,multi,0.039766,4.559182,556,2
images/2796.jpg,single_train,single,0.041573,4.23428,831,6
images/2803.jpg,multi_train,multi,0.039638,4.013312,719,3
images/2808.jpg,multi_train,multi,0.037774,3.975983,1094,3
images/2809.jpg,multi_train,multi,0.03415,3.962204,918,5
images/2810.jpg,multi_train,multi,0.0501,5.090874,1295,4
images/2811.jpg,multi_train,multi,0.061232,4.088099,1011,4
images/2812.jpg,multi_train,multi,0.048134,4.51759,990,2
images/2813.jpg,multi_train,multi,0.062527,4.088108,959,7
images/2814.jpg,multi_train,multi,0.035621,3.82824,1048,4
images/2815.jpg,multi_train,multi,0.032796,3.75179,694,5
images/2816.jpg,multi_train,multi,0.046546,4.440053,1203,3
images/2817.jpg,multi_train,multi,0.036808,5.139717,860,3
images/2819.jpg,multi_train,multi,0.039385,4.020879,983,5
images/2820.jpg,multi_train,multi,0.03381,3.954053,1045,5
images/2821.jpg,multi_train,multi,0.04753,4.70992,833,2
images/2822.jpg,multi_train,multi,0.051977,5.42258,1520,2
images/2823.jpg,multi_train,multi,0.039707,4.065903,1026,4
images/2824.jpg,multi_train,multi,0.034466,3.939712,1101,5
images/2825.jpg,multi_train,multi,0.050424,5.321197,1025,1
images/2826.jpg,multi_train,multi,0.046195,4.757647,697,3
images/2828.jpg,multi_train,multi,0.036936,3.952501,1159,5
images/2829.jpg,multi_train,multi,0.064683,4.158106,809,3
images/283.jpg,multi_train,multi,0.021133,2.386993,621,2
images/2830.jpg,multi_train,multi,0.03628,3.948009,757,5
images/2831.jpg,"multi_train,single_train","multi,single",0.051688,4.781401,1124,4
images/2832.jpg,multi_train,multi,0.044065,5.357553,991,3
images/2833.jpg,multi_train,multi,0.040099,4.051713,752,3
images/2835.jpg,multi_train,multi,0.046292,4.391216,741,2
images/2839.jpg,multi_train,multi,0.037391,2.628625,554,4
images/2840.jpg,multi_train,multi,0.059416,4.087712,1063,5
images/2842.jpg,multi_train,multi,0.038804,4.109926,765,5
images/2843.jpg,multi_train,multi,0.044256,4.332472,828,3
images/2845.jpg,multi_train,multi,0.048755,4.741934,801,1
images/2846.jpg,multi_train,multi,0.034786,3.817647,1044,1
images/2847.jpg,"multi_train,single_train","multi,single",0.056106,3.872856,1364,9
images/2848.jpg,multi_train,multi,0.060149,4.016735,1187,2
images/2849.jpg,multi_train,multi,0.055102,3.540077,1234,3
images/2850.jpg,multi_train,multi,0.05636,4.088063,1269,4
images/2851.jpg,"multi_train,single_train","multi,single",0.059095,3.879146,1652,11
images/2852.jpg,multi_train,multi,0.053828,3.642224,1228,4
images/2853.jpg,multi_train,multi,0.050221,4.688343,1550,3
images/2854.jpg,single_train,single,0.050365,5.317141,972,2
images/2858.jpg,"multi_train,single_train","multi,single",0.04319,4.299501,846,8
images/286.jpg,multi_train,multi,0.028597,6.549742,4224,2
images/2860.jpg,multi_train,multi,0.043876,3.28213,959,3
images/2862.jpg,multi_train,multi,0.042905,2.638153,576,3
images/2863.jpg,multi_train,multi,0.032075,3.217202,551,4
images/2864.jpg,multi_train,multi,0.07041,5.124363,1153,4
images/2866.jpg,multi_train,multi,0.03265,3.104005,631,4
images/2867.jpg,multi_test,multi,0.03626,3.86342,866,4
images/2868.jpg,multi_train,multi,0.043587,4.305534,779,2
images/2871.jpg,multi_train,multi,0.040858,2.750962,654,6
images/2873.jpg,multi_test,multi,0.087478,4.536886,2092,3
images/2875.jpg,multi_train,multi,0.052397,3.279856,1341,3
images/2876.jpg,"multi_train,single_train","multi,single",0.045701,3.926581,1808,13
images/2878.jpg,multi_train,multi,0.061604,5.110037,1132,4
images/2882.jpg,multi_train,multi,0.0496,4.396639,458,3
images/2885.jpg,multi_train,multi,0.039159,4.249659,1734,2
images/2891.jpg,multi_train,multi,0.043166,5.665129,147,4
images/2894.jpg,single_train,single,0.044457,3.835331,453,12
images/2896.jpg,"multi_train,single_train","multi,single",0.065455,4.940372,748,14
images/2901.jpg,multi_train,multi,0.023501,3.198704,600,4
images/2902.jpg,multi_train,multi,0.032105,3.313166,175,4
images/2904.jpg,multi_train,multi,0.043115,4.267045,877,4
images/2905.jpg,multi_train,multi,0.071463,4.728602,186,3
images/2907.jpg,multi_train,multi,0.035511,3.783818,104,3
images/2908.jpg,multi_train,multi,0.038091,3.220466,635,5
images/291.jpg,single_train,single,0.04353,2.340521,565,2
images/2910.jpg,multi_train,multi,0.060104,4.012309,1525,5
images/2911.jpg,multi_train,multi,0.077832,4.366062,1211,2
images/2913.jpg,"multi_train,single_train","multi,single",0.03806,5.173229,278,15
images/2914.jpg,multi_train,multi,0.043239,5.246639,1589,5
images/2915.jpg,single_train,single,0.032736,4.817872,875,9
images/2919.jpg,multi_train,multi,0.041993,3.843172,399,6
images/292.jpg,single_train,single,0.038974,3.122269,1208,6
images/2922.jpg,"multi_train,single_train","multi,single",0.039175,2.939934,549,13
images/2924.jpg,multi_train,multi,0.039368,4.014379,658,4
images/2928.jpg,multi_train,multi,0.044508,3.796886,1546,4
images/2930.jpg,multi_train,multi,0.052201,5.018831,2863,2
images/2933.jpg,multi_test,multi,0.048188,4.030539,523,5
images/2937.jpg,multi_train,multi,0.033997,3.152941,639,3
images/294.jpg,multi_train,multi,0.029272,2.287214,619,2
images/2940.jpg,single_train,single,0.040177,3.560236,583,7
images/2942.jpg,multi_train,multi,0.0356,3.799072,497,3
images/2943.jpg,multi_train,multi,0.042111,3.48917,709,4
images/2944.jpg,multi_train,multi,0.049234,3.724728,818,2
images/2946.jpg,multi_train,multi,0.056318,3.827541,1125,3
images/2949.jpg,multi_train,multi,0.049955,3.549107,902,2
images/2951.jpg,multi_train,multi,0.058331,3.652933,994,3
images/2952.jpg,multi_train,multi,0.042642,3.567713,679,2
images/2953.jpg,multi_train,multi,0.061303,3.801245,1234,2
images/2954.jpg,multi_train,multi,0.049053,4.536345,857,1
images/2956.jpg,single_train,single,0.044064,4.801109,1004,5
images/2957.jpg,multi_train,multi,0.053056,4.31241,692,3
images/2959.jpg,multi_train,multi,0.049259,4.444965,1715,2
images/2961.jpg,single_test,single,0.053374,6.728917,763,8
images/2966.jpg,multi_train,multi,0.038564,3.821925,123,4
images/2970.jpg,single_train,single,0.096591,5.791412,1500,2
images/2971.jpg,multi_train,multi,0.030102,3.853002,657,3
images/2972.jpg,multi_test,multi,0.037623,3.444607,860,4
images/2974.jpg,multi_train,multi,0.041905,4.961634,2310,2
images/2976.jpg,multi_train,multi,0.037969,3.310345,568,3
images/2977.jpg,multi_train,multi,0.037313,2.981554,851,3
images/2978.jpg,single_train,single,0.047876,4.467427,283,7
images/2980.jpg,multi_test,multi,0.047334,3.63331,713,7
images/2981.jpg,multi_train,multi,0.042582,4.035446,437,3
images/2983.jpg,multi_train,multi,0.061809,4.42126,530,5
images/2987.jpg,multi_train,multi,0.03869,3.730537,4441,2
images/2990.jpg,multi_train,multi,0.03871,2.819689,226,6
images/2991.jpg,multi_train,multi,0.041547,3.090537,274,6
images/2995.jpg,multi_train,multi,0.032477,5.047911,215,3
images/2998.jpg,multi_train,multi,0.033515,3.730426,1069,2
images/2999.jpg,multi_train,multi,0.057717,3.956527,1238,3
images/3002.jpg,multi_train,multi,0.025836,5.208215,531,1
images/3008.jpg,single_train,single,0.034053,7.272005,474,6
images/3010.jpg,multi_train,multi,0.043294,4.299029,419,2
images/3012.jpg,multi_train,multi,0.041044,3.567547,655,4
images/3015.jpg,multi_test,multi,0.047084,2.960515,1646,3
images/3016.jpg,multi_test,multi,0.049036,3.49175,1742,3
images/3018.jpg,multi_train,multi,0.036821,3.580159,1054,2
images/3021.jpg,multi_train,multi,0.041802,3.780347,651,1
images/3022.jpg,multi_train,multi,0.048313,4.356343,592,2
images/3026.jpg,multi_train,multi,0.036428,4.186552,319,4
images/3027.jpg,single_test,single,0.047911,4.508556,792,5
images/3028.jpg,multi_train,multi,0.048461,5.175551,1121,3
images/3029.jpg,multi_train,multi,0.053285,4.430754,828,3
images/303.jpg,multi_train,multi,0.030058,1.627846,591,4
images/3033.jpg,multi_train,multi,0.046943,4.598254,2141,4
images/3037.jpg,"multi_train,single_train","multi,single",0.044508,4.594482,954,13
images/3039.jpg,multi_train,multi,0.038736,3.408161,561,5
images/3040.jpg,multi_train,multi,0.044362,3.297734,7249,2
images/3041.jpg,multi_train,multi,0.035912,4.113308,1113,3
images/3045.jpg,multi_train,multi,0.058501,4.783755,812,1
images/3046.jpg,multi_train,multi,0.055898,4.521096,885,1
images/3048.jpg,"multi_train,single_train","multi,single",0.050997,3.71165,855,9
images/3049.jpg,multi_train,multi,0.05758,6.066526,2157,3
images/3050.jpg,multi_train,multi,0.055039,5.81218,2465,3
images/3054.jpg,single_train,single,0.047524,3.589844,1587,7
images/3056.jpg,multi_train,multi,0.048773,4.229322,1198,4
images/3060.jpg,multi_train,multi,0.049738,4.05561,1033,4
images/3062.jpg,"multi_train,single_train","multi,single",0.03459,3.874631,514,10
images/3063.jpg,single_train,single,0.080007,4.985336,1203,9
images/3067.jpg,multi_train,multi,0.044024,4.301707,720,2
images/307.jpg,"multi_train,single_train","multi,single",0.063345,2.621205,596,11
images/3080.jpg,single_train,single,0.033102,2.024483,611,8
images/3081.jpg,multi_train,multi,0.043275,4.220556,1170,7
images/3082.jpg,"multi_train,single_train","multi,single",0.055129,3.913088,2006,6
images/3085.jpg,"multi_train,single_train","multi,single",0.022083,3.413785,357,7
images/3086.jpg,multi_train,multi,0.02636,2.719071,388,4
images/3087.jpg,multi_train,multi,0.028277,2.859388,428,4
images/3097.jpg,multi_train,multi,0.056748,3.124293,1198,4
images/31.jpg,single_train,single,0.06816,2.881769,1845,6
images/3102.jpg,multi_train,multi,0.055548,3.096936,1085,4
images/3105.jpg,"multi_train,single_train","multi,single",0.049955,5.015151,3322,11
images/3106.jpg,multi_train,multi,0.02608,3.067917,413,4
images/3107.jpg,multi_train,multi,0.026524,3.038108,409,1
images/3111.jpg,multi_train,multi,0.028759,2.948378,427,5
images/3112.jpg,multi_train,multi,0.016784,2.409813,276,2
images/3113.jpg,multi_train,multi,0.019091,2.590714,311,2
images/3114.jpg,multi_train,multi,0.033262,1.900009,1049,4
images/3115.jpg,multi_train,multi,0.020783,2.7857,339,2
images/3116.jpg,single_train,single,0.038549,3.534424,499,5
images/3119.jpg,single_train,single,0.031993,1.798477,548,1
images/3120.jpg,multi_train,multi,0.023161,2.755164,297,3
images/3121.jpg,single_train,single,0.025172,2.837033,320,10
images/3123.jpg,"multi_train,single_train","multi,single",0.031865,1.765624,562,6
images/3124.jpg,multi_train,multi,0.03633,2.582557,110,2
images/3125.jpg,single_train,single,0.042529,3.663634,164,9
images/3127.jpg,single_train,single,0.02535,1.738544,382,7
images/3131.jpg,multi_train,multi,0.041141,5.750879,1347,2
images/3133.jpg,single_train,single,0.03204,3.853356,574,9
images/3134.jpg,multi_train,multi,0.031629,1.959453,712,6
images/3138.jpg,multi_train,multi,0.039521,5.649409,1288,2
images/3142.jpg,single_test,single,0.039085,3.307446,6454,9
images/3144.jpg,single_train,single,0.02998,2.754109,107,10
images/3145.jpg,multi_train,multi,0.0399,3.089072,1436,3
images/3147.jpg,multi_train,multi,0.032266,2.888306,100,2
images/315.jpg,single_test,single,0.049161,1.731399,1230,10
images/3152.jpg,multi_train,multi,0.038691,3.016627,341,3
images/3153.jpg,multi_train,multi,0.029212,3.779608,1112,2
images/3155.jpg,"multi_train,single_train","multi,single",0.052007,3.071977,243,6
images/3159.jpg,multi_train,multi,0.031844,4.055161,208,1
images/3163.jpg,multi_train,multi,0.032684,2.007918,521,8
images/3164.jpg,multi_train,multi,0.037306,3.105411,1040,3
images/3168.jpg,"multi_train,single_train","multi,single",0.036755,5.348505,534,10
images/3170.jpg,single_train,single,0.052895,3.310573,408,6
images/3172.jpg,multi_train,multi,0.030083,2.735395,1225,4
images/3181.jpg,multi_train,multi,0.033931,2.002994,516,5
images/3185.jpg,multi_train,multi,0.031287,1.955399,485,4
images/3188.jpg,multi_train,multi,0.037526,2.012775,474,7
images/319.jpg,multi_train,multi,0.040411,3.110887,774,4
images/3196.jpg,multi_test,multi,0.02936,2.575828,372,1
images/3197.jpg,multi_test,multi,0.033235,2.895192,232,2
images/3199.jpg,multi_test,multi,0.029126,2.550441,372,1
images/320.jpg,multi_train,multi,0.050889,2.009906,622,1
images/3200.jpg,multi_train,multi,0.04991,3.83587,669,1
images/3202.jpg,multi_train,multi,0.04637,3.555157,652,1
images/3205.jpg,multi_train,multi,0.03649,3.251347,350,1
images/3208.jpg,multi_train,multi,0.032576,3.452766,512,3
images/3209.jpg,multi_train,multi,0.03716,3.63008,309,3
images/321.jpg,multi_train,multi,0.039631,2.952849,503,4
images/3210.jpg,multi_train,multi,0.037287,2.099478,478,4
images/3211.jpg,multi_train,multi,0.032708,3.51478,415,3
images/3212.jpg,multi_train,multi,0.027728,3.594258,662,3
images/3213.jpg,multi_train,multi,0.036502,2.036863,514,5
images/3219.jpg,"multi_train,single_train","multi,single",0.039525,2.481838,392,14
images/322.jpg,multi_train,multi,0.043561,1.946646,856,2
images/3223.jpg,multi_train,multi,0.071322,3.79488,502,3
images/3225.jpg,multi_train,multi,0.073937,3.886031,522,3
images/3229.jpg,multi_train,multi,0.075461,3.79651,528,3
images/3232.jpg,multi_train,multi,0.026856,2.750161,975,3
images/3234.jpg,multi_train,multi,0.076158,3.907401,252,3
images/3238.jpg,multi_train,multi,0.036111,2.032924,589,4
images/3239.jpg,multi_train,multi,0.037189,2.091026,567,4
images/3240.jpg,"multi_train,single_train","multi,single",0.044676,3.22934,417,11
images/3241.jpg,multi_train,multi,0.027193,2.774375,735,1
images/3244.jpg,single_train,single,0.03137,3.148552,739,10
images/3247.jpg,multi_train,multi,0.061419,5.098873,914,2
images/325.jpg,multi_train,multi,0.054139,2.213549,766,1
images/3250.jpg,single_train,single,0.044157,2.355512,528,7
images/3253.jpg,multi_train,multi,0.042675,2.645955,595,1
images/3255.jpg,multi_train,multi,0.05457,3.202185,43,1
images/3257.jpg,multi_train,multi,0.048185,3.06481,5406,1
images/3262.jpg,multi_train,multi,0.03026,2.99168,697,4
images/3266.jpg,multi_train,multi,0.066641,3.755132,701,1
images/3268.jpg,multi_train,multi,0.059901,5.617275,655,5
images/3269.jpg,multi_train,multi,0.046446,3.26227,564,8
images/3270.jpg,single_train,single,0.035849,6.002796,135,5
images/3272.jpg,multi_train,multi,0.040824,3.089528,544,4
images/3274.jpg,single_train,single,0.043802,3.171943,558,8
images/3275.jpg,multi_train,multi,0.04533,3.132753,568,3
images/328.jpg,multi_train,multi,0.031689,2.15413,337,3
images/3282.jpg,multi_train,multi,0.054021,3.356911,636,4
images/3283.jpg,multi_train,multi,0.042885,2.586327,1010,4
images/3286.jpg,single_test,single,0.05259,5.893366,1033,5
images/3289.jpg,multi_train,multi,0.060253,3.562723,681,3
images/329.jpg,multi_train,multi,0.03282,6.115278,2537,6
images/3290.jpg,single_train,single,0.062855,3.561257,699,9
images/3291.jpg,multi_train,multi,0.046144,3.123898,594,1
images/3292.jpg,single_train,single,0.047207,3.149097,601,6
images/3295.jpg,multi_train,multi,0.048991,3.06612,609,3
images/3296.jpg,multi_train,multi,0.027196,5.397714,291,3
images/3297.jpg,multi_train,multi,0.034581,2.123503,611,3
images/3298.jpg,multi_train,multi,0.06703,3.19874,1236,4
images/3300.jpg,"multi_train,single_train","multi,single",0.035518,2.20796,628,13
images/3311.jpg,multi_train,multi,0.066731,3.098029,1280,4
images/3316.jpg,multi_train,multi,0.033311,2.02745,626,4
images/3317.jpg,single_train,single,0.033476,1.953904,618,6
images/3318.jpg,"multi_train,single_train","multi,single",0.066787,3.15836,1254,9
images/332.jpg,"multi_train,single_train","multi,single",0.021811,2.900488,797,14
images/3321.jpg,multi_train,multi,0.036531,2.086691,552,4
images/3322.jpg,multi_train,multi,0.053856,3.154554,639,12
images/3323.jpg,multi_train,multi,0.058569,5.758648,1294,2
images/3324.jpg,multi_train,multi,0.03394,1.97904,626,3
images/3328.jpg,multi_train,multi,0.035344,2.008219,712,3
images/333.jpg,single_test,single,0.022553,1.866484,968,6
images/3336.jpg,single_train,single,0.032631,2.022835,716,6
images/3338.jpg,single_train,single,0.030001,4.159019,721,6
images/334.jpg,single_train,single,0.03979,2.447994,1353,5
images/3341.jpg,single_train,single,0.033907,2.089318,798,7
images/3343.jpg,single_train,single,0.034452,2.061076,731,7
images/3346.jpg,single_train,single,0.03536,2.017304,736,6
images/3352.jpg,multi_train,multi,0.054751,3.175265,685,3
images/3355.jpg,multi_train,multi,0.041133,2.581241,2096,2
images/3357.jpg,multi_train,multi,0.037676,2.472507,2091,4
images/3359.jpg,multi_train,multi,0.031831,3.17319,604,3
images/336.jpg,multi_train,multi,0.021767,1.863203,926,1
images/3360.jpg,multi_train,multi,0.040268,3.289046,892,3
images/3361.jpg,multi_train,multi,0.036829,2.97881,643,3
images/3362.jpg,multi_train,multi,0.034407,2.048971,618,7
images/3363.jpg,multi_train,multi,0.032709,2.345417,204,1
images/3364.jpg,multi_train,multi,0.036803,2.402744,2088,3
images/3365.jpg,multi_train,multi,0.033628,2.018605,693,3
images/3369.jpg,single_train,single,0.034225,2.07703,712,8
images/337.jpg,multi_train,multi,0.01707,2.739604,386,5
images/3373.jpg,multi_train,multi,0.03388,2.352778,2025,5
images/3375.jpg,multi_train,multi,0.032459,2.265417,2033,5
images/3379.jpg,multi_train,multi,0.054188,3.195065,619,3
images/3380.jpg,multi_train,multi,0.033117,2.282816,2095,2
images/3381.jpg,single_train,single,0.03944,2.05232,415,9
images/3385.jpg,multi_train,multi,0.043286,3.461106,505,4
images/3387.jpg,single_train,single,0.034384,2.008444,775,5
images/3388.jpg,single_train,single,0.056123,3.346865,632,7
images/3389.jpg,single_train,single,0.034719,2.00145,774,6
images/339.jpg,multi_train,multi,0.025697,1.592391,587,2
images/3395.jpg,single_train,single,0.034692,2.094505,716,2
images/3406.jpg,single_train,single,0.033551,1.955833,690,7
images/3412.jpg,single_train,single,0.032345,1.952093,685,5
images/3414.jpg,single_train,single,0.033096,1.961331,716,7
images/3417.jpg,multi_train,multi,0.048249,2.984586,609,9
images/3418.jpg,multi_train,multi,0.03105,1.886169,712,8
images/3419.jpg,multi_train,multi,0.030102,1.862858,725,12
images/3420.jpg,"multi_train,single_train","multi,single",0.030134,1.874218,730,7
images/3421.jpg,multi_train,multi,0.030781,1.897276,741,3
images/3422.jpg,multi_train,multi,0.030861,1.875753,747,4
images/3423.jpg,multi_train,multi,0.030892,1.906623,752,8
images/3425.jpg,multi_train,multi,0.031199,1.969776,766,4
images/3426.jpg,multi_train,multi,0.046555,3.982252,642,2
images/3427.jpg,single_train,single,0.032155,1.90249,805,9
images/3429.jpg,multi_train,multi,0.037639,5.203587,90,2
images/3432.jpg,multi_train,multi,0.031837,1.916944,787,3
images/3437.jpg,multi_test,multi,0.033925,2.808515,658,2
images/3440.jpg,multi_train,multi,0.078741,4.3536,1748,4
images/3443.jpg,multi_train,multi,0.030494,2.991987,1238,4
images/3447.jpg,"multi_train,single_train","multi,single",0.038544,3.388559,649,10
images/3448.jpg,multi_train,multi,0.035177,5.022795,971,3
images/3449.jpg,multi_train,multi,0.040391,2.952814,1379,2
images/345.jpg,multi_train,multi,0.02898,3.607748,993,5
images/3453.jpg,multi_train,multi,0.031769,2.85207,1123,2
images/3454.jpg,"multi_train,single_train","multi,single",0.037821,3.561053,618,10
images/3456.jpg,single_train,single,0.05657,2.367905,634,9
images/346.jpg,multi_train,multi,0.021868,2.48319,931,1
images/3460.jpg,multi_train,multi,0.043215,3.379775,822,7
images/3461.jpg,multi_train,multi,0.043934,3.136178,1582,2
images/3464.jpg,multi_train,multi,0.034497,3.898323,472,3
images/3465.jpg,single_train,single,0.072787,4.525083,1340,5
images/3468.jpg,multi_train,multi,0.037941,3.270425,810,6
images/3470.jpg,multi_train,multi,0.02484,5.416225,681,4
images/3475.jpg,multi_train,multi,0.038749,3.639047,500,2
images/3479.jpg,multi_train,multi,0.030827,3.722311,4989,3
images/3481.jpg,single_train,single,0.049037,2.86696,579,9
images/3484.jpg,multi_train,multi,0.037703,3.15744,1010,2
images/3486.jpg,multi_train,multi,0.058082,4.620167,1823,3
images/3487.jpg,multi_train,multi,0.022717,2.597934,307,1
images/3490.jpg,single_train,single,0.082754,5.331067,4228,12
images/3499.jpg,multi_train,multi,0.086479,5.641516,594,4
images/35.jpg,multi_train,multi,0.053981,4.843621,1006,2
images/3503.jpg,multi_train,multi,0.039562,4.762468,438,2
images/3505.jpg,multi_train,multi,0.036743,2.032772,2351,5
images/3506.jpg,"multi_train,single_train","multi,single",0.044985,5.674261,846,14
images/3512.jpg,multi_train,multi,0.050757,3.423887,1727,4
images/3513.jpg,"multi_train,single_train","multi,single",0.037161,4.523963,601,13
images/3516.jpg,multi_train,multi,0.060077,4.456402,659,1
images/3517.jpg,multi_train,multi,0.05256,5.698605,1253,1
images/3518.jpg,multi_train,multi,0.064126,4.32944,1915,2
images/3521.jpg,"multi_train,single_train","multi,single",0.046034,4.323301,979,9
images/3522.jpg,multi_train,multi,0.051028,3.320755,4705,5
images/3525.jpg,multi_train,multi,0.038058,3.432741,525,1
images/3531.jpg,multi_train,multi,0.034465,2.954605,1574,8
images/3533.jpg,multi_train,multi,0.040282,3.151262,102,3
images/3537.jpg,multi_train,multi,0.039182,2.46483,1705,3
images/3538.jpg,multi_train,multi,0.053252,4.222991,1585,7
images/3539.jpg,single_train,single,0.033328,4.068688,581,7
images/3541.jpg,multi_train,multi,0.035753,3.303858,663,3
images/3544.jpg,multi_train,multi,0.039423,2.124497,540,3
images/3547.jpg,"multi_train,single_train","multi,single",0.085236,4.824632,1188,9
images/3548.jpg,multi_train,multi,0.074697,3.38429,865,2
images/3549.jpg,multi_train,multi,0.054199,2.083886,642,1
images/355.jpg,multi_train,multi,0.018372,2.332605,393,5
images/3551.jpg,multi_train,multi,0.043545,1.571618,309,1
images/3558.jpg,single_train,single,0.025688,1.92724,2050,11
images/356.jpg,multi_train,multi,0.026755,1.789385,513,2
images/3567.jpg,multi_train,multi,0.045506,4.970097,508,1
images/3568.jpg,"multi_train,single_train","multi,single",0.04514,4.401581,440,8
images/3575.jpg,"multi_train,single_train","multi,single",0.070219,4.195985,279,12
images/3576.jpg,single_train,single,0.040461,3.714362,450,11
images/358.jpg,multi_train,multi,0.033079,1.760336,940,5
images/3583.jpg,"multi_test,single_test","multi,single",0.035111,4.512839,535,5
images/3585.jpg,multi_train,multi,0.064761,1.786384,463,1
images/3586.jpg,multi_train,multi,0.049098,2.617638,854,1
images/3587.jpg,multi_train,multi,0.036985,1.589283,508,2
images/3588.jpg,multi_test,multi,0.044748,1.888152,429,3
images/359.jpg,multi_train,multi,0.022647,1.932006,856,4
images/3590.jpg,multi_train,multi,0.044004,2.334914,750,2
images/36.jpg,multi_train,multi,0.026447,1.708375,861,3
images/3600.jpg,multi_test,multi,0.031667,2.421879,1108,3
images/361.jpg,single_train,single,0.030274,1.929776,1531,8
images/3616.jpg,single_train,single,0.048958,3.510208,803,6
images/362.jpg,multi_train,multi,0.017317,2.329888,273,4
images/3621.jpg,multi_train,multi,0.039444,4.406784,376,1
images/3622.jpg,single_train,single,0.036029,3.441842,728,5
images/3626.jpg,single_test,single,0.047864,3.423105,703,10
images/3629.jpg,multi_train,multi,0.032769,3.425136,3364,1
images/3631.jpg,multi_train,multi,0.038455,2.666173,580,2
images/3633.jpg,multi_test,multi,0.046284,2.487746,877,2
images/3634.jpg,multi_test,multi,0.052695,2.30501,976,2
images/3637.jpg,multi_test,multi,0.048384,1.890553,963,2
images/3639.jpg,multi_train,multi,0.043258,4.040929,2906,2
images/3642.jpg,multi_train,multi,0.045364,1.926927,543,3
images/3644.jpg,"multi_train,single_train","multi,single",0.054907,1.882507,521,2
images/3648.jpg,multi_train,multi,0.053137,1.995068,530,1
images/3659.jpg,multi_train,multi,0.035935,2.766162,303,3
images/3661.jpg,multi_train,multi,0.026008,3.130803,1019,2
images/3662.jpg,multi_train,multi,0.074609,4.17573,586,4
images/3663.jpg,multi_train,multi,0.046972,4.860007,853,1
images/3665.jpg,multi_train,multi,0.051815,3.852003,628,2
images/3668.jpg,multi_test,multi,0.048531,4.35018,395,3
images/3672.jpg,"multi_train,single_train","multi,single",0.070753,2.913764,325,11
images/3675.jpg,single_train,single,0.053676,6.662338,1186,7
images/3680.jpg,multi_train,multi,0.019082,1.843436,818,1
images/3686.jpg,single_train,single,0.061767,2.358153,452,6
images/3692.jpg,single_train,single,0.049426,5.681554,2021,7
images/3699.jpg,single_train,single,0.041582,3.44222,1037,9
images/37.jpg,multi_train,multi,0.032707,1.904408,582,3
images/3701.jpg,multi_train,multi,0.062516,2.122824,569,3
images/3702.jpg,multi_train,multi,0.023418,5.974812,1241,2
images/3703.jpg,multi_test,multi,0.034193,2.47292,1158,3
images/3704.jpg,multi_test,multi,0.033622,2.379552,1211,3
images/3710.jpg,multi_train,multi,0.0216,1.226554,504,2
images/3711.jpg,single_train,single,0.026061,2.311255,1065,8
images/3715.jpg,single_train,single,0.063666,3.039933,514,3
images/3718.jpg,multi_test,multi,0.056701,6.050127,649,3
images/372.jpg,"multi_train,single_train","multi,single",0.022884,1.795187,814,7
images/3722.jpg,multi_train,multi,0.055414,2.303799,977,4
images/3725.jpg,multi_train,multi,0.026627,4.948685,283,2
images/3733.jpg,"multi_test,single_test","multi,single",0.031947,1.954568,546,13
images/3740.jpg,multi_test,multi,0.040298,1.806575,266,4
images/3745.jpg,multi_train,multi,0.038028,2.263724,319,2
images/3748.jpg,multi_train,multi,0.029148,1.66748,433,1
images/375.jpg,single_train,single,0.026705,1.7585,791,6
images/3751.jpg,single_train,single,0.025349,3.574181,1327,10
images/3752.jpg,multi_train,multi,0.060196,2.461126,917,1
images/3753.jpg,single_train,single,0.022178,2.550282,16,7
images/376.jpg,multi_test,multi,0.030516,2.324834,1694,4
images/3764.jpg,single_train,single,0.0381,6.972592,294,9
images/3769.jpg,single_train,single,0.035548,1.779986,964,7
images/377.jpg,single_test,single,0.035871,1.771989,1134,8
images/3771.jpg,single_train,single,0.020307,1.720184,690,4
images/3773.jpg,single_train,single,0.054307,2.142918,640,5
images/3777.jpg,multi_test,multi,0.044861,2.295114,360,4
images/378.jpg,single_train,single,0.023937,1.753871,785,6
images/3780.jpg,single_train,single,0.037266,2.505963,985,13
images/3781.jpg,single_train,single,0.044687,1.978277,744,9
images/3786.jpg,single_train,single,0.04946,1.969138,266,10
images/3788.jpg,single_train,single,0.034817,2.246287,53,10
images/3789.jpg,single_train,single,0.060797,4.523698,4290,7
images/3793.jpg,multi_test,multi,0.047957,2.854285,256,2
images/3795.jpg,single_train,single,0.067704,6.707068,1211,11
images/3796.jpg,multi_train,multi,0.071063,4.316402,60,1
images/3800.jpg,multi_test,multi,0.051518,2.158132,649,2
images/3814.jpg,single_test,single,0.043303,5.664544,1902,9
images/382.jpg,multi_train,multi,0.044758,2.810368,616,2
images/3822.jpg,multi_train,multi,0.025855,1.325485,620,2
images/3824.jpg,single_train,single,0.052645,6.560981,339,8
images/3826.jpg,multi_train,multi,0.052226,6.369249,1287,3
images/3828.jpg,"multi_train,single_train","multi,single",0.068547,4.464111,275,11
images/3832.jpg,single_train,single,0.04229,2.587547,1315,7
images/3835.jpg,single_train,single,0.029354,5.782579,1449,6
images/3837.jpg,multi_train,multi,0.045122,4.354744,423,1
images/384.jpg,multi_train,multi,0.02558,1.626349,555,3
images/3840.jpg,multi_train,multi,0.047188,4.529952,168,6
images/3841.jpg,multi_test,multi,0.066637,3.073997,317,3
images/3848.jpg,multi_train,multi,0.06799,3.898536,364,2
images/385.jpg,multi_train,multi,0.028298,3.273992,766,3
images/3852.jpg,multi_train,multi,0.061315,3.102817,1717,1
images/3856.jpg,single_test,single,0.038814,3.313558,734,11
images/3859.jpg,single_train,single,0.04991,1.802327,500,8
images/386.jpg,multi_train,multi,0.030216,5.154221,2063,3
images/3871.jpg,multi_train,multi,0.021244,1.227461,449,2
images/3872.jpg,single_train,single,0.026101,2.858482,2100,9
images/3875.jpg,multi_train,multi,0.048045,3.098276,858,4
images/388.jpg,multi_train,multi,0.036738,2.103625,487,4
images/3881.jpg,multi_train,multi,0.045064,2.833696,944,4
images/3882.jpg,multi_train,multi,0.043961,2.8474,897,3
images/3883.jpg,multi_train,multi,0.041063,2.747505,822,2
images/3885.jpg,multi_train,multi,0.043499,2.750376,864,5
images/3887.jpg,single_train,single,0.042657,2.648264,849,9
images/3889.jpg,single_train,single,0.040797,2.378264,870,9
images/3899.jpg,"multi_train,single_train","multi,single",0.053456,4.406121,1062,15
images/39.jpg,multi_train,multi,0.038148,2.029345,478,4
images/3900.jpg,multi_train,multi,0.036627,2.81512,953,2
images/3903.jpg,multi_train,multi,0.066097,2.591053,660,3
images/3905.jpg,multi_train,multi,0.063117,2.051005,624,3
images/3907.jpg,single_train,single,0.051192,3.273283,554,3
images/3909.jpg,single_train,single,0.028787,3.652088,1336,9
images/3910.jpg,single_train,single,0.05715,2.354737,585,7
images/3912.jpg,multi_train,multi,0.061955,2.613717,913,1
images/3914.jpg,single_train,single,0.055061,2.70311,1703,12
images/3916.jpg,multi_train,multi,0.030545,2.713289,732,2
images/3918.jpg,multi_test,multi,0.033584,3.305769,1527,2
images/3920.jpg,"multi_train,single_train","multi,single",0.047816,3.992162,541,10
images/3921.jpg,multi_train,multi,0.06568,3.670611,815,7
images/3923.jpg,multi_train,multi,0.065815,4.077549,232,3
images/3924.jpg,multi_train,multi,0.04473,5.422806,625,1
images/3925.jpg,multi_train,multi,0.029124,3.070418,128,4
images/3926.jpg,multi_train,multi,0.02815,4.020493,1511,2
images/3927.jpg,multi_test,multi,0.044175,3.171032,563,3
images/3929.jpg,multi_train,multi,0.066944,3.847263,365,5
images/393.jpg,single_test,single,0.034202,2.051017,545,7
images/3930.jpg,multi_train,multi,0.087799,5.04044,1273,4
images/3933.jpg,multi_train,multi,0.049,1.907321,325,2
images/3934.jpg,multi_train,multi,0.022245,1.2933,392,4
images/394.jpg,multi_train,multi,0.034726,2.261319,480,2
images/3941.jpg,multi_train,multi,0.04245,5.377117,696,1
images/3942.jpg,multi_train,multi,0.019029,4.226462,762,1
images/3943.jpg,multi_train,multi,0.032317,6.050681,1195,4
images/3945.jpg,multi_train,multi,0.06671,4.651838,1751,6
images/3946.jpg,multi_train,multi,0.031497,4.078804,862,7
images/3948.jpg,multi_train,multi,0.040136,3.791298,720,3
images/3949.jpg,multi_train,multi,0.035585,3.232838,546,5
images/395.jpg,multi_train,multi,0.025794,1.928532,494,2
images/3951.jpg,multi_train,multi,0.076077,5.027603,625,2
images/3952.jpg,multi_train,multi,0.044529,4.682908,1474,5
images/3954.jpg,multi_test,multi,0.041881,2.704862,1034,5
images/396.jpg,multi_train,multi,0.025934,1.760374,545,2
images/3965.jpg,multi_train,multi,0.030121,3.024448,1233,3
images/397.jpg,single_test,single,0.017357,1.716861,1027,5
images/3973.jpg,multi_train,multi,0.029914,2.369086,506,4
images/3974.jpg,single_train,single,0.037812,5.545781,604,7
images/3979.jpg,multi_test,multi,0.038016,3.352007,3560,3
images/3980.jpg,"multi_train,single_train","multi,single",0.035915,3.929201,988,9
images/3982.jpg,multi_train,multi,0.088153,6.283073,871,2
images/3983.jpg,multi_train,multi,0.035023,2.973363,483,12
images/3984.jpg,multi_train,multi,0.075388,6.17789,859,1
images/3985.jpg,single_train,single,0.059761,5.29699,1207,8
images/3987.jpg,multi_test,multi,0.037797,3.88614,1239,2
images/3988.jpg,multi_train,multi,0.037679,3.095198,586,1
images/3991.jpg,multi_train,multi,0.042546,3.004036,898,4
images/3996.jpg,single_train,single,0.072097,2.564553,2202,9
images/4.jpg,single_train,single,0.082234,4.957553,2076,9
images/40.jpg,multi_train,multi,0.019584,2.19849,2804,6
images/4009.jpg,multi_train,multi,0.049871,4.891765,1010,4
images/401.jpg,multi_train,multi,0.02711,1.928028,453,3
images/4018.jpg,"multi_train,single_train","multi,single",0.083808,5.707637,1019,12
images/402.jpg,single_test,single,0.041109,3.281283,1070,10
images/4028.jpg,multi_train,multi,0.035946,4.16356,544,2
images/403.jpg,multi_train,multi,0.047183,5.856533,2832,1
images/4033.jpg,multi_train,multi,0.031958,1.950139,493,3
images/4034.jpg,multi_train,multi,0.044578,3.068938,211,7
images/4035.jpg,multi_train,multi,0.054633,3.050244,692,9
images/4038.jpg,multi_train,multi,0.054392,3.119449,757,10
images/4039.jpg,"multi_train,single_train","multi,single",0.032318,2.294557,614,11
images/4040.jpg,multi_train,multi,0.034702,2.615804,616,4
images/4041.jpg,multi_train,multi,0.024587,2.712487,597,4
images/4042.jpg,multi_train,multi,0.033763,2.971577,983,7
images/4043.jpg,multi_train,multi,0.038044,3.209064,963,4
images/4044.jpg,multi_train,multi,0.033078,2.871836,787,4
images/4045.jpg,multi_train,multi,0.037423,3.142291,896,4
images/4053.jpg,multi_train,multi,0.03704,3.260382,721,4
images/4055.jpg,multi_train,multi,0.095319,5.069344,3002,3
images/4056.jpg,multi_train,multi,0.063467,5.611781,3688,4
images/4057.jpg,multi_train,multi,0.047634,4.85588,1209,1
images/4060.jpg,"multi_train,single_train","multi,single",0.032088,2.847553,220,8
images/4061.jpg,single_train,single,0.064167,5.361988,428,2
images/4063.jpg,multi_test,multi,0.031059,3.707888,1071,6
images/4064.jpg,multi_train,multi,0.023628,2.54892,311,3
images/4065.jpg,multi_train,multi,0.037469,3.674232,2385,4
images/4066.jpg,multi_train,multi,0.053304,1.945046,753,3
images/4069.jpg,multi_train,multi,0.097323,3.15441,355,1
images/407.jpg,single_train,single,0.035702,2.388496,986,6
images/4072.jpg,"multi_train,single_train","multi,single",0.036034,1.696205,386,6
images/4073.jpg,multi_train,multi,0.049736,1.844422,445,1
images/4076.jpg,single_train,single,0.050422,2.125977,653,7
images/4078.jpg,multi_train,multi,0.103276,5.822418,687,1
images/4080.jpg,single_train,single,0.040654,2.564136,1185,1
images/4084.jpg,multi_train,multi,0.045646,2.994975,1050,1
images/4085.jpg,single_train,single,0.045626,2.327762,327,8
images/4086.jpg,multi_train,multi,0.047849,2.611327,900,3
images/4090.jpg,multi_train,multi,0.037661,3.445401,1285,2
images/4093.jpg,multi_train,multi,0.041063,4.709812,1862,4
images/4095.jpg,multi_train,multi,0.056882,1.995163,838,1
images/4096.jpg,multi_train,multi,0.023494,1.605502,444,1
images/4097.jpg,multi_test,multi,0.051347,1.859956,764,2
images/4099.jpg,single_train,single,0.055009,1.834108,449,10
images/410.jpg,single_train,single,0.0356,2.270004,708,8
images/4100.jpg,multi_test,multi,0.059393,5.521965,1093,2
images/4107.jpg,"multi_train,single_train","multi,single",0.041511,2.166642,784,15
images/4110.jpg,single_train,single,0.045248,3.009077,2687,7
images/4111.jpg,multi_train,multi,0.03716,4.739148,904,3
images/4113.jpg,multi_train,multi,0.066417,2.109421,465,3
images/4114.jpg,single_train,single,0.021699,1.903197,294,8
images/4118.jpg,multi_train,multi,0.036658,2.999627,1990,9
images/4119.jpg,multi_train,multi,0.047612,5.037506,1328,4
images/4121.jpg,multi_train,multi,0.078566,5.351397,1363,3
images/4124.jpg,multi_train,multi,0.059722,3.813268,564,4
images/413.jpg,multi_train,multi,0.03976,5.296725,2135,3
images/4132.jpg,single_train,single,0.028001,3.805609,1209,8
images/4133.jpg,single_train,single,0.024307,1.592956,313,7
images/4134.jpg,multi_train,multi,0.038405,2.356073,1663,3
images/4138.jpg,multi_test,multi,0.042909,4.2006,766,5
images/414.jpg,multi_train,multi,0.028826,3.306656,760,3
images/4142.jpg,multi_train,multi,0.05659,5.084231,842,3
images/4146.jpg,single_train,single,0.051957,4.267567,529,8
images/4149.jpg,multi_train,multi,0.049024,3.95607,2358,8
images/4150.jpg,multi_train,multi,0.059213,5.661486,928,4
images/4152.jpg,multi_train,multi,0.042317,4.021868,1284,1
images/4154.jpg,multi_train,multi,0.077522,4.95759,1331,4
images/4157.jpg,multi_train,multi,0.048696,4.631287,1462,2
images/4159.jpg,"multi_train,single_train","multi,single",0.0632,6.63564,1159,9
images/416.jpg,single_train,single,0.036463,2.668814,667,4
images/4160.jpg,multi_train,multi,0.074719,4.660535,2789,8
images/4162.jpg,single_train,single,0.052598,5.315013,547,5
images/4164.jpg,single_train,single,0.029832,2.454412,1518,9
images/4166.jpg,"multi_train,single_train","multi,single",0.048548,4.304488,1043,12
images/4167.jpg,multi_train,multi,0.048113,5.575252,634,3
images/4168.jpg,multi_train,multi,0.03422,4.163687,599,1
images/4169.jpg,single_train,single,0.018691,2.75235,956,2
images/417.jpg,multi_train,multi,0.030211,1.797449,609,4
images/4172.jpg,multi_train,multi,0.04374,2.458771,510,2
images/4174.jpg,multi_train,multi,0.029999,2.92085,1234,3
images/4175.jpg,multi_train,multi,0.040363,3.408861,902,1
images/4176.jpg,multi_train,multi,0.019716,1.915366,582,2
images/4178.jpg,"multi_train,single_train","multi,single",0.044826,2.898451,720,15
images/4179.jpg,"multi_train,single_train","multi,single",0.040728,2.627186,455,13
images/4180.jpg,multi_train,multi,0.044242,3.06794,693,2
images/4181.jpg,multi_train,multi,0.032442,2.899442,335,2
images/4182.jpg,multi_train,multi,0.035206,2.284765,516,2
images/4184.jpg,multi_train,multi,0.028051,3.017409,719,5
images/4185.jpg,multi_train,multi,0.0285,3.232956,730,4
images/4186.jpg,multi_train,multi,0.028366,3.164652,857,8
images/4188.jpg,multi_train,multi,0.02722,3.074986,702,7
images/419.jpg,multi_train,multi,0.033648,6.30622,5554,3
images/4190.jpg,multi_train,multi,0.031521,5.425949,1156,1
images/4195.jpg,multi_train,multi,0.041602,3.343821,1132,5
images/4196.jpg,multi_train,multi,0.057321,4.235323,1700,2
images/42.jpg,multi_train,multi,0.039378,2.739494,733,3
images/420.jpg,single_train,single,0.011437,2.49093,963,10
images/4200.jpg,multi_train,multi,0.036379,2.403295,297,2
images/4201.jpg,single_train,single,0.043521,1.71337,597,2
images/4202.jpg,multi_train,multi,0.101955,4.668357,825,2
images/4205.jpg,multi_train,multi,0.076066,3.480065,861,3
images/4208.jpg,multi_train,multi,0.051438,5.115141,1066,3
images/4211.jpg,multi_train,multi,0.063094,2.068914,512,1
images/4215.jpg,single_train,single,0.052711,3.245391,609,9
images/4216.jpg,single_train,single,0.035042,1.384781,540,9
images/4219.jpg,single_train,single,0.045454,1.969304,1032,6
images/4222.jpg,multi_train,multi,0.041949,3.065715,647,3
images/4227.jpg,multi_train,multi,0.049312,1.883866,597,1
images/4237.jpg,multi_train,multi,0.035513,2.660029,1446,2
images/4241.jpg,single_train,single,0.027808,2.747521,974,1
images/4242.jpg,multi_train,multi,0.056306,5.225447,2222,3
images/4243.jpg,multi_train,multi,0.042075,4.026242,528,3
images/4247.jpg,multi_train,multi,0.041927,4.614448,626,4
images/4249.jpg,multi_train,multi,0.030046,1.857504,720,6
images/425.jpg,single_train,single,0.034393,5.086413,3926,6
images/4251.jpg,multi_train,multi,0.032177,1.97624,774,6
images/4253.jpg,single_train,single,0.043337,4.649497,1536,9
images/4255.jpg,multi_train,multi,0.081805,4.935988,7441,2
images/4260.jpg,multi_train,multi,0.046841,3.898186,641,1
images/4261.jpg,multi_train,multi,0.087246,5.044203,874,1
images/4262.jpg,multi_train,multi,0.042589,4.441885,599,8
images/4263.jpg,multi_train,multi,0.036599,3.614445,532,7
images/4264.jpg,multi_train,multi,0.034658,3.378219,455,3
images/4265.jpg,single_train,single,0.049781,4.90624,1090,7
images/4269.jpg,multi_train,multi,0.032699,2.896139,1248,3
images/427.jpg,multi_test,multi,0.026116,5.397763,2328,3
images/4275.jpg,multi_train,multi,0.043751,4.255558,276,2
images/4276.jpg,"multi_train,single_train","multi,single",0.041481,4.32935,550,11
images/4278.jpg,multi_train,multi,0.038916,2.814211,701,5
images/4280.jpg,multi_train,multi,0.042292,3.442928,948,2
images/4287.jpg,multi_train,multi,0.059866,3.691385,1567,2
images/4288.jpg,multi_train,multi,0.058953,3.587606,1591,2
images/4289.jpg,multi_train,multi,0.04653,3.320707,894,4
images/429.jpg,multi_train,multi,0.033358,2.722154,1283,4
images/4291.jpg,multi_test,multi,0.044802,3.867779,655,6
images/4294.jpg,multi_train,multi,0.038982,3.680355,907,2
images/4295.jpg,multi_train,multi,0.039713,3.82705,6271,2
images/4296.jpg,multi_train,multi,0.033609,2.020533,715,2
images/4299.jpg,multi_train,multi,0.050945,4.063057,659,3
images/43.jpg,multi_train,multi,0.043944,2.970103,702,3
images/4300.jpg,multi_train,multi,0.037895,3.430045,559,2
images/4303.jpg,multi_train,multi,0.039456,3.694765,608,5
images/4305.jpg,multi_train,multi,0.061963,5.278635,1425,5
images/4306.jpg,multi_train,multi,0.05385,5.193015,1990,2
images/4308.jpg,"multi_train,single_train","multi,single",0.038349,4.778829,879,12
images/4309.jpg,multi_train,multi,0.046932,4.553123,756,1
images/4315.jpg,multi_train,multi,0.048814,4.931682,974,3
images/4316.jpg,"multi_train,single_train","multi,single",0.044955,3.557679,867,8
images/4317.jpg,multi_train,multi,0.032037,1.97128,776,6
images/4318.jpg,multi_train,multi,0.034513,2.99768,1233,3
images/4319.jpg,multi_train,multi,0.045606,2.347767,555,2
images/432.jpg,"multi_train,single_train","multi,single",0.033912,2.720004,759,11
images/4321.jpg,multi_train,multi,0.040142,3.150922,606,2
images/4322.jpg,multi_train,multi,0.033404,2.005171,719,3
images/4323.jpg,multi_train,multi,0.038309,4.001509,1338,2
images/4324.jpg,multi_train,multi,0.033719,2.021174,732,3
images/4326.jpg,multi_train,multi,0.034563,2.060646,730,3
images/4328.jpg,multi_train,multi,0.040109,3.966871,709,3
images/4329.jpg,"multi_train,single_train","multi,single",0.034461,2.078079,702,4
images/4336.jpg,multi_train,multi,0.109143,3.258812,636,4
images/4337.jpg,multi_train,multi,0.052941,4.051911,1276,3
images/4338.jpg,multi_train,multi,0.023301,2.039183,817,2
images/4339.jpg,multi_train,multi,0.056523,4.908171,3641,2
images/4342.jpg,multi_train,multi,0.040187,2.85003,1487,4
images/4348.jpg,multi_train,multi,0.072821,4.518378,1636,3
images/4358.jpg,multi_test,multi,0.051688,2.52758,764,3
images/4359.jpg,multi_train,multi,0.046001,1.470465,560,4
images/4361.jpg,single_train,single,0.038211,5.728576,1319,12
images/4365.jpg,multi_train,multi,0.043687,1.486284,443,1
images/4367.jpg,multi_train,multi,0.037332,2.415099,395,6
images/4368.jpg,multi_train,multi,0.052441,2.05771,677,7
images/4369.jpg,multi_train,multi,0.050941,1.779658,619,2
images/437.jpg,multi_test,multi,0.042487,2.415746,764,2
images/4370.jpg,multi_train,multi,0.035296,1.459013,467,4
images/4371.jpg,multi_train,multi,0.029565,2.252462,716,4
images/4372.jpg,single_train,single,0.039312,2.228141,844,2
images/4373.jpg,multi_train,multi,0.042123,7.074806,41,5
images/4377.jpg,multi_train,multi,0.030775,2.043914,443,2
images/4380.jpg,multi_train,multi,0.028285,2.78298,626,4
images/4381.jpg,multi_train,multi,0.039798,2.99914,1429,6
images/4382.jpg,"multi_test,single_test","multi,single",0.03369,2.495018,921,16
images/4387.jpg,single_train,single,0.055668,3.059828,712,6
images/44.jpg,multi_train,multi,0.033929,3.759589,1565,1
images/440.jpg,multi_train,multi,0.02811,2.309556,517,3
images/4408.jpg,"multi_train,single_train","multi,single",0.061693,3.015969,1445,2
images/441.jpg,multi_train,multi,0.033191,3.258855,651,5
images/4412.jpg,"multi_train,single_train","multi,single",0.045207,2.464232,798,11
images/4415.jpg,single_train,single,0.051559,2.133845,529,7
images/4418.jpg,multi_train,multi,0.058106,2.516471,1097,1
images/4419.jpg,"multi_train,single_train","multi,single",0.041358,5.277452,1303,14
images/442.jpg,"multi_train,single_train","multi,single",0.039183,2.558225,1528,8
images/4423.jpg,multi_train,multi,0.049961,2.029775,460,1
images/4424.jpg,multi_train,multi,0.045382,1.625349,1706,4
images/443.jpg,multi_test,multi,0.026272,2.596216,731,5
images/4431.jpg,single_train,single,0.081206,3.460116,1599,5
images/444.jpg,multi_train,multi,0.06314,6.570483,5573,3
images/4446.jpg,multi_train,multi,0.060895,2.907015,1621,1
images/4454.jpg,"multi_train,single_train","multi,single",0.031944,2.542413,472,12
images/4457.jpg,multi_train,multi,0.059658,6.752787,239,2
images/4458.jpg,single_train,single,0.059715,2.339427,889,2
images/4462.jpg,multi_train,multi,0.036981,1.380382,532,2
images/4463.jpg,single_train,single,0.051903,4.280749,368,8
images/4465.jpg,single_train,single,0.012627,2.263123,8123,9
images/4467.jpg,"multi_test,single_test","multi,single",0.045576,2.374239,798,13
images/4469.jpg,"multi_train,single_train","multi,single",0.042816,2.46256,577,13
images/447.jpg,single_train,single,0.026428,5.483766,408,6
images/4470.jpg,single_test,single,0.044956,1.746223,829,6
images/4477.jpg,"multi_train,single_train","multi,single",0.049821,3.642409,944,9
images/4479.jpg,single_train,single,0.064083,3.603276,4920,9
images/448.jpg,multi_train,multi,0.026121,2.136071,701,5
images/4492.jpg,"multi_train,single_train","multi,single",0.050736,3.508471,693,4
images/4498.jpg,single_train,single,0.024853,5.400921,836,8
images/45.jpg,multi_test,multi,0.040981,3.325808,447,5
images/4500.jpg,single_train,single,0.056816,2.313094,431,12
images/4501.jpg,single_train,single,0.047881,2.298618,496,3
images/4502.jpg,single_train,single,0.055191,3.025985,771,5
images/4511.jpg,multi_train,multi,0.053776,2.773916,694,4
images/4516.jpg,single_train,single,0.064857,3.186743,3075,8
images/452.jpg,multi_train,multi,0.031059,2.004354,809,3
images/4520.jpg,multi_test,multi,0.032934,2.314107,542,1
images/4525.jpg,multi_train,multi,0.059381,5.388649,763,4
images/4526.jpg,multi_train,multi,0.04076,5.057949,721,8
images/4528.jpg,multi_train,multi,0.114001,6.101107,534,8
images/4529.jpg,multi_train,multi,0.056993,2.334746,583,1
images/4530.jpg,multi_train,multi,0.078131,2.138285,599,4
images/4535.jpg,"multi_train,single_train","multi,single",0.037796,2.092108,611,12
images/4539.jpg,multi_train,multi,0.078774,4.905787,852,3
images/454.jpg,multi_train,multi,0.039597,6.104194,5275,1
images/4543.jpg,single_train,single,0.034768,1.444089,747,7
images/4550.jpg,multi_train,multi,0.045508,1.703174,390,2
images/4563.jpg,multi_train,multi,0.035832,1.950602,723,4
images/4565.jpg,multi_train,multi,0.040429,2.944148,1276,7
images/4575.jpg,multi_train,multi,0.054228,2.731429,620,3
images/4576.jpg,multi_train,multi,0.034967,5.848495,637,1
images/4582.jpg,single_test,single,0.041293,2.204542,624,6
images/4585.jpg,multi_train,multi,0.050926,1.845804,1051,3
images/4591.jpg,multi_test,multi,0.042816,1.733243,604,2
images/4593.jpg,single_train,single,0.057553,2.077828,310,7
images/461.jpg,single_train,single,0.034518,2.371362,427,9
images/4612.jpg,single_train,single,0.059272,2.14252,528,9
images/4615.jpg,multi_test,multi,0.03269,3.509355,541,1
images/4616.jpg,multi_train,multi,0.034523,2.014093,707,2
images/4620.jpg,multi_train,multi,0.051816,3.046683,655,9
images/4621.jpg,multi_train,multi,0.049559,2.826949,794,14
images/4626.jpg,multi_train,multi,0.018445,1.937465,430,8
images/4628.jpg,multi_train,multi,0.03576,2.063348,549,4
images/4631.jpg,multi_train,multi,0.046385,1.9926,487,4
images/4639.jpg,multi_train,multi,0.042745,2.668068,701,3
images/464.jpg,multi_train,multi,0.023778,2.574179,827,1
images/4640.jpg,single_train,single,0.038325,2.529848,654,6
images/4643.jpg,single_train,single,0.041484,2.629521,734,7
images/4644.jpg,single_train,single,0.041883,2.684904,741,9
images/4648.jpg,single_train,single,0.040265,2.51993,691,10
images/4649.jpg,multi_train,multi,0.038443,2.485187,620,3
images/4650.jpg,multi_train,multi,0.039677,2.610258,616,3
images/4652.jpg,single_train,single,0.041548,2.695225,1035,2
images/4654.jpg,multi_train,multi,0.040371,3.099829,1229,1
images/4656.jpg,multi_train,multi,0.040898,2.88529,1073,1
images/4658.jpg,single_train,single,0.042334,3.00762,995,5
images/4659.jpg,single_train,single,0.037472,2.892964,891,6
images/466.jpg,"multi_train,single_train","multi,single",0.026291,2.317219,649,9
images/4660.jpg,multi_train,multi,0.045157,2.905577,881,7
images/4663.jpg,"multi_train,single_train","multi,single",0.045535,2.93502,869,13
images/4665.jpg,multi_train,multi,0.050859,5.72668,1268,3
images/4666.jpg,multi_train,multi,0.036416,1.867741,1014,4
images/4667.jpg,multi_train,multi,0.035058,2.022621,1118,4
images/4669.jpg,"multi_train,single_train","multi,single",0.045217,3.443455,2533,17
images/467.jpg,multi_train,multi,0.02445,2.129547,731,1
images/4670.jpg,multi_test,multi,0.060554,3.544517,6821,3
images/4673.jpg,multi_train,multi,0.058637,6.068626,392,4
images/4675.jpg,multi_train,multi,0.03816,3.161554,1088,1
images/4676.jpg,multi_train,multi,0.032872,3.039195,1042,1
images/4677.jpg,multi_train,multi,0.035966,2.997276,926,1
images/4678.jpg,multi_train,multi,0.036959,3.025192,886,8
images/468.jpg,multi_train,multi,0.028559,2.13706,563,3
images/4681.jpg,single_test,single,0.061428,2.220801,444,10
images/4683.jpg,single_train,single,0.023664,2.046101,720,6
images/469.jpg,multi_train,multi,0.037243,2.920826,1190,2
images/4694.jpg,single_train,single,0.034023,5.468409,1112,10
images/47.jpg,multi_train,multi,0.026231,2.366655,590,3
images/4700.jpg,multi_train,multi,0.076029,5.371248,661,8
images/4701.jpg,single_train,single,0.02684,1.936945,590,5
images/4716.jpg,single_train,single,0.033305,4.861651,631,6
images/4720.jpg,single_train,single,0.034205,4.888939,695,7
images/4731.jpg,single_train,single,0.018347,4.627187,753,7
images/4735.jpg,single_train,single,0.032352,4.848469,586,2
images/4737.jpg,single_train,single,0.033152,4.849569,626,8
images/4741.jpg,single_train,single,0.033153,4.857079,642,5
images/4753.jpg,multi_train,multi,0.035316,4.894085,844,3
images/476.jpg,multi_train,multi,0.029668,2.15225,1005,4
images/4763.jpg,single_train,single,0.033194,4.842396,754,9
images/4774.jpg,multi_train,multi,0.032646,4.846241,617,5
images/4794.jpg,multi_train,multi,0.031627,4.828543,601,3
images/4798.jpg,single_test,single,0.035037,4.896375,690,7
images/4799.jpg,single_train,single,0.018261,4.622377,827,6
images/4810.jpg,multi_train,multi,0.028635,3.884995,1612,7
images/4813.jpg,single_test,single,0.030787,4.002177,1660,9
images/4815.jpg,single_train,single,0.028244,3.875548,1516,8
images/4818.jpg,single_train,single,0.027721,3.907898,1624,5
images/4819.jpg,multi_train,multi,0.028261,3.882491,1686,4
images/482.jpg,single_train,single,0.027015,2.366071,688,6
images/4820.jpg,multi_train,multi,0.033181,3.915613,2235,4
images/4831.jpg,multi_train,multi,0.032911,3.984891,2152,4
images/4839.jpg,single_train,single,0.03109,4.793417,704,8
images/484.jpg,single_train,single,0.037823,1.879887,638,6
images/485.jpg,"multi_train,single_train","multi,single",0.042909,2.464904,731,16
images/4850.jpg,single_train,single,0.034269,4.861755,705,5
images/4861.jpg,single_train,single,0.031839,4.812959,618,5
images/4868.jpg,single_train,single,0.032447,4.854341,592,4
images/4869.jpg,multi_train,multi,0.031597,4.818215,596,20
images/487.jpg,"multi_train,single_train","multi,single",0.026625,3.004333,653,9
images/4871.jpg,single_train,single,0.035744,4.896322,778,8
images/4875.jpg,multi_train,multi,0.033089,4.844766,697,6
images/4879.jpg,single_train,single,0.034056,4.875895,648,4
images/488.jpg,multi_train,multi,0.032409,3.027814,531,2
images/4889.jpg,single_train,single,0.032356,4.836045,665,8
images/4896.jpg,single_train,single,0.031973,4.848613,620,1
images/49.jpg,multi_train,multi,0.055057,4.382043,1053,2
images/4904.jpg,single_train,single,0.032249,4.839805,644,8
images/491.jpg,multi_train,multi,0.03602,3.130841,911,6
images/4913.jpg,single_train,single,0.033301,4.85767,664,9
images/4914.jpg,single_train,single,0.032822,4.849272,597,9
images/4918.jpg,single_train,single,0.033044,4.851307,589,8
images/4920.jpg,single_train,single,0.03282,4.852236,647,6
images/4943.jpg,single_train,single,0.03348,4.874434,636,7
images/4953.jpg,single_train,single,0.034679,4.883129,660,7
images/4958.jpg,single_train,single,0.034052,4.876578,672,5
images/4965.jpg,single_train,single,0.033059,4.818825,720,7
images/497.jpg,multi_train,multi,0.043917,2.769184,2530,4
images/4989.jpg,multi_train,multi,0.032846,5.388184,1714,3
images/499.jpg,multi_train,multi,0.023175,2.527925,541,4
images/4991.jpg,multi_train,multi,0.026804,5.22828,2217,5
images/4994.jpg,multi_train,multi,0.018792,5.115398,2808,5
images/4995.jpg,multi_train,multi,0.019575,5.151216,2842,7
images/4996.jpg,multi_train,multi,0.02691,5.231851,2240,6
images/4997.jpg,multi_train,multi,0.029467,5.250469,2103,3
images/4998.jpg,multi_train,multi,0.032739,5.349869,1700,8
images/4999.jpg,multi_train,multi,0.035092,5.400069,1861,3
images/500.jpg,single_train,single,0.033743,3.365881,709,10
images/5001.jpg,multi_train,multi,0.035908,5.475383,1967,5
images/5005.jpg,multi_train,multi,0.037203,5.380016,2040,5
images/5007.jpg,single_train,single,0.030431,4.127933,2181,2
images/5010.jpg,multi_train,multi,0.030114,4.105072,1978,4
images/5013.jpg,single_train,single,0.028311,3.832653,1827,7
images/5016.jpg,single_test,single,0.030575,4.245937,1854,7
images/5019.jpg,single_train,single,0.0194,5.252842,2564,9
images/5021.jpg,single_train,single,0.019749,5.266991,2610,8
images/5023.jpg,single_train,single,0.031345,4.209761,2060,8
images/5024.jpg,single_train,single,0.028821,4.054892,1632,10
images/5026.jpg,single_test,single,0.027615,4.015452,1801,8
images/5028.jpg,multi_train,multi,0.019928,5.275596,2707,11
images/5029.jpg,multi_train,multi,0.019667,5.256463,2586,4
images/5035.jpg,multi_train,multi,0.030798,3.981808,1802,4
images/5037.jpg,single_train,single,0.029209,3.979314,1770,9
images/504.jpg,"multi_test,single_test","multi,single",0.025008,2.628237,890,6
images/5040.jpg,multi_train,multi,0.027164,3.947326,1485,4
images/5050.jpg,single_train,single,0.028915,3.998246,2169,5
images/5052.jpg,multi_train,multi,0.028874,4.09983,1760,3
images/5057.jpg,single_train,single,0.031384,3.921267,2139,9
images/5058.jpg,"multi_train,single_train","multi,single",0.035858,4.883836,1288,11
images/5060.jpg,single_train,single,0.029027,3.869568,1884,1
images/5063.jpg,single_train,single,0.028194,4.116319,1935,8
images/5064.jpg,single_train,single,0.029449,4.098426,2095,9
images/5065.jpg,single_test,single,0.029914,4.116632,2132,5
images/5067.jpg,single_train,single,0.0309,3.892424,2184,10
images/507.jpg,multi_train,multi,0.03795,3.557662,1226,3
images/5070.jpg,single_train,single,0.029629,3.914267,1991,9
images/5071.jpg,single_train,single,0.027822,3.852166,1830,8
images/5072.jpg,multi_train,multi,0.028435,4.073615,2035,3
images/5074.jpg,multi_train,multi,0.029655,4.150477,2096,3
images/5087.jpg,"multi_train,single_train","multi,single",0.031178,4.189442,2088,10
images/5089.jpg,multi_train,multi,0.029957,4.108301,2003,3
images/509.jpg,multi_train,multi,0.021003,6.823032,162,3
images/5091.jpg,single_train,single,0.029271,3.893788,1908,6
images/5096.jpg,single_train,single,0.031936,4.201189,2273,7
images/5099.jpg,single_train,single,0.031426,3.97593,1920,8
images/51.jpg,multi_train,multi,0.030957,3.564509,636,3
images/5106.jpg,single_train,single,0.028644,4.017004,1646,8
images/511.jpg,multi_train,multi,0.049923,4.416682,1203,3
images/5112.jpg,multi_train,multi,0.028214,3.955491,1553,6
images/5114.jpg,single_train,single,0.028468,3.972843,1702,9
images/5121.jpg,multi_train,multi,0.028122,3.882137,1728,4
images/5124.jpg,multi_train,multi,0.027205,3.815455,1958,3
images/5129.jpg,multi_train,multi,0.029033,3.933717,1748,4
images/513.jpg,multi_train,multi,0.029179,2.239108,478,1
images/5133.jpg,single_train,single,0.030337,3.885992,1868,5
images/5134.jpg,single_train,single,0.028116,3.833273,1802,9
images/5138.jpg,multi_train,multi,0.029868,4.193738,1806,4
images/5144.jpg,single_train,single,0.031012,4.183775,2051,9
images/5147.jpg,single_train,single,0.030867,4.300649,2191,10
images/5148.jpg,single_train,single,0.031909,4.183818,2140,8
images/515.jpg,multi_train,multi,0.035682,2.66827,694,8
images/5152.jpg,single_train,single,0.029085,4.18753,1692,7
images/5153.jpg,multi_train,multi,0.029852,4.010052,1710,6
images/5156.jpg,multi_train,multi,0.032033,3.922661,2262,4
images/5157.jpg,multi_train,multi,0.030289,4.115949,1494,6
images/5160.jpg,single_train,single,0.027509,3.752187,1763,11
images/5162.jpg,single_train,single,0.029774,4.135863,1981,6
images/5166.jpg,single_train,single,0.028556,4.02941,2146,9
images/5167.jpg,single_train,single,0.028528,3.951315,2003,8
images/517.jpg,multi_train,multi,0.028445,5.005462,1006,2
images/5171.jpg,single_train,single,0.029034,4.007665,2209,7
images/5176.jpg,single_train,single,0.029174,4.097114,2162,8
images/5178.jpg,multi_train,multi,0.028674,4.071745,2149,4
images/5179.jpg,multi_train,multi,0.026621,3.800366,1635,3
images/5186.jpg,multi_train,multi,0.029134,3.812423,1651,3
images/5187.jpg,single_train,single,0.030528,3.936539,2458,9
images/5189.jpg,multi_train,multi,0.028623,3.999856,2284,6
images/5191.jpg,single_train,single,0.028198,3.738885,2043,9
images/521.jpg,multi_train,multi,0.027508,5.418911,1121,5
images/5219.jpg,single_train,single,0.027288,3.850301,1821,10
images/5221.jpg,single_train,single,0.028556,3.951363,1848,9
images/5223.jpg,single_train,single,0.022727,4.633071,882,6
images/5224.jpg,single_train,single,0.023369,4.642684,830,4
images/523.jpg,multi_train,multi,0.025223,2.487042,751,1
images/5237.jpg,single_train,single,0.060227,5.083237,525,7
images/524.jpg,multi_train,multi,0.018802,1.857323,630,4
images/5241.jpg,single_train,single,0.061011,5.092716,532,7
images/5243.jpg,single_train,single,0.060831,5.088666,532,7
images/5248.jpg,single_train,single,0.063526,5.321728,246,6
images/5253.jpg,single_test,single,0.06309,5.320264,255,5
images/526.jpg,multi_train,multi,0.027668,2.351905,522,3
images/5263.jpg,single_train,single,0.06042,5.090907,505,9
images/5266.jpg,single_train,single,0.061122,5.088984,517,4
images/527.jpg,multi_test,multi,0.027045,5.662182,2692,3
images/5270.jpg,single_train,single,0.067941,5.398561,217,9
images/5289.jpg,single_train,single,0.062166,5.121806,530,8
images/53.jpg,multi_train,multi,0.027467,1.871238,1044,4
images/530.jpg,multi_train,multi,0.026891,1.885274,636,1
images/5306.jpg,single_train,single,0.067679,5.394643,249,8
images/5311.jpg,multi_train,multi,0.070938,5.458124,179,6
images/5312.jpg,single_train,single,0.067806,5.388208,230,7
images/5313.jpg,single_train,single,0.073197,5.499884,201,7
images/5315.jpg,single_train,single,0.068244,5.410982,174,1
images/5347.jpg,single_train,single,0.063721,5.1315,543,1
images/5349.jpg,single_test,single,0.067391,5.190004,595,4
images/535.jpg,multi_train,multi,0.051559,4.146241,1939,4
images/5350.jpg,single_train,single,0.06562,5.158552,523,7
images/5357.jpg,single_train,single,0.06893,5.215514,611,8
images/536.jpg,multi_train,multi,0.077506,4.617685,1268,4
images/5373.jpg,single_train,single,0.071476,5.476879,210,6
images/5386.jpg,single_train,single,0.065764,5.16863,506,5
images/539.jpg,multi_train,multi,0.019694,2.128789,765,1
images/5390.jpg,single_train,single,0.064989,5.165568,530,8
images/5391.jpg,single_train,single,0.063812,5.140416,467,4
images/5398.jpg,single_train,single,0.068417,5.41163,198,7
images/5400.jpg,single_train,single,0.066627,5.389719,213,7
images/5402.jpg,single_train,single,0.070587,5.449641,159,9
images/5413.jpg,single_train,single,0.06147,5.107076,458,6
images/5414.jpg,single_train,single,0.063973,5.144194,554,8
images/5418.jpg,single_test,single,0.031698,4.767164,636,6
images/543.jpg,multi_train,multi,0.01337,6.100998,653,5
images/5436.jpg,single_train,single,0.069534,5.437919,171,2
images/5437.jpg,single_train,single,0.068085,5.408935,172,8
images/5442.jpg,multi_train,multi,0.067218,5.385334,216,5
images/5444.jpg,single_train,single,0.069266,5.435034,193,6
images/545.jpg,multi_train,multi,0.053702,5.39262,11008,5
images/5457.jpg,single_train,single,0.066892,5.379053,199,8
images/546.jpg,single_train,single,0.034639,1.661743,854,6
images/5461.jpg,single_train,single,0.062968,5.119849,506,6
images/5472.jpg,single_test,single,0.06533,5.336411,155,5
images/5476.jpg,single_train,single,0.066571,5.375886,214,7
images/5499.jpg,multi_train,multi,0.066451,5.364427,210,6
images/55.jpg,multi_train,multi,0.026641,2.173127,1109,4
images/550.jpg,multi_train,multi,0.030988,2.987565,659,3
images/5503.jpg,single_train,single,0.063021,5.313084,254,5
images/5525.jpg,single_train,single,0.065326,5.34687,213,10
images/553.jpg,"multi_test,single_test","multi,single",0.049129,4.049523,2492,17
images/5535.jpg,single_test,single,0.060934,5.097226,534,8
images/5540.jpg,single_train,single,0.062617,5.32292,264,5
images/5544.jpg,single_train,single,0.065775,5.359592,238,7
images/5552.jpg,single_train,single,0.069064,5.423136,250,6
images/5554.jpg,single_train,single,0.072049,5.494008,260,6
images/5556.jpg,single_train,single,0.06389,5.330813,266,8
images/5560.jpg,single_train,single,0.065027,5.167806,601,10
images/5571.jpg,single_train,single,0.064248,5.328155,229,10
images/5573.jpg,single_train,single,0.06475,5.365698,262,9
images/5580.jpg,single_test,single,0.068855,5.420343,211,8
images/5598.jpg,single_test,single,0.067452,5.433423,218,10
images/560.jpg,multi_train,multi,0.023461,5.066252,1551,3
images/5606.jpg,single_train,single,0.068835,5.448211,199,3
images/5609.jpg,single_train,single,0.068755,5.442716,197,10
images/561.jpg,multi_train,multi,0.035362,3.098995,933,2
images/5615.jpg,multi_train,multi,0.065852,5.381285,228,4
images/5617.jpg,single_train,single,0.067803,5.430071,249,3
images/5620.jpg,single_train,single,0.064453,5.183481,570,11
images/5625.jpg,single_train,single,0.069939,5.490507,230,6
images/5628.jpg,single_train,single,0.067181,5.424391,236,8
images/5641.jpg,single_train,single,0.066682,5.405048,216,8
images/5645.jpg,single_train,single,0.067333,5.427091,230,6
images/5656.jpg,single_train,single,0.06642,5.225769,560,7
images/5677.jpg,multi_train,multi,0.034869,4.849712,720,18
images/5682.jpg,single_train,single,0.06683,5.222921,586,6
images/569.jpg,multi_test,multi,0.016436,1.951439,1699,3
images/5695.jpg,multi_train,multi,0.064792,5.181157,514,3
images/5697.jpg,multi_train,multi,0.065564,5.20205,563,6
images/5707.jpg,single_test,single,0.062601,5.166267,561,9
images/5708.jpg,multi_train,multi,0.062317,5.155894,566,5
images/571.jpg,multi_train,multi,0.026001,4.039418,1045,2
images/5715.jpg,single_train,single,0.033857,4.951179,1351,7
images/5716.jpg,single_train,single,0.03504,4.992933,1392,7
images/572.jpg,multi_train,multi,0.025695,2.790331,659,5
images/5728.jpg,single_train,single,0.033755,4.886127,1154,7
images/573.jpg,multi_test,multi,0.024852,2.501588,881,4
images/5732.jpg,single_train,single,0.033669,4.90609,1257,8
images/574.jpg,multi_test,multi,0.035345,3.341043,1211,2
images/575.jpg,multi_train,multi,0.025264,3.353783,507,2
images/5759.jpg,single_train,single,0.032623,4.869475,1227,7
images/576.jpg,"multi_train,single_train","multi,single",0.028034,1.832994,749,10
images/577.jpg,multi_train,multi,0.013317,6.103101,725,5
images/5773.jpg,multi_train,multi,0.034037,4.899728,1195,6
images/5775.jpg,single_train,single,0.033813,4.90071,1236,7
images/5776.jpg,single_train,single,0.035071,4.917313,1223,8
images/5789.jpg,single_train,single,0.035251,4.920245,1245,6
images/579.jpg,multi_train,multi,0.011714,2.020504,850,1
images/580.jpg,multi_train,multi,0.020927,1.361017,702,5
images/5800.jpg,single_train,single,0.033874,4.907487,1249,7
images/5801.jpg,single_train,single,0.035352,4.926177,1249,8
images/5802.jpg,single_train,single,0.03443,4.906297,1216,7
images/5806.jpg,single_train,single,0.03288,4.879736,1140,5
images/5813.jpg,single_train,single,0.060807,5.138827,508,6
images/5823.jpg,single_train,single,0.033916,4.904639,1178,7
images/5842.jpg,multi_train,multi,0.034246,5.001213,372,17
images/5847.jpg,multi_train,multi,0.03453,5.018048,370,3
images/5848.jpg,single_train,single,0.03344,4.995019,386,8
images/5849.jpg,single_train,single,0.034333,5.021273,397,6
images/5851.jpg,multi_train,multi,0.035058,5.034942,392,18
images/5852.jpg,single_train,single,0.034129,5.027515,374,6
images/5858.jpg,single_test,single,0.033779,5.019423,369,7
images/5859.jpg,single_train,single,0.033398,5.007524,357,5
images/5869.jpg,single_train,single,0.027205,3.829756,1388,8
images/588.jpg,multi_train,multi,0.045351,3.976147,6348,3
images/5880.jpg,single_train,single,0.032664,4.823979,713,6
images/5884.jpg,single_train,single,0.033135,4.828961,680,2
images/589.jpg,single_train,single,0.031837,2.208094,1006,2
images/5893.jpg,single_train,single,0.033409,4.984568,493,6
images/5895.jpg,single_train,single,0.034069,4.880709,755,7
images/5896.jpg,single_train,single,0.033483,4.863503,730,8
images/5899.jpg,single_train,single,0.033592,4.819769,637,6
images/59.jpg,single_train,single,0.056186,2.923654,356,10
images/5916.jpg,single_train,single,0.034592,5.012639,438,5
images/5919.jpg,single_train,single,0.032413,4.824992,722,3
images/592.jpg,multi_train,multi,0.034601,2.28484,808,3
images/593.jpg,multi_train,multi,0.025111,2.24113,952,1
images/5944.jpg,single_train,single,0.035817,5.041904,468,5
images/5945.jpg,multi_train,multi,0.03683,5.058331,408,3
images/5948.jpg,single_test,single,0.062801,5.107399,520,6
images/596.jpg,multi_train,multi,0.030572,2.476887,813,2
images/5965.jpg,single_train,single,0.032972,4.827573,687,1
images/5969.jpg,single_train,single,0.035146,5.021387,453,9
images/5970.jpg,single_train,single,0.037081,5.068198,411,6
images/598.jpg,multi_train,multi,0.026203,2.21355,823,3
images/5988.jpg,single_test,single,0.033953,4.979152,377,8
images/599.jpg,multi_train,multi,0.027352,3.231449,2307,1
images/5994.jpg,single_train,single,0.069546,5.411397,154,8
images/5998.jpg,single_train,single,0.063765,5.13449,538,5
images/5999.jpg,single_train,single,0.063773,5.134127,538,6
images/600.jpg,multi_train,multi,0.034872,2.412142,358,8
images/6007.jpg,multi_train,multi,0.033056,4.809636,606,3
images/6008.jpg,single_train,single,0.034029,4.82951,645,5
images/6009.jpg,single_train,single,0.034116,4.849886,630,8
images/601.jpg,"multi_test,single_test","multi,single",0.022833,1.943987,693,10
images/6014.jpg,single_train,single,0.033505,4.816955,698,5
images/6024.jpg,single_train,single,0.036934,5.076402,488,8
images/6034.jpg,single_train,single,0.033597,4.821051,699,5
images/6041.jpg,single_test,single,0.064356,5.140652,543,8
images/6048.jpg,single_train,single,0.034835,5.017019,423,5
images/6065.jpg,single_train,single,0.035422,4.881497,671,5
images/608.jpg,single_train,single,0.026479,3.32315,1011,7
images/6082.jpg,single_train,single,0.032925,4.845569,734,8
images/6086.jpg,"multi_train,single_train","multi,single",0.03308,4.847569,713,13
images/6088.jpg,single_train,single,0.063178,5.115676,461,5
images/609.jpg,multi_train,multi,0.026337,4.01778,1034,4
images/6096.jpg,multi_train,multi,0.017546,4.555702,878,4
images/6110.jpg,multi_train,multi,0.031945,4.764128,582,6
images/614.jpg,multi_train,multi,0.012832,6.007103,717,5
images/6146.jpg,single_train,single,0.033722,4.883268,773,5
images/6155.jpg,single_train,single,0.031574,4.829864,742,8
images/6163.jpg,multi_train,multi,0.018617,4.797465,639,6
images/6172.jpg,single_test,single,0.066983,5.37726,202,7
images/618.jpg,multi_train,multi,0.024213,2.118949,617,1
images/6180.jpg,single_train,single,0.064548,5.1339,537,6
images/6192.jpg,single_train,single,0.034334,4.87933,779,6
images/6200.jpg,single_train,single,0.035273,5.031322,459,5
images/6208.jpg,single_train,single,0.034466,5.025807,512,2
images/621.jpg,multi_train,multi,0.025497,2.825062,426,1
images/6210.jpg,multi_train,multi,0.033379,4.990998,467,4
images/6215.jpg,single_train,single,0.034317,4.996917,412,6
images/6226.jpg,single_test,single,0.033934,4.999225,475,5
images/6247.jpg,single_train,single,0.035917,5.038133,380,6
images/625.jpg,multi_train,multi,0.030996,2.932625,659,6
images/6257.jpg,single_train,single,0.033954,4.87213,820,5
images/626.jpg,multi_train,multi,0.032293,2.777169,905,6
images/6262.jpg,single_train,single,0.032965,4.977867,542,6
images/627.jpg,multi_train,multi,0.027288,2.847591,837,3
images/6282.jpg,single_train,single,0.034309,4.86531,677,6
images/6304.jpg,single_train,single,0.032999,4.838402,713,4
images/6306.jpg,single_train,single,0.032789,4.838884,757,3
images/6307.jpg,single_train,single,0.032878,4.842477,752,6
images/6310.jpg,single_train,single,0.031382,4.819474,757,10
images/6318.jpg,single_train,single,0.033247,4.974706,501,6
images/6320.jpg,single_test,single,0.032816,4.817523,576,8
images/6326.jpg,multi_train,multi,0.033524,4.864967,764,4
images/6328.jpg,single_train,single,0.033654,4.862887,790,5
images/6343.jpg,single_train,single,0.034857,4.883045,764,5
images/6344.jpg,single_train,single,0.034859,4.911937,698,8
images/6348.jpg,single_train,single,0.032569,4.839229,719,4
images/6351.jpg,single_train,single,0.032436,4.966273,423,2
images/6353.jpg,single_train,single,0.032756,4.979432,452,6
images/6355.jpg,single_test,single,0.033262,4.987939,500,7
images/6357.jpg,single_train,single,0.036143,5.078619,422,9
images/636.jpg,single_test,single,0.034801,2.237605,566,9
images/6366.jpg,single_train,single,0.035353,4.891905,712,7
images/6377.jpg,multi_train,multi,0.033058,4.989204,440,19
images/6386.jpg,single_train,single,0.036395,5.088762,377,4
images/639.jpg,multi_train,multi,0.030582,2.913036,655,3
images/6397.jpg,single_train,single,0.033706,4.858836,732,1
images/64.jpg,single_test,single,0.027935,6.662496,3090,6
images/6406.jpg,single_train,single,0.068042,5.25365,586,4
images/6409.jpg,single_train,single,0.035083,4.871843,643,10
images/6410.jpg,single_train,single,0.035099,4.877727,696,7
images/6413.jpg,single_test,single,0.030989,4.805067,745,5
images/642.jpg,multi_train,multi,0.018202,2.192081,794,3
images/6427.jpg,single_train,single,0.031883,4.821952,749,6
images/6447.jpg,single_train,single,0.031896,4.837468,754,8
images/6449.jpg,single_train,single,0.032453,4.847483,795,1
images/6452.jpg,single_test,single,0.03289,4.840212,737,9
images/6461.jpg,single_train,single,0.034725,4.918831,778,7
images/647.jpg,multi_train,multi,0.018235,2.81606,815,1
images/6471.jpg,single_train,single,0.033343,4.853559,686,6
images/648.jpg,multi_train,multi,0.025971,2.655851,534,2
images/6489.jpg,single_train,single,0.033188,4.859038,784,6
images/650.jpg,multi_train,multi,0.029123,3.149472,1185,9
images/6501.jpg,single_train,single,0.034656,4.910021,765,6
images/6502.jpg,single_train,single,0.035305,4.927565,785,8
images/651.jpg,single_train,single,0.026448,2.6122,1837,14
images/6513.jpg,single_train,single,0.034019,4.889328,640,8
images/6514.jpg,single_train,single,0.033686,4.836354,544,4
images/6517.jpg,single_train,single,0.034183,4.896028,662,2
images/6523.jpg,single_train,single,0.034689,4.908348,651,9
images/6527.jpg,multi_train,multi,0.034104,4.885165,741,6
images/6528.jpg,single_train,single,0.034233,4.898916,679,5
images/653.jpg,multi_train,multi,0.030333,1.988212,1380,3
images/6546.jpg,multi_test,multi,0.037341,2.846181,911,2
images/655.jpg,multi_train,multi,0.025386,1.608428,555,4
images/6550.jpg,single_train,single,0.042854,2.641024,2482,3
images/6554.jpg,multi_train,multi,0.04843,5.912474,1557,4
images/6558.jpg,multi_train,multi,0.057719,6.944847,1048,3
images/656.jpg,multi_train,multi,0.030652,2.918528,661,1
images/6560.jpg,multi_train,multi,0.031278,5.002844,345,1
images/6561.jpg,multi_train,multi,0.074158,6.339295,714,1
images/6563.jpg,multi_train,multi,0.048728,3.915727,1675,2
images/6564.jpg,multi_train,multi,0.042766,4.247331,137,2
images/6567.jpg,multi_test,multi,0.052579,4.01026,311,3
images/657.jpg,multi_train,multi,0.030211,3.831132,1520,2
images/6571.jpg,multi_train,multi,0.059193,4.138228,1928,3
images/6577.jpg,multi_train,multi,0.070219,3.396685,1577,3
images/6578.jpg,multi_test,multi,0.040468,3.39504,761,4
images/658.jpg,multi_train,multi,0.041596,4.998644,2485,5
images/6580.jpg,multi_train,multi,0.110245,5.007228,1509,2
images/6582.jpg,multi_test,multi,0.079733,6.138951,171,6
images/6584.jpg,multi_train,multi,0.040925,3.652121,975,1
images/6587.jpg,single_train,single,0.035636,1.764066,834,9
images/6588.jpg,multi_train,multi,0.057061,3.729156,1780,2
images/6590.jpg,single_test,single,0.148219,6.431418,934,8
images/6593.jpg,single_test,single,0.063043,5.659835,1270,8
images/6595.jpg,multi_train,multi,0.033509,4.026651,640,4
images/6597.jpg,single_train,single,0.021806,2.257263,1414,12
images/6601.jpg,multi_train,multi,0.047818,3.669096,500,8
images/6609.jpg,single_test,single,0.040556,6.635603,2338,10
images/6610.jpg,multi_train,multi,0.041664,6.876335,1875,5
images/6611.jpg,single_train,single,0.072446,4.955048,1752,11
images/6614.jpg,multi_train,multi,0.034161,6.178175,7249,3
images/6616.jpg,multi_train,multi,0.043353,7.223376,1181,3
images/6618.jpg,multi_train,multi,0.030953,5.685741,1347,2
images/6619.jpg,single_train,single,0.030732,6.200913,26203,9
images/663.jpg,multi_train,multi,0.036305,4.839585,1268,2
images/6635.jpg,single_train,single,0.030588,3.831005,1995,6
images/6646.jpg,multi_train,multi,0.020684,5.183358,1201,5
images/6647.jpg,multi_train,multi,0.018446,4.623988,1278,3
images/6649.jpg,"multi_train,single_train","multi,single",0.031268,4.846088,6631,11
images/665.jpg,"multi_train,single_train","multi,single",0.030517,2.564233,1263,15
images/6650.jpg,multi_train,multi,0.026594,3.539733,1839,1
images/6651.jpg,multi_train,multi,0.019717,4.776372,1036,4
images/6655.jpg,single_train,single,0.031799,3.273841,1283,2
images/6661.jpg,single_train,single,0.024659,1.922545,784,10
images/6663.jpg,single_train,single,0.025385,4.856701,1181,11
images/6664.jpg,multi_test,multi,0.032767,3.353569,948,2
images/6665.jpg,multi_train,multi,0.026333,2.164841,896,3
images/6668.jpg,single_train,single,0.027108,1.544015,895,8
images/667.jpg,multi_train,multi,0.021622,3.04899,872,4
images/6671.jpg,single_train,single,0.030691,3.729441,976,8
images/668.jpg,multi_train,multi,0.031645,2.548389,871,2
images/6680.jpg,multi_train,multi,0.031957,1.822426,1250,2
images/6682.jpg,multi_train,multi,0.033327,2.81152,633,2
images/6689.jpg,single_train,single,0.058379,3.487992,869,10
images/669.jpg,multi_train,multi,0.025445,2.101,838,7
images/6692.jpg,single_train,single,0.064833,2.991645,835,9
images/6693.jpg,"multi_train,single_train","multi,single",0.045699,5.85727,1112,10
images/6694.jpg,single_train,single,0.058757,2.622643,813,8
images/6695.jpg,"multi_train,single_train","multi,single",0.041465,6.395741,979,10
images/6698.jpg,multi_train,multi,0.059831,3.152141,564,5
images/6700.jpg,multi_train,multi,0.022871,2.79468,577,3
images/6702.jpg,multi_train,multi,0.0241,1.697416,657,1
images/6712.jpg,multi_train,multi,0.036899,2.59735,1089,5
images/6713.jpg,multi_train,multi,0.030577,1.626296,1114,1
images/6714.jpg,multi_train,multi,0.029494,2.027438,1013,3
images/6715.jpg,multi_train,multi,0.033565,2.580288,1008,7
images/6719.jpg,multi_train,multi,0.065108,4.657774,1247,1
images/672.jpg,multi_train,multi,0.024572,3.202212,500,5
images/6722.jpg,multi_train,multi,0.050936,4.817606,1873,2
images/6727.jpg,multi_train,multi,0.031492,2.996671,1448,8
images/6730.jpg,multi_train,multi,0.032223,3.081224,1422,6
images/6731.jpg,multi_train,multi,0.052365,4.312856,3426,5
images/6734.jpg,multi_train,multi,0.047162,3.475792,1340,3
images/6735.jpg,multi_train,multi,0.063317,6.004843,1418,3
images/6736.jpg,multi_train,multi,0.048281,3.525999,2093,3
images/6741.jpg,multi_train,multi,0.027556,4.219963,1459,4
images/6742.jpg,multi_train,multi,0.041958,4.004913,2169,2
images/6745.jpg,"multi_train,single_train","multi,single",0.055589,5.165298,2812,16
images/6746.jpg,multi_train,multi,0.025714,3.35089,895,3
images/6750.jpg,multi_train,multi,0.045534,2.911304,1199,1
images/6753.jpg,multi_train,multi,0.025026,3.449515,814,3
images/6755.jpg,"multi_test,single_test","multi,single",0.052182,4.539702,28705,8
images/6756.jpg,single_train,single,0.050283,6.730886,3383,8
images/676.jpg,multi_test,multi,0.024545,2.487684,869,4
images/6760.jpg,multi_train,multi,0.027168,3.463163,990,1
images/6761.jpg,multi_train,multi,0.069334,5.57862,6809,1
images/6767.jpg,multi_test,multi,0.024576,2.564116,3321,2
images/6768.jpg,multi_train,multi,0.029147,2.09867,909,1
images/6769.jpg,multi_train,multi,0.056708,4.688584,6584,1
images/677.jpg,"multi_train,single_train","multi,single",0.018455,2.825557,831,12
images/6770.jpg,single_train,single,0.031166,2.66351,787,8
images/6772.jpg,multi_train,multi,0.037273,2.289219,1010,3
images/6773.jpg,multi_train,multi,0.027989,2.089957,1436,1
images/6774.jpg,"multi_train,single_train","multi,single",0.030394,1.599429,1756,11
images/6775.jpg,multi_test,multi,0.04362,4.059629,1840,4
images/6777.jpg,multi_train,multi,0.025479,2.483343,2305,1
images/6779.jpg,multi_train,multi,0.036412,2.579951,19420,5
images/678.jpg,multi_test,multi,0.035436,3.360671,1236,2
images/6780.jpg,multi_train,multi,0.034756,3.077313,1214,1
images/6782.jpg,multi_train,multi,0.02621,3.622393,1067,3
images/6783.jpg,single_train,single,0.024452,2.088528,591,8
images/6787.jpg,single_train,single,0.031575,2.921113,1379,9
images/6789.jpg,multi_train,multi,0.029852,2.790406,1362,1
images/679.jpg,multi_train,multi,0.037318,3.346702,4458,3
images/6790.jpg,"multi_train,single_train","multi,single",0.024442,3.278716,944,8
images/6791.jpg,multi_test,multi,0.031269,3.299408,1792,5
images/6792.jpg,multi_train,multi,0.065272,3.34956,875,2
images/6796.jpg,multi_test,multi,0.040576,5.321822,705,4
images/6798.jpg,single_train,single,0.037898,4.114323,3338,7
images/68.jpg,single_train,single,0.023884,6.897119,4618,9
images/6800.jpg,multi_train,multi,0.04735,2.500822,476,1
images/6804.jpg,multi_train,multi,0.061971,3.903437,2232,2
images/6805.jpg,multi_train,multi,0.026822,3.465657,1761,3
images/6807.jpg,"multi_train,single_train","multi,single",0.059907,2.278101,1657,7
images/6808.jpg,multi_train,multi,0.034639,4.695085,4082,2
images/681.jpg,"multi_train,single_train","multi,single",0.014663,5.984934,667,16
images/6810.jpg,multi_train,multi,0.028579,2.826269,1164,1
images/6812.jpg,multi_train,multi,0.042127,5.395117,1459,2
images/6815.jpg,single_train,single,0.043487,4.90976,3938,3
images/6817.jpg,multi_train,multi,0.047523,3.356774,1422,4
images/6818.jpg,single_train,single,0.062569,3.240582,539,8
images/6819.jpg,multi_train,multi,0.048224,3.428741,1536,4
images/682.jpg,multi_train,multi,0.025825,2.346307,1201,4
images/6821.jpg,multi_train,multi,0.074085,5.744108,1103,2
images/6822.jpg,multi_train,multi,0.035342,4.071468,804,4
images/6827.jpg,multi_train,multi,0.034494,5.697987,1358,5
images/6831.jpg,multi_train,multi,0.062817,3.790098,1378,3
images/6837.jpg,multi_train,multi,0.067703,4.319461,1580,5
images/684.jpg,multi_train,multi,0.021312,2.534083,1685,5
images/6840.jpg,multi_train,multi,0.022792,3.629598,1252,3
images/6842.jpg,multi_train,multi,0.040773,2.708553,1885,7
images/6846.jpg,multi_train,multi,0.098307,6.3456,1500,1
images/6847.jpg,multi_test,multi,0.058062,5.33114,2703,2
images/6849.jpg,multi_train,multi,0.039467,4.133554,1147,3
images/6850.jpg,"multi_train,single_train","multi,single",0.052213,3.758397,1059,4
images/6851.jpg,multi_train,multi,0.040996,4.38029,2074,10
images/6853.jpg,multi_train,multi,0.063317,6.004843,1418,1
images/6856.jpg,multi_train,multi,0.066612,6.033057,2853,1
images/6858.jpg,multi_train,multi,0.062956,5.534324,1062,3
images/6861.jpg,single_train,single,0.038315,4.11319,12350,9
images/6865.jpg,multi_train,multi,0.054394,3.968818,1944,2
images/6868.jpg,multi_train,multi,0.067497,5.455357,3406,2
images/6871.jpg,"multi_test,single_test","multi,single",0.046832,5.004707,9660,7
images/6873.jpg,multi_train,multi,0.036185,3.671208,1860,3
images/6874.jpg,multi_train,multi,0.034423,4.130205,1681,3
images/6875.jpg,"multi_test,single_test","multi,single",0.048782,4.83154,6229,6
images/6881.jpg,multi_train,multi,0.062601,4.942146,3238,1
images/6882.jpg,multi_train,multi,0.060273,6.001664,5513,1
images/6883.jpg,multi_test,multi,0.054006,5.390166,863,7
images/6884.jpg,single_train,single,0.076653,5.355232,1519,9
images/6893.jpg,single_train,single,0.062276,5.614203,2139,10
images/6894.jpg,single_train,single,0.030486,4.264683,2824,13
images/6896.jpg,multi_train,multi,0.079667,5.24947,2213,1
images/6900.jpg,single_train,single,0.054742,3.677799,2153,9
images/6903.jpg,multi_train,multi,0.044622,4.246924,1158,5
images/6908.jpg,single_train,single,0.037179,4.520224,8901,10
images/6909.jpg,multi_train,multi,0.046053,4.064841,1372,1
images/691.jpg,multi_train,multi,0.032105,3.075695,1115,1
images/6911.jpg,multi_train,multi,0.048784,5.158521,6211,2
images/6917.jpg,multi_train,multi,0.031724,4.048291,1834,1
images/6918.jpg,multi_train,multi,0.039028,4.771109,2215,2
images/6921.jpg,multi_train,multi,0.019808,2.624837,605,2
images/6924.jpg,multi_train,multi,0.031417,4.448367,1370,2
images/6925.jpg,single_train,single,0.024618,5.052151,1933,4
images/6926.jpg,multi_train,multi,0.041516,5.164541,1707,4
images/6928.jpg,single_train,single,0.039187,4.585849,1426,7
images/6934.jpg,multi_test,multi,0.030465,2.916169,1726,2
images/6936.jpg,multi_train,multi,0.044335,4.20749,6076,1
images/6938.jpg,single_train,single,0.042247,3.082447,2472,5
images/694.jpg,single_train,single,0.028043,4.157853,1691,1
images/6941.jpg,single_train,single,0.029668,3.854164,2442,7
images/6942.jpg,multi_train,multi,0.034306,6.893902,3528,3
images/6943.jpg,multi_train,multi,0.040273,4.757841,2517,1
images/6945.jpg,single_train,single,0.046956,4.851968,1758,7
images/6950.jpg,single_test,single,0.06753,3.311693,1499,9
images/6954.jpg,"multi_train,single_train","multi,single",0.065836,5.216321,991,5
images/696.jpg,single_train,single,0.030665,3.249043,622,7
images/6963.jpg,multi_train,multi,0.024965,3.855596,1717,3
images/6966.jpg,single_train,single,0.025549,5.1635,1318,7
images/6967.jpg,multi_train,multi,0.027106,3.788802,1131,2
images/6969.jpg,multi_train,multi,0.029642,5.057585,899,3
images/697.jpg,multi_train,multi,0.032983,5.082122,1641,5
images/6970.jpg,multi_train,multi,0.024868,2.82606,980,1
images/6972.jpg,multi_train,multi,0.024489,5.724228,2812,2
images/6974.jpg,multi_train,multi,0.051902,5.035203,1254,1
images/6979.jpg,multi_train,multi,0.034172,4.317452,2398,1
images/6987.jpg,single_train,single,0.012513,5.995067,2895,9
images/6988.jpg,multi_train,multi,0.027764,3.938013,1189,3
images/699.jpg,multi_train,multi,0.034765,2.436663,389,8
images/6991.jpg,multi_train,multi,0.025839,2.844514,940,3
images/6992.jpg,multi_train,multi,0.045702,5.723596,1314,1
images/6996.jpg,single_test,single,0.022322,2.85202,860,9
images/6997.jpg,multi_train,multi,0.068691,6.528017,2366,1
images/6998.jpg,single_train,single,0.062451,6.203314,2358,6
images/700.jpg,single_test,single,0.033622,5.373169,1838,6
images/7004.jpg,multi_train,multi,0.037428,5.814356,1400,2
images/7007.jpg,multi_train,multi,0.034311,3.576711,1005,3
images/7010.jpg,"multi_train,single_train","multi,single",0.04978,5.19165,1773,7
images/7015.jpg,single_train,single,0.023012,3.796579,9571,8
images/7018.jpg,multi_train,multi,0.114702,6.078333,2574,3
images/7019.jpg,single_train,single,0.047705,4.444427,1052,6
images/7022.jpg,multi_train,multi,0.100658,5.290858,3211,3
images/7023.jpg,multi_train,multi,0.027305,5.516366,2386,3
images/7024.jpg,single_train,single,0.089263,5.874004,3246,7
images/7028.jpg,multi_train,multi,0.057784,3.957254,2273,4
images/7032.jpg,multi_train,multi,0.020189,5.113688,1051,1
images/7034.jpg,multi_train,multi,0.04514,4.902741,1948,3
images/7035.jpg,multi_train,multi,0.025596,5.205555,2325,1
images/7036.jpg,multi_train,multi,0.032017,4.929371,12381,1
images/704.jpg,multi_train,multi,0.050492,2.993569,567,4
images/7042.jpg,multi_train,multi,0.032364,1.605338,1951,1
images/7048.jpg,multi_train,multi,0.087113,4.197918,1281,3
images/7049.jpg,multi_train,multi,0.023082,5.590533,2745,3
images/705.jpg,single_train,single,0.042465,4.569245,1330,11
images/7056.jpg,single_train,single,0.043205,5.380839,1372,10
images/706.jpg,multi_train,multi,0.05094,4.788794,14201,3
images/7068.jpg,multi_train,multi,0.059297,3.265234,5507,2
images/7069.jpg,multi_train,multi,0.06016,3.143057,5329,2
images/7070.jpg,"multi_train,single_train","multi,single",0.045676,4.887106,814,12
images/7072.jpg,multi_train,multi,0.043859,3.216033,1491,3
images/7073.jpg,multi_train,multi,0.028135,3.449711,902,2
images/7074.jpg,multi_train,multi,0.073318,6.416445,3582,3
images/7075.jpg,multi_train,multi,0.033649,4.199867,11022,7
images/708.jpg,multi_train,multi,0.024986,3.20037,984,2
images/7080.jpg,multi_train,multi,0.037791,2.999463,1573,5
images/7081.jpg,multi_train,multi,0.09565,6.826928,2733,3
images/7082.jpg,"multi_train,single_train","multi,single",0.098001,6.066171,1674,7
images/7083.jpg,"multi_train,single_train","multi,single",0.069229,5.502639,1719,5
images/7084.jpg,multi_train,multi,0.069702,5.451755,1595,2
images/7086.jpg,multi_train,multi,0.029339,5.86057,1186,3
images/7087.jpg,multi_train,multi,0.037993,4.639203,2777,6
images/7093.jpg,single_train,single,0.042667,5.732288,2101,8
images/7098.jpg,multi_train,multi,0.074039,6.957151,6784,1
images/7099.jpg,single_train,single,0.040603,5.041936,5444,2
images/710.jpg,single_train,single,0.056802,3.314231,855,9
images/7100.jpg,multi_train,multi,0.045589,2.647092,1196,1
images/7105.jpg,single_train,single,0.040797,6.150801,1575,5
images/7108.jpg,multi_train,multi,0.129431,6.629,3490,1
images/711.jpg,multi_train,multi,0.046056,2.289251,1155,1
images/7113.jpg,multi_train,multi,0.05489,6.673112,2325,4
images/7117.jpg,multi_train,multi,0.038422,4.855433,829,3
images/7119.jpg,multi_train,multi,0.051282,5.116155,569,1
images/7126.jpg,multi_train,multi,0.021723,4.497339,512,1
images/7128.jpg,"multi_train,single_train","multi,single",0.097772,7.168778,3975,10
images/7132.jpg,multi_train,multi,0.042351,6.145433,4416,1
images/7134.jpg,multi_train,multi,0.084052,5.968372,1832,1
images/7137.jpg,multi_test,multi,0.030107,4.088339,13273,1
images/7138.jpg,multi_train,multi,0.016408,2.777938,1654,3
images/7140.jpg,"multi_train,single_train","multi,single",0.024165,3.481605,5617,11
images/7142.jpg,single_train,single,0.067394,5.599127,1660,13
images/7143.jpg,multi_train,multi,0.046355,5.230896,415,2
images/7148.jpg,multi_train,multi,0.031361,2.033177,1860,3
images/7149.jpg,single_train,single,0.020494,1.880784,983,9
images/715.jpg,multi_train,multi,0.037065,3.547645,1297,3
images/7152.jpg,multi_train,multi,0.041444,5.356871,1555,2
images/7157.jpg,multi_train,multi,0.070174,4.457474,1701,2
images/7158.jpg,multi_train,multi,0.07577,4.550037,1226,2
images/7159.jpg,"multi_train,single_train","multi,single",0.126633,6.598423,7093,11
images/7161.jpg,"multi_train,single_train","multi,single",0.022786,5.967058,4494,5
images/7164.jpg,multi_train,multi,0.032857,3.965996,1043,3
images/7169.jpg,multi_train,multi,0.045453,5.003057,946,2
images/7173.jpg,multi_train,multi,0.161571,6.766887,5655,4
images/7177.jpg,multi_train,multi,0.025886,6.315547,308,1
images/7179.jpg,single_train,single,0.021556,5.116748,2161,8
images/7180.jpg,single_train,single,0.046362,6.232958,747,5
images/7181.jpg,multi_train,multi,0.077305,5.595729,1328,2
images/7182.jpg,multi_train,multi,0.053339,5.276053,2871,1
images/7186.jpg,multi_train,multi,0.05541,4.260524,1829,4
images/7187.jpg,multi_train,multi,0.08591,6.718698,2214,1
images/7188.jpg,multi_train,multi,0.062493,5.356124,1218,5
images/7190.jpg,single_train,single,0.028819,3.128519,1110,3
images/7191.jpg,multi_train,multi,0.039996,4.045905,759,3
images/7194.jpg,multi_train,multi,0.020394,3.23423,1584,4
images/7196.jpg,multi_train,multi,0.064638,4.457468,6954,1
images/7197.jpg,multi_train,multi,0.022538,3.252273,783,3
images/7199.jpg,multi_train,multi,0.071029,6.730153,3702,3
images/7200.jpg,multi_train,multi,0.050742,5.480542,412,2
images/7202.jpg,multi_train,multi,0.055363,4.790727,1538,4
images/7203.jpg,"multi_train,single_train","multi,single",0.034865,4.319806,2019,16
images/7204.jpg,multi_train,multi,0.047822,4.556716,3576,4
images/7206.jpg,multi_test,multi,0.070434,6.310293,127,4
images/7208.jpg,single_train,single,0.051586,5.927957,953,7
images/7210.jpg,multi_train,multi,0.065475,4.963908,1511,3
images/7218.jpg,multi_train,multi,0.033474,4.997564,1116,4
images/722.jpg,single_train,single,0.032641,2.673548,606,8
images/7221.jpg,multi_train,multi,0.06234,4.63949,3196,2
images/7224.jpg,single_train,single,0.028891,5.432669,260,9
images/7225.jpg,multi_test,multi,0.13402,7.305959,769,2
images/7229.jpg,multi_train,multi,0.044855,5.116921,1309,1
images/7231.jpg,multi_train,multi,0.040937,4.495139,2696,4
images/7232.jpg,"multi_train,single_train","multi,single",0.041183,5.966214,2115,6
images/7234.jpg,multi_test,multi,0.063994,4.500425,1366,2
images/7239.jpg,multi_train,multi,0.029811,5.206746,3596,2
images/7240.jpg,multi_train,multi,0.049447,5.514558,940,4
images/7241.jpg,multi_train,multi,0.026523,6.430114,4819,2
images/7243.jpg,single_train,single,0.023758,5.119843,1151,7
images/7245.jpg,single_train,single,0.047082,3.301733,1430,8
images/7247.jpg,multi_train,multi,0.06742,6.665415,8893,4
images/7248.jpg,"multi_train,single_train","multi,single",0.033075,4.509633,743,13
images/7255.jpg,multi_train,multi,0.022996,6.240629,784,1
images/726.jpg,multi_train,multi,0.030332,2.8848,665,3
images/7260.jpg,single_train,single,0.128836,6.77082,1502,7
images/7264.jpg,multi_train,multi,0.018622,3.984341,1454,1
images/727.jpg,multi_test,multi,0.02735,2.910143,4509,4
images/7272.jpg,multi_train,multi,0.049314,2.257597,271,3
images/7273.jpg,multi_train,multi,0.058333,5.397501,1303,2
images/7274.jpg,multi_test,multi,0.025632,4.332329,2429,6
images/7278.jpg,multi_train,multi,0.023638,1.530443,1442,1
images/7280.jpg,"multi_train,single_train","multi,single",0.032297,4.582909,1745,8
images/7282.jpg,multi_train,multi,0.017568,4.648083,1140,2
images/7284.jpg,single_train,single,0.052021,6.61847,1193,4
images/7288.jpg,"multi_test,single_test","multi,single",0.100844,5.86668,2442,14
images/7293.jpg,multi_train,multi,0.061925,6.668309,3933,3
images/7294.jpg,single_train,single,0.057211,4.749693,1668,14
images/7298.jpg,single_train,single,0.091591,6.343482,5303,5
images/7299.jpg,multi_test,multi,0.020915,4.156976,934,2
images/7300.jpg,single_train,single,0.027819,3.373593,447,10
images/7306.jpg,multi_train,multi,0.015618,3.553906,1070,3
images/7309.jpg,single_train,single,0.030326,4.669366,580,7
images/7310.jpg,single_train,single,0.019963,4.08444,487,5
images/7312.jpg,multi_train,multi,0.033287,3.367885,1215,2
images/7314.jpg,multi_test,multi,0.065598,6.461866,790,1
images/7316.jpg,multi_train,multi,0.033718,4.329516,2020,2
images/7317.jpg,multi_train,multi,0.069556,6.601595,1569,2
images/7318.jpg,multi_train,multi,0.071729,6.486924,1374,1
images/7319.jpg,single_train,single,0.052564,5.907511,1782,10
images/732.jpg,multi_train,multi,0.03349,2.553042,1083,1
images/7321.jpg,single_train,single,0.054069,4.258585,785,8
images/7323.jpg,multi_train,multi,0.06973,6.08783,4190,2
images/733.jpg,single_train,single,0.034481,4.025913,1108,6
images/7330.jpg,single_train,single,0.057888,5.377919,939,10
images/7336.jpg,single_train,single,0.046651,3.261259,1619,6
images/734.jpg,multi_train,multi,0.056226,3.976303,2026,3
images/7343.jpg,multi_train,multi,0.043095,5.114952,1685,1
images/7344.jpg,single_train,single,0.052162,5.455694,1603,2
images/7345.jpg,single_train,single,0.079024,6.450436,914,6
images/7349.jpg,"multi_test,single_test","multi,single",0.042603,4.460128,1580,7
images/735.jpg,multi_train,multi,0.041265,2.358795,722,5
images/7350.jpg,multi_test,multi,0.046449,5.962147,1074,1
images/7351.jpg,multi_train,multi,0.017377,2.637965,821,3
images/7353.jpg,single_test,single,0.085267,7.220235,1211,6
images/7363.jpg,multi_train,multi,0.045311,6.269423,1413,3
images/7366.jpg,multi_train,multi,0.057473,5.198957,1313,4
images/7367.jpg,single_train,single,0.04505,5.495516,2154,7
images/7368.jpg,single_train,single,0.02381,3.649244,1043,5
images/7374.jpg,single_train,single,0.069164,5.128043,1581,14
images/7380.jpg,multi_train,multi,0.03536,5.524686,1661,2
images/7382.jpg,multi_train,multi,0.025814,5.639483,3024,6
images/7384.jpg,multi_train,multi,0.075572,6.187348,2459,3
images/7387.jpg,"multi_train,single_train","multi,single",0.050447,4.703494,2244,11
images/7389.jpg,single_train,single,0.04381,5.452795,1733,10
images/7391.jpg,"multi_train,single_train","multi,single",0.065977,5.779057,1295,8
images/7392.jpg,multi_train,multi,0.040985,5.931204,1480,3
images/7394.jpg,multi_train,multi,0.031411,3.079097,1041,3
images/7398.jpg,multi_train,multi,0.09574,6.528058,1627,1
images/7399.jpg,"multi_train,single_train","multi,single",0.037467,5.221918,5943,10
images/7401.jpg,multi_train,multi,0.121227,7.269888,1616,1
images/7406.jpg,multi_train,multi,0.023376,3.217809,966,1
images/741.jpg,single_train,single,0.031787,1.848101,1148,5
images/7410.jpg,single_train,single,0.073917,5.378259,180,1
images/7411.jpg,multi_train,multi,0.072166,5.171781,1026,3
images/7413.jpg,multi_train,multi,0.046479,6.300059,188,1
images/7414.jpg,multi_train,multi,0.023819,7.079842,433,1
images/7415.jpg,multi_train,multi,0.026055,3.463819,974,3
images/7416.jpg,multi_train,multi,0.025195,4.729397,2732,2
images/7418.jpg,multi_train,multi,0.030162,3.850945,2221,2
images/742.jpg,multi_train,multi,0.058953,2.56465,2361,2
images/743.jpg,multi_train,multi,0.023093,1.698866,688,2
images/7434.jpg,single_train,single,0.028222,6.546266,3566,1
images/7439.jpg,multi_train,multi,0.029063,3.5685,1149,1
images/7441.jpg,multi_train,multi,0.033572,6.613442,2370,2
images/7443.jpg,multi_train,multi,0.039283,3.688143,1793,2
images/7444.jpg,single_train,single,0.03816,5.182595,996,10
images/7447.jpg,multi_train,multi,0.047801,5.377413,902,4
images/7449.jpg,multi_train,multi,0.032498,4.94995,1367,3
images/7451.jpg,multi_train,multi,0.066786,6.547308,616,2
images/7452.jpg,multi_train,multi,0.064218,4.979526,1765,3
images/7453.jpg,multi_test,multi,0.061493,7.371346,2010,2
images/7454.jpg,single_train,single,0.027612,7.121573,1206,6
images/7455.jpg,multi_test,multi,0.0726,5.756256,30,2
images/7459.jpg,multi_train,multi,0.045541,5.013557,1699,3
images/7464.jpg,multi_train,multi,0.078874,6.887046,574,3
images/7465.jpg,multi_train,multi,0.017462,2.798538,853,1
images/7475.jpg,multi_train,multi,0.056224,4.149233,4204,5
images/7476.jpg,multi_train,multi,0.02619,6.624647,2302,2
images/7478.jpg,multi_train,multi,0.043983,5.499477,3039,3
images/7482.jpg,multi_train,multi,0.054977,5.782734,4041,4
images/7483.jpg,multi_train,multi,0.032728,4.29886,2179,2
images/7484.jpg,multi_train,multi,0.063917,6.363102,298,3
images/7491.jpg,multi_train,multi,0.03834,4.384294,1995,5
images/7496.jpg,multi_train,multi,0.022401,2.106423,796,1
images/7497.jpg,multi_train,multi,0.022548,4.491665,5103,3
images/7499.jpg,multi_train,multi,0.018053,2.333466,446,3
images/7502.jpg,multi_train,multi,0.048952,3.441611,1020,6
images/7503.jpg,single_train,single,0.09617,5.261189,3063,10
images/7513.jpg,multi_train,multi,0.077683,4.683628,289,4
images/7515.jpg,multi_train,multi,0.03153,4.368654,638,1
images/7520.jpg,multi_train,multi,0.052998,5.452053,749,1
images/7521.jpg,"multi_train,single_train","multi,single",0.066274,3.815069,1192,7
images/7523.jpg,multi_test,multi,0.114823,5.801572,932,2
images/7529.jpg,single_train,single,0.059708,6.212017,518,8
images/753.jpg,multi_train,multi,0.047084,2.048093,977,1
images/7530.jpg,multi_train,multi,0.048233,5.227268,1993,2
images/7532.jpg,multi_train,multi,0.051547,4.272799,752,2
images/7533.jpg,single_train,single,0.036295,6.136806,2085,6
images/7542.jpg,multi_test,multi,0.060215,3.877439,462,2
images/7544.jpg,single_train,single,0.05264,4.653123,875,10
images/7545.jpg,multi_train,multi,0.086495,4.21299,963,5
images/7551.jpg,multi_train,multi,0.02306,3.537187,568,5
images/7556.jpg,multi_test,multi,0.0518,6.825426,395,4
images/7557.jpg,multi_train,multi,0.046921,6.952007,341,1
images/7558.jpg,multi_train,multi,0.040686,5.668756,139,6
images/7560.jpg,multi_test,multi,0.028656,3.967258,2266,3
images/7566.jpg,multi_train,multi,0.033971,4.223049,565,4
images/7570.jpg,multi_train,multi,0.033043,3.717536,852,1
images/7571.jpg,multi_train,multi,0.035345,3.76376,1192,1
images/7572.jpg,multi_train,multi,0.045562,3.192695,753,2
images/7573.jpg,multi_train,multi,0.015761,3.041332,2178,3
images/7576.jpg,multi_train,multi,0.049193,6.28702,2735,1
images/7577.jpg,multi_train,multi,0.065805,6.125362,1754,1
images/7580.jpg,multi_train,multi,0.069349,4.144441,522,3
images/7581.jpg,multi_train,multi,0.039876,4.330988,2165,4
images/7582.jpg,single_train,single,0.039963,6.371513,266,3
images/7586.jpg,"multi_train,single_train","multi,single",0.055886,5.724382,5661,7
images/7588.jpg,"multi_train,single_train","multi,single",0.059724,4.116221,1779,6
images/759.jpg,multi_train,multi,0.024997,3.236511,967,4
images/7591.jpg,multi_test,multi,0.067324,5.297194,173,8
images/7592.jpg,multi_train,multi,0.065053,3.878349,842,1
images/7594.jpg,multi_test,multi,0.114709,6.356397,1267,3
images/7595.jpg,multi_train,multi,0.068147,4.833412,1596,5
images/7599.jpg,single_train,single,0.061587,4.065523,188,10
images/760.jpg,multi_train,multi,0.037808,3.326662,4596,3
images/7600.jpg,multi_test,multi,0.062756,6.35595,89,2
images/7601.jpg,multi_train,multi,0.0824,5.685285,1942,3
images/7602.jpg,single_train,single,0.076351,4.443799,1235,12
images/7606.jpg,multi_train,multi,0.06215,6.435743,272,3
images/7607.jpg,multi_train,multi,0.042214,6.502869,3712,3
images/7609.jpg,multi_train,multi,0.03441,5.03606,525,4
images/761.jpg,multi_test,multi,0.052082,3.985499,1155,3
images/7610.jpg,single_train,single,0.051034,6.36367,1614,5
images/7613.jpg,multi_train,multi,0.065348,4.642538,904,2
images/7615.jpg,multi_train,multi,0.071093,4.626079,467,4
images/7617.jpg,multi_train,multi,0.078337,3.924139,907,1
images/7618.jpg,multi_train,multi,0.089337,4.153408,1212,2
images/7619.jpg,multi_train,multi,0.098274,4.77916,2373,2
images/7624.jpg,multi_train,multi,0.101694,5.26067,334,1
images/7625.jpg,multi_train,multi,0.095223,4.221734,691,3
images/7626.jpg,multi_train,multi,0.060627,5.378624,1323,4
images/7627.jpg,multi_test,multi,0.082943,5.838963,1081,6
images/763.jpg,multi_train,multi,0.018332,2.84781,856,4
images/7635.jpg,multi_train,multi,0.079214,4.474798,1392,3
images/7639.jpg,multi_train,multi,0.053288,3.787541,731,3
images/7644.jpg,multi_train,multi,0.053379,3.408816,1436,7
images/765.jpg,multi_train,multi,0.042633,2.107551,403,3
images/7650.jpg,single_train,single,0.055475,5.349454,330,4
images/7652.jpg,multi_train,multi,0.040686,3.794907,1399,5
images/7653.jpg,multi_train,multi,0.068569,5.090976,1582,2
images/7655.jpg,multi_train,multi,0.066752,4.2154,2269,2
images/7657.jpg,multi_test,multi,0.032271,5.442264,381,2
images/7661.jpg,multi_train,multi,0.033214,4.150326,1336,3
images/7662.jpg,multi_train,multi,0.058257,4.683981,926,3
images/7663.jpg,multi_train,multi,0.032043,2.428498,363,1
images/7664.jpg,single_train,single,0.03285,4.07981,999,4
images/7666.jpg,multi_train,multi,0.051443,4.749453,1294,4
images/7668.jpg,multi_test,multi,0.059535,6.984674,2008,2
images/767.jpg,single_train,single,0.054697,3.766958,4609,5
images/7671.jpg,single_train,single,0.086751,4.593813,1230,6
images/7675.jpg,multi_train,multi,0.039867,3.353594,34,1
images/7676.jpg,multi_train,multi,0.076461,5.227596,257,3
images/7677.jpg,multi_train,multi,0.19113,7.464613,213,3
images/7679.jpg,multi_train,multi,0.071507,6.054837,129,4
images/7683.jpg,multi_train,multi,0.07103,6.011353,959,3
images/7684.jpg,multi_train,multi,0.073054,4.43158,1758,2
images/7686.jpg,multi_train,multi,0.061642,3.422769,988,1
images/7687.jpg,multi_train,multi,0.067308,4.417592,1613,2
images/7689.jpg,multi_train,multi,0.053409,3.663118,450,3
images/7693.jpg,multi_train,multi,0.068619,5.918466,12,3
images/7694.jpg,multi_train,multi,0.072324,4.650053,1114,8
images/7696.jpg,single_train,single,0.060436,4.849818,512,4
images/7700.jpg,multi_train,multi,0.082198,5.523354,980,4
images/7706.jpg,multi_train,multi,0.072036,5.017865,504,2
images/7708.jpg,multi_test,multi,0.066835,3.830585,181,1
images/771.jpg,"multi_train,single_train","multi,single",0.029909,3.036617,1801,11
images/7710.jpg,"multi_train,single_train","multi,single",0.104029,6.033617,45,9
images/7711.jpg,multi_test,multi,0.081978,5.657458,31,2
images/7713.jpg,multi_train,multi,0.081487,4.023065,884,2
images/7715.jpg,"multi_train,single_train","multi,single",0.060594,3.492715,311,9
images/7716.jpg,multi_train,multi,0.072431,4.324658,499,4
images/7719.jpg,multi_train,multi,0.075465,4.628021,1852,1
images/7720.jpg,"multi_test,single_test","multi,single",0.086885,4.47109,1891,8
images/7721.jpg,multi_test,multi,0.084874,5.042501,2066,5
images/7722.jpg,"multi_train,single_train","multi,single",0.07201,4.395827,286,8
images/7723.jpg,multi_train,multi,0.059269,4.370039,1994,4
images/7725.jpg,multi_train,multi,0.057239,4.001333,391,3
images/7730.jpg,"multi_train,single_train","multi,single",0.068789,4.600305,861,8
images/7732.jpg,multi_train,multi,0.061075,5.185057,1115,3
images/7735.jpg,multi_train,multi,0.073166,5.85391,921,4
images/7737.jpg,multi_train,multi,0.063248,3.77967,449,1
images/7738.jpg,multi_train,multi,0.086865,3.7518,2370,3
images/7739.jpg,multi_train,multi,0.057672,4.631073,605,3
images/7742.jpg,single_train,single,0.073865,5.275961,361,7
images/7743.jpg,multi_train,multi,0.058456,6.310207,1603,1
images/7744.jpg,multi_train,multi,0.075645,4.168713,1178,4
images/7746.jpg,multi_train,multi,0.077271,4.999616,415,3
images/7748.jpg,multi_train,multi,0.035721,2.798099,1265,3
images/775.jpg,"multi_train,single_train","multi,single",0.03349,4.2623,1197,13
images/7751.jpg,"multi_train,single_train","multi,single",0.047773,5.791106,335,9
images/7752.jpg,multi_train,multi,0.056288,3.552528,849,4
images/7754.jpg,multi_train,multi,0.060927,5.68312,594,4
images/7756.jpg,multi_train,multi,0.056034,4.985641,2576,5
images/7759.jpg,multi_train,multi,0.061002,4.862157,1464,2
images/7761.jpg,multi_train,multi,0.122241,6.13656,1170,3
images/7766.jpg,"multi_train,single_train","multi,single",0.040575,7.39657,1307,6
images/7767.jpg,multi_train,multi,0.052166,5.518487,2782,3
images/7771.jpg,multi_train,multi,0.030848,4.923434,284,3
images/7772.jpg,multi_train,multi,0.072497,5.234451,1080,3
images/7773.jpg,multi_train,multi,0.072039,5.29401,1193,2
images/7774.jpg,multi_train,multi,0.038413,6.725208,767,2
images/7776.jpg,multi_train,multi,0.04103,6.188361,716,6
images/7777.jpg,single_train,single,0.030443,6.39635,129,2
images/7780.jpg,multi_train,multi,0.03533,3.288976,625,4
images/7781.jpg,multi_train,multi,0.11344,6.044787,2128,5
images/7783.jpg,multi_train,multi,0.065248,6.316353,1446,1
images/7785.jpg,single_train,single,0.049416,4.555577,42,7
images/7786.jpg,multi_train,multi,0.06455,6.109296,408,3
images/7788.jpg,multi_test,multi,0.058794,6.93591,135,2
images/7789.jpg,multi_train,multi,0.05543,6.304598,262,6
images/7791.jpg,multi_test,multi,0.0881,5.772724,1173,3
images/7794.jpg,"multi_train,single_train","multi,single",0.047628,4.234592,1137,5
images/7796.jpg,multi_train,multi,0.150601,5.985105,5,1
images/7798.jpg,multi_train,multi,0.056621,6.940763,1092,3
images/7801.jpg,multi_train,multi,0.065563,5.750705,1532,5
images/7802.jpg,multi_train,multi,0.062338,6.010062,5652,4
images/7803.jpg,multi_train,multi,0.054929,4.834982,1382,1
images/7806.jpg,multi_train,multi,0.031329,3.474864,973,1
images/7807.jpg,multi_train,multi,0.035002,5.200362,363,1
images/7809.jpg,"multi_train,single_train","multi,single",0.058885,5.57163,334,10
images/7810.jpg,single_train,single,0.053713,4.548333,1191,8
images/7815.jpg,multi_train,multi,0.068236,5.36831,1423,2
images/7817.jpg,multi_train,multi,0.057993,4.424101,1305,1
images/7819.jpg,multi_train,multi,0.06321,3.681731,2048,2
images/782.jpg,multi_test,multi,0.050336,4.838373,937,3
images/7821.jpg,multi_train,multi,0.051796,3.41091,839,4
images/7822.jpg,multi_train,multi,0.066445,5.735763,282,3
images/7823.jpg,multi_train,multi,0.071518,4.92355,1143,5
images/7824.jpg,multi_test,multi,0.08425,5.878221,1419,7
images/7825.jpg,multi_train,multi,0.052191,4.825397,1000,2
images/7828.jpg,multi_train,multi,0.054244,5.498744,1621,5
images/7829.jpg,multi_train,multi,0.051088,5.531347,353,3
images/7830.jpg,multi_train,multi,0.05216,4.177137,1270,1
images/7832.jpg,single_train,single,0.037045,4.885839,688,6
images/7833.jpg,multi_test,multi,0.068233,5.845321,635,5
images/7836.jpg,multi_train,multi,0.055512,5.437074,290,2
images/7837.jpg,multi_train,multi,0.040006,4.108279,964,1
images/784.jpg,single_train,single,0.081829,5.959336,722,6
images/7842.jpg,multi_train,multi,0.056357,6.372685,158,1
images/7843.jpg,multi_train,multi,0.056921,4.279679,2447,2
images/7844.jpg,multi_train,multi,0.056711,4.444893,1828,5
images/7850.jpg,"multi_test,single_test","multi,single",0.06777,3.91404,176,7
images/7854.jpg,multi_train,multi,0.043902,6.57285,273,2
images/7855.jpg,multi_train,multi,0.042254,5.846353,248,2
images/7858.jpg,multi_train,multi,0.03748,3.881712,522,2
images/7859.jpg,multi_train,multi,0.039626,3.403345,1079,1
images/7860.jpg,single_train,single,0.030439,4.324041,378,5
images/7862.jpg,multi_train,multi,0.05128,4.859603,43,4
images/7867.jpg,single_train,single,0.082191,6.111937,1937,6
images/7868.jpg,multi_train,multi,0.045097,5.095603,164,3
images/7869.jpg,multi_train,multi,0.039804,3.945941,661,3
images/787.jpg,multi_train,multi,0.065834,3.214751,1723,1
images/7871.jpg,multi_train,multi,0.038489,4.635336,357,8
images/7873.jpg,single_test,single,0.054852,6.204177,58,7
images/7876.jpg,multi_train,multi,0.042571,3.896198,2159,1
images/7880.jpg,multi_train,multi,0.061413,4.559736,46,3
images/7881.jpg,single_train,single,0.05488,3.967431,1759,9
images/7882.jpg,multi_train,multi,0.108658,5.951558,632,4
images/7883.jpg,multi_train,multi,0.049925,4.996421,989,3
images/7887.jpg,multi_train,multi,0.0576,4.696174,1393,1
images/7889.jpg,multi_train,multi,0.043503,4.082585,328,1
images/7890.jpg,multi_train,multi,0.044188,3.051023,1616,1
images/7891.jpg,single_test,single,0.088846,6.723257,605,5
images/7900.jpg,"multi_train,single_train","multi,single",0.075174,5.411299,1172,12
images/7901.jpg,multi_train,multi,0.053195,5.570251,1246,2
images/7902.jpg,multi_train,multi,0.05911,5.704109,1746,1
images/7903.jpg,"multi_train,single_train","multi,single",0.075228,5.4528,1487,7
images/7904.jpg,multi_train,multi,0.034964,5.198503,133,2
images/7908.jpg,multi_train,multi,0.026805,5.424544,167,2
images/7909.jpg,multi_train,multi,0.050801,5.392399,3136,3
images/791.jpg,multi_train,multi,0.044044,3.548777,1026,3
images/7913.jpg,multi_train,multi,0.029415,4.814813,560,3
images/7915.jpg,multi_train,multi,0.049644,6.699642,1173,5
images/7916.jpg,multi_train,multi,0.041444,6.331726,938,6
images/792.jpg,single_train,single,0.037244,4.13442,2611,8
images/7920.jpg,multi_train,multi,0.033045,5.367947,852,1
images/7921.jpg,multi_train,multi,0.042367,3.352581,1141,3
images/7923.jpg,multi_train,multi,0.036018,4.496444,961,1
images/7925.jpg,"multi_train,single_train","multi,single",0.041618,4.237767,546,6
images/7928.jpg,multi_train,multi,0.035306,3.931175,1263,3
images/7929.jpg,multi_train,multi,0.040129,5.164661,1152,2
images/793.jpg,multi_train,multi,0.033327,3.085074,736,4
images/7930.jpg,multi_test,multi,0.034721,3.685675,1086,4
images/7933.jpg,multi_test,multi,0.049187,6.342065,174,8
images/7934.jpg,"multi_train,single_train","multi,single",0.034256,3.011455,1380,8
images/7935.jpg,multi_train,multi,0.05171,6.250064,164,6
images/7936.jpg,multi_train,multi,0.042402,3.352832,1049,4
images/7937.jpg,"multi_train,single_train","multi,single",0.041592,3.733423,644,8
images/7940.jpg,multi_train,multi,0.040552,4.148236,579,6
images/7941.jpg,multi_train,multi,0.055777,4.890946,824,6
images/7943.jpg,multi_train,multi,0.044822,4.288948,828,4
images/7946.jpg,multi_train,multi,0.034638,3.268585,394,4
images/7947.jpg,multi_train,multi,0.06648,5.750047,1578,5
images/7948.jpg,"multi_train,single_train","multi,single",0.069561,5.774123,1899,11
images/7949.jpg,multi_train,multi,0.062983,4.274259,1510,4
images/7951.jpg,"multi_train,single_train","multi,single",0.041929,3.572487,626,10
images/7952.jpg,multi_train,multi,0.042816,4.119363,860,3
images/7953.jpg,"multi_train,single_train","multi,single",0.05829,4.401701,893,9
images/7954.jpg,"multi_train,single_train","multi,single",0.042642,3.939196,475,11
images/7959.jpg,multi_train,multi,0.033117,4.106372,875,2
images/7960.jpg,"multi_train,single_train","multi,single",0.04317,5.888681,312,8
images/7962.jpg,"multi_train,single_train","multi,single",0.029427,3.296623,754,8
images/7966.jpg,multi_train,multi,0.036081,3.747097,577,3
images/7968.jpg,multi_train,multi,0.042869,4.490407,3891,2
images/7972.jpg,single_train,single,0.051557,6.025258,238,5
images/7976.jpg,multi_train,multi,0.041948,5.751722,549,3
images/7979.jpg,multi_test,multi,0.043856,6.840986,79,1
images/7983.jpg,"multi_train,single_train","multi,single",0.065228,4.787733,1194,11
images/7989.jpg,single_train,single,0.048453,2.948401,913,5
images/7990.jpg,multi_test,multi,0.096792,5.373433,1404,1
images/7991.jpg,"multi_train,single_train","multi,single",0.069879,4.197218,991,9
images/7992.jpg,multi_train,multi,0.039652,4.110217,968,3
images/7994.jpg,"multi_train,single_train","multi,single",0.056457,4.725771,1259,10
images/7995.jpg,single_test,single,0.038853,4.735812,482,7
images/7997.jpg,single_train,single,0.05442,6.515083,73,6
images/8004.jpg,multi_train,multi,0.045592,6.71924,770,5
images/8005.jpg,multi_train,multi,0.053635,7.728812,260,4
images/8006.jpg,"multi_train,single_train","multi,single",0.026202,3.356559,503,6
images/8012.jpg,multi_train,multi,0.044338,5.723471,277,3
images/8015.jpg,multi_train,multi,0.041871,4.843147,5102,2
images/8018.jpg,multi_train,multi,0.037354,3.569186,1136,1
images/8019.jpg,single_train,single,0.091378,5.717533,1108,12
images/8021.jpg,multi_train,multi,0.046721,4.257846,1051,5
images/8027.jpg,multi_train,multi,0.034716,4.739208,1357,3
images/8028.jpg,multi_train,multi,0.035303,3.284735,923,3
images/8029.jpg,multi_train,multi,0.046347,3.257452,1748,2
images/803.jpg,multi_train,multi,0.053458,4.428313,1753,4
images/8030.jpg,"multi_train,single_train","multi,single",0.079698,5.397869,1694,11
images/8031.jpg,single_train,single,0.044764,3.713639,773,9
images/8033.jpg,multi_train,multi,0.053884,5.84,166,2
images/8034.jpg,multi_train,multi,0.063664,5.95571,241,2
images/8036.jpg,multi_train,multi,0.051644,6.213136,481,2
images/8039.jpg,multi_train,multi,0.045591,6.149388,247,2
images/8040.jpg,multi_train,multi,0.049463,5.231952,6892,4
images/8042.jpg,multi_train,multi,0.043783,4.05293,951,2
images/8044.jpg,single_train,single,0.055548,5.230698,184,6
images/8046.jpg,multi_train,multi,0.03317,4.763484,490,2
images/8048.jpg,multi_train,multi,0.034574,4.164418,740,3
images/8053.jpg,multi_train,multi,0.048448,2.983033,1764,1
images/8054.jpg,multi_train,multi,0.044601,2.914824,1479,1
images/8055.jpg,"multi_train,single_train","multi,single",0.04633,3.361781,1780,8
images/8057.jpg,single_train,single,0.041794,5.081456,472,5
images/8058.jpg,multi_train,multi,0.039,3.878475,726,3
images/806.jpg,multi_train,multi,0.025801,2.580526,888,4
images/8064.jpg,multi_train,multi,0.080444,5.867829,1117,2
images/8074.jpg,multi_train,multi,0.053591,3.443129,725,3
images/8076.jpg,multi_train,multi,0.053304,4.352207,63,3
images/8077.jpg,multi_train,multi,0.080912,3.903857,1926,3
images/8078.jpg,"multi_train,single_train","multi,single",0.055311,4.959322,1151,10
images/8079.jpg,multi_train,multi,0.036126,3.100701,919,3
images/8080.jpg,multi_test,multi,0.034148,5.933954,238,2
images/8087.jpg,single_test,single,0.044042,3.682728,308,6
images/8088.jpg,multi_train,multi,0.038922,2.823509,587,2
images/8089.jpg,single_train,single,0.040279,4.409837,1359,7
images/809.jpg,multi_train,multi,0.026476,3.367753,548,7
images/8090.jpg,multi_train,multi,0.041706,5.9205,1073,3
images/8091.jpg,multi_train,multi,0.06779,7.271549,1211,1
images/8092.jpg,multi_train,multi,0.045329,3.848974,1355,3
images/8094.jpg,multi_test,multi,0.067941,4.657215,610,1
images/8095.jpg,multi_train,multi,0.032238,5.375322,165,2
images/8096.jpg,single_train,single,0.027777,2.937841,449,11
images/8097.jpg,multi_train,multi,0.03905,3.622491,455,3
images/81.jpg,multi_train,multi,0.032198,6.745237,1940,4
images/8101.jpg,multi_train,multi,0.043423,3.950311,1309,2
images/8103.jpg,multi_train,multi,0.039358,3.272681,763,2
images/8104.jpg,multi_train,multi,0.085097,4.98872,1124,2
images/8106.jpg,multi_train,multi,0.080304,6.010054,1273,3
images/8107.jpg,multi_train,multi,0.03642,6.47038,294,2
images/8109.jpg,multi_train,multi,0.04401,5.72192,617,2
images/811.jpg,single_train,single,0.026545,1.767036,669,7
images/8110.jpg,multi_train,multi,0.048181,6.341912,2651,2
images/8111.jpg,multi_train,multi,0.058549,5.135122,579,3
images/8113.jpg,multi_train,multi,0.076452,4.766765,1822,3
images/8115.jpg,multi_test,multi,0.062694,4.991114,468,3
images/8116.jpg,single_train,single,0.052738,4.816833,739,4
images/8118.jpg,multi_train,multi,0.033688,6.672712,445,2
images/8119.jpg,multi_train,multi,0.039812,4.26223,661,1
images/812.jpg,multi_train,multi,0.015237,5.425403,490,3
images/8121.jpg,multi_train,multi,0.03531,3.063329,617,1
images/8122.jpg,multi_train,multi,0.03187,4.134541,168,2
images/8123.jpg,multi_train,multi,0.035721,3.278094,451,3
images/8124.jpg,multi_train,multi,0.067115,5.174481,1012,2
images/8127.jpg,multi_train,multi,0.046197,5.991628,924,2
images/8128.jpg,"multi_train,single_train","multi,single",0.029976,4.276781,472,9
images/8129.jpg,multi_train,multi,0.065148,4.871673,233,1
images/8130.jpg,multi_train,multi,0.046254,4.702271,506,1
images/8133.jpg,multi_test,multi,0.060046,7.179168,318,1
images/8139.jpg,single_train,single,0.05522,4.886917,136,11
images/8140.jpg,multi_train,multi,0.059624,4.646933,584,1
images/8142.jpg,multi_train,multi,0.053263,5.961672,684,3
images/8147.jpg,multi_train,multi,0.05526,4.145007,1494,5
images/8149.jpg,multi_train,multi,0.037869,3.460661,459,1
images/815.jpg,single_train,single,0.050068,4.499858,283,7
images/8150.jpg,multi_train,multi,0.055961,4.996939,375,2
images/8156.jpg,multi_train,multi,0.041981,3.461757,1415,3
images/8157.jpg,multi_train,multi,0.042982,3.819732,2624,8
images/8158.jpg,multi_train,multi,0.072681,5.229167,1291,4
images/8161.jpg,multi_train,multi,0.035945,3.761526,906,1
images/8162.jpg,single_train,single,0.035571,3.064064,145,10
images/8163.jpg,multi_train,multi,0.040497,3.211407,317,1
images/8164.jpg,multi_train,multi,0.034889,2.972035,36,1
images/8165.jpg,single_train,single,0.036192,3.74774,12,9
images/8168.jpg,multi_test,multi,0.038188,3.278666,244,3
images/8169.jpg,multi_train,multi,0.040483,3.804776,282,4
images/817.jpg,multi_test,multi,0.024454,4.899347,1405,5
images/8170.jpg,multi_train,multi,0.040082,3.819168,290,4
images/8172.jpg,single_train,single,0.032071,3.358826,11,10
images/8173.jpg,multi_train,multi,0.044125,3.205379,1064,5
images/8175.jpg,"multi_train,single_train","multi,single",0.037108,6.671929,508,12
images/8176.jpg,multi_train,multi,0.045216,4.027958,1276,1
images/8179.jpg,multi_train,multi,0.041052,3.651234,1631,2
images/8180.jpg,multi_train,multi,0.065201,6.500615,1414,1
images/8183.jpg,multi_train,multi,0.04772,4.250414,1629,1
images/8185.jpg,"multi_train,single_train","multi,single",0.042844,3.101873,1194,9
images/8186.jpg,multi_train,multi,0.036093,3.32453,636,2
images/8193.jpg,multi_train,multi,0.039513,4.738278,728,6
images/8195.jpg,multi_train,multi,0.046442,3.783224,1716,6
images/8197.jpg,single_train,single,0.037649,4.759003,208,4
images/8198.jpg,multi_train,multi,0.06641,5.415181,2527,5
images/8199.jpg,multi_train,multi,0.044749,4.761342,1802,3
images/82.jpg,multi_train,multi,0.027833,5.553713,1087,2
images/8202.jpg,multi_train,multi,0.097256,5.141665,1600,2
images/8203.jpg,"multi_train,single_train","multi,single",0.044777,4.892735,479,5
images/8205.jpg,multi_train,multi,0.052502,3.614797,1110,4
images/8206.jpg,multi_train,multi,0.043855,4.157787,435,2
images/8208.jpg,multi_train,multi,0.046239,5.200332,556,2
images/8209.jpg,multi_train,multi,0.034256,4.05771,3554,4
images/821.jpg,single_train,single,0.035966,3.611846,1547,7
images/8211.jpg,"multi_train,single_train","multi,single",0.036903,2.632041,702,5
images/8215.jpg,multi_test,multi,0.039127,6.084139,1309,2
images/8216.jpg,multi_test,multi,0.037385,6.065246,1256,2
images/8217.jpg,multi_train,multi,0.040618,4.782872,270,3
images/8218.jpg,"multi_test,single_test","multi,single",0.037358,5.789328,165,7
images/822.jpg,multi_test,multi,0.059321,4.50918,1115,2
images/8222.jpg,single_train,single,0.041219,4.277491,1565,11
images/8227.jpg,multi_train,multi,0.021318,5.548566,75,2
images/8229.jpg,multi_train,multi,0.029463,3.935153,805,3
images/823.jpg,single_test,single,0.046431,2.868845,1139,7
images/8232.jpg,multi_train,multi,0.046812,2.91222,1100,3
images/8236.jpg,multi_train,multi,0.069879,4.775038,1422,3
images/8239.jpg,single_train,single,0.047932,5.672166,457,10
images/8241.jpg,multi_test,multi,0.03176,2.34982,307,3
images/8244.jpg,"multi_train,single_train","multi,single",0.036146,4.472589,828,6
images/8250.jpg,multi_train,multi,0.031131,3.127511,593,3
images/8251.jpg,single_train,single,0.045576,4.572197,1279,11
images/8252.jpg,multi_train,multi,0.029059,4.366026,843,2
images/8254.jpg,multi_train,multi,0.063282,5.089264,664,2
images/8256.jpg,multi_train,multi,0.03304,4.03302,3078,9
images/8260.jpg,multi_train,multi,0.031635,4.561234,437,3
images/8262.jpg,multi_train,multi,0.042031,4.213295,791,4
images/8265.jpg,multi_train,multi,0.042557,3.16758,964,4
images/8266.jpg,multi_train,multi,0.044817,4.146516,115,2
images/8267.jpg,single_train,single,0.049043,4.643497,416,4
images/8268.jpg,multi_train,multi,0.030706,3.188213,911,2
images/8269.jpg,multi_train,multi,0.043404,4.780909,480,1
images/8270.jpg,multi_train,multi,0.033227,2.799467,1200,1
images/8273.jpg,single_train,single,0.033379,3.068147,523,2
images/8279.jpg,multi_train,multi,0.031522,6.233278,40,2
images/8282.jpg,single_train,single,0.044552,3.028075,364,8
images/8283.jpg,multi_test,multi,0.046187,3.02286,1249,1
images/8287.jpg,multi_train,multi,0.031313,4.241973,684,3
images/8289.jpg,multi_train,multi,0.047451,3.704964,765,5
images/829.jpg,"multi_train,single_train","multi,single",0.058557,3.502001,1391,7
images/8290.jpg,multi_train,multi,0.037519,4.721106,122,3
images/8291.jpg,multi_train,multi,0.043479,4.443254,294,4
images/8296.jpg,multi_train,multi,0.043563,2.805168,1353,4
images/8298.jpg,multi_train,multi,0.067913,3.730265,1045,2
images/83.jpg,multi_train,multi,0.035109,5.782164,1011,2
images/8300.jpg,single_train,single,0.042908,4.69448,2686,12
images/8302.jpg,multi_train,multi,0.057839,3.623751,3856,3
images/8309.jpg,single_test,single,0.038054,4.218627,3209,5
images/8310.jpg,multi_train,multi,0.040192,3.818846,6364,3
images/8312.jpg,multi_train,multi,0.052067,3.898626,1091,3
images/8313.jpg,multi_train,multi,0.073519,7.007588,464,1
images/8316.jpg,multi_test,multi,0.05293,6.918194,695,2
images/8317.jpg,multi_test,multi,0.025935,3.751199,124,3
images/8323.jpg,single_train,single,0.031036,2.343842,26,11
images/8329.jpg,multi_train,multi,0.034263,3.009074,54,3
images/833.jpg,multi_train,multi,0.031839,2.193897,595,1
images/8333.jpg,single_train,single,0.025843,4.593634,506,10
images/834.jpg,multi_train,multi,0.024191,4.011825,1767,1
images/8341.jpg,multi_train,multi,0.054641,4.758701,352,3
images/8345.jpg,single_test,single,0.043871,3.662958,459,6
images/8348.jpg,single_train,single,0.048809,4.650345,1116,11
images/8352.jpg,single_train,single,0.044928,2.853943,1115,8
images/8356.jpg,single_train,single,0.050626,4.54074,357,4
images/8359.jpg,multi_train,multi,0.052288,5.081483,282,2
images/8365.jpg,multi_train,multi,0.078109,5.58605,1447,1
images/8367.jpg,multi_train,multi,0.056514,4.845515,1402,5
images/8371.jpg,"multi_train,single_train","multi,single",0.028917,2.734001,216,10
images/8372.jpg,"multi_train,single_train","multi,single",0.032597,2.365239,509,11
images/8374.jpg,multi_train,multi,0.029695,2.376072,577,2
images/838.jpg,multi_train,multi,0.036891,2.039685,499,1
images/8398.jpg,single_train,single,0.025148,2.754515,2029,6
images/8403.jpg,multi_train,multi,0.059674,4.982188,627,1
images/8404.jpg,multi_train,multi,0.06797,3.804112,1042,2
images/8406.jpg,multi_train,multi,0.063092,6.444245,935,4
images/8409.jpg,multi_train,multi,0.041688,3.203218,41,5
images/8410.jpg,multi_train,multi,0.075777,3.765936,864,1
images/8411.jpg,"multi_train,single_train","multi,single",0.075212,5.226888,1059,5
images/8417.jpg,single_train,single,0.083486,5.255304,1807,4
images/842.jpg,single_train,single,0.058604,3.762984,1636,4
images/8422.jpg,single_train,single,0.046385,6.609246,566,6
images/8427.jpg,multi_train,multi,0.112937,5.981018,218,4
images/843.jpg,multi_train,multi,0.065104,5.104391,1049,1
images/8430.jpg,multi_train,multi,0.048805,5.679511,458,1
images/8432.jpg,multi_test,multi,0.042741,4.118127,141,3
images/8433.jpg,multi_test,multi,0.082315,6.953752,168,1
images/8438.jpg,multi_train,multi,0.031802,3.697237,537,2
images/8443.jpg,multi_train,multi,0.031544,2.941671,645,1
images/8445.jpg,multi_train,multi,0.065363,3.037777,918,2
images/8448.jpg,multi_train,multi,0.067126,4.225595,1534,1
images/8449.jpg,single_train,single,0.038445,6.121799,857,6
images/845.jpg,multi_train,multi,0.033999,3.713683,1725,2
images/8454.jpg,multi_train,multi,0.032919,6.862251,144,2
images/8455.jpg,multi_train,multi,0.038426,2.555152,1665,2
images/8456.jpg,multi_train,multi,0.041131,5.231054,748,6
images/8458.jpg,multi_train,multi,0.042968,6.868454,95,3
images/8459.jpg,multi_test,multi,0.037797,4.522105,894,3
images/846.jpg,single_train,single,0.022229,1.933639,398,6
images/8465.jpg,multi_train,multi,0.059644,6.353992,632,4
images/8478.jpg,single_train,single,0.046195,3.234469,1038,12
images/8480.jpg,multi_test,multi,0.028016,5.161454,1775,2
images/8481.jpg,multi_test,multi,0.031347,5.275938,1916,2
images/849.jpg,multi_train,multi,0.023757,3.989216,1062,1
images/8493.jpg,multi_train,multi,0.048791,1.679904,780,3
images/8494.jpg,multi_train,multi,0.064465,2.047362,1077,1
images/8495.jpg,single_train,single,0.042987,5.767155,888,9
images/8500.jpg,multi_train,multi,0.072766,4.097377,2018,1
images/8505.jpg,single_train,single,0.055915,6.206802,826,7
images/8509.jpg,multi_train,multi,0.083933,6.752554,551,2
images/8513.jpg,single_test,single,0.010051,5.571548,3118,6
images/8517.jpg,single_train,single,0.038896,3.458851,496,9
images/8519.jpg,single_test,single,0.048059,4.175815,1259,12
images/852.jpg,single_test,single,0.053678,4.321178,1139,8
images/8521.jpg,"multi_train,single_train","multi,single",0.048489,3.19051,817,7
images/8523.jpg,multi_test,multi,0.062883,3.288208,840,2
images/8525.jpg,multi_test,multi,0.042682,2.62071,758,1
images/8528.jpg,multi_train,multi,0.089018,4.47164,979,5
images/8530.jpg,"multi_train,single_train","multi,single",0.064255,2.517491,1251,8
images/8532.jpg,"multi_train,single_train","multi,single",0.080285,3.913001,1638,11
images/8543.jpg,multi_train,multi,0.043203,3.109489,1404,3
images/8548.jpg,single_train,single,0.037097,2.987042,652,11
images/8549.jpg,single_train,single,0.037023,4.60154,4629,11
images/8554.jpg,multi_train,multi,0.036497,3.899553,1754,1
images/856.jpg,single_train,single,0.045654,3.054424,627,1
images/8563.jpg,multi_train,multi,0.065621,2.015313,803,1
images/857.jpg,multi_train,multi,0.020723,3.168955,940,4
images/8573.jpg,multi_train,multi,0.059861,5.807029,620,3
images/8574.jpg,single_train,single,0.020622,1.542485,979,6
images/8579.jpg,single_train,single,0.036298,2.872084,589,6
images/858.jpg,multi_test,multi,0.049927,3.97731,1250,3
images/8583.jpg,multi_train,multi,0.044678,3.709224,1282,1
images/8589.jpg,multi_train,multi,0.040806,3.284068,208,5
images/8595.jpg,multi_train,multi,0.042197,2.4118,476,1
images/8596.jpg,"multi_test,single_test","multi,single",0.028525,5.278713,397,4
images/8598.jpg,multi_train,multi,0.120462,4.986714,847,1
images/8599.jpg,multi_train,multi,0.047062,3.746119,1128,2
images/8600.jpg,multi_train,multi,0.020947,1.505429,1142,3
images/8606.jpg,multi_train,multi,0.016786,4.592553,9280,2
images/8613.jpg,multi_train,multi,0.044838,5.359523,463,1
images/862.jpg,multi_train,multi,0.027215,3.707446,613,3
images/8622.jpg,single_train,single,0.037458,2.418697,933,8
images/8626.jpg,multi_train,multi,0.083051,4.56847,1204,1
images/8631.jpg,single_train,single,0.082918,4.833752,2649,3
images/8632.jpg,multi_train,multi,0.035041,2.580019,1471,4
images/8633.jpg,multi_train,multi,0.05236,4.270515,3372,1
images/8635.jpg,"multi_train,single_train","multi,single",0.04729,4.565429,299,13
images/8636.jpg,multi_train,multi,0.04977,4.05579,564,1
images/8638.jpg,single_train,single,0.045235,4.082584,714,9
images/8644.jpg,multi_test,multi,0.103464,6.230226,1443,4
images/8652.jpg,multi_train,multi,0.050927,3.79209,1415,1
images/8653.jpg,multi_train,multi,0.048801,2.980019,782,1
images/8655.jpg,single_test,single,0.022697,5.143101,1350,7
images/8659.jpg,multi_train,multi,0.106659,5.395964,1784,1
images/866.jpg,multi_train,multi,0.030641,2.949426,1507,2
images/8660.jpg,multi_train,multi,0.101626,5.685164,3911,2
images/8664.jpg,multi_train,multi,0.045847,3.901707,1972,2
images/8665.jpg,"multi_train,single_train","multi,single",0.038472,3.798624,548,10
images/8667.jpg,"multi_test,single_test","multi,single",0.042952,3.956739,6980,7
images/8668.jpg,multi_train,multi,0.041928,2.72572,1192,3
images/8669.jpg,single_train,single,0.043518,5.476941,613,3
images/867.jpg,multi_train,multi,0.017481,2.4279,1655,3
images/8670.jpg,single_train,single,0.065001,6.549716,529,6
images/8672.jpg,multi_train,multi,0.03085,3.162496,858,4
images/8674.jpg,multi_train,multi,0.023425,3.339616,784,3
images/8676.jpg,"multi_train,single_train","multi,single",0.033256,3.147111,1123,5
images/8681.jpg,single_train,single,0.051422,6.268955,416,5
images/8687.jpg,multi_train,multi,0.033169,4.187068,143,3
images/8691.jpg,single_train,single,0.107539,3.391455,1132,11
images/8692.jpg,single_train,single,0.057633,1.878966,728,6
images/8693.jpg,multi_train,multi,0.074077,5.456951,1814,2
images/8694.jpg,multi_train,multi,0.046572,5.448799,3573,2
images/8695.jpg,multi_test,multi,0.038296,4.226618,701,2
images/8696.jpg,multi_train,multi,0.04519,1.820361,854,3
images/8697.jpg,multi_test,multi,0.026474,2.015606,938,1
images/8698.jpg,"multi_train,single_train","multi,single",0.053904,2.159039,415,10
images/8699.jpg,multi_test,multi,0.030467,4.85544,814,4
images/8706.jpg,multi_train,multi,0.065092,6.191222,5116,3
images/8707.jpg,single_test,single,0.061688,4.856036,1427,3
images/871.jpg,multi_train,multi,0.02417,2.092118,1029,1
images/8710.jpg,multi_train,multi,0.037344,2.844404,1004,1
images/8716.jpg,multi_train,multi,0.055157,3.822094,1604,1
images/8717.jpg,multi_test,multi,0.042225,4.508383,1055,4
images/8718.jpg,multi_train,multi,0.050751,4.351603,1190,2
images/8719.jpg,multi_train,multi,0.036309,3.245867,171,5
images/872.jpg,multi_train,multi,0.031728,3.148656,723,1
images/8720.jpg,single_train,single,0.05583,5.813438,558,4
images/8721.jpg,multi_train,multi,0.044198,7.214732,331,2
images/8725.jpg,single_train,single,0.059177,4.316049,852,7
images/8729.jpg,single_train,single,0.060886,6.328064,406,7
images/8732.jpg,single_train,single,0.042012,6.048571,199,1
images/8733.jpg,"multi_train,single_train","multi,single",0.038585,3.880204,467,15
images/8734.jpg,single_train,single,0.035708,4.104894,752,9
images/8741.jpg,single_test,single,0.042645,5.573282,9924,6
images/8742.jpg,multi_train,multi,0.063692,3.783843,1565,3
images/8743.jpg,single_train,single,0.056704,5.891307,1244,3
images/8746.jpg,multi_train,multi,0.038874,1.879307,943,3
images/8747.jpg,"multi_train,single_train","multi,single",0.036408,1.148395,799,9
images/8748.jpg,multi_train,multi,0.036487,1.2652,817,2
images/875.jpg,multi_train,multi,0.063213,4.677987,625,1
images/8751.jpg,multi_train,multi,0.042975,1.56466,809,3
images/8753.jpg,multi_train,multi,0.050962,5.436513,1424,2
images/8760.jpg,multi_train,multi,0.081737,5.365914,2223,3
images/877.jpg,multi_train,multi,0.08096,5.562514,1029,4
images/8773.jpg,single_train,single,0.051361,3.514933,568,4
images/8777.jpg,multi_train,multi,0.054278,2.102431,435,2
images/8779.jpg,multi_train,multi,0.047472,1.518557,492,1
images/878.jpg,multi_train,multi,0.041666,2.72421,699,4
images/8780.jpg,multi_test,multi,0.053854,7.208455,1575,1
images/8781.jpg,multi_test,multi,0.052432,7.057333,1578,1
images/8785.jpg,multi_train,multi,0.04653,1.877377,502,3
images/8786.jpg,single_train,single,0.039854,2.628205,756,3
images/8787.jpg,"multi_test,single_test","multi,single",0.046735,3.365161,559,4
images/8788.jpg,multi_train,multi,0.039184,5.717682,724,3
images/8792.jpg,single_train,single,0.050181,3.069191,1704,4
images/8795.jpg,single_train,single,0.055562,3.825245,831,6
images/88.jpg,multi_train,multi,0.032094,5.327817,1661,3
images/8802.jpg,multi_train,multi,0.097616,4.962563,2199,2
images/8804.jpg,multi_train,multi,0.047892,2.074907,453,2
images/8809.jpg,single_test,single,0.038531,1.814652,1745,7
images/8810.jpg,multi_train,multi,0.08553,4.681,715,1
images/8818.jpg,multi_train,multi,0.039844,3.477627,959,2
images/8819.jpg,multi_train,multi,0.031137,4.694224,3825,2
images/882.jpg,multi_train,multi,0.021522,3.235664,931,1
images/8826.jpg,multi_train,multi,0.054969,2.502547,3243,3
images/8827.jpg,single_train,single,0.057407,3.333827,744,10
images/8831.jpg,"multi_train,single_train","multi,single",0.041959,3.515846,1557,10
images/8832.jpg,multi_train,multi,0.052439,3.399298,1053,4
images/8833.jpg,multi_train,multi,0.068485,3.631368,1566,2
images/8834.jpg,multi_train,multi,0.073747,3.647555,1911,2
images/8843.jpg,multi_train,multi,0.064082,3.879685,1518,4
images/8847.jpg,"multi_train,single_train","multi,single",0.101467,5.319272,2721,7
images/8848.jpg,multi_train,multi,0.093158,4.667695,1878,2
images/885.jpg,multi_train,multi,0.035893,3.317914,1477,2
images/8853.jpg,multi_train,multi,0.056878,6.582319,1945,3
images/8855.jpg,"multi_test,single_test","multi,single",0.038632,2.742501,1887,11
images/8857.jpg,multi_train,multi,0.039446,3.056361,1320,1
images/8860.jpg,single_train,single,0.062279,2.060996,1141,7
images/8866.jpg,multi_train,multi,0.060833,3.517703,6431,1
images/8867.jpg,"multi_test,single_test","multi,single",0.028909,2.29613,1040,15
images/8878.jpg,single_train,single,0.050526,3.714268,855,6
images/8879.jpg,multi_train,multi,0.040535,1.453361,585,2
images/8882.jpg,single_train,single,0.034587,2.649674,407,8
images/8886.jpg,multi_train,multi,0.044432,3.276282,1015,1
images/8889.jpg,single_train,single,0.06816,3.538637,368,7
images/889.jpg,single_train,single,0.069151,4.160644,1330,5
images/8893.jpg,single_test,single,0.057502,3.262469,928,9
images/8915.jpg,single_train,single,0.043874,3.860974,1188,3
images/892.jpg,multi_train,multi,0.03574,4.034103,1060,7
images/894.jpg,multi_train,multi,0.050507,5.432109,2785,1
images/898.jpg,single_test,single,0.032858,2.024711,1011,8
images/9.jpg,multi_train,multi,0.035952,1.969389,882,4
images/900.jpg,single_train,single,0.034679,1.842997,1039,7
images/901.jpg,multi_train,multi,0.046213,1.587959,981,5
images/903.jpg,multi_train,multi,0.062888,4.650889,2222,3
images/904.jpg,single_train,single,0.031831,2.00578,757,9
images/908.jpg,multi_train,multi,0.020899,2.803398,3896,4
images/912.jpg,multi_train,multi,0.040045,2.747755,649,6
images/914.jpg,single_train,single,0.027546,5.205108,632,3
images/916.jpg,multi_train,multi,0.020747,2.795389,636,6
images/917.jpg,multi_train,multi,0.026456,2.334305,872,6
images/918.jpg,multi_train,multi,0.021931,3.295582,896,4
images/92.jpg,single_train,single,0.029207,4.715386,5025,8
images/920.jpg,multi_train,multi,0.047499,4.758512,1070,4
images/922.jpg,single_train,single,0.026762,3.979319,1060,5
images/924.jpg,multi_train,multi,0.021568,2.828849,1393,8
images/928.jpg,single_train,single,0.041604,4.651803,2732,10
images/929.jpg,multi_train,multi,0.035527,4.195267,965,3
images/930.jpg,multi_train,multi,0.035492,2.353287,730,3
images/931.jpg,single_train,single,0.055095,3.58831,814,12
images/932.jpg,single_train,single,0.036763,4.420885,1303,8
images/936.jpg,multi_train,multi,0.036351,5.648801,4623,3
images/937.jpg,"multi_train,single_train","multi,single",0.033228,3.868043,963,13
images/939.jpg,multi_train,multi,0.042367,2.919145,679,2
images/940.jpg,multi_train,multi,0.030171,3.805207,888,4
images/941.jpg,multi_train,multi,0.0224,3.289409,908,2
images/943.jpg,multi_test,multi,0.035267,3.970114,2007,3
images/947.jpg,multi_train,multi,0.033463,3.95389,4028,3
images/953.jpg,"multi_train,single_train","multi,single",0.019971,2.968502,1196,10
images/954.jpg,multi_train,multi,0.029431,3.807198,884,4
images/962.jpg,single_train,single,0.031577,4.006451,1707,3
images/963.jpg,multi_train,multi,0.028738,6.044582,1992,3
images/964.jpg,multi_test,multi,0.030183,5.982975,6921,5
images/970.jpg,multi_train,multi,0.046629,3.794916,1229,5
images/971.jpg,multi_train,multi,0.030725,2.654055,1119,6
images/972.jpg,multi_train,multi,0.02045,3.097961,2906,3
images/973.jpg,multi_train,multi,0.043103,4.963086,1102,2
images/974.jpg,single_train,single,0.047353,4.126226,1349,9
images/976.jpg,multi_train,multi,0.02534,1.794541,632,2
images/978.jpg,multi_test,multi,0.030191,2.954021,573,4
images/981.jpg,multi_train,multi,0.040872,4.288367,1758,4
images/983.jpg,multi_test,multi,0.033005,2.121794,889,1
images/987.jpg,multi_train,multi,0.03487,4.599225,1164,3
images/990.jpg,multi_train,multi,0.02409,3.324265,983,3
images/991.jpg,multi_test,multi,0.047401,4.106801,1396,2
images/992.jpg,multi_train,multi,0.025532,4.22657,707,6
images/993.jpg,multi_train,multi,0.024173,1.803282,676,4
images/996.jpg,multi_train,multi,0.031271,2.217841,738,1
images/997.jpg,multi_train,multi,0.063377,4.708567,1061,4
