question_id,split_name,image_count,answer_source
5560,multi_train,4,Cross-Image Synthesis
5561,multi_train,4,Non-Span
5562,multi_train,4,Non-Span
5563,multi_train,4,Multi-Image Spans
5564,multi_train,4,Cross-Image Synthesis
181,multi_train,3,Multi-Image Spans
182,multi_train,3,Multi-Image Spans
183,multi_train,3,Multi-Image Spans
185,multi_train,3,Non-Span
184,multi_train,3,Multi-Image Spans
8087,multi_train,2,Non-Span
8088,multi_train,2,Cross-Image Synthesis
8089,multi_train,2,Multi-Image Spans
8090,multi_train,2,Multi-Image Spans
8937,multi_train,3,Multi-Image Spans
8938,multi_train,3,Multi-Image Spans
7367,multi_train,3,Multi-Image Spans
7368,multi_train,3,Multi-Image Spans
7369,multi_train,3,Non-Span
7798,multi_train,2,Multi-Image Spans
7799,multi_train,2,Multi-Image Spans
7800,multi_train,2,Non-Span
8284,multi_train,2,Multi-Image Spans
8286,multi_train,2,Multi-Image Spans
1080,multi_train,2,Multi-Image Spans
1961,multi_train,3,Multi-Image Spans
1962,multi_train,3,Multi-Image Spans
1964,multi_train,3,Non-Span
1965,multi_train,3,Multi-Image Spans
7659,multi_train,3,Multi-Image Spans
4346,multi_train,2,Multi-Image Spans
4347,multi_train,2,Multi-Image Spans
9509,multi_train,3,Cross-Image Synthesis
9512,multi_train,3,Multi-Image Spans
9510,multi_train,3,Cross-Image Synthesis
9511,multi_train,3,Non-Span
4828,multi_train,3,Cross-Image Synthesis
4830,multi_train,3,Multi-Image Spans
4831,multi_train,3,Multi-Image Spans
4832,multi_train,3,Non-Span
4833,multi_train,3,Multi-Image Spans
4838,multi_train,3,Multi-Image Spans
4834,multi_train,3,Multi-Image Spans
4835,multi_train,3,Multi-Image Spans
6421,multi_train,2,Multi-Image Spans
6422,multi_train,2,Cross-Image Synthesis
6423,multi_train,2,Multi-Image Spans
345,multi_train,2,Non-Span
348,multi_train,2,Multi-Image Spans
349,multi_train,2,Multi-Image Spans
350,multi_train,2,Non-Span
351,multi_train,2,Multi-Image Spans
354,multi_train,2,Multi-Image Spans
671,multi_train,3,Multi-Image Spans
670,multi_train,3,Non-Span
665,multi_train,3,Multi-Image Spans
666,multi_train,3,Multi-Image Spans
667,multi_train,3,Cross-Image Synthesis
668,multi_train,3,Non-Span
662,multi_train,3,Multi-Image Spans
664,multi_train,3,Multi-Image Spans
661,multi_train,3,Non-Span
663,multi_train,3,Cross-Image Synthesis
8518,multi_train,3,Non-Span
8519,multi_train,3,Non-Span
8520,multi_train,3,Multi-Image Spans
8521,multi_train,3,Multi-Image Spans
8522,multi_train,3,Multi-Image Spans
8523,multi_train,3,Non-Span
8524,multi_train,3,Cross-Image Synthesis
8525,multi_train,3,Multi-Image Spans
8526,multi_train,3,Multi-Image Spans
8515,multi_train,3,Cross-Image Synthesis
8517,multi_train,3,Multi-Image Spans
577,multi_train,3,Multi-Image Spans
579,multi_train,3,Multi-Image Spans
572,multi_train,3,Multi-Image Spans
573,multi_train,3,Multi-Image Spans
574,multi_train,3,Multi-Image Spans
575,multi_train,3,Non-Span
576,multi_train,3,Multi-Image Spans
7579,multi_train,2,Non-Span
7580,multi_train,2,Multi-Image Spans
4418,multi_train,3,Non-Span
4419,multi_train,3,Non-Span
4420,multi_train,3,Cross-Image Synthesis
4422,multi_train,3,Cross-Image Synthesis
5515,multi_train,3,Non-Span
5516,multi_train,3,Multi-Image Spans
5517,multi_train,3,Cross-Image Synthesis
5518,multi_train,3,Non-Span
5519,multi_train,3,Multi-Image Spans
5520,multi_train,3,Non-Span
4217,multi_train,3,Multi-Image Spans
4218,multi_train,3,Non-Span
4219,multi_train,3,Multi-Image Spans
4213,multi_train,3,Multi-Image Spans
4207,multi_train,3,Multi-Image Spans
4211,multi_train,3,Multi-Image Spans
840,multi_train,2,Multi-Image Spans
836,multi_train,2,Non-Span
837,multi_train,2,Non-Span
838,multi_train,2,Cross-Image Synthesis
839,multi_train,2,Multi-Image Spans
2575,multi_train,3,Non-Span
2576,multi_train,3,Cross-Image Synthesis
2578,multi_train,3,Multi-Image Spans
2570,multi_train,3,Cross-Image Synthesis
2572,multi_train,3,Cross-Image Synthesis
2573,multi_train,3,Multi-Image Spans
2574,multi_train,3,Non-Span
8604,multi_train,3,Cross-Image Synthesis
8605,multi_train,3,Cross-Image Synthesis
8606,multi_train,3,Multi-Image Spans
8607,multi_train,3,Non-Span
7031,multi_train,3,Multi-Image Spans
5328,multi_train,4,Multi-Image Spans
5329,multi_train,4,Multi-Image Spans
9389,multi_train,3,Cross-Image Synthesis
9390,multi_train,3,Non-Span
9391,multi_train,3,Multi-Image Spans
9392,multi_train,3,Multi-Image Spans
9393,multi_train,3,Cross-Image Synthesis
8299,multi_train,2,Non-Span
5972,multi_train,3,Multi-Image Spans
5974,multi_train,3,Multi-Image Spans
5969,multi_train,3,Non-Span
5965,multi_train,3,Multi-Image Spans
8887,multi_train,3,Multi-Image Spans
8885,multi_train,3,Multi-Image Spans
4327,multi_train,2,Multi-Image Spans
4328,multi_train,2,Multi-Image Spans
4329,multi_train,2,Non-Span
4330,multi_train,2,Multi-Image Spans
12,multi_train,4,Non-Span
13,multi_train,4,Multi-Image Spans
15,multi_train,4,Multi-Image Spans
17,multi_train,4,Multi-Image Spans
14,multi_train,4,Non-Span
16,multi_train,4,Multi-Image Spans
4337,multi_train,3,Non-Span
4338,multi_train,3,Multi-Image Spans
4339,multi_train,3,Non-Span
4340,multi_train,3,Multi-Image Spans
7513,multi_train,2,Multi-Image Spans
4275,multi_train,3,Non-Span
4276,multi_train,3,Multi-Image Spans
4277,multi_train,3,Cross-Image Synthesis
4278,multi_train,3,Non-Span
4279,multi_train,3,Non-Span
4271,multi_train,3,Non-Span
4272,multi_train,3,Multi-Image Spans
4273,multi_train,3,Cross-Image Synthesis
4274,multi_train,3,Cross-Image Synthesis
1255,multi_train,3,Multi-Image Spans
1257,multi_train,3,Multi-Image Spans
7664,multi_train,3,Non-Span
8065,multi_train,4,Multi-Image Spans
7525,multi_train,4,Non-Span
7526,multi_train,4,Non-Span
7527,multi_train,4,Multi-Image Spans
3710,multi_train,2,Multi-Image Spans
3711,multi_train,2,Multi-Image Spans
3712,multi_train,2,Cross-Image Synthesis
3714,multi_train,2,Cross-Image Synthesis
3715,multi_train,2,Cross-Image Synthesis
2862,multi_train,3,Non-Span
2863,multi_train,3,Cross-Image Synthesis
2868,multi_train,3,Multi-Image Spans
2869,multi_train,3,Non-Span
2870,multi_train,3,Multi-Image Spans
2871,multi_train,3,Multi-Image Spans
2872,multi_train,3,Non-Span
2866,multi_train,3,Multi-Image Spans
2867,multi_train,3,Multi-Image Spans
567,multi_train,3,Multi-Image Spans
571,multi_train,3,Non-Span
284,multi_train,3,Multi-Image Spans
285,multi_train,3,Multi-Image Spans
8207,multi_train,2,Multi-Image Spans
694,multi_train,3,Multi-Image Spans
695,multi_train,3,Multi-Image Spans
685,multi_train,2,Multi-Image Spans
686,multi_train,2,Multi-Image Spans
687,multi_train,2,Multi-Image Spans
688,multi_train,3,Multi-Image Spans
689,multi_train,3,Multi-Image Spans
690,multi_train,3,Multi-Image Spans
692,multi_train,3,Multi-Image Spans
693,multi_train,3,Multi-Image Spans
7180,multi_train,2,Non-Span
7182,multi_train,2,Multi-Image Spans
5544,multi_train,2,Multi-Image Spans
2647,multi_train,3,Multi-Image Spans
2651,multi_train,3,Multi-Image Spans
2652,multi_train,3,Multi-Image Spans
8665,multi_train,3,Multi-Image Spans
8666,multi_train,3,Cross-Image Synthesis
3057,multi_train,3,Cross-Image Synthesis
3058,multi_train,3,Cross-Image Synthesis
3059,multi_train,3,Multi-Image Spans
3060,multi_train,3,Cross-Image Synthesis
3061,multi_train,3,Non-Span
3062,multi_train,3,Non-Span
3063,multi_train,3,Multi-Image Spans
3064,multi_train,3,Multi-Image Spans
3065,multi_train,3,Multi-Image Spans
3066,multi_train,3,Non-Span
3068,multi_train,3,Multi-Image Spans
3798,multi_train,3,Multi-Image Spans
3799,multi_train,3,Non-Span
3800,multi_train,3,Multi-Image Spans
3794,multi_train,3,Multi-Image Spans
3795,multi_train,3,Non-Span
3797,multi_train,3,Multi-Image Spans
650,multi_train,3,Non-Span
651,multi_train,3,Cross-Image Synthesis
652,multi_train,3,Multi-Image Spans
653,multi_train,3,Cross-Image Synthesis
654,multi_train,3,Cross-Image Synthesis
655,multi_train,3,Non-Span
656,multi_train,3,Multi-Image Spans
658,multi_train,3,Cross-Image Synthesis
659,multi_train,3,Non-Span
660,multi_train,3,Multi-Image Spans
6383,multi_train,2,Non-Span
6384,multi_train,2,Cross-Image Synthesis
6385,multi_train,2,Cross-Image Synthesis
5278,multi_train,2,Non-Span
5279,multi_train,2,Cross-Image Synthesis
5280,multi_train,2,Cross-Image Synthesis
1913,multi_train,2,Non-Span
1914,multi_train,2,Multi-Image Spans
1915,multi_train,2,Multi-Image Spans
2805,multi_train,3,Non-Span
2806,multi_train,3,Cross-Image Synthesis
2807,multi_train,3,Non-Span
2808,multi_train,3,Cross-Image Synthesis
2809,multi_train,3,Multi-Image Spans
2810,multi_train,3,Non-Span
2812,multi_train,3,Cross-Image Synthesis
2321,multi_train,4,Non-Span
2323,multi_train,4,Multi-Image Spans
7249,multi_train,2,Cross-Image Synthesis
7250,multi_train,2,Multi-Image Spans
7254,multi_train,3,Multi-Image Spans
7255,multi_train,2,Multi-Image Spans
3184,multi_train,3,Non-Span
3185,multi_train,3,Multi-Image Spans
3181,multi_train,3,Multi-Image Spans
3182,multi_train,3,Multi-Image Spans
4028,multi_train,4,Multi-Image Spans
8256,multi_train,2,Cross-Image Synthesis
8257,multi_train,2,Non-Span
8258,multi_train,2,Cross-Image Synthesis
8259,multi_train,2,Cross-Image Synthesis
8260,multi_train,2,Multi-Image Spans
392,multi_train,2,Non-Span
393,multi_train,2,Cross-Image Synthesis
394,multi_train,2,Multi-Image Spans
395,multi_train,2,Non-Span
702,multi_train,3,Multi-Image Spans
703,multi_train,3,Non-Span
704,multi_train,3,Multi-Image Spans
705,multi_train,3,Non-Span
706,multi_train,3,Non-Span
696,multi_train,3,Multi-Image Spans
699,multi_train,3,Non-Span
700,multi_train,3,Multi-Image Spans
701,multi_train,3,Non-Span
709,multi_train,3,Multi-Image Spans
57,multi_train,4,Non-Span
59,multi_train,4,Non-Span
60,multi_train,4,Multi-Image Spans
56,multi_train,4,Cross-Image Synthesis
58,multi_train,4,Non-Span
3001,multi_train,3,Multi-Image Spans
2992,multi_train,3,Cross-Image Synthesis
2993,multi_train,3,Multi-Image Spans
2994,multi_train,3,Non-Span
2995,multi_train,3,Multi-Image Spans
2997,multi_train,3,Cross-Image Synthesis
7907,multi_train,3,Non-Span
9456,multi_train,3,Non-Span
9457,multi_train,3,Non-Span
9458,multi_train,3,Multi-Image Spans
9452,multi_train,3,Cross-Image Synthesis
9453,multi_train,3,Multi-Image Spans
9454,multi_train,3,Non-Span
9455,multi_train,3,Multi-Image Spans
9459,multi_train,3,Non-Span
9460,multi_train,3,Non-Span
7634,multi_train,3,Multi-Image Spans
7635,multi_train,3,Multi-Image Spans
7636,multi_train,3,Non-Span
7637,multi_train,3,Cross-Image Synthesis
8184,multi_train,2,Non-Span
4616,multi_train,3,Multi-Image Spans
4617,multi_train,3,Non-Span
4618,multi_train,3,Cross-Image Synthesis
5084,multi_train,3,Cross-Image Synthesis
5086,multi_train,3,Multi-Image Spans
5087,multi_train,3,Non-Span
5088,multi_train,3,Multi-Image Spans
5076,multi_train,3,Cross-Image Synthesis
5077,multi_train,3,Non-Span
5078,multi_train,3,Non-Span
5079,multi_train,3,Multi-Image Spans
5080,multi_train,3,Non-Span
5081,multi_train,3,Multi-Image Spans
5082,multi_train,3,Cross-Image Synthesis
5869,multi_train,3,Multi-Image Spans
5870,multi_train,3,Non-Span
5872,multi_train,3,Multi-Image Spans
5873,multi_train,3,Multi-Image Spans
5874,multi_train,3,Multi-Image Spans
5875,multi_train,3,Non-Span
8336,multi_train,3,Cross-Image Synthesis
8337,multi_train,3,Non-Span
1500,multi_train,2,Non-Span
1501,multi_train,2,Cross-Image Synthesis
1502,multi_train,2,Multi-Image Spans
7598,multi_train,4,Multi-Image Spans
7599,multi_train,4,Multi-Image Spans
7600,multi_train,4,Non-Span
7601,multi_train,4,Cross-Image Synthesis
7602,multi_train,4,Multi-Image Spans
3623,multi_train,3,Cross-Image Synthesis
3624,multi_train,3,Cross-Image Synthesis
3625,multi_train,3,Multi-Image Spans
3628,multi_train,3,Cross-Image Synthesis
3629,multi_train,3,Non-Span
3630,multi_train,3,Multi-Image Spans
3632,multi_train,3,Multi-Image Spans
4230,multi_train,3,Multi-Image Spans
4231,multi_train,3,Multi-Image Spans
4232,multi_train,3,Non-Span
4234,multi_train,3,Cross-Image Synthesis
4221,multi_train,3,Multi-Image Spans
4222,multi_train,3,Non-Span
4223,multi_train,3,Non-Span
4225,multi_train,3,Multi-Image Spans
4227,multi_train,3,Cross-Image Synthesis
4229,multi_train,3,Non-Span
1055,multi_train,3,Cross-Image Synthesis
1056,multi_train,3,Non-Span
1057,multi_train,3,Multi-Image Spans
1388,multi_train,2,Multi-Image Spans
1389,multi_train,2,Multi-Image Spans
4489,multi_train,4,Multi-Image Spans
4490,multi_train,4,Non-Span
4491,multi_train,4,Multi-Image Spans
4488,multi_train,4,Non-Span
5196,multi_train,2,Non-Span
5197,multi_train,2,Multi-Image Spans
5198,multi_train,2,Multi-Image Spans
8948,multi_train,3,Multi-Image Spans
8949,multi_train,3,Non-Span
8950,multi_train,3,Multi-Image Spans
8951,multi_train,3,Non-Span
8953,multi_train,3,Multi-Image Spans
8956,multi_train,3,Cross-Image Synthesis
8957,multi_train,3,Cross-Image Synthesis
8958,multi_train,3,Multi-Image Spans
8954,multi_train,3,Non-Span
8903,multi_train,3,Multi-Image Spans
8901,multi_train,2,Multi-Image Spans
8902,multi_train,2,Cross-Image Synthesis
8904,multi_train,2,Non-Span
8905,multi_train,2,Multi-Image Spans
8906,multi_train,2,Cross-Image Synthesis
8907,multi_train,2,Non-Span
1627,multi_train,2,Multi-Image Spans
1629,multi_train,2,Multi-Image Spans
1630,multi_train,2,Multi-Image Spans
6571,multi_train,2,Multi-Image Spans
6572,multi_train,2,Non-Span
6573,multi_train,2,Cross-Image Synthesis
6574,multi_train,2,Multi-Image Spans
148,multi_train,3,Multi-Image Spans
149,multi_train,3,Non-Span
150,multi_train,3,Multi-Image Spans
151,multi_train,3,Multi-Image Spans
152,multi_train,3,Multi-Image Spans
8327,multi_train,3,Multi-Image Spans
8328,multi_train,3,Cross-Image Synthesis
8329,multi_train,3,Non-Span
8331,multi_train,3,Multi-Image Spans
9560,multi_train,3,Multi-Image Spans
9561,multi_train,3,Cross-Image Synthesis
9562,multi_train,3,Non-Span
9563,multi_train,3,Cross-Image Synthesis
7221,multi_train,3,Non-Span
7222,multi_train,3,Multi-Image Spans
7216,multi_train,3,Multi-Image Spans
7217,multi_train,3,Non-Span
7218,multi_train,3,Non-Span
7219,multi_train,3,Multi-Image Spans
7224,multi_train,3,Multi-Image Spans
6742,multi_train,3,Multi-Image Spans
4447,multi_train,2,Cross-Image Synthesis
4448,multi_train,2,Multi-Image Spans
7184,multi_train,2,Non-Span
7185,multi_train,2,Multi-Image Spans
6850,multi_train,2,Multi-Image Spans
1396,multi_train,2,Multi-Image Spans
3467,multi_train,3,Multi-Image Spans
3468,multi_train,3,Cross-Image Synthesis
3469,multi_train,3,Non-Span
3470,multi_train,3,Multi-Image Spans
3476,multi_train,3,Non-Span
3477,multi_train,3,Cross-Image Synthesis
3478,multi_train,3,Multi-Image Spans
3471,multi_train,3,Cross-Image Synthesis
3472,multi_train,3,Multi-Image Spans
3473,multi_train,3,Cross-Image Synthesis
3474,multi_train,3,Non-Span
3475,multi_train,3,Multi-Image Spans
9352,multi_train,3,Multi-Image Spans
9354,multi_train,3,Multi-Image Spans
9342,multi_train,3,Non-Span
9343,multi_train,3,Multi-Image Spans
9344,multi_train,3,Multi-Image Spans
9346,multi_train,3,Multi-Image Spans
9347,multi_train,3,Multi-Image Spans
9350,multi_train,3,Multi-Image Spans
9351,multi_train,3,Non-Span
247,multi_train,2,Multi-Image Spans
249,multi_train,2,Non-Span
245,multi_train,2,Multi-Image Spans
246,multi_train,2,Non-Span
248,multi_train,2,Non-Span
250,multi_train,2,Cross-Image Synthesis
2290,multi_train,2,Multi-Image Spans
4643,multi_train,3,Multi-Image Spans
4644,multi_train,3,Multi-Image Spans
4645,multi_train,3,Multi-Image Spans
4646,multi_train,3,Non-Span
6942,multi_train,2,Multi-Image Spans
113,multi_train,3,Multi-Image Spans
115,multi_train,3,Multi-Image Spans
6872,multi_train,3,Non-Span
6873,multi_train,3,Multi-Image Spans
4647,multi_train,2,Multi-Image Spans
4648,multi_train,2,Multi-Image Spans
4649,multi_train,2,Multi-Image Spans
1904,multi_train,3,Multi-Image Spans
1905,multi_train,3,Non-Span
1906,multi_train,3,Non-Span
7861,multi_train,2,Multi-Image Spans
7863,multi_train,2,Non-Span
1146,multi_train,3,Multi-Image Spans
1149,multi_train,3,Non-Span
8235,multi_train,2,Multi-Image Spans
8236,multi_train,2,Non-Span
8237,multi_train,2,Non-Span
6550,multi_train,2,Multi-Image Spans
1828,multi_train,2,Cross-Image Synthesis
1829,multi_train,2,Multi-Image Spans
1830,multi_train,2,Non-Span
1831,multi_train,2,Non-Span
1832,multi_train,2,Cross-Image Synthesis
8499,multi_train,3,Non-Span
8500,multi_train,3,Multi-Image Spans
8505,multi_train,3,Multi-Image Spans
8507,multi_train,3,Non-Span
8501,multi_train,3,Multi-Image Spans
8502,multi_train,3,Non-Span
8503,multi_train,3,Cross-Image Synthesis
8504,multi_train,3,Non-Span
3520,multi_train,3,Non-Span
3521,multi_train,3,Multi-Image Spans
3522,multi_train,3,Multi-Image Spans
3523,multi_train,3,Multi-Image Spans
3524,multi_train,3,Multi-Image Spans
3528,multi_train,3,Multi-Image Spans
3530,multi_train,3,Non-Span
7631,multi_train,2,Multi-Image Spans
7632,multi_train,2,Non-Span
7633,multi_train,2,Cross-Image Synthesis
5330,multi_train,2,Multi-Image Spans
5331,multi_train,2,Multi-Image Spans
5332,multi_train,2,Non-Span
6461,multi_train,2,Cross-Image Synthesis
6463,multi_train,2,Cross-Image Synthesis
3702,multi_train,3,Multi-Image Spans
3704,multi_train,3,Non-Span
3705,multi_train,3,Multi-Image Spans
7212,multi_train,3,Non-Span
7209,multi_train,3,Non-Span
6968,multi_train,2,Non-Span
4193,multi_train,2,Multi-Image Spans
5527,multi_train,2,Non-Span
5528,multi_train,2,Cross-Image Synthesis
5529,multi_train,2,Cross-Image Synthesis
5530,multi_train,2,Multi-Image Spans
9436,multi_train,3,Non-Span
9437,multi_train,3,Multi-Image Spans
9432,multi_train,3,Cross-Image Synthesis
9434,multi_train,3,Non-Span
9426,multi_train,3,Non-Span
9427,multi_train,3,Cross-Image Synthesis
9428,multi_train,3,Multi-Image Spans
9429,multi_train,3,Non-Span
9430,multi_train,3,Non-Span
9431,multi_train,3,Non-Span
390,multi_train,2,Multi-Image Spans
391,multi_train,2,Multi-Image Spans
8060,multi_train,3,Multi-Image Spans
8061,multi_train,3,Non-Span
8062,multi_train,3,Multi-Image Spans
6842,multi_train,2,Non-Span
9264,multi_train,3,Multi-Image Spans
9265,multi_train,3,Cross-Image Synthesis
9266,multi_train,3,Cross-Image Synthesis
9267,multi_train,3,Cross-Image Synthesis
9268,multi_train,3,Cross-Image Synthesis
8683,multi_train,3,Non-Span
8684,multi_train,3,Cross-Image Synthesis
8686,multi_train,3,Multi-Image Spans
8687,multi_train,3,Multi-Image Spans
953,multi_train,2,Non-Span
954,multi_train,2,Multi-Image Spans
955,multi_train,2,Cross-Image Synthesis
6437,multi_train,2,Cross-Image Synthesis
6439,multi_train,2,Multi-Image Spans
4456,multi_train,3,Multi-Image Spans
4457,multi_train,3,Cross-Image Synthesis
4458,multi_train,3,Non-Span
4459,multi_train,3,Multi-Image Spans
6399,multi_train,3,Multi-Image Spans
6308,multi_train,2,Multi-Image Spans
6646,multi_train,2,Non-Span
6647,multi_train,2,Multi-Image Spans
1371,multi_train,2,Non-Span
1372,multi_train,2,Multi-Image Spans
1373,multi_train,2,Multi-Image Spans
1374,multi_train,2,Multi-Image Spans
5598,multi_train,2,Non-Span
5599,multi_train,2,Multi-Image Spans
5600,multi_train,2,Multi-Image Spans
5601,multi_train,2,Multi-Image Spans
1197,multi_train,3,Multi-Image Spans
1195,multi_train,3,Cross-Image Synthesis
1196,multi_train,3,Multi-Image Spans
1198,multi_train,3,Multi-Image Spans
1267,multi_train,3,Multi-Image Spans
1268,multi_train,3,Multi-Image Spans
1269,multi_train,3,Multi-Image Spans
1270,multi_train,3,Multi-Image Spans
5366,multi_train,4,Multi-Image Spans
5371,multi_train,4,Non-Span
9327,multi_train,3,Cross-Image Synthesis
9329,multi_train,3,Non-Span
9330,multi_train,3,Multi-Image Spans
9331,multi_train,3,Non-Span
6076,multi_train,3,Multi-Image Spans
6077,multi_train,3,Multi-Image Spans
6078,multi_train,3,Cross-Image Synthesis
6240,multi_train,2,Multi-Image Spans
6242,multi_train,2,Non-Span
9262,multi_train,3,Non-Span
9263,multi_train,3,Multi-Image Spans
6372,multi_train,2,Multi-Image Spans
6373,multi_train,2,Non-Span
6374,multi_train,2,Multi-Image Spans
4844,multi_train,3,Multi-Image Spans
4845,multi_train,3,Cross-Image Synthesis
4846,multi_train,3,Multi-Image Spans
4847,multi_train,3,Multi-Image Spans
4848,multi_train,3,Non-Span
4849,multi_train,3,Multi-Image Spans
6336,multi_train,3,Non-Span
6337,multi_train,3,Multi-Image Spans
6338,multi_train,3,Cross-Image Synthesis
7967,multi_train,2,Multi-Image Spans
7968,multi_train,2,Cross-Image Synthesis
7969,multi_train,2,Multi-Image Spans
7970,multi_train,2,Non-Span
7971,multi_train,2,Non-Span
7972,multi_train,2,Multi-Image Spans
1517,multi_train,2,Non-Span
1519,multi_train,2,Multi-Image Spans
1520,multi_train,2,Multi-Image Spans
1521,multi_train,2,Multi-Image Spans
976,multi_train,3,Multi-Image Spans
977,multi_train,3,Non-Span
978,multi_train,3,Multi-Image Spans
979,multi_train,3,Multi-Image Spans
2292,multi_train,2,Multi-Image Spans
2293,multi_train,2,Multi-Image Spans
2294,multi_train,2,Non-Span
2295,multi_train,2,Multi-Image Spans
5668,multi_train,3,Multi-Image Spans
5669,multi_train,3,Multi-Image Spans
5671,multi_train,3,Multi-Image Spans
5672,multi_train,3,Cross-Image Synthesis
5670,multi_train,3,Non-Span
4763,multi_train,2,Cross-Image Synthesis
4764,multi_train,2,Cross-Image Synthesis
4765,multi_train,2,Multi-Image Spans
4766,multi_train,2,Non-Span
4767,multi_train,2,Multi-Image Spans
1840,multi_train,2,Multi-Image Spans
1841,multi_train,2,Multi-Image Spans
1842,multi_train,2,Non-Span
1843,multi_train,2,Non-Span
7691,multi_train,2,Multi-Image Spans
7692,multi_train,2,Non-Span
7693,multi_train,2,Cross-Image Synthesis
7694,multi_train,2,Non-Span
5429,multi_train,2,Cross-Image Synthesis
5430,multi_train,2,Multi-Image Spans
5431,multi_train,2,Non-Span
5432,multi_train,2,Multi-Image Spans
6889,multi_train,2,Non-Span
6890,multi_train,2,Multi-Image Spans
4302,multi_train,4,Multi-Image Spans
5994,multi_train,3,Multi-Image Spans
5996,multi_train,3,Non-Span
5997,multi_train,3,Multi-Image Spans
5998,multi_train,3,Cross-Image Synthesis
5999,multi_train,3,Non-Span
6000,multi_train,3,Non-Span
5589,multi_train,2,Cross-Image Synthesis
5590,multi_train,2,Multi-Image Spans
5591,multi_train,2,Non-Span
7673,multi_train,3,Multi-Image Spans
7675,multi_train,3,Multi-Image Spans
7676,multi_train,3,Non-Span
9038,multi_train,3,Non-Span
9039,multi_train,3,Multi-Image Spans
9040,multi_train,3,Cross-Image Synthesis
9041,multi_train,3,Multi-Image Spans
9042,multi_train,3,Cross-Image Synthesis
9036,multi_train,3,Multi-Image Spans
9037,multi_train,3,Multi-Image Spans
9043,multi_train,3,Multi-Image Spans
9044,multi_train,3,Non-Span
9045,multi_train,3,Cross-Image Synthesis
9046,multi_train,3,Multi-Image Spans
8586,multi_train,3,Multi-Image Spans
8587,multi_train,3,Cross-Image Synthesis
8590,multi_train,3,Cross-Image Synthesis
8591,multi_train,3,Multi-Image Spans
8592,multi_train,3,Non-Span
8593,multi_train,3,Multi-Image Spans
8594,multi_train,3,Multi-Image Spans
8596,multi_train,3,Multi-Image Spans
7774,multi_train,3,Multi-Image Spans
7775,multi_train,3,Non-Span
7776,multi_train,3,Multi-Image Spans
5941,multi_train,3,Non-Span
5942,multi_train,3,Cross-Image Synthesis
5943,multi_train,3,Multi-Image Spans
8339,multi_train,3,Multi-Image Spans
8340,multi_train,3,Cross-Image Synthesis
1951,multi_train,2,Non-Span
1952,multi_train,2,Multi-Image Spans
1953,multi_train,2,Multi-Image Spans
1584,multi_train,4,Multi-Image Spans
2981,multi_train,3,Multi-Image Spans
2983,multi_train,3,Multi-Image Spans
2984,multi_train,3,Non-Span
2975,multi_train,3,Multi-Image Spans
2978,multi_train,3,Cross-Image Synthesis
2988,multi_train,3,Multi-Image Spans
4884,multi_train,3,Cross-Image Synthesis
4886,multi_train,3,Multi-Image Spans
4878,multi_train,3,Multi-Image Spans
4879,multi_train,3,Cross-Image Synthesis
4880,multi_train,3,Multi-Image Spans
4882,multi_train,3,Cross-Image Synthesis
4883,multi_train,3,Cross-Image Synthesis
4887,multi_train,3,Multi-Image Spans
4889,multi_train,3,Non-Span
4890,multi_train,3,Non-Span
4891,multi_train,3,Multi-Image Spans
4892,multi_train,3,Cross-Image Synthesis
3731,multi_train,2,Multi-Image Spans
3732,multi_train,2,Multi-Image Spans
3733,multi_train,2,Non-Span
4825,multi_train,3,Cross-Image Synthesis
4826,multi_train,3,Non-Span
4827,multi_train,3,Multi-Image Spans
1770,multi_train,3,Multi-Image Spans
1771,multi_train,3,Non-Span
1772,multi_train,3,Cross-Image Synthesis
4015,multi_train,2,Multi-Image Spans
4016,multi_train,2,Cross-Image Synthesis
4017,multi_train,2,Non-Span
4018,multi_train,2,Non-Span
4019,multi_train,2,Multi-Image Spans
6992,multi_train,3,Non-Span
779,multi_train,3,Cross-Image Synthesis
780,multi_train,3,Multi-Image Spans
781,multi_train,3,Multi-Image Spans
782,multi_train,3,Non-Span
783,multi_train,2,Cross-Image Synthesis
784,multi_train,2,Multi-Image Spans
776,multi_train,3,Non-Span
777,multi_train,3,Cross-Image Synthesis
778,multi_train,3,Multi-Image Spans
2966,multi_train,3,Multi-Image Spans
2967,multi_train,3,Non-Span
2969,multi_train,3,Multi-Image Spans
2971,multi_train,3,Multi-Image Spans
2972,multi_train,3,Non-Span
982,multi_train,3,Non-Span
983,multi_train,3,Multi-Image Spans
984,multi_train,3,Multi-Image Spans
6836,multi_train,3,Multi-Image Spans
6837,multi_train,3,Non-Span
6839,multi_train,3,Multi-Image Spans
6840,multi_train,3,Multi-Image Spans
1787,multi_train,4,Multi-Image Spans
1788,multi_train,4,Non-Span
1789,multi_train,4,Multi-Image Spans
318,multi_train,3,Multi-Image Spans
319,multi_train,3,Multi-Image Spans
5022,multi_train,3,Multi-Image Spans
5023,multi_train,3,Non-Span
5024,multi_train,3,Multi-Image Spans
5025,multi_train,3,Cross-Image Synthesis
5026,multi_train,3,Non-Span
5027,multi_train,3,Non-Span
5019,multi_train,3,Non-Span
5020,multi_train,3,Cross-Image Synthesis
5021,multi_train,3,Multi-Image Spans
5013,multi_train,3,Cross-Image Synthesis
5014,multi_train,3,Multi-Image Spans
5015,multi_train,3,Non-Span
5016,multi_train,3,Multi-Image Spans
5017,multi_train,3,Cross-Image Synthesis
5018,multi_train,3,Non-Span
2766,multi_train,3,Cross-Image Synthesis
2767,multi_train,3,Multi-Image Spans
2768,multi_train,3,Non-Span
2769,multi_train,3,Cross-Image Synthesis
2760,multi_train,3,Multi-Image Spans
2761,multi_train,3,Multi-Image Spans
2763,multi_train,3,Non-Span
2765,multi_train,3,Cross-Image Synthesis
1901,multi_train,2,Cross-Image Synthesis
1902,multi_train,2,Multi-Image Spans
1903,multi_train,2,Multi-Image Spans
7751,multi_train,4,Multi-Image Spans
7753,multi_train,4,Multi-Image Spans
8882,multi_train,3,Multi-Image Spans
8884,multi_train,3,Multi-Image Spans
221,multi_train,3,Cross-Image Synthesis
223,multi_train,3,Multi-Image Spans
224,multi_train,3,Non-Span
225,multi_train,3,Non-Span
4429,multi_train,2,Multi-Image Spans
1247,multi_train,3,Multi-Image Spans
1248,multi_train,3,Multi-Image Spans
5433,multi_train,3,Non-Span
5435,multi_train,3,Multi-Image Spans
5436,multi_train,3,Cross-Image Synthesis
8199,multi_train,2,Non-Span
8200,multi_train,2,Non-Span
2060,multi_train,4,Non-Span
8544,multi_train,3,Non-Span
8545,multi_train,3,Cross-Image Synthesis
8546,multi_train,3,Cross-Image Synthesis
8547,multi_train,3,Multi-Image Spans
8548,multi_train,3,Non-Span
8549,multi_train,3,Multi-Image Spans
8551,multi_train,3,Multi-Image Spans
930,multi_train,3,Multi-Image Spans
933,multi_train,3,Non-Span
3682,multi_train,4,Multi-Image Spans
3683,multi_train,4,Multi-Image Spans
3684,multi_train,4,Non-Span
3685,multi_train,4,Multi-Image Spans
875,multi_train,3,Multi-Image Spans
876,multi_train,3,Multi-Image Spans
2457,multi_train,3,Non-Span
2459,multi_train,3,Multi-Image Spans
2466,multi_train,3,Cross-Image Synthesis
2467,multi_train,3,Multi-Image Spans
2468,multi_train,3,Non-Span
2462,multi_train,3,Non-Span
2463,multi_train,3,Cross-Image Synthesis
2465,multi_train,3,Multi-Image Spans
1348,multi_train,2,Multi-Image Spans
1349,multi_train,2,Non-Span
1350,multi_train,2,Multi-Image Spans
7025,multi_train,2,Multi-Image Spans
7026,multi_train,2,Multi-Image Spans
4687,multi_train,4,Multi-Image Spans
4688,multi_train,4,Multi-Image Spans
2553,multi_train,3,Cross-Image Synthesis
2556,multi_train,3,Cross-Image Synthesis
2557,multi_train,3,Multi-Image Spans
2549,multi_train,3,Multi-Image Spans
2550,multi_train,3,Cross-Image Synthesis
2551,multi_train,3,Multi-Image Spans
2552,multi_train,3,Non-Span
4963,multi_train,3,Multi-Image Spans
4964,multi_train,3,Multi-Image Spans
4965,multi_train,3,Non-Span
4966,multi_train,3,Multi-Image Spans
4967,multi_train,3,Non-Span
4958,multi_train,3,Multi-Image Spans
4960,multi_train,3,Multi-Image Spans
4961,multi_train,3,Cross-Image Synthesis
4962,multi_train,3,Cross-Image Synthesis
2873,multi_train,3,Non-Span
2874,multi_train,3,Multi-Image Spans
2875,multi_train,3,Non-Span
2879,multi_train,3,Cross-Image Synthesis
2880,multi_train,3,Cross-Image Synthesis
2881,multi_train,3,Multi-Image Spans
2882,multi_train,3,Non-Span
2876,multi_train,3,Multi-Image Spans
2877,multi_train,3,Non-Span
2878,multi_train,3,Multi-Image Spans
6354,multi_train,2,Multi-Image Spans
6357,multi_train,2,Cross-Image Synthesis
1531,multi_train,3,Non-Span
1532,multi_train,3,Multi-Image Spans
1534,multi_train,3,Non-Span
1535,multi_train,3,Multi-Image Spans
1533,multi_train,3,Multi-Image Spans
6116,multi_train,2,Cross-Image Synthesis
1158,multi_train,2,Multi-Image Spans
1157,multi_train,2,Multi-Image Spans
1159,multi_train,2,Multi-Image Spans
5946,multi_train,3,Multi-Image Spans
5947,multi_train,3,Multi-Image Spans
5944,multi_train,3,Multi-Image Spans
5945,multi_train,3,Multi-Image Spans
8027,multi_train,2,Non-Span
1720,multi_train,3,Non-Span
1723,multi_train,3,Multi-Image Spans
1724,multi_train,3,Non-Span
9142,multi_train,3,Cross-Image Synthesis
9143,multi_train,3,Multi-Image Spans
9144,multi_train,3,Cross-Image Synthesis
9146,multi_train,3,Cross-Image Synthesis
9147,multi_train,3,Cross-Image Synthesis
9148,multi_train,3,Multi-Image Spans
9149,multi_train,3,Non-Span
9150,multi_train,3,Non-Span
9140,multi_train,3,Non-Span
9141,multi_train,3,Multi-Image Spans
9139,multi_train,3,Cross-Image Synthesis
6531,multi_train,2,Multi-Image Spans
6532,multi_train,2,Multi-Image Spans
3186,multi_train,3,Multi-Image Spans
3187,multi_train,3,Non-Span
3190,multi_train,3,Multi-Image Spans
3191,multi_train,3,Cross-Image Synthesis
3193,multi_train,3,Multi-Image Spans
3196,multi_train,3,Multi-Image Spans
3127,multi_train,3,Cross-Image Synthesis
3128,multi_train,3,Multi-Image Spans
3129,multi_train,3,Multi-Image Spans
3130,multi_train,3,Non-Span
3124,multi_train,3,Multi-Image Spans
3120,multi_train,3,Multi-Image Spans
3123,multi_train,3,Multi-Image Spans
5222,multi_train,3,Non-Span
5223,multi_train,3,Multi-Image Spans
5224,multi_train,3,Multi-Image Spans
5225,multi_train,3,Multi-Image Spans
5226,multi_train,3,Multi-Image Spans
6645,multi_train,2,Multi-Image Spans
7894,multi_train,2,Cross-Image Synthesis
7896,multi_train,2,Multi-Image Spans
849,multi_train,2,Multi-Image Spans
850,multi_train,2,Multi-Image Spans
851,multi_train,2,Multi-Image Spans
4298,multi_train,2,Multi-Image Spans
4299,multi_train,2,Multi-Image Spans
4300,multi_train,2,Non-Span
6829,multi_train,2,Multi-Image Spans
2787,multi_train,3,Multi-Image Spans
2788,multi_train,3,Non-Span
2790,multi_train,3,Non-Span
2791,multi_train,3,Multi-Image Spans
2792,multi_train,3,Non-Span
2793,multi_train,3,Cross-Image Synthesis
2782,multi_train,3,Cross-Image Synthesis
2783,multi_train,3,Cross-Image Synthesis
2785,multi_train,3,Cross-Image Synthesis
2786,multi_train,3,Multi-Image Spans
4011,multi_train,2,Multi-Image Spans
4012,multi_train,2,Non-Span
3848,multi_train,3,Cross-Image Synthesis
3849,multi_train,3,Cross-Image Synthesis
3850,multi_train,3,Multi-Image Spans
3851,multi_train,3,Non-Span
3855,multi_train,3,Multi-Image Spans
3845,multi_train,3,Multi-Image Spans
3847,multi_train,3,Multi-Image Spans
7544,multi_train,4,Non-Span
7545,multi_train,4,Cross-Image Synthesis
7546,multi_train,4,Multi-Image Spans
3928,multi_train,2,Non-Span
3929,multi_train,2,Multi-Image Spans
8764,multi_train,3,Non-Span
8765,multi_train,3,Multi-Image Spans
8766,multi_train,3,Cross-Image Synthesis
8761,multi_train,3,Non-Span
8762,multi_train,3,Non-Span
8763,multi_train,3,Multi-Image Spans
8847,multi_train,3,Multi-Image Spans
8848,multi_train,3,Non-Span
8849,multi_train,3,Multi-Image Spans
8842,multi_train,3,Non-Span
8843,multi_train,3,Cross-Image Synthesis
8844,multi_train,3,Multi-Image Spans
8845,multi_train,3,Cross-Image Synthesis
5856,multi_train,3,Multi-Image Spans
5857,multi_train,3,Multi-Image Spans
5858,multi_train,3,Non-Span
4054,multi_train,2,Non-Span
4056,multi_train,2,Cross-Image Synthesis
4057,multi_train,2,Multi-Image Spans
8211,multi_train,2,Multi-Image Spans
8212,multi_train,2,Multi-Image Spans
8213,multi_train,2,Non-Span
5537,multi_train,2,Non-Span
5538,multi_train,2,Multi-Image Spans
5540,multi_train,2,Multi-Image Spans
4351,multi_train,2,Non-Span
4352,multi_train,2,Multi-Image Spans
1495,multi_train,2,Multi-Image Spans
6708,multi_train,3,Non-Span
1631,multi_train,2,Multi-Image Spans
1632,multi_train,2,Non-Span
1633,multi_train,2,Non-Span
1634,multi_train,2,Multi-Image Spans
1635,multi_train,2,Multi-Image Spans
1636,multi_train,2,Multi-Image Spans
1117,multi_train,2,Multi-Image Spans
1118,multi_train,2,Non-Span
1119,multi_train,2,Multi-Image Spans
7829,multi_train,2,Cross-Image Synthesis
7830,multi_train,2,Multi-Image Spans
7831,multi_train,2,Non-Span
7832,multi_train,2,Multi-Image Spans
7833,multi_train,2,Multi-Image Spans
1818,multi_train,2,Multi-Image Spans
1820,multi_train,2,Non-Span
1821,multi_train,2,Non-Span
6859,multi_train,2,Non-Span
6860,multi_train,2,Multi-Image Spans
6861,multi_train,2,Multi-Image Spans
1048,multi_train,3,Multi-Image Spans
5258,multi_train,2,Cross-Image Synthesis
5259,multi_train,2,Multi-Image Spans
5260,multi_train,2,Multi-Image Spans
5261,multi_train,2,Cross-Image Synthesis
5262,multi_train,2,Non-Span
3562,multi_train,3,Multi-Image Spans
3563,multi_train,3,Multi-Image Spans
3565,multi_train,3,Multi-Image Spans
4079,multi_train,2,Multi-Image Spans
6755,multi_train,2,Non-Span
6756,multi_train,2,Multi-Image Spans
9030,multi_train,3,Non-Span
9031,multi_train,3,Non-Span
9032,multi_train,3,Multi-Image Spans
9033,multi_train,3,Non-Span
9034,multi_train,3,Multi-Image Spans
9035,multi_train,3,Cross-Image Synthesis
9025,multi_train,3,Multi-Image Spans
9026,multi_train,3,Multi-Image Spans
9027,multi_train,3,Non-Span
9028,multi_train,3,Non-Span
9029,multi_train,3,Non-Span
2274,multi_train,3,Multi-Image Spans
2276,multi_train,3,Non-Span
2277,multi_train,3,Multi-Image Spans
2278,multi_train,3,Multi-Image Spans
2064,multi_train,2,Cross-Image Synthesis
2065,multi_train,2,Cross-Image Synthesis
2066,multi_train,2,Non-Span
9015,multi_train,2,Non-Span
9017,multi_train,2,Non-Span
9018,multi_train,2,Multi-Image Spans
9019,multi_train,2,Multi-Image Spans
9011,multi_train,3,Multi-Image Spans
9014,multi_train,2,Multi-Image Spans
8066,multi_train,2,Cross-Image Synthesis
8067,multi_train,2,Multi-Image Spans
8068,multi_train,2,Non-Span
5707,multi_train,4,Multi-Image Spans
5708,multi_train,4,Multi-Image Spans
4521,multi_train,2,Cross-Image Synthesis
4522,multi_train,2,Multi-Image Spans
3708,multi_train,3,Multi-Image Spans
8654,multi_train,2,Multi-Image Spans
8655,multi_train,2,Non-Span
8657,multi_train,2,Multi-Image Spans
4937,multi_train,3,Non-Span
4939,multi_train,3,Non-Span
4940,multi_train,3,Multi-Image Spans
4941,multi_train,3,Multi-Image Spans
4942,multi_train,3,Multi-Image Spans
4037,multi_train,2,Multi-Image Spans
4038,multi_train,2,Cross-Image Synthesis
4039,multi_train,2,Cross-Image Synthesis
4040,multi_train,2,Non-Span
4041,multi_train,2,Non-Span
3670,multi_train,2,Multi-Image Spans
3671,multi_train,2,Multi-Image Spans
3672,multi_train,2,Cross-Image Synthesis
3036,multi_train,3,Multi-Image Spans
3039,multi_train,3,Non-Span
3041,multi_train,3,Multi-Image Spans
3028,multi_train,3,Multi-Image Spans
3029,multi_train,3,Multi-Image Spans
3031,multi_train,3,Multi-Image Spans
3033,multi_train,3,Multi-Image Spans
3034,multi_train,3,Non-Span
3035,multi_train,3,Cross-Image Synthesis
6729,multi_train,4,Multi-Image Spans
6732,multi_train,4,Multi-Image Spans
6733,multi_train,4,Multi-Image Spans
1858,multi_train,2,Multi-Image Spans
1859,multi_train,2,Cross-Image Synthesis
1860,multi_train,2,Non-Span
1861,multi_train,2,Multi-Image Spans
7765,multi_train,3,Cross-Image Synthesis
4750,multi_train,2,Multi-Image Spans
4751,multi_train,2,Cross-Image Synthesis
4752,multi_train,2,Non-Span
9079,multi_train,3,Cross-Image Synthesis
9080,multi_train,3,Cross-Image Synthesis
9081,multi_train,3,Multi-Image Spans
9082,multi_train,3,Non-Span
9083,multi_train,3,Non-Span
9084,multi_train,3,Non-Span
9085,multi_train,3,Multi-Image Spans
9087,multi_train,3,Multi-Image Spans
9088,multi_train,3,Cross-Image Synthesis
9089,multi_train,3,Multi-Image Spans
9090,multi_train,3,Non-Span
9091,multi_train,3,Non-Span
1135,multi_train,2,Multi-Image Spans
1137,multi_train,2,Multi-Image Spans
1138,multi_train,2,Multi-Image Spans
6133,multi_train,2,Multi-Image Spans
6134,multi_train,2,Cross-Image Synthesis
3964,multi_train,2,Non-Span
3966,multi_train,2,Multi-Image Spans
3967,multi_train,2,Multi-Image Spans
8153,multi_train,3,Non-Span
8154,multi_train,3,Multi-Image Spans
8155,multi_train,3,Cross-Image Synthesis
4777,multi_train,2,Cross-Image Synthesis
4778,multi_train,2,Non-Span
4779,multi_train,2,Multi-Image Spans
6284,multi_train,3,Multi-Image Spans
6285,multi_train,3,Non-Span
6286,multi_train,3,Multi-Image Spans
6329,multi_train,3,Multi-Image Spans
6330,multi_train,3,Non-Span
6331,multi_train,3,Multi-Image Spans
1180,multi_train,3,Multi-Image Spans
3920,multi_train,3,Multi-Image Spans
2336,multi_train,3,Multi-Image Spans
2337,multi_train,3,Non-Span
7500,multi_train,4,Non-Span
7501,multi_train,4,Multi-Image Spans
7502,multi_train,4,Multi-Image Spans
6737,multi_train,2,Multi-Image Spans
6738,multi_train,2,Multi-Image Spans
2020,multi_train,2,Multi-Image Spans
2021,multi_train,2,Multi-Image Spans
903,multi_train,2,Multi-Image Spans
905,multi_train,2,Multi-Image Spans
906,multi_train,2,Multi-Image Spans
5687,multi_train,2,Multi-Image Spans
1967,multi_train,3,Multi-Image Spans
1968,multi_train,3,Cross-Image Synthesis
6109,multi_train,3,Non-Span
6110,multi_train,3,Non-Span
6111,multi_train,3,Multi-Image Spans
5071,multi_train,3,Non-Span
5072,multi_train,3,Multi-Image Spans
5074,multi_train,3,Multi-Image Spans
7496,multi_train,3,Multi-Image Spans
7497,multi_train,3,Cross-Image Synthesis
7499,multi_train,3,Non-Span
6296,multi_train,2,Multi-Image Spans
6297,multi_train,2,Multi-Image Spans
6298,multi_train,2,Multi-Image Spans
3198,multi_train,3,Multi-Image Spans
3199,multi_train,3,Multi-Image Spans
3200,multi_train,3,Non-Span
1806,multi_train,3,Multi-Image Spans
5384,multi_train,3,Multi-Image Spans
5386,multi_train,3,Cross-Image Synthesis
3884,multi_train,3,Multi-Image Spans
3885,multi_train,3,Cross-Image Synthesis
3886,multi_train,3,Cross-Image Synthesis
3887,multi_train,3,Multi-Image Spans
3888,multi_train,3,Multi-Image Spans
3881,multi_train,3,Non-Span
3883,multi_train,3,Multi-Image Spans
3877,multi_train,3,Multi-Image Spans
3879,multi_train,3,Non-Span
6302,multi_train,2,Non-Span
1109,multi_train,2,Multi-Image Spans
1112,multi_train,2,Cross-Image Synthesis
1113,multi_train,2,Non-Span
8135,multi_train,3,Multi-Image Spans
8136,multi_train,3,Non-Span
8137,multi_train,3,Cross-Image Synthesis
5479,multi_train,3,Cross-Image Synthesis
4094,multi_train,2,Multi-Image Spans
4095,multi_train,2,Multi-Image Spans
4096,multi_train,2,Cross-Image Synthesis
4097,multi_train,2,Cross-Image Synthesis
4107,multi_train,2,Non-Span
4109,multi_train,2,Cross-Image Synthesis
4111,multi_train,2,Cross-Image Synthesis
9297,multi_train,3,Multi-Image Spans
9298,multi_train,3,Cross-Image Synthesis
9299,multi_train,3,Non-Span
9300,multi_train,3,Non-Span
9301,multi_train,3,Multi-Image Spans
9302,multi_train,3,Multi-Image Spans
9303,multi_train,3,Cross-Image Synthesis
9304,multi_train,3,Non-Span
1397,multi_train,3,Multi-Image Spans
1399,multi_train,3,Multi-Image Spans
2476,multi_train,3,Multi-Image Spans
2477,multi_train,3,Non-Span
2478,multi_train,3,Non-Span
2479,multi_train,3,Cross-Image Synthesis
2480,multi_train,3,Multi-Image Spans
6316,multi_train,3,Multi-Image Spans
6318,multi_train,3,Multi-Image Spans
7898,multi_train,2,Multi-Image Spans
7900,multi_train,2,Cross-Image Synthesis
4510,multi_train,3,Cross-Image Synthesis
4511,multi_train,3,Cross-Image Synthesis
4512,multi_train,3,Multi-Image Spans
4513,multi_train,3,Multi-Image Spans
4514,multi_train,3,Non-Span
8909,multi_train,3,Multi-Image Spans
8912,multi_train,3,Multi-Image Spans
8913,multi_train,3,Multi-Image Spans
8039,multi_train,2,Non-Span
8041,multi_train,2,Cross-Image Synthesis
8043,multi_train,2,Non-Span
8045,multi_train,2,Cross-Image Synthesis
8046,multi_train,2,Multi-Image Spans
1792,multi_train,4,Multi-Image Spans
1793,multi_train,4,Cross-Image Synthesis
1794,multi_train,4,Multi-Image Spans
1795,multi_train,4,Non-Span
1797,multi_train,4,Multi-Image Spans
6970,multi_train,2,Multi-Image Spans
6971,multi_train,2,Multi-Image Spans
6972,multi_train,2,Non-Span
6973,multi_train,2,Non-Span
1292,multi_train,2,Multi-Image Spans
1294,multi_train,2,Non-Span
1295,multi_train,2,Non-Span
1969,multi_train,4,Cross-Image Synthesis
1970,multi_train,4,Multi-Image Spans
1971,multi_train,4,Non-Span
1972,multi_train,4,Multi-Image Spans
4136,multi_train,2,Non-Span
1412,multi_train,2,Multi-Image Spans
1413,multi_train,2,Multi-Image Spans
1414,multi_train,2,Multi-Image Spans
1415,multi_train,2,Cross-Image Synthesis
1417,multi_train,2,Multi-Image Spans
1154,multi_train,3,Multi-Image Spans
1155,multi_train,3,Multi-Image Spans
1156,multi_train,3,Non-Span
3051,multi_train,3,Multi-Image Spans
3056,multi_train,3,Cross-Image Synthesis
3043,multi_train,3,Non-Span
3044,multi_train,3,Multi-Image Spans
3045,multi_train,3,Multi-Image Spans
3046,multi_train,3,Multi-Image Spans
3047,multi_train,3,Non-Span
3048,multi_train,3,Cross-Image Synthesis
3049,multi_train,3,Multi-Image Spans
3050,multi_train,3,Non-Span
9225,multi_train,3,Non-Span
9226,multi_train,3,Multi-Image Spans
9227,multi_train,3,Multi-Image Spans
9219,multi_train,3,Multi-Image Spans
9220,multi_train,3,Cross-Image Synthesis
9222,multi_train,3,Multi-Image Spans
9224,multi_train,3,Cross-Image Synthesis
4492,multi_train,2,Non-Span
4493,multi_train,2,Multi-Image Spans
5760,multi_train,3,Multi-Image Spans
5761,multi_train,3,Multi-Image Spans
5762,multi_train,3,Non-Span
5763,multi_train,3,Non-Span
5756,multi_train,3,Non-Span
5757,multi_train,3,Cross-Image Synthesis
5758,multi_train,3,Multi-Image Spans
5759,multi_train,3,Cross-Image Synthesis
5753,multi_train,2,Cross-Image Synthesis
5754,multi_train,2,Multi-Image Spans
6865,multi_train,2,Non-Span
6866,multi_train,2,Cross-Image Synthesis
6867,multi_train,2,Multi-Image Spans
6900,multi_train,3,Non-Span
6901,multi_train,3,Multi-Image Spans
6902,multi_train,3,Multi-Image Spans
6903,multi_train,3,Multi-Image Spans
6904,multi_train,3,Multi-Image Spans
7949,multi_train,2,Cross-Image Synthesis
7950,multi_train,2,Multi-Image Spans
7951,multi_train,2,Non-Span
7952,multi_train,2,Non-Span
7953,multi_train,2,Multi-Image Spans
7954,multi_train,2,Multi-Image Spans
7685,multi_train,2,Multi-Image Spans
7027,multi_train,3,Non-Span
7029,multi_train,3,Multi-Image Spans
7030,multi_train,3,Cross-Image Synthesis
7034,multi_train,3,Multi-Image Spans
7036,multi_train,3,Multi-Image Spans
7037,multi_train,3,Cross-Image Synthesis
5310,multi_train,4,Non-Span
4409,multi_train,2,Multi-Image Spans
4410,multi_train,2,Non-Span
4411,multi_train,2,Multi-Image Spans
9322,multi_train,3,Multi-Image Spans
9323,multi_train,3,Multi-Image Spans
9324,multi_train,3,Cross-Image Synthesis
9325,multi_train,3,Non-Span
9326,multi_train,3,Multi-Image Spans
9318,multi_train,3,Multi-Image Spans
9319,multi_train,3,Non-Span
9320,multi_train,3,Multi-Image Spans
6678,multi_train,3,Multi-Image Spans
6679,multi_train,3,Non-Span
6681,multi_train,3,Multi-Image Spans
2224,multi_train,2,Multi-Image Spans
2339,multi_train,3,Cross-Image Synthesis
2340,multi_train,3,Multi-Image Spans
2341,multi_train,3,Non-Span
2342,multi_train,3,Cross-Image Synthesis
2343,multi_train,3,Multi-Image Spans
2344,multi_train,3,Non-Span
1878,multi_train,4,Multi-Image Spans
1879,multi_train,4,Multi-Image Spans
7356,multi_train,3,Cross-Image Synthesis
7357,multi_train,3,Multi-Image Spans
269,multi_train,3,Multi-Image Spans
270,multi_train,3,Cross-Image Synthesis
271,multi_train,3,Non-Span
272,multi_train,3,Multi-Image Spans
273,multi_train,3,Cross-Image Synthesis
8803,multi_train,3,Multi-Image Spans
8806,multi_train,3,Multi-Image Spans
8807,multi_train,3,Multi-Image Spans
8810,multi_train,3,Multi-Image Spans
8812,multi_train,3,Multi-Image Spans
8813,multi_train,3,Non-Span
5165,multi_train,2,Cross-Image Synthesis
5169,multi_train,2,Multi-Image Spans
4007,multi_train,2,Cross-Image Synthesis
4010,multi_train,2,Multi-Image Spans
7328,multi_train,2,Non-Span
7329,multi_train,2,Non-Span
7330,multi_train,2,Multi-Image Spans
7331,multi_train,2,Non-Span
915,multi_train,2,Multi-Image Spans
917,multi_train,2,Cross-Image Synthesis
2374,multi_train,4,Non-Span
2375,multi_train,4,Multi-Image Spans
2376,multi_train,4,Cross-Image Synthesis
7984,multi_train,4,Cross-Image Synthesis
7985,multi_train,4,Cross-Image Synthesis
7987,multi_train,4,Multi-Image Spans
7988,multi_train,4,Multi-Image Spans
1869,multi_train,4,Multi-Image Spans
1870,multi_train,4,Non-Span
1871,multi_train,4,Non-Span
1872,multi_train,4,Multi-Image Spans
1873,multi_train,4,Multi-Image Spans
5702,multi_train,2,Cross-Image Synthesis
5703,multi_train,2,Non-Span
5704,multi_train,2,Cross-Image Synthesis
4783,multi_train,2,Multi-Image Spans
19,multi_train,4,Non-Span
20,multi_train,4,Multi-Image Spans
18,multi_train,4,Multi-Image Spans
4656,multi_train,2,Multi-Image Spans
4657,multi_train,2,Multi-Image Spans
4658,multi_train,2,Non-Span
4659,multi_train,2,Multi-Image Spans
4660,multi_train,2,Multi-Image Spans
3464,multi_train,3,Non-Span
3465,multi_train,3,Cross-Image Synthesis
3466,multi_train,3,Multi-Image Spans
7857,multi_train,3,Multi-Image Spans
4053,multi_train,2,Multi-Image Spans
3947,multi_train,4,Non-Span
3949,multi_train,4,Multi-Image Spans
1077,multi_train,4,Non-Span
1079,multi_train,4,Non-Span
1076,multi_train,4,Multi-Image Spans
5227,multi_train,2,Cross-Image Synthesis
5228,multi_train,2,Multi-Image Spans
5229,multi_train,2,Non-Span
5230,multi_train,2,Multi-Image Spans
3461,multi_train,3,Multi-Image Spans
3462,multi_train,3,Cross-Image Synthesis
3460,multi_train,3,Non-Span
8322,multi_train,3,Non-Span
8323,multi_train,3,Multi-Image Spans
8324,multi_train,3,Cross-Image Synthesis
8325,multi_train,3,Multi-Image Spans
8326,multi_train,3,Non-Span
8315,multi_train,3,Non-Span
8316,multi_train,3,Multi-Image Spans
8317,multi_train,3,Cross-Image Synthesis
8318,multi_train,3,Cross-Image Synthesis
8319,multi_train,3,Non-Span
8320,multi_train,3,Multi-Image Spans
8321,multi_train,3,Cross-Image Synthesis
7061,multi_train,3,Multi-Image Spans
7063,multi_train,3,Multi-Image Spans
7056,multi_train,3,Multi-Image Spans
7057,multi_train,3,Multi-Image Spans
7059,multi_train,3,Non-Span
7052,multi_train,3,Non-Span
7053,multi_train,3,Multi-Image Spans
7054,multi_train,3,Cross-Image Synthesis
5506,multi_train,3,Non-Span
5507,multi_train,3,Multi-Image Spans
5508,multi_train,3,Cross-Image Synthesis
5036,multi_train,3,Cross-Image Synthesis
5037,multi_train,3,Non-Span
5038,multi_train,3,Multi-Image Spans
5032,multi_train,3,Non-Span
5034,multi_train,3,Multi-Image Spans
5035,multi_train,3,Multi-Image Spans
5028,multi_train,3,Non-Span
5029,multi_train,3,Multi-Image Spans
5030,multi_train,3,Multi-Image Spans
5031,multi_train,3,Cross-Image Synthesis
2318,multi_train,4,Cross-Image Synthesis
2319,multi_train,4,Non-Span
4188,multi_train,2,Non-Span
4191,multi_train,2,Multi-Image Spans
201,multi_train,2,Multi-Image Spans
202,multi_train,2,Non-Span
2535,multi_train,3,Multi-Image Spans
2538,multi_train,3,Multi-Image Spans
2540,multi_train,3,Multi-Image Spans
2541,multi_train,3,Multi-Image Spans
8058,multi_train,2,Multi-Image Spans
8059,multi_train,2,Non-Span
6927,multi_train,2,Multi-Image Spans
6929,multi_train,2,Multi-Image Spans
6930,multi_train,2,Non-Span
1404,multi_train,4,Multi-Image Spans
1402,multi_train,4,Non-Span
1403,multi_train,4,Multi-Image Spans
7503,multi_train,2,Non-Span
7505,multi_train,2,Multi-Image Spans
7506,multi_train,2,Multi-Image Spans
4204,multi_train,3,Multi-Image Spans
4205,multi_train,3,Non-Span
8892,multi_train,3,Multi-Image Spans
8893,multi_train,3,Cross-Image Synthesis
8894,multi_train,3,Non-Span
8895,multi_train,3,Multi-Image Spans
8900,multi_train,3,Multi-Image Spans
8896,multi_train,3,Multi-Image Spans
8897,multi_train,3,Multi-Image Spans
8898,multi_train,3,Non-Span
2794,multi_train,3,Multi-Image Spans
2796,multi_train,3,Cross-Image Synthesis
1759,multi_train,2,Cross-Image Synthesis
1762,multi_train,2,Cross-Image Synthesis
1763,multi_train,2,Multi-Image Spans
1849,multi_train,2,Multi-Image Spans
1850,multi_train,2,Multi-Image Spans
5240,multi_train,3,Multi-Image Spans
5241,multi_train,3,Multi-Image Spans
5556,multi_train,2,Cross-Image Synthesis
5557,multi_train,2,Multi-Image Spans
5558,multi_train,2,Multi-Image Spans
5559,multi_train,2,Non-Span
6815,multi_train,3,Multi-Image Spans
6816,multi_train,3,Cross-Image Synthesis
1219,multi_train,2,Multi-Image Spans
1220,multi_train,2,Multi-Image Spans
1221,multi_train,2,Multi-Image Spans
1222,multi_train,2,Multi-Image Spans
445,multi_train,2,Multi-Image Spans
446,multi_train,2,Non-Span
448,multi_train,2,Multi-Image Spans
450,multi_train,2,Cross-Image Synthesis
6790,multi_train,3,Multi-Image Spans
6791,multi_train,3,Multi-Image Spans
3837,multi_train,2,Multi-Image Spans
3839,multi_train,2,Non-Span
3840,multi_train,2,Multi-Image Spans
3842,multi_train,2,Multi-Image Spans
3843,multi_train,2,Multi-Image Spans
3844,multi_train,2,Non-Span
7117,multi_train,3,Multi-Image Spans
6559,multi_train,2,Multi-Image Spans
3784,multi_train,2,Cross-Image Synthesis
3785,multi_train,2,Multi-Image Spans
1615,multi_train,2,Multi-Image Spans
1617,multi_train,2,Multi-Image Spans
6563,multi_train,2,Cross-Image Synthesis
6853,multi_train,2,Multi-Image Spans
7749,multi_train,2,Multi-Image Spans
6560,multi_train,3,Non-Span
6561,multi_train,3,Multi-Image Spans
6562,multi_train,3,Non-Span
6767,multi_train,4,Cross-Image Synthesis
5821,multi_train,3,Multi-Image Spans
5822,multi_train,3,Multi-Image Spans
5811,multi_train,3,Multi-Image Spans
5812,multi_train,3,Non-Span
5813,multi_train,3,Multi-Image Spans
5814,multi_train,3,Cross-Image Synthesis
5816,multi_train,3,Multi-Image Spans
5817,multi_train,3,Cross-Image Synthesis
5818,multi_train,3,Non-Span
4316,multi_train,2,Cross-Image Synthesis
4318,multi_train,2,Cross-Image Synthesis
4319,multi_train,2,Multi-Image Spans
4320,multi_train,2,Multi-Image Spans
1150,multi_train,2,Non-Span
1151,multi_train,2,Multi-Image Spans
1152,multi_train,2,Multi-Image Spans
1153,multi_train,2,Multi-Image Spans
5690,multi_train,2,Non-Span
5691,multi_train,2,Cross-Image Synthesis
5692,multi_train,2,Multi-Image Spans
4013,multi_train,2,Non-Span
4014,multi_train,2,Multi-Image Spans
9506,multi_train,3,Multi-Image Spans
9507,multi_train,3,Multi-Image Spans
9508,multi_train,3,Multi-Image Spans
9504,multi_train,3,Non-Span
9505,multi_train,3,Non-Span
4799,multi_train,2,Multi-Image Spans
4801,multi_train,2,Multi-Image Spans
4463,multi_train,2,Multi-Image Spans
4464,multi_train,2,Cross-Image Synthesis
4465,multi_train,2,Non-Span
5851,multi_train,3,Multi-Image Spans
233,multi_train,2,Multi-Image Spans
234,multi_train,2,Multi-Image Spans
235,multi_train,2,Non-Span
236,multi_train,2,Multi-Image Spans
8876,multi_train,3,Non-Span
8877,multi_train,3,Multi-Image Spans
8878,multi_train,3,Non-Span
8879,multi_train,3,Multi-Image Spans
8880,multi_train,3,Multi-Image Spans
8881,multi_train,3,Cross-Image Synthesis
3690,multi_train,3,Multi-Image Spans
3691,multi_train,3,Non-Span
3692,multi_train,3,Multi-Image Spans
3693,multi_train,3,Multi-Image Spans
2307,multi_train,3,Cross-Image Synthesis
2308,multi_train,3,Multi-Image Spans
2309,multi_train,3,Multi-Image Spans
2311,multi_train,3,Cross-Image Synthesis
1944,multi_train,2,Non-Span
1945,multi_train,2,Multi-Image Spans
1947,multi_train,2,Multi-Image Spans
1343,multi_train,3,Non-Span
1345,multi_train,3,Multi-Image Spans
1344,multi_train,3,Non-Span
9076,multi_train,3,Cross-Image Synthesis
9073,multi_train,3,Multi-Image Spans
9074,multi_train,3,Multi-Image Spans
9075,multi_train,3,Non-Span
9071,multi_train,3,Multi-Image Spans
9173,multi_train,3,Non-Span
9176,multi_train,3,Cross-Image Synthesis
9177,multi_train,3,Multi-Image Spans
8268,multi_train,2,Multi-Image Spans
3551,multi_train,3,Multi-Image Spans
3553,multi_train,3,Non-Span
3554,multi_train,3,Multi-Image Spans
3555,multi_train,3,Non-Span
3556,multi_train,3,Multi-Image Spans
3557,multi_train,3,Non-Span
8342,multi_train,3,Cross-Image Synthesis
8343,multi_train,3,Multi-Image Spans
8344,multi_train,3,Cross-Image Synthesis
8345,multi_train,3,Non-Span
9255,multi_train,3,Multi-Image Spans
9252,multi_train,3,Non-Span
9253,multi_train,3,Multi-Image Spans
2860,multi_train,3,Multi-Image Spans
2861,multi_train,3,Non-Span
2856,multi_train,3,Cross-Image Synthesis
2857,multi_train,3,Non-Span
2858,multi_train,3,Multi-Image Spans
7242,multi_train,3,Multi-Image Spans
7246,multi_train,3,Non-Span
7247,multi_train,3,Multi-Image Spans
7243,multi_train,3,Multi-Image Spans
7244,multi_train,3,Non-Span
1790,multi_train,2,Non-Span
1791,multi_train,2,Multi-Image Spans
7086,multi_train,3,Multi-Image Spans
7087,multi_train,3,Multi-Image Spans
7152,multi_train,3,Multi-Image Spans
7157,multi_train,3,Cross-Image Synthesis
7158,multi_train,3,Multi-Image Spans
7161,multi_train,3,Multi-Image Spans
7164,multi_train,3,Multi-Image Spans
1,multi_train,3,Multi-Image Spans
2,multi_train,3,Non-Span
3,multi_train,3,Multi-Image Spans
4,multi_train,3,Cross-Image Synthesis
7908,multi_train,2,Multi-Image Spans
7910,multi_train,2,Multi-Image Spans
460,multi_train,2,Multi-Image Spans
5138,multi_train,3,Cross-Image Synthesis
5139,multi_train,3,Non-Span
5140,multi_train,3,Multi-Image Spans
5141,multi_train,3,Multi-Image Spans
5134,multi_train,3,Multi-Image Spans
5135,multi_train,3,Multi-Image Spans
5136,multi_train,3,Non-Span
4032,multi_train,2,Non-Span
7638,multi_train,2,Multi-Image Spans
8078,multi_train,2,Non-Span
8079,multi_train,2,Multi-Image Spans
8080,multi_train,2,Multi-Image Spans
4651,multi_train,2,Multi-Image Spans
4652,multi_train,2,Non-Span
4653,multi_train,2,Non-Span
4654,multi_train,2,Non-Span
4655,multi_train,2,Multi-Image Spans
1279,multi_train,2,Multi-Image Spans
1282,multi_train,2,Multi-Image Spans
7474,multi_train,2,Multi-Image Spans
7475,multi_train,2,Cross-Image Synthesis
7476,multi_train,2,Multi-Image Spans
2602,multi_train,3,Multi-Image Spans
2605,multi_train,3,Non-Span
2608,multi_train,3,Cross-Image Synthesis
2610,multi_train,3,Multi-Image Spans
2611,multi_train,3,Cross-Image Synthesis
1552,multi_train,2,Multi-Image Spans
1034,multi_train,2,Multi-Image Spans
1035,multi_train,2,Multi-Image Spans
1036,multi_train,2,Non-Span
1037,multi_train,2,Multi-Image Spans
6780,multi_train,4,Multi-Image Spans
6782,multi_train,4,Cross-Image Synthesis
5604,multi_train,3,Cross-Image Synthesis
5606,multi_train,3,Cross-Image Synthesis
5722,multi_train,2,Cross-Image Synthesis
5723,multi_train,2,Cross-Image Synthesis
5725,multi_train,2,Multi-Image Spans
5726,multi_train,2,Multi-Image Spans
3767,multi_train,4,Multi-Image Spans
3768,multi_train,4,Multi-Image Spans
3769,multi_train,4,Non-Span
5397,multi_train,3,Multi-Image Spans
5398,multi_train,3,Cross-Image Synthesis
5399,multi_train,3,Non-Span
5400,multi_train,3,Multi-Image Spans
5175,multi_train,4,Non-Span
5176,multi_train,4,Multi-Image Spans
5177,multi_train,4,Cross-Image Synthesis
5178,multi_train,4,Non-Span
5179,multi_train,4,Multi-Image Spans
5180,multi_train,4,Multi-Image Spans
5709,multi_train,2,Cross-Image Synthesis
5710,multi_train,2,Non-Span
5711,multi_train,2,Cross-Image Synthesis
5712,multi_train,2,Multi-Image Spans
6094,multi_train,2,Multi-Image Spans
6095,multi_train,2,Non-Span
6096,multi_train,2,Multi-Image Spans
5830,multi_train,3,Cross-Image Synthesis
5826,multi_train,3,Non-Span
5832,multi_train,3,Multi-Image Spans
5677,multi_train,2,Cross-Image Synthesis
5678,multi_train,2,Cross-Image Synthesis
5679,multi_train,2,Multi-Image Spans
5680,multi_train,2,Non-Span
5681,multi_train,2,Cross-Image Synthesis
5393,multi_train,2,Non-Span
8608,multi_train,3,Multi-Image Spans
8609,multi_train,3,Multi-Image Spans
8610,multi_train,3,Non-Span
8611,multi_train,3,Multi-Image Spans
8613,multi_train,3,Non-Span
8734,multi_train,3,Cross-Image Synthesis
8735,multi_train,3,Multi-Image Spans
8737,multi_train,3,Cross-Image Synthesis
8730,multi_train,3,Multi-Image Spans
8731,multi_train,3,Multi-Image Spans
8732,multi_train,3,Non-Span
8733,multi_train,3,Cross-Image Synthesis
9375,multi_train,3,Cross-Image Synthesis
9376,multi_train,3,Non-Span
9379,multi_train,3,Multi-Image Spans
9380,multi_train,3,Cross-Image Synthesis
9381,multi_train,3,Cross-Image Synthesis
9382,multi_train,3,Cross-Image Synthesis
9383,multi_train,3,Non-Span
9384,multi_train,3,Multi-Image Spans
1979,multi_train,2,Multi-Image Spans
1980,multi_train,2,Cross-Image Synthesis
1981,multi_train,2,Non-Span
1982,multi_train,2,Multi-Image Spans
1983,multi_train,2,Multi-Image Spans
1984,multi_train,2,Multi-Image Spans
8658,multi_train,3,Cross-Image Synthesis
8660,multi_train,3,Multi-Image Spans
8661,multi_train,3,Multi-Image Spans
8662,multi_train,3,Non-Span
8663,multi_train,3,Non-Span
3405,multi_train,3,Multi-Image Spans
3406,multi_train,3,Non-Span
3407,multi_train,3,Cross-Image Synthesis
3408,multi_train,3,Non-Span
3409,multi_train,3,Cross-Image Synthesis
3410,multi_train,3,Multi-Image Spans
3411,multi_train,3,Non-Span
3412,multi_train,3,Non-Span
9524,multi_train,3,Non-Span
9525,multi_train,3,Multi-Image Spans
9526,multi_train,3,Cross-Image Synthesis
5503,multi_train,2,Multi-Image Spans
5504,multi_train,2,Non-Span
7414,multi_train,3,Multi-Image Spans
1733,multi_train,2,Multi-Image Spans
1734,multi_train,2,Multi-Image Spans
1735,multi_train,2,Non-Span
1736,multi_train,2,Cross-Image Synthesis
6797,multi_train,2,Multi-Image Spans
6798,multi_train,2,Non-Span
4788,multi_train,2,Non-Span
4789,multi_train,2,Multi-Image Spans
4790,multi_train,2,Cross-Image Synthesis
4791,multi_train,2,Cross-Image Synthesis
468,multi_train,2,Multi-Image Spans
4756,multi_train,2,Cross-Image Synthesis
4757,multi_train,2,Multi-Image Spans
4758,multi_train,2,Non-Span
8743,multi_train,3,Cross-Image Synthesis
8745,multi_train,3,Multi-Image Spans
8746,multi_train,3,Multi-Image Spans
8747,multi_train,3,Multi-Image Spans
8748,multi_train,3,Multi-Image Spans
8749,multi_train,3,Multi-Image Spans
8750,multi_train,3,Cross-Image Synthesis
8752,multi_train,3,Cross-Image Synthesis
8753,multi_train,3,Non-Span
8754,multi_train,3,Cross-Image Synthesis
8755,multi_train,3,Multi-Image Spans
42,multi_train,4,Multi-Image Spans
43,multi_train,4,Multi-Image Spans
44,multi_train,4,Non-Span
7479,multi_train,4,Cross-Image Synthesis
7480,multi_train,4,Multi-Image Spans
7481,multi_train,4,Multi-Image Spans
7483,multi_train,4,Non-Span
173,multi_train,2,Multi-Image Spans
174,multi_train,2,Multi-Image Spans
175,multi_train,2,Multi-Image Spans
176,multi_train,2,Non-Span
7989,multi_train,2,Multi-Image Spans
7990,multi_train,2,Cross-Image Synthesis
7992,multi_train,2,Multi-Image Spans
6403,multi_train,2,Multi-Image Spans
5462,multi_train,3,Multi-Image Spans
7865,multi_train,3,Non-Span
7866,multi_train,3,Multi-Image Spans
9258,multi_train,3,Multi-Image Spans
5401,multi_train,3,Multi-Image Spans
5403,multi_train,3,Multi-Image Spans
2737,multi_train,3,Multi-Image Spans
2739,multi_train,3,Cross-Image Synthesis
2039,multi_train,2,Multi-Image Spans
2040,multi_train,2,Cross-Image Synthesis
2041,multi_train,2,Non-Span
7465,multi_train,3,Multi-Image Spans
7466,multi_train,3,Multi-Image Spans
7467,multi_train,3,Multi-Image Spans
7469,multi_train,3,Multi-Image Spans
7470,multi_train,3,Non-Span
5573,multi_train,3,Non-Span
5574,multi_train,3,Cross-Image Synthesis
5575,multi_train,3,Multi-Image Spans
5576,multi_train,3,Multi-Image Spans
5578,multi_train,3,Multi-Image Spans
8646,multi_train,3,Cross-Image Synthesis
8647,multi_train,3,Multi-Image Spans
8648,multi_train,3,Non-Span
8649,multi_train,3,Multi-Image Spans
8640,multi_train,3,Non-Span
8641,multi_train,3,Multi-Image Spans
8642,multi_train,3,Non-Span
8643,multi_train,3,Cross-Image Synthesis
8645,multi_train,3,Non-Span
8650,multi_train,3,Multi-Image Spans
8651,multi_train,3,Multi-Image Spans
8652,multi_train,3,Multi-Image Spans
8653,multi_train,3,Non-Span
4518,multi_train,4,Cross-Image Synthesis
4519,multi_train,4,Non-Span
4520,multi_train,4,Multi-Image Spans
2599,multi_train,3,Non-Span
2600,multi_train,3,Multi-Image Spans
2601,multi_train,3,Cross-Image Synthesis
2598,multi_train,3,Cross-Image Synthesis
2591,multi_train,3,Non-Span
2592,multi_train,3,Multi-Image Spans
2593,multi_train,3,Cross-Image Synthesis
2594,multi_train,3,Non-Span
5339,multi_train,4,Multi-Image Spans
1007,multi_train,2,Multi-Image Spans
1008,multi_train,2,Multi-Image Spans
5750,multi_train,3,Multi-Image Spans
5751,multi_train,3,Non-Span
5752,multi_train,3,Multi-Image Spans
6178,multi_train,2,Multi-Image Spans
6179,multi_train,2,Non-Span
6180,multi_train,2,Non-Span
6181,multi_train,2,Multi-Image Spans
1973,multi_train,2,Cross-Image Synthesis
1974,multi_train,2,Multi-Image Spans
3142,multi_train,3,Cross-Image Synthesis
3143,multi_train,3,Multi-Image Spans
7436,multi_train,2,Multi-Image Spans
7437,multi_train,2,Non-Span
7439,multi_train,2,Multi-Image Spans
7440,multi_train,2,Cross-Image Synthesis
331,multi_train,2,Multi-Image Spans
333,multi_train,2,Multi-Image Spans
334,multi_train,2,Multi-Image Spans
4453,multi_train,2,Cross-Image Synthesis
1894,multi_train,3,Non-Span
1895,multi_train,3,Non-Span
1896,multi_train,3,Non-Span
1897,multi_train,3,Multi-Image Spans
1898,multi_train,3,Cross-Image Synthesis
7956,multi_train,2,Multi-Image Spans
7957,multi_train,2,Non-Span
7958,multi_train,2,Non-Span
7959,multi_train,2,Non-Span
7960,multi_train,2,Multi-Image Spans
841,multi_train,2,Non-Span
842,multi_train,2,Multi-Image Spans
843,multi_train,2,Multi-Image Spans
8214,multi_train,3,Non-Span
8215,multi_train,3,Multi-Image Spans
8216,multi_train,3,Cross-Image Synthesis
7507,multi_train,2,Multi-Image Spans
7508,multi_train,2,Non-Span
7509,multi_train,2,Non-Span
7510,multi_train,2,Multi-Image Spans
216,multi_train,4,Multi-Image Spans
217,multi_train,4,Non-Span
218,multi_train,4,Multi-Image Spans
220,multi_train,4,Multi-Image Spans
219,multi_train,4,Non-Span
1862,multi_train,3,Non-Span
1863,multi_train,3,Cross-Image Synthesis
8280,multi_train,2,Non-Span
8281,multi_train,2,Non-Span
8282,multi_train,2,Multi-Image Spans
8283,multi_train,2,Cross-Image Synthesis
1529,multi_train,4,Multi-Image Spans
5119,multi_train,3,Multi-Image Spans
5120,multi_train,3,Non-Span
5122,multi_train,3,Cross-Image Synthesis
5123,multi_train,3,Non-Span
5129,multi_train,3,Non-Span
5132,multi_train,3,Multi-Image Spans
5133,multi_train,3,Multi-Image Spans
5124,multi_train,3,Non-Span
5125,multi_train,3,Multi-Image Spans
5127,multi_train,3,Multi-Image Spans
5128,multi_train,3,Multi-Image Spans
1207,multi_train,2,Non-Span
1208,multi_train,2,Multi-Image Spans
1209,multi_train,2,Multi-Image Spans
1210,multi_train,2,Multi-Image Spans
7390,multi_train,3,Non-Span
7391,multi_train,3,Multi-Image Spans
3110,multi_train,3,Non-Span
3111,multi_train,3,Cross-Image Synthesis
3112,multi_train,3,Multi-Image Spans
943,multi_train,2,Non-Span
942,multi_train,2,Multi-Image Spans
4850,multi_train,3,Non-Span
4851,multi_train,3,Multi-Image Spans
4852,multi_train,3,Multi-Image Spans
4592,multi_train,3,Multi-Image Spans
7370,multi_train,3,Multi-Image Spans
7371,multi_train,3,Non-Span
7372,multi_train,3,Non-Span
129,multi_train,2,Multi-Image Spans
1637,multi_train,2,Multi-Image Spans
1638,multi_train,2,Multi-Image Spans
1639,multi_train,2,Multi-Image Spans
1641,multi_train,2,Non-Span
2954,multi_train,3,Non-Span
2956,multi_train,3,Multi-Image Spans
2957,multi_train,3,Multi-Image Spans
2958,multi_train,3,Multi-Image Spans
2963,multi_train,3,Non-Span
2964,multi_train,3,Multi-Image Spans
2965,multi_train,3,Multi-Image Spans
2959,multi_train,3,Cross-Image Synthesis
8871,multi_train,3,Multi-Image Spans
8872,multi_train,3,Multi-Image Spans
8873,multi_train,3,Non-Span
8874,multi_train,3,Multi-Image Spans
8875,multi_train,3,Multi-Image Spans
9059,multi_train,3,Non-Span
9060,multi_train,3,Non-Span
9061,multi_train,3,Multi-Image Spans
9057,multi_train,3,Non-Span
9058,multi_train,3,Cross-Image Synthesis
9066,multi_train,3,Multi-Image Spans
9067,multi_train,3,Cross-Image Synthesis
9068,multi_train,3,Non-Span
9062,multi_train,3,Non-Span
9063,multi_train,3,Cross-Image Synthesis
9064,multi_train,3,Multi-Image Spans
9065,multi_train,3,Multi-Image Spans
9212,multi_train,3,Non-Span
9214,multi_train,3,Multi-Image Spans
9215,multi_train,3,Cross-Image Synthesis
9209,multi_train,3,Multi-Image Spans
9210,multi_train,3,Multi-Image Spans
9202,multi_train,3,Multi-Image Spans
9204,multi_train,3,Multi-Image Spans
9205,multi_train,3,Multi-Image Spans
4400,multi_train,3,Multi-Image Spans
4401,multi_train,3,Non-Span
4402,multi_train,3,Cross-Image Synthesis
4403,multi_train,3,Non-Span
4404,multi_train,3,Multi-Image Spans
4742,multi_train,2,Non-Span
4743,multi_train,2,Cross-Image Synthesis
4744,multi_train,2,Cross-Image Synthesis
4745,multi_train,2,Multi-Image Spans
4746,multi_train,2,Multi-Image Spans
7231,multi_train,2,Multi-Image Spans
7226,multi_train,2,Multi-Image Spans
7229,multi_train,2,Multi-Image Spans
7236,multi_train,2,Multi-Image Spans
7237,multi_train,2,Multi-Image Spans
7238,multi_train,2,Multi-Image Spans
7239,multi_train,2,Non-Span
7240,multi_train,2,Multi-Image Spans
6606,multi_train,3,Multi-Image Spans
592,multi_train,3,Multi-Image Spans
593,multi_train,3,Non-Span
595,multi_train,2,Multi-Image Spans
596,multi_train,2,Multi-Image Spans
597,multi_train,2,Non-Span
602,multi_train,2,Non-Span
598,multi_train,2,Multi-Image Spans
7993,multi_train,4,Multi-Image Spans
7994,multi_train,4,Multi-Image Spans
7996,multi_train,4,Multi-Image Spans
387,multi_train,2,Non-Span
388,multi_train,2,Multi-Image Spans
389,multi_train,2,Multi-Image Spans
3259,multi_train,3,Cross-Image Synthesis
3260,multi_train,3,Non-Span
3261,multi_train,3,Multi-Image Spans
3262,multi_train,3,Non-Span
3263,multi_train,3,Multi-Image Spans
3265,multi_train,3,Non-Span
3266,multi_train,2,Multi-Image Spans
3267,multi_train,2,Multi-Image Spans
3268,multi_train,2,Non-Span
451,multi_train,3,Non-Span
452,multi_train,3,Multi-Image Spans
453,multi_train,3,Non-Span
454,multi_train,3,Cross-Image Synthesis
455,multi_train,3,Non-Span
5454,multi_train,2,Multi-Image Spans
5455,multi_train,2,Multi-Image Spans
5456,multi_train,2,Cross-Image Synthesis
5457,multi_train,2,Non-Span
5458,multi_train,2,Multi-Image Spans
3951,multi_train,2,Non-Span
7891,multi_train,2,Cross-Image Synthesis
5648,multi_train,2,Multi-Image Spans
2000,multi_train,4,Non-Span
2001,multi_train,4,Multi-Image Spans
2002,multi_train,4,Non-Span
1954,multi_train,2,Cross-Image Synthesis
1955,multi_train,2,Non-Span
1956,multi_train,2,Multi-Image Spans
8018,multi_train,2,Multi-Image Spans
8019,multi_train,2,Non-Span
8021,multi_train,2,Multi-Image Spans
4166,multi_train,2,Multi-Image Spans
4167,multi_train,2,Non-Span
4168,multi_train,2,Multi-Image Spans
4169,multi_train,2,Multi-Image Spans
2214,multi_train,3,Multi-Image Spans
2215,multi_train,3,Non-Span
2216,multi_train,3,Multi-Image Spans
2217,multi_train,3,Multi-Image Spans
4527,multi_train,2,Cross-Image Synthesis
4528,multi_train,2,Non-Span
4529,multi_train,2,Multi-Image Spans
4530,multi_train,2,Cross-Image Synthesis
4551,multi_train,2,Multi-Image Spans
4553,multi_train,2,Cross-Image Synthesis
1890,multi_train,3,Non-Span
1892,multi_train,3,Cross-Image Synthesis
1893,multi_train,3,Multi-Image Spans
1593,multi_train,2,Non-Span
1594,multi_train,2,Multi-Image Spans
1595,multi_train,2,Non-Span
7640,multi_train,2,Multi-Image Spans
7641,multi_train,2,Cross-Image Synthesis
7812,multi_train,3,Multi-Image Spans
7813,multi_train,3,Non-Span
7815,multi_train,3,Multi-Image Spans
324,multi_train,3,Cross-Image Synthesis
325,multi_train,3,Multi-Image Spans
326,multi_train,3,Non-Span
1462,multi_train,2,Multi-Image Spans
1464,multi_train,2,Multi-Image Spans
1985,multi_train,3,Non-Span
1986,multi_train,3,Multi-Image Spans
1987,multi_train,3,Multi-Image Spans
1029,multi_train,4,Multi-Image Spans
1026,multi_train,4,Non-Span
1027,multi_train,4,Multi-Image Spans
2487,multi_train,3,Multi-Image Spans
2488,multi_train,3,Non-Span
2489,multi_train,3,Multi-Image Spans
7974,multi_train,2,Multi-Image Spans
6544,multi_train,4,Multi-Image Spans
6545,multi_train,4,Multi-Image Spans
6546,multi_train,4,Multi-Image Spans
4485,multi_train,2,Multi-Image Spans
4486,multi_train,2,Multi-Image Spans
1287,multi_train,2,Multi-Image Spans
1288,multi_train,2,Multi-Image Spans
1290,multi_train,2,Multi-Image Spans
1291,multi_train,2,Multi-Image Spans
1289,multi_train,2,Non-Span
434,multi_train,2,Multi-Image Spans
3744,multi_train,2,Multi-Image Spans
3746,multi_train,2,Non-Span
9020,multi_train,3,Multi-Image Spans
9022,multi_train,3,Multi-Image Spans
9023,multi_train,3,Multi-Image Spans
1094,multi_train,2,Cross-Image Synthesis
1096,multi_train,2,Non-Span
1097,multi_train,2,Multi-Image Spans
1095,multi_train,2,Multi-Image Spans
5387,multi_train,2,Multi-Image Spans
4070,multi_train,2,Non-Span
4121,multi_train,2,Multi-Image Spans
4122,multi_train,2,Non-Span
4123,multi_train,2,Multi-Image Spans
4124,multi_train,2,Multi-Image Spans
2102,multi_train,3,Multi-Image Spans
2103,multi_train,3,Multi-Image Spans
6718,multi_train,2,Multi-Image Spans
8512,multi_train,3,Non-Span
8513,multi_train,3,Cross-Image Synthesis
8514,multi_train,3,Multi-Image Spans
8511,multi_train,3,Cross-Image Synthesis
8508,multi_train,3,Cross-Image Synthesis
8509,multi_train,3,Non-Span
8510,multi_train,3,Multi-Image Spans
7522,multi_train,2,Non-Span
7523,multi_train,2,Cross-Image Synthesis
4597,multi_train,2,Non-Span
4598,multi_train,2,Multi-Image Spans
4599,multi_train,2,Multi-Image Spans
8069,multi_train,2,Multi-Image Spans
8070,multi_train,2,Non-Span
8072,multi_train,2,Multi-Image Spans
8073,multi_train,2,Multi-Image Spans
6712,multi_train,3,Multi-Image Spans
6713,multi_train,3,Cross-Image Synthesis
6715,multi_train,3,Cross-Image Synthesis
6716,multi_train,3,Multi-Image Spans
7552,multi_train,3,Cross-Image Synthesis
362,multi_train,2,Multi-Image Spans
361,multi_train,2,Multi-Image Spans
363,multi_train,2,Non-Span
8016,multi_train,2,Multi-Image Spans
8017,multi_train,2,Cross-Image Synthesis
5472,multi_train,2,Cross-Image Synthesis
5473,multi_train,2,Non-Span
5474,multi_train,2,Multi-Image Spans
6499,multi_train,4,Multi-Image Spans
7399,multi_train,4,Multi-Image Spans
7400,multi_train,4,Multi-Image Spans
7401,multi_train,4,Cross-Image Synthesis
6769,multi_train,2,Multi-Image Spans
6770,multi_train,2,Non-Span
8831,multi_train,3,Multi-Image Spans
8832,multi_train,3,Multi-Image Spans
8833,multi_train,3,Non-Span
8834,multi_train,3,Cross-Image Synthesis
8836,multi_train,3,Multi-Image Spans
8837,multi_train,3,Cross-Image Synthesis
8838,multi_train,3,Multi-Image Spans
7654,multi_train,3,Multi-Image Spans
7655,multi_train,3,Multi-Image Spans
7656,multi_train,3,Cross-Image Synthesis
7657,multi_train,3,Non-Span
7658,multi_train,3,Multi-Image Spans
6252,multi_train,4,Multi-Image Spans
6253,multi_train,4,Non-Span
6254,multi_train,4,Non-Span
6255,multi_train,4,Cross-Image Synthesis
1929,multi_train,2,Multi-Image Spans
1930,multi_train,2,Cross-Image Synthesis
1931,multi_train,2,Non-Span
295,multi_train,3,Multi-Image Spans
297,multi_train,3,Non-Span
299,multi_train,3,Multi-Image Spans
6985,multi_train,2,Non-Span
6986,multi_train,2,Multi-Image Spans
945,multi_train,2,Non-Span
946,multi_train,2,Multi-Image Spans
947,multi_train,2,Multi-Image Spans
990,multi_train,2,Cross-Image Synthesis
992,multi_train,2,Multi-Image Spans
993,multi_train,2,Multi-Image Spans
994,multi_train,2,Non-Span
995,multi_train,2,Multi-Image Spans
5186,multi_train,2,Non-Span
5187,multi_train,2,Non-Span
5188,multi_train,2,Cross-Image Synthesis
5189,multi_train,2,Multi-Image Spans
6205,multi_train,2,Multi-Image Spans
1334,multi_train,2,Multi-Image Spans
1335,multi_train,2,Multi-Image Spans
1336,multi_train,2,Multi-Image Spans
1337,multi_train,2,Multi-Image Spans
8405,multi_train,3,Multi-Image Spans
8406,multi_train,3,Cross-Image Synthesis
8407,multi_train,3,Multi-Image Spans
8408,multi_train,3,Multi-Image Spans
8410,multi_train,3,Cross-Image Synthesis
8414,multi_train,3,Multi-Image Spans
8415,multi_train,3,Non-Span
8416,multi_train,3,Cross-Image Synthesis
8417,multi_train,3,Multi-Image Spans
8411,multi_train,3,Multi-Image Spans
8412,multi_train,3,Non-Span
2135,multi_train,2,Multi-Image Spans
2138,multi_train,2,Multi-Image Spans
2139,multi_train,2,Multi-Image Spans
1899,multi_train,2,Multi-Image Spans
6802,multi_train,2,Non-Span
1546,multi_train,2,Non-Span
1548,multi_train,2,Multi-Image Spans
170,multi_train,2,Non-Span
171,multi_train,2,Multi-Image Spans
5298,multi_train,3,Multi-Image Spans
5299,multi_train,3,Cross-Image Synthesis
5300,multi_train,3,Multi-Image Spans
5302,multi_train,3,Multi-Image Spans
123,multi_train,2,Non-Span
5442,multi_train,2,Non-Span
5443,multi_train,2,Cross-Image Synthesis
5444,multi_train,2,Multi-Image Spans
1575,multi_train,3,Multi-Image Spans
1576,multi_train,3,Multi-Image Spans
1578,multi_train,3,Non-Span
1579,multi_train,3,Multi-Image Spans
1574,multi_train,3,Non-Span
922,multi_train,2,Cross-Image Synthesis
2185,multi_train,3,Cross-Image Synthesis
8960,multi_train,3,Non-Span
8961,multi_train,3,Multi-Image Spans
8962,multi_train,3,Multi-Image Spans
8963,multi_train,3,Multi-Image Spans
8965,multi_train,3,Multi-Image Spans
8967,multi_train,3,Non-Span
397,multi_train,2,Multi-Image Spans
398,multi_train,2,Multi-Image Spans
399,multi_train,2,Multi-Image Spans
400,multi_train,2,Multi-Image Spans
2148,multi_train,2,Multi-Image Spans
2149,multi_train,2,Non-Span
355,multi_train,2,Non-Span
356,multi_train,2,Multi-Image Spans
357,multi_train,2,Multi-Image Spans
358,multi_train,2,Non-Span
359,multi_train,2,Multi-Image Spans
360,multi_train,2,Multi-Image Spans
6924,multi_train,2,Non-Span
6925,multi_train,2,Multi-Image Spans
6926,multi_train,2,Non-Span
5769,multi_train,3,Multi-Image Spans
5771,multi_train,3,Cross-Image Synthesis
5772,multi_train,3,Non-Span
5773,multi_train,3,Cross-Image Synthesis
5775,multi_train,3,Cross-Image Synthesis
1274,multi_train,4,Non-Span
1276,multi_train,4,Non-Span
1277,multi_train,4,Multi-Image Spans
1278,multi_train,4,Cross-Image Synthesis
5541,multi_train,2,Cross-Image Synthesis
31,multi_train,4,Multi-Image Spans
29,multi_train,4,Non-Span
27,multi_train,4,Multi-Image Spans
28,multi_train,4,Non-Span
30,multi_train,4,Multi-Image Spans
2813,multi_train,3,Cross-Image Synthesis
2814,multi_train,3,Multi-Image Spans
2816,multi_train,3,Non-Span
5372,multi_train,3,Multi-Image Spans
5374,multi_train,3,Multi-Image Spans
1650,multi_train,2,Multi-Image Spans
7976,multi_train,2,Non-Span
7977,multi_train,2,Non-Span
7979,multi_train,2,Multi-Image Spans
7980,multi_train,2,Cross-Image Synthesis
6322,multi_train,3,Cross-Image Synthesis
6323,multi_train,3,Multi-Image Spans
1694,multi_train,3,Multi-Image Spans
1695,multi_train,3,Multi-Image Spans
1696,multi_train,3,Non-Span
1697,multi_train,3,Multi-Image Spans
4151,multi_train,3,Cross-Image Synthesis
4153,multi_train,3,Multi-Image Spans
6367,multi_train,2,Multi-Image Spans
1738,multi_train,2,Multi-Image Spans
1739,multi_train,2,Multi-Image Spans
1740,multi_train,2,Multi-Image Spans
7741,multi_train,2,Non-Span
7742,multi_train,2,Multi-Image Spans
7743,multi_train,2,Cross-Image Synthesis
7744,multi_train,2,Cross-Image Synthesis
4640,multi_train,2,Multi-Image Spans
4641,multi_train,2,Multi-Image Spans
4642,multi_train,2,Multi-Image Spans
5418,multi_train,2,Multi-Image Spans
5420,multi_train,2,Multi-Image Spans
6156,multi_train,4,Non-Span
6157,multi_train,4,Cross-Image Synthesis
6159,multi_train,4,Multi-Image Spans
2030,multi_train,3,Cross-Image Synthesis
2031,multi_train,3,Multi-Image Spans
811,multi_train,3,Multi-Image Spans
812,multi_train,3,Multi-Image Spans
813,multi_train,3,Cross-Image Synthesis
810,multi_train,3,Non-Span
800,multi_train,3,Cross-Image Synthesis
801,multi_train,3,Multi-Image Spans
802,multi_train,3,Non-Span
803,multi_train,3,Cross-Image Synthesis
804,multi_train,3,Non-Span
805,multi_train,3,Non-Span
806,multi_train,3,Multi-Image Spans
807,multi_train,3,Cross-Image Synthesis
808,multi_train,3,Multi-Image Spans
617,multi_train,3,Cross-Image Synthesis
618,multi_train,3,Non-Span
619,multi_train,3,Non-Span
620,multi_train,3,Multi-Image Spans
621,multi_train,3,Multi-Image Spans
614,multi_train,3,Multi-Image Spans
615,multi_train,3,Multi-Image Spans
616,multi_train,3,Cross-Image Synthesis
623,multi_train,3,Multi-Image Spans
624,multi_train,3,Cross-Image Synthesis
6551,multi_train,2,Multi-Image Spans
6553,multi_train,2,Multi-Image Spans
6555,multi_train,2,Cross-Image Synthesis
8426,multi_train,3,Non-Span
8427,multi_train,3,Cross-Image Synthesis
8428,multi_train,3,Multi-Image Spans
3168,multi_train,3,Multi-Image Spans
3169,multi_train,3,Non-Span
2170,multi_train,2,Multi-Image Spans
4759,multi_train,2,Multi-Image Spans
4760,multi_train,2,Non-Span
1709,multi_train,2,Cross-Image Synthesis
1710,multi_train,2,Multi-Image Spans
6981,multi_train,2,Non-Span
6982,multi_train,2,Multi-Image Spans
6984,multi_train,2,Multi-Image Spans
6495,multi_train,2,Non-Span
6496,multi_train,2,Multi-Image Spans
3941,multi_train,2,Multi-Image Spans
3942,multi_train,2,Cross-Image Synthesis
3943,multi_train,2,Non-Span
4585,multi_train,2,Multi-Image Spans
4587,multi_train,2,Multi-Image Spans
4588,multi_train,2,Multi-Image Spans
4579,multi_train,2,Multi-Image Spans
4580,multi_train,2,Multi-Image Spans
7146,multi_train,3,Multi-Image Spans
7147,multi_train,3,Multi-Image Spans
7148,multi_train,3,Multi-Image Spans
7149,multi_train,3,Non-Span
7142,multi_train,3,Cross-Image Synthesis
7144,multi_train,3,Non-Span
7138,multi_train,3,Cross-Image Synthesis
7139,multi_train,3,Multi-Image Spans
7141,multi_train,3,Non-Span
1925,multi_train,2,Multi-Image Spans
1926,multi_train,2,Non-Span
1927,multi_train,2,Multi-Image Spans
1928,multi_train,2,Multi-Image Spans
5003,multi_train,2,Multi-Image Spans
5005,multi_train,2,Multi-Image Spans
5006,multi_train,2,Multi-Image Spans
5007,multi_train,3,Cross-Image Synthesis
5008,multi_train,3,Non-Span
5009,multi_train,3,Multi-Image Spans
5010,multi_train,3,Non-Span
5011,multi_train,3,Multi-Image Spans
6503,multi_train,2,Multi-Image Spans
6504,multi_train,2,Multi-Image Spans
6505,multi_train,2,Multi-Image Spans
107,multi_train,2,Multi-Image Spans
108,multi_train,2,Multi-Image Spans
109,multi_train,2,Non-Span
110,multi_train,2,Cross-Image Synthesis
2035,multi_train,3,Cross-Image Synthesis
9106,multi_train,3,Multi-Image Spans
9107,multi_train,3,Multi-Image Spans
9114,multi_train,3,Cross-Image Synthesis
9117,multi_train,3,Non-Span
9118,multi_train,3,Multi-Image Spans
9115,multi_train,3,Non-Span
9116,multi_train,3,Non-Span
9110,multi_train,3,Cross-Image Synthesis
9111,multi_train,3,Non-Span
9112,multi_train,3,Cross-Image Synthesis
3603,multi_train,3,Multi-Image Spans
3604,multi_train,3,Multi-Image Spans
3605,multi_train,3,Multi-Image Spans
3606,multi_train,3,Multi-Image Spans
3607,multi_train,3,Non-Span
3598,multi_train,3,Multi-Image Spans
3599,multi_train,3,Non-Span
3600,multi_train,3,Multi-Image Spans
3601,multi_train,3,Cross-Image Synthesis
3602,multi_train,3,Non-Span
3608,multi_train,3,Non-Span
3609,multi_train,3,Multi-Image Spans
3610,multi_train,3,Non-Span
3611,multi_train,3,Multi-Image Spans
6151,multi_train,4,Multi-Image Spans
1296,multi_train,2,Non-Span
1297,multi_train,2,Multi-Image Spans
1298,multi_train,2,Multi-Image Spans
1299,multi_train,2,Multi-Image Spans
1300,multi_train,2,Non-Span
7787,multi_train,2,Multi-Image Spans
7788,multi_train,2,Multi-Image Spans
1667,multi_train,4,Multi-Image Spans
1668,multi_train,4,Multi-Image Spans
1670,multi_train,4,Multi-Image Spans
6739,multi_train,2,Multi-Image Spans
6740,multi_train,2,Cross-Image Synthesis
6741,multi_train,2,Non-Span
1908,multi_train,2,Multi-Image Spans
1909,multi_train,2,Non-Span
1910,multi_train,2,Multi-Image Spans
1911,multi_train,2,Non-Span
6142,multi_train,2,Non-Span
3716,multi_train,3,Multi-Image Spans
3717,multi_train,3,Multi-Image Spans
7562,multi_train,4,Non-Span
7563,multi_train,4,Multi-Image Spans
7564,multi_train,4,Cross-Image Synthesis
7565,multi_train,4,Multi-Image Spans
7566,multi_train,4,Multi-Image Spans
7567,multi_train,4,Multi-Image Spans
1768,multi_train,2,Multi-Image Spans
1769,multi_train,2,Non-Span
4785,multi_train,2,Multi-Image Spans
4786,multi_train,2,Non-Span
4787,multi_train,2,Cross-Image Synthesis
6236,multi_train,2,Multi-Image Spans
9539,multi_train,3,Cross-Image Synthesis
9540,multi_train,3,Cross-Image Synthesis
9541,multi_train,3,Non-Span
9531,multi_train,3,Non-Span
9532,multi_train,3,Non-Span
9534,multi_train,3,Cross-Image Synthesis
9530,multi_train,3,Multi-Image Spans
9533,multi_train,3,Non-Span
5510,multi_train,2,Multi-Image Spans
3156,multi_train,2,Multi-Image Spans
3157,multi_train,2,Non-Span
3154,multi_train,2,Multi-Image Spans
3159,multi_train,2,Multi-Image Spans
3161,multi_train,2,Non-Span
4091,multi_train,2,Multi-Image Spans
4092,multi_train,2,Multi-Image Spans
4093,multi_train,2,Multi-Image Spans
6905,multi_train,3,Non-Span
6640,multi_train,4,Cross-Image Synthesis
6642,multi_train,4,Multi-Image Spans
4414,multi_train,4,Multi-Image Spans
4417,multi_train,4,Non-Span
6137,multi_train,4,Multi-Image Spans
6138,multi_train,4,Multi-Image Spans
6140,multi_train,4,Multi-Image Spans
2500,multi_train,3,Non-Span
2501,multi_train,3,Multi-Image Spans
2508,multi_train,3,Multi-Image Spans
2502,multi_train,3,Non-Span
2503,multi_train,3,Multi-Image Spans
2504,multi_train,3,Cross-Image Synthesis
2505,multi_train,3,Multi-Image Spans
6684,multi_train,3,Multi-Image Spans
6686,multi_train,3,Multi-Image Spans
2046,multi_train,2,Non-Span
2047,multi_train,2,Cross-Image Synthesis
8756,multi_train,3,Multi-Image Spans
8759,multi_train,3,Multi-Image Spans
8760,multi_train,3,Cross-Image Synthesis
243,multi_train,2,Non-Span
244,multi_train,2,Cross-Image Synthesis
7396,multi_train,3,Multi-Image Spans
2513,multi_train,3,Multi-Image Spans
2515,multi_train,3,Multi-Image Spans
2510,multi_train,3,Non-Span
2511,multi_train,3,Cross-Image Synthesis
2516,multi_train,3,Multi-Image Spans
2517,multi_train,3,Multi-Image Spans
2518,multi_train,3,Non-Span
2519,multi_train,3,Non-Span
7584,multi_train,4,Multi-Image Spans
7585,multi_train,4,Cross-Image Synthesis
7586,multi_train,4,Non-Span
6749,multi_train,4,Non-Span
6750,multi_train,4,Multi-Image Spans
6751,multi_train,4,Multi-Image Spans
6498,multi_train,2,Multi-Image Spans
7204,multi_train,3,Multi-Image Spans
7205,multi_train,3,Multi-Image Spans
7206,multi_train,3,Multi-Image Spans
7207,multi_train,3,Non-Span
7196,multi_train,3,Multi-Image Spans
7197,multi_train,3,Multi-Image Spans
7198,multi_train,3,Non-Span
7199,multi_train,3,Non-Span
7200,multi_train,3,Multi-Image Spans
7202,multi_train,3,Multi-Image Spans
3720,multi_train,3,Multi-Image Spans
3721,multi_train,3,Non-Span
3722,multi_train,3,Multi-Image Spans
3723,multi_train,3,Cross-Image Synthesis
3724,multi_train,3,Non-Span
2241,multi_train,4,Non-Span
2242,multi_train,4,Multi-Image Spans
2243,multi_train,4,Cross-Image Synthesis
5064,multi_train,3,Multi-Image Spans
2312,multi_train,3,Multi-Image Spans
2313,multi_train,3,Cross-Image Synthesis
2314,multi_train,3,Non-Span
2355,multi_train,2,Cross-Image Synthesis
2356,multi_train,2,Non-Span
2357,multi_train,2,Multi-Image Spans
2359,multi_train,2,Multi-Image Spans
2360,multi_train,2,Non-Span
2361,multi_train,2,Non-Span
2364,multi_train,2,Multi-Image Spans
2049,multi_train,2,Non-Span
1453,multi_train,3,Multi-Image Spans
6595,multi_train,2,Cross-Image Synthesis
6597,multi_train,2,Non-Span
6598,multi_train,2,Cross-Image Synthesis
6599,multi_train,2,Non-Span
4391,multi_train,2,Multi-Image Spans
4392,multi_train,2,Non-Span
4394,multi_train,2,Cross-Image Synthesis
3954,multi_train,2,Multi-Image Spans
3955,multi_train,2,Cross-Image Synthesis
866,multi_train,2,Multi-Image Spans
868,multi_train,2,Multi-Image Spans
869,multi_train,2,Multi-Image Spans
7540,multi_train,4,Multi-Image Spans
7541,multi_train,4,Non-Span
7543,multi_train,4,Cross-Image Synthesis
2266,multi_train,2,Multi-Image Spans
2267,multi_train,2,Cross-Image Synthesis
2268,multi_train,2,Multi-Image Spans
2269,multi_train,2,Non-Span
5499,multi_train,2,Multi-Image Spans
5502,multi_train,2,Non-Span
4314,multi_train,2,Cross-Image Synthesis
5114,multi_train,3,Multi-Image Spans
5115,multi_train,3,Cross-Image Synthesis
5116,multi_train,3,Non-Span
5117,multi_train,3,Multi-Image Spans
5106,multi_train,3,Non-Span
5107,multi_train,3,Cross-Image Synthesis
5109,multi_train,3,Cross-Image Synthesis
5110,multi_train,3,Multi-Image Spans
5111,multi_train,3,Cross-Image Synthesis
5112,multi_train,3,Non-Span
5113,multi_train,3,Cross-Image Synthesis
2026,multi_train,4,Multi-Image Spans
4507,multi_train,3,Non-Span
4508,multi_train,3,Multi-Image Spans
5303,multi_train,2,Multi-Image Spans
5304,multi_train,2,Cross-Image Synthesis
5305,multi_train,2,Non-Span
5306,multi_train,2,Multi-Image Spans
2896,multi_train,3,Non-Span
2897,multi_train,3,Cross-Image Synthesis
2898,multi_train,3,Multi-Image Spans
2899,multi_train,3,Cross-Image Synthesis
2903,multi_train,3,Multi-Image Spans
2904,multi_train,3,Multi-Image Spans
2905,multi_train,3,Non-Span
7049,multi_train,3,Multi-Image Spans
7051,multi_train,3,Non-Span
886,multi_train,3,Multi-Image Spans
887,multi_train,3,Multi-Image Spans
889,multi_train,3,Non-Span
5930,multi_train,3,Multi-Image Spans
5931,multi_train,3,Cross-Image Synthesis
5932,multi_train,3,Non-Span
5927,multi_train,2,Non-Span
5928,multi_train,2,Cross-Image Synthesis
5929,multi_train,2,Multi-Image Spans
3428,multi_train,3,Non-Span
3429,multi_train,3,Multi-Image Spans
3430,multi_train,3,Multi-Image Spans
3433,multi_train,3,Non-Span
3434,multi_train,3,Cross-Image Synthesis
3426,multi_train,3,Non-Span
3427,multi_train,3,Cross-Image Synthesis
3660,multi_train,3,Non-Span
5316,multi_train,3,Multi-Image Spans
5318,multi_train,3,Multi-Image Spans
7463,multi_train,2,Non-Span
7464,multi_train,2,Multi-Image Spans
2368,multi_train,2,Non-Span
2369,multi_train,2,Multi-Image Spans
8092,multi_train,4,Multi-Image Spans
8093,multi_train,4,Multi-Image Spans
1524,multi_train,2,Multi-Image Spans
682,multi_train,3,Non-Span
683,multi_train,3,Multi-Image Spans
684,multi_train,3,Cross-Image Synthesis
672,multi_train,3,Multi-Image Spans
673,multi_train,3,Cross-Image Synthesis
674,multi_train,3,Multi-Image Spans
675,multi_train,3,Non-Span
676,multi_train,3,Non-Span
6165,multi_train,2,Non-Span
6166,multi_train,2,Non-Span
6167,multi_train,2,Cross-Image Synthesis
6169,multi_train,2,Cross-Image Synthesis
6247,multi_train,2,Multi-Image Spans
5586,multi_train,3,Cross-Image Synthesis
5587,multi_train,3,Multi-Image Spans
5588,multi_train,3,Non-Span
5475,multi_train,2,Non-Span
5476,multi_train,2,Multi-Image Spans
6021,multi_train,3,Non-Span
6023,multi_train,3,Non-Span
6014,multi_train,3,Non-Span
6015,multi_train,3,Multi-Image Spans
6016,multi_train,3,Cross-Image Synthesis
4350,multi_train,3,Multi-Image Spans
6261,multi_train,4,Non-Span
6262,multi_train,4,Non-Span
6263,multi_train,4,Multi-Image Spans
6264,multi_train,4,Cross-Image Synthesis
6989,multi_train,2,Multi-Image Spans
6991,multi_train,2,Multi-Image Spans
5485,multi_train,2,Multi-Image Spans
6193,multi_train,3,Multi-Image Spans
1044,multi_train,2,Non-Span
1045,multi_train,2,Multi-Image Spans
1046,multi_train,2,Multi-Image Spans
9286,multi_train,3,Multi-Image Spans
9287,multi_train,3,Cross-Image Synthesis
9288,multi_train,3,Non-Span
9292,multi_train,3,Multi-Image Spans
8434,multi_train,3,Non-Span
8436,multi_train,3,Cross-Image Synthesis
8437,multi_train,3,Non-Span
8438,multi_train,3,Cross-Image Synthesis
8429,multi_train,3,Cross-Image Synthesis
8430,multi_train,3,Multi-Image Spans
8431,multi_train,3,Non-Span
8432,multi_train,3,Multi-Image Spans
8433,multi_train,3,Multi-Image Spans
8440,multi_train,3,Multi-Image Spans
8441,multi_train,3,Cross-Image Synthesis
8442,multi_train,3,Non-Span
8443,multi_train,3,Cross-Image Synthesis
6114,multi_train,2,Multi-Image Spans
2817,multi_train,3,Multi-Image Spans
2818,multi_train,3,Cross-Image Synthesis
2820,multi_train,3,Cross-Image Synthesis
2821,multi_train,3,Multi-Image Spans
2822,multi_train,3,Cross-Image Synthesis
2823,multi_train,3,Non-Span
2824,multi_train,3,Multi-Image Spans
2825,multi_train,3,Non-Span
2826,multi_train,3,Multi-Image Spans
2827,multi_train,3,Non-Span
2828,multi_train,3,Multi-Image Spans
2829,multi_train,3,Cross-Image Synthesis
3789,multi_train,3,Multi-Image Spans
3791,multi_train,3,Multi-Image Spans
3782,multi_train,3,Non-Span
3783,multi_train,3,Multi-Image Spans
8120,multi_train,2,Multi-Image Spans
2585,multi_train,3,Cross-Image Synthesis
2586,multi_train,3,Multi-Image Spans
2587,multi_train,3,Non-Span
2588,multi_train,3,Cross-Image Synthesis
2589,multi_train,3,Multi-Image Spans
2590,multi_train,3,Multi-Image Spans
2581,multi_train,3,Multi-Image Spans
2012,multi_train,3,Non-Span
2013,multi_train,3,Multi-Image Spans
2014,multi_train,3,Multi-Image Spans
2015,multi_train,3,Multi-Image Spans
8230,multi_train,3,Multi-Image Spans
8231,multi_train,3,Multi-Image Spans
8232,multi_train,3,Non-Span
8233,multi_train,3,Multi-Image Spans
8234,multi_train,3,Cross-Image Synthesis
1674,multi_train,2,Multi-Image Spans
1675,multi_train,2,Multi-Image Spans
1676,multi_train,2,Multi-Image Spans
1677,multi_train,2,Multi-Image Spans
1678,multi_train,2,Multi-Image Spans
4620,multi_train,2,Multi-Image Spans
7421,multi_train,3,Multi-Image Spans
7422,multi_train,3,Multi-Image Spans
7423,multi_train,3,Multi-Image Spans
6588,multi_train,2,Non-Span
6589,multi_train,2,Multi-Image Spans
6590,multi_train,2,Multi-Image Spans
6592,multi_train,2,Multi-Image Spans
6593,multi_train,2,Non-Span
2230,multi_train,2,Cross-Image Synthesis
2231,multi_train,2,Multi-Image Spans
2232,multi_train,2,Multi-Image Spans
2233,multi_train,2,Multi-Image Spans
2234,multi_train,2,Non-Span
39,multi_train,4,Non-Span
36,multi_train,4,Multi-Image Spans
37,multi_train,4,Multi-Image Spans
38,multi_train,4,Cross-Image Synthesis
40,multi_train,4,Multi-Image Spans
41,multi_train,4,Multi-Image Spans
4945,multi_train,3,Non-Span
4946,multi_train,3,Multi-Image Spans
4947,multi_train,3,Multi-Image Spans
4948,multi_train,3,Cross-Image Synthesis
4949,multi_train,3,Multi-Image Spans
4955,multi_train,3,Non-Span
4956,multi_train,3,Multi-Image Spans
4957,multi_train,3,Multi-Image Spans
4950,multi_train,3,Non-Span
4951,multi_train,3,Multi-Image Spans
4952,multi_train,3,Multi-Image Spans
4953,multi_train,3,Multi-Image Spans
4954,multi_train,3,Multi-Image Spans
8354,multi_train,3,Non-Span
8355,multi_train,3,Multi-Image Spans
8356,multi_train,3,Cross-Image Synthesis
8357,multi_train,3,Multi-Image Spans
8349,multi_train,3,Multi-Image Spans
8011,multi_train,2,Non-Span
8012,multi_train,2,Cross-Image Synthesis
8014,multi_train,2,Multi-Image Spans
8015,multi_train,2,Non-Span
9314,multi_train,3,Multi-Image Spans
9317,multi_train,3,Non-Span
9311,multi_train,3,Cross-Image Synthesis
7928,multi_train,3,Multi-Image Spans
2036,multi_train,2,Non-Span
2037,multi_train,2,Multi-Image Spans
2038,multi_train,2,Cross-Image Synthesis
7534,multi_train,2,Multi-Image Spans
7535,multi_train,2,Non-Span
7536,multi_train,2,Multi-Image Spans
7537,multi_train,2,Cross-Image Synthesis
7411,multi_train,2,Non-Span
425,multi_train,2,Non-Span
426,multi_train,2,Multi-Image Spans
428,multi_train,2,Multi-Image Spans
6386,multi_train,3,Non-Span
1663,multi_train,3,Non-Span
1715,multi_train,2,Cross-Image Synthesis
1717,multi_train,2,Multi-Image Spans
1718,multi_train,2,Multi-Image Spans
4412,multi_train,2,Non-Span
4413,multi_train,2,Multi-Image Spans
6485,multi_train,4,Multi-Image Spans
6486,multi_train,4,Non-Span
6488,multi_train,4,Cross-Image Synthesis
6489,multi_train,4,Multi-Image Spans
4454,multi_train,2,Cross-Image Synthesis
4455,multi_train,2,Multi-Image Spans
4112,multi_train,3,Multi-Image Spans
4114,multi_train,3,Multi-Image Spans
4115,multi_train,3,Non-Span
4117,multi_train,3,Multi-Image Spans
7771,multi_train,2,Non-Span
7772,multi_train,2,Cross-Image Synthesis
7773,multi_train,2,Multi-Image Spans
5480,multi_train,2,Multi-Image Spans
5408,multi_train,3,Multi-Image Spans
5409,multi_train,3,Non-Span
5410,multi_train,3,Multi-Image Spans
3204,multi_train,3,Non-Span
3205,multi_train,3,Cross-Image Synthesis
3206,multi_train,3,Non-Span
3207,multi_train,3,Multi-Image Spans
3208,multi_train,3,Non-Span
3209,multi_train,3,Cross-Image Synthesis
996,multi_train,3,Non-Span
997,multi_train,3,Multi-Image Spans
999,multi_train,3,Multi-Image Spans
1000,multi_train,3,Multi-Image Spans
1476,multi_train,3,Non-Span
2174,multi_train,2,Cross-Image Synthesis
2176,multi_train,2,Non-Span
3751,multi_train,2,Non-Span
3754,multi_train,2,Multi-Image Spans
3755,multi_train,2,Multi-Image Spans
2632,multi_train,3,Multi-Image Spans
2634,multi_train,3,Multi-Image Spans
2635,multi_train,3,Multi-Image Spans
2636,multi_train,3,Non-Span
2637,multi_train,3,Multi-Image Spans
2638,multi_train,3,Non-Span
8076,multi_train,2,Non-Span
964,multi_train,3,Non-Span
965,multi_train,3,Multi-Image Spans
966,multi_train,3,Multi-Image Spans
967,multi_train,3,Multi-Image Spans
5664,multi_train,2,Multi-Image Spans
5665,multi_train,2,Multi-Image Spans
5666,multi_train,2,Non-Span
5667,multi_train,2,Multi-Image Spans
4595,multi_train,4,Non-Span
4596,multi_train,4,Multi-Image Spans
7090,multi_train,3,Multi-Image Spans
7091,multi_train,3,Multi-Image Spans
5922,multi_train,3,Non-Span
5923,multi_train,3,Multi-Image Spans
5924,multi_train,3,Multi-Image Spans
5925,multi_train,3,Multi-Image Spans
5926,multi_train,3,Non-Span
1021,multi_train,4,Multi-Image Spans
1022,multi_train,4,Multi-Image Spans
1023,multi_train,4,Cross-Image Synthesis
1024,multi_train,4,Non-Span
8209,multi_train,2,Cross-Image Synthesis
8210,multi_train,2,Multi-Image Spans
3141,multi_train,3,Non-Span
3131,multi_train,3,Non-Span
3133,multi_train,3,Multi-Image Spans
3134,multi_train,3,Cross-Image Synthesis
3135,multi_train,3,Cross-Image Synthesis
3136,multi_train,3,Non-Span
3909,multi_train,2,Multi-Image Spans
3911,multi_train,2,Non-Span
3913,multi_train,2,Multi-Image Spans
5623,multi_train,2,Multi-Image Spans
5624,multi_train,2,Non-Span
5625,multi_train,2,Cross-Image Synthesis
5626,multi_train,2,Non-Span
8994,multi_train,3,Multi-Image Spans
8998,multi_train,3,Multi-Image Spans
8999,multi_train,3,Multi-Image Spans
9000,multi_train,3,Non-Span
9001,multi_train,3,Multi-Image Spans
8996,multi_train,3,Multi-Image Spans
1100,multi_train,3,Multi-Image Spans
1101,multi_train,3,Multi-Image Spans
1098,multi_train,3,Multi-Image Spans
1102,multi_train,3,Multi-Image Spans
1099,multi_train,3,Non-Span
1360,multi_train,2,Multi-Image Spans
3395,multi_train,3,Multi-Image Spans
3396,multi_train,3,Non-Span
3398,multi_train,3,Cross-Image Synthesis
5388,multi_train,2,Non-Span
5390,multi_train,2,Cross-Image Synthesis
5391,multi_train,2,Multi-Image Spans
2140,multi_train,3,Multi-Image Spans
2142,multi_train,3,Multi-Image Spans
2144,multi_train,3,Non-Span
6054,multi_train,4,Multi-Image Spans
3347,multi_train,2,Multi-Image Spans
3341,multi_train,2,Multi-Image Spans
3342,multi_train,2,Multi-Image Spans
3345,multi_train,2,Multi-Image Spans
7846,multi_train,2,Non-Span
7847,multi_train,2,Non-Span
7848,multi_train,2,Multi-Image Spans
7766,multi_train,2,Non-Span
7767,multi_train,2,Cross-Image Synthesis
7768,multi_train,2,Multi-Image Spans
8473,multi_train,3,Multi-Image Spans
8475,multi_train,3,Multi-Image Spans
8467,multi_train,3,Multi-Image Spans
8468,multi_train,3,Multi-Image Spans
8470,multi_train,3,Multi-Image Spans
8471,multi_train,3,Multi-Image Spans
8738,multi_train,3,Cross-Image Synthesis
8739,multi_train,3,Multi-Image Spans
8740,multi_train,3,Non-Span
8741,multi_train,3,Non-Span
8742,multi_train,3,Non-Span
2443,multi_train,3,Non-Span
2448,multi_train,3,Cross-Image Synthesis
2452,multi_train,3,Multi-Image Spans
2453,multi_train,3,Non-Span
2454,multi_train,3,Non-Span
2455,multi_train,3,Multi-Image Spans
2456,multi_train,3,Multi-Image Spans
1446,multi_train,2,Multi-Image Spans
1447,multi_train,2,Multi-Image Spans
1450,multi_train,2,Multi-Image Spans
1445,multi_train,2,Cross-Image Synthesis
2010,multi_train,3,Multi-Image Spans
6389,multi_train,4,Cross-Image Synthesis
6390,multi_train,4,Non-Span
7336,multi_train,2,Multi-Image Spans
8113,multi_train,4,Multi-Image Spans
2297,multi_train,2,Multi-Image Spans
7821,multi_train,2,Multi-Image Spans
7822,multi_train,2,Non-Span
7823,multi_train,2,Multi-Image Spans
8423,multi_train,3,Non-Span
8425,multi_train,3,Multi-Image Spans
8419,multi_train,3,Cross-Image Synthesis
8420,multi_train,3,Non-Span
7383,multi_train,2,Non-Span
7385,multi_train,2,Multi-Image Spans
7261,multi_train,2,Multi-Image Spans
7257,multi_train,3,Multi-Image Spans
7258,multi_train,3,Cross-Image Synthesis
7259,multi_train,3,Multi-Image Spans
7265,multi_train,2,Multi-Image Spans
7267,multi_train,2,Non-Span
7268,multi_train,2,Cross-Image Synthesis
3317,multi_train,3,Cross-Image Synthesis
3318,multi_train,3,Non-Span
3319,multi_train,3,Multi-Image Spans
3320,multi_train,3,Cross-Image Synthesis
1614,multi_train,3,Non-Span
918,multi_train,3,Multi-Image Spans
920,multi_train,3,Non-Span
4467,multi_train,2,Cross-Image Synthesis
4468,multi_train,2,Multi-Image Spans
6895,multi_train,2,Cross-Image Synthesis
6898,multi_train,2,Multi-Image Spans
7849,multi_train,2,Non-Span
7850,multi_train,2,Multi-Image Spans
7852,multi_train,2,Non-Span
1429,multi_train,2,Multi-Image Spans
1430,multi_train,2,Multi-Image Spans
1431,multi_train,2,Non-Span
1432,multi_train,2,Multi-Image Spans
6089,multi_train,3,Multi-Image Spans
6090,multi_train,3,Cross-Image Synthesis
6091,multi_train,3,Multi-Image Spans
6092,multi_train,3,Non-Span
6093,multi_train,3,Cross-Image Synthesis
5534,multi_train,3,Cross-Image Synthesis
5535,multi_train,3,Cross-Image Synthesis
1233,multi_train,2,Multi-Image Spans
1237,multi_train,2,Cross-Image Synthesis
1236,multi_train,2,Non-Span
8839,multi_train,3,Non-Span
8841,multi_train,3,Cross-Image Synthesis
7448,multi_train,4,Non-Span
7449,multi_train,4,Multi-Image Spans
7450,multi_train,4,Cross-Image Synthesis
7451,multi_train,4,Cross-Image Synthesis
7452,multi_train,4,Cross-Image Synthesis
4968,multi_train,2,Multi-Image Spans
4970,multi_train,2,Cross-Image Synthesis
4971,multi_train,2,Non-Span
1092,multi_train,3,Cross-Image Synthesis
5552,multi_train,3,Cross-Image Synthesis
5554,multi_train,3,Multi-Image Spans
5555,multi_train,3,Multi-Image Spans
4774,multi_train,2,Multi-Image Spans
4449,multi_train,3,Cross-Image Synthesis
4450,multi_train,3,Multi-Image Spans
4452,multi_train,3,Cross-Image Synthesis
4443,multi_train,4,Cross-Image Synthesis
4444,multi_train,4,Multi-Image Spans
4445,multi_train,4,Non-Span
4446,multi_train,4,Multi-Image Spans
1272,multi_train,2,Multi-Image Spans
1273,multi_train,2,Cross-Image Synthesis
3979,multi_train,2,Multi-Image Spans
3980,multi_train,2,Cross-Image Synthesis
3981,multi_train,2,Non-Span
256,multi_train,2,Non-Span
257,multi_train,2,Multi-Image Spans
258,multi_train,2,Cross-Image Synthesis
259,multi_train,2,Multi-Image Spans
6424,multi_train,4,Cross-Image Synthesis
6425,multi_train,4,Multi-Image Spans
8716,multi_train,3,Cross-Image Synthesis
8717,multi_train,3,Non-Span
8719,multi_train,3,Multi-Image Spans
8720,multi_train,3,Multi-Image Spans
8721,multi_train,3,Cross-Image Synthesis
8722,multi_train,3,Non-Span
8723,multi_train,3,Cross-Image Synthesis
8724,multi_train,3,Multi-Image Spans
6659,multi_train,3,Non-Span
6661,multi_train,3,Multi-Image Spans
6663,multi_train,3,Multi-Image Spans
4060,multi_train,2,Cross-Image Synthesis
1525,multi_train,2,Non-Span
1526,multi_train,2,Multi-Image Spans
1264,multi_train,3,Multi-Image Spans
1265,multi_train,3,Multi-Image Spans
8,multi_train,4,Multi-Image Spans
9,multi_train,4,Cross-Image Synthesis
10,multi_train,4,Cross-Image Synthesis
11,multi_train,4,Non-Span
1536,multi_train,2,Cross-Image Synthesis
1537,multi_train,2,Multi-Image Spans
1538,multi_train,2,Non-Span
6378,multi_train,3,Non-Span
6379,multi_train,3,Multi-Image Spans
6380,multi_train,3,Cross-Image Synthesis
6381,multi_train,3,Cross-Image Synthesis
3307,multi_train,3,Cross-Image Synthesis
3308,multi_train,3,Non-Span
3309,multi_train,3,Multi-Image Spans
3314,multi_train,3,Cross-Image Synthesis
3315,multi_train,3,Multi-Image Spans
3310,multi_train,3,Non-Span
3311,multi_train,3,Cross-Image Synthesis
3312,multi_train,3,Non-Span
3313,multi_train,3,Multi-Image Spans
3987,multi_train,2,Non-Span
3990,multi_train,2,Multi-Image Spans
3991,multi_train,2,Multi-Image Spans
6131,multi_train,2,Multi-Image Spans
6132,multi_train,2,Non-Span
7312,multi_train,2,Cross-Image Synthesis
7313,multi_train,2,Multi-Image Spans
7310,multi_train,2,Multi-Image Spans
7311,multi_train,2,Non-Span
7303,multi_train,2,Multi-Image Spans
7306,multi_train,2,Cross-Image Synthesis
7307,multi_train,2,Multi-Image Spans
165,multi_train,3,Multi-Image Spans
167,multi_train,3,Multi-Image Spans
168,multi_train,3,Multi-Image Spans
8989,multi_train,3,Multi-Image Spans
8986,multi_train,3,Multi-Image Spans
8987,multi_train,3,Cross-Image Synthesis
278,multi_train,2,Non-Span
279,multi_train,2,Cross-Image Synthesis
280,multi_train,2,Cross-Image Synthesis
281,multi_train,2,Multi-Image Spans
282,multi_train,2,Non-Span
2914,multi_train,3,Cross-Image Synthesis
2915,multi_train,3,Non-Span
2906,multi_train,3,Cross-Image Synthesis
2909,multi_train,3,Non-Span
2911,multi_train,3,Multi-Image Spans
2913,multi_train,3,Multi-Image Spans
956,multi_train,2,Multi-Image Spans
960,multi_train,2,Multi-Image Spans
961,multi_train,2,Multi-Image Spans
7379,multi_train,2,Multi-Image Spans
7380,multi_train,2,Cross-Image Synthesis
7381,multi_train,2,Cross-Image Synthesis
7382,multi_train,2,Non-Span
877,multi_train,3,Non-Span
878,multi_train,3,Multi-Image Spans
880,multi_train,3,Cross-Image Synthesis
308,multi_train,2,Multi-Image Spans
309,multi_train,2,Cross-Image Synthesis
310,multi_train,2,Non-Span
6556,multi_train,3,Multi-Image Spans
8255,multi_train,4,Multi-Image Spans
1161,multi_train,2,Multi-Image Spans
3621,multi_train,3,Multi-Image Spans
3622,multi_train,3,Cross-Image Synthesis
3612,multi_train,3,Non-Span
3613,multi_train,3,Multi-Image Spans
3614,multi_train,3,Multi-Image Spans
3615,multi_train,3,Multi-Image Spans
3616,multi_train,3,Multi-Image Spans
3618,multi_train,3,Multi-Image Spans
7098,multi_train,3,Multi-Image Spans
7099,multi_train,3,Non-Span
7094,multi_train,3,Non-Span
7095,multi_train,3,Multi-Image Spans
7096,multi_train,3,Multi-Image Spans
7097,multi_train,3,Non-Span
7092,multi_train,3,Non-Span
7093,multi_train,3,Multi-Image Spans
8288,multi_train,3,Non-Span
8290,multi_train,3,Multi-Image Spans
401,multi_train,3,Cross-Image Synthesis
402,multi_train,3,Non-Span
4254,multi_train,3,Non-Span
4255,multi_train,3,Cross-Image Synthesis
4256,multi_train,3,Multi-Image Spans
4257,multi_train,3,Cross-Image Synthesis
5334,multi_train,2,Non-Span
5335,multi_train,2,Multi-Image Spans
5336,multi_train,2,Non-Span
5337,multi_train,2,Cross-Image Synthesis
9471,multi_train,3,Non-Span
9472,multi_train,3,Multi-Image Spans
9473,multi_train,3,Cross-Image Synthesis
9475,multi_train,3,Multi-Image Spans
9484,multi_train,3,Cross-Image Synthesis
9485,multi_train,3,Multi-Image Spans
9483,multi_train,3,Cross-Image Synthesis
9486,multi_train,3,Non-Span
9477,multi_train,3,Non-Span
9478,multi_train,3,Multi-Image Spans
9479,multi_train,3,Multi-Image Spans
9480,multi_train,3,Multi-Image Spans
6375,multi_train,2,Multi-Image Spans
6376,multi_train,2,Multi-Image Spans
6377,multi_train,2,Multi-Image Spans
3083,multi_train,3,Non-Span
3084,multi_train,3,Cross-Image Synthesis
3085,multi_train,3,Multi-Image Spans
3086,multi_train,3,Cross-Image Synthesis
3076,multi_train,3,Non-Span
3077,multi_train,3,Multi-Image Spans
3078,multi_train,3,Cross-Image Synthesis
3079,multi_train,3,Multi-Image Spans
3080,multi_train,3,Multi-Image Spans
3081,multi_train,3,Multi-Image Spans
3082,multi_train,3,Non-Span
6618,multi_train,2,Multi-Image Spans
2126,multi_train,2,Cross-Image Synthesis
2127,multi_train,2,Non-Span
2129,multi_train,2,Multi-Image Spans
2130,multi_train,2,Multi-Image Spans
3245,multi_train,3,Multi-Image Spans
3246,multi_train,3,Multi-Image Spans
3236,multi_train,3,Multi-Image Spans
3239,multi_train,3,Non-Span
1569,multi_train,3,Multi-Image Spans
2177,multi_train,2,Non-Span
2179,multi_train,2,Multi-Image Spans
2180,multi_train,2,Cross-Image Synthesis
5356,multi_train,2,Multi-Image Spans
5357,multi_train,2,Non-Span
5358,multi_train,2,Multi-Image Spans
5359,multi_train,2,Multi-Image Spans
5360,multi_train,2,Cross-Image Synthesis
6600,multi_train,3,Non-Span
6601,multi_train,3,Multi-Image Spans
6603,multi_train,3,Multi-Image Spans
2671,multi_train,3,Non-Span
2663,multi_train,3,Multi-Image Spans
2665,multi_train,3,Multi-Image Spans
2667,multi_train,3,Multi-Image Spans
2668,multi_train,3,Non-Span
4426,multi_train,3,Cross-Image Synthesis
4427,multi_train,3,Non-Span
1238,multi_train,2,Non-Span
1241,multi_train,2,Cross-Image Synthesis
1242,multi_train,2,Non-Span
6533,multi_train,2,Multi-Image Spans
6535,multi_train,2,Non-Span
4471,multi_train,2,Cross-Image Synthesis
4472,multi_train,2,Multi-Image Spans
4473,multi_train,2,Non-Span
4474,multi_train,2,Multi-Image Spans
5245,multi_train,2,Non-Span
5246,multi_train,2,Cross-Image Synthesis
3400,multi_train,3,Multi-Image Spans
3401,multi_train,3,Multi-Image Spans
3402,multi_train,3,Cross-Image Synthesis
3403,multi_train,3,Multi-Image Spans
3404,multi_train,3,Non-Span
2052,multi_train,2,Multi-Image Spans
4381,multi_train,4,Cross-Image Synthesis
4382,multi_train,4,Multi-Image Spans
4383,multi_train,4,Non-Span
8146,multi_train,3,Non-Span
8147,multi_train,3,Multi-Image Spans
8148,multi_train,3,Non-Span
8149,multi_train,3,Cross-Image Synthesis
504,multi_train,3,Non-Span
505,multi_train,3,Multi-Image Spans
506,multi_train,3,Cross-Image Synthesis
507,multi_train,3,Cross-Image Synthesis
508,multi_train,3,Multi-Image Spans
509,multi_train,3,Multi-Image Spans
510,multi_train,3,Non-Span
1352,multi_train,2,Multi-Image Spans
5426,multi_train,2,Multi-Image Spans
5428,multi_train,2,Multi-Image Spans
1599,multi_train,3,Multi-Image Spans
1600,multi_train,3,Non-Span
3006,multi_train,3,Non-Span
3007,multi_train,3,Multi-Image Spans
3010,multi_train,3,Multi-Image Spans
3011,multi_train,3,Non-Span
3012,multi_train,3,Cross-Image Synthesis
3013,multi_train,3,Cross-Image Synthesis
3002,multi_train,3,Non-Span
3003,multi_train,3,Multi-Image Spans
4557,multi_train,2,Multi-Image Spans
4558,multi_train,2,Multi-Image Spans
4559,multi_train,2,Non-Span
846,multi_train,3,Multi-Image Spans
5592,multi_train,3,Non-Span
5593,multi_train,3,Multi-Image Spans
5594,multi_train,3,Multi-Image Spans
9421,multi_train,3,Multi-Image Spans
9422,multi_train,3,Cross-Image Synthesis
9423,multi_train,3,Multi-Image Spans
9424,multi_train,3,Non-Span
9425,multi_train,3,Multi-Image Spans
7679,multi_train,3,Cross-Image Synthesis
7680,multi_train,3,Multi-Image Spans
7681,multi_train,3,Non-Span
7682,multi_train,3,Non-Span
7683,multi_train,3,Multi-Image Spans
8577,multi_train,3,Cross-Image Synthesis
8578,multi_train,3,Multi-Image Spans
8579,multi_train,3,Non-Span
8580,multi_train,3,Non-Span
8581,multi_train,3,Multi-Image Spans
8582,multi_train,3,Multi-Image Spans
8583,multi_train,3,Multi-Image Spans
8584,multi_train,3,Non-Span
8574,multi_train,3,Multi-Image Spans
8575,multi_train,3,Non-Span
8576,multi_train,3,Cross-Image Synthesis
3137,multi_train,3,Non-Span
3138,multi_train,3,Cross-Image Synthesis
276,multi_train,4,Non-Span
277,multi_train,4,Multi-Image Spans
2391,multi_train,2,Multi-Image Spans
2392,multi_train,2,Non-Span
2003,multi_train,4,Cross-Image Synthesis
2004,multi_train,4,Multi-Image Spans
2005,multi_train,4,Non-Span
211,multi_train,3,Multi-Image Spans
7695,multi_train,2,Multi-Image Spans
7696,multi_train,2,Cross-Image Synthesis
7697,multi_train,2,Non-Span
8238,multi_train,2,Multi-Image Spans
7594,multi_train,2,Multi-Image Spans
7595,multi_train,2,Non-Span
7596,multi_train,2,Multi-Image Spans
7597,multi_train,2,Non-Span
5652,multi_train,2,Multi-Image Spans
5653,multi_train,2,Non-Span
5654,multi_train,2,Multi-Image Spans
6220,multi_train,2,Non-Span
6221,multi_train,2,Multi-Image Spans
1012,multi_train,3,Multi-Image Spans
5635,multi_train,4,Multi-Image Spans
5636,multi_train,4,Non-Span
5637,multi_train,4,Multi-Image Spans
5638,multi_train,4,Multi-Image Spans
5639,multi_train,4,Non-Span
5980,multi_train,3,Multi-Image Spans
5982,multi_train,3,Multi-Image Spans
5983,multi_train,3,Non-Span
5984,multi_train,3,Multi-Image Spans
5987,multi_train,3,Cross-Image Synthesis
5988,multi_train,3,Non-Span
5989,multi_train,3,Cross-Image Synthesis
5975,multi_train,3,Non-Span
5978,multi_train,3,Non-Span
8083,multi_train,2,Cross-Image Synthesis
8085,multi_train,2,Multi-Image Spans
8086,multi_train,2,Multi-Image Spans
6210,multi_train,3,Cross-Image Synthesis
6211,multi_train,3,Non-Span
6212,multi_train,3,Multi-Image Spans
6213,multi_train,3,Multi-Image Spans
6214,multi_train,3,Non-Span
1505,multi_train,2,Multi-Image Spans
6450,multi_train,2,Cross-Image Synthesis
6451,multi_train,2,Multi-Image Spans
6452,multi_train,2,Non-Span
5524,multi_train,2,Multi-Image Spans
5525,multi_train,2,Non-Span
5526,multi_train,2,Cross-Image Synthesis
419,multi_train,3,Non-Span
420,multi_train,3,Multi-Image Spans
421,multi_train,3,Non-Span
8201,multi_train,3,Multi-Image Spans
8202,multi_train,3,Cross-Image Synthesis
8203,multi_train,3,Non-Span
4335,multi_train,2,Multi-Image Spans
4336,multi_train,2,Non-Span
3694,multi_train,2,Multi-Image Spans
3695,multi_train,2,Multi-Image Spans
3696,multi_train,2,Cross-Image Synthesis
3697,multi_train,2,Multi-Image Spans
3698,multi_train,2,Non-Span
4715,multi_train,2,Cross-Image Synthesis
4716,multi_train,2,Multi-Image Spans
4717,multi_train,2,Multi-Image Spans
4718,multi_train,2,Multi-Image Spans
9405,multi_train,3,Multi-Image Spans
9406,multi_train,3,Non-Span
9407,multi_train,3,Non-Span
9408,multi_train,3,Multi-Image Spans
9409,multi_train,3,Cross-Image Synthesis
9400,multi_train,3,Cross-Image Synthesis
9401,multi_train,3,Multi-Image Spans
9402,multi_train,3,Non-Span
9404,multi_train,3,Non-Span
9403,multi_train,3,Cross-Image Synthesis
9411,multi_train,3,Non-Span
1539,multi_train,2,Non-Span
1540,multi_train,2,Multi-Image Spans
1541,multi_train,2,Multi-Image Spans
1544,multi_train,2,Multi-Image Spans
1542,multi_train,2,Non-Span
4995,multi_train,3,Non-Span
4996,multi_train,3,Multi-Image Spans
4997,multi_train,3,Cross-Image Synthesis
4998,multi_train,3,Cross-Image Synthesis
4999,multi_train,3,Cross-Image Synthesis
5000,multi_train,3,Multi-Image Spans
5001,multi_train,3,Non-Span
4991,multi_train,3,Non-Span
4992,multi_train,3,Multi-Image Spans
4993,multi_train,3,Multi-Image Spans
4994,multi_train,3,Multi-Image Spans
5859,multi_train,3,Multi-Image Spans
5861,multi_train,3,Non-Span
5862,multi_train,3,Non-Span
5863,multi_train,3,Non-Span
5865,multi_train,3,Cross-Image Synthesis
5866,multi_train,3,Multi-Image Spans
5867,multi_train,3,Multi-Image Spans
5868,multi_train,3,Non-Span
119,multi_train,2,Cross-Image Synthesis
118,multi_train,2,Non-Span
1456,multi_train,3,Non-Span
1457,multi_train,3,Multi-Image Spans
1459,multi_train,3,Non-Span
604,multi_train,3,Multi-Image Spans
605,multi_train,3,Multi-Image Spans
606,multi_train,3,Multi-Image Spans
607,multi_train,3,Multi-Image Spans
608,multi_train,3,Non-Span
610,multi_train,3,Multi-Image Spans
613,multi_train,3,Multi-Image Spans
9053,multi_train,3,Multi-Image Spans
9047,multi_train,3,Multi-Image Spans
9048,multi_train,3,Non-Span
9049,multi_train,3,Multi-Image Spans
9051,multi_train,3,Cross-Image Synthesis
9052,multi_train,3,Multi-Image Spans
9055,multi_train,3,Cross-Image Synthesis
9056,multi_train,3,Multi-Image Spans
7703,multi_train,3,Multi-Image Spans
8777,multi_train,3,Multi-Image Spans
8780,multi_train,3,Multi-Image Spans
8781,multi_train,3,Multi-Image Spans
8782,multi_train,3,Non-Span
8787,multi_train,3,Cross-Image Synthesis
8788,multi_train,3,Non-Span
8789,multi_train,3,Multi-Image Spans
8790,multi_train,3,Non-Span
8792,multi_train,3,Multi-Image Spans
8783,multi_train,3,Multi-Image Spans
8785,multi_train,3,Cross-Image Synthesis
8786,multi_train,3,Non-Span
1590,multi_train,2,Non-Span
1591,multi_train,2,Cross-Image Synthesis
1592,multi_train,2,Multi-Image Spans
988,multi_train,3,Multi-Image Spans
1844,multi_train,2,Multi-Image Spans
1845,multi_train,2,Multi-Image Spans
1245,multi_train,3,Non-Span
6882,multi_train,3,Multi-Image Spans
7784,multi_train,3,Non-Span
4638,multi_train,3,Multi-Image Spans
5807,multi_train,3,Non-Span
5800,multi_train,3,Multi-Image Spans
5802,multi_train,3,Cross-Image Synthesis
1497,multi_train,2,Multi-Image Spans
1499,multi_train,2,Multi-Image Spans
6001,multi_train,3,Multi-Image Spans
6002,multi_train,3,Non-Span
6010,multi_train,3,Multi-Image Spans
6013,multi_train,3,Multi-Image Spans
6006,multi_train,3,Cross-Image Synthesis
6007,multi_train,3,Multi-Image Spans
6008,multi_train,3,Multi-Image Spans
2688,multi_train,3,Cross-Image Synthesis
2689,multi_train,3,Multi-Image Spans
2690,multi_train,3,Cross-Image Synthesis
2684,multi_train,3,Multi-Image Spans
2686,multi_train,3,Cross-Image Synthesis
8932,multi_train,3,Cross-Image Synthesis
8933,multi_train,3,Non-Span
8934,multi_train,3,Cross-Image Synthesis
8935,multi_train,3,Multi-Image Spans
8928,multi_train,3,Non-Span
8930,multi_train,3,Non-Span
8923,multi_train,3,Non-Span
8924,multi_train,3,Multi-Image Spans
8925,multi_train,3,Multi-Image Spans
8926,multi_train,3,Multi-Image Spans
8927,multi_train,3,Cross-Image Synthesis
3249,multi_train,3,Multi-Image Spans
3250,multi_train,3,Multi-Image Spans
3254,multi_train,3,Cross-Image Synthesis
3258,multi_train,3,Multi-Image Spans
3251,multi_train,3,Multi-Image Spans
3253,multi_train,3,Cross-Image Synthesis
8385,multi_train,3,Multi-Image Spans
8387,multi_train,3,Multi-Image Spans
8389,multi_train,3,Multi-Image Spans
8390,multi_train,3,Multi-Image Spans
8391,multi_train,3,Multi-Image Spans
8393,multi_train,3,Non-Span
8383,multi_train,3,Multi-Image Spans
9385,multi_train,3,Multi-Image Spans
9386,multi_train,3,Non-Span
9387,multi_train,3,Cross-Image Synthesis
9388,multi_train,3,Cross-Image Synthesis
5414,multi_train,4,Cross-Image Synthesis
5415,multi_train,4,Multi-Image Spans
5416,multi_train,4,Non-Span
6891,multi_train,2,Multi-Image Spans
6892,multi_train,2,Multi-Image Spans
6893,multi_train,2,Non-Span
9449,multi_train,3,Multi-Image Spans
9450,multi_train,3,Multi-Image Spans
9438,multi_train,3,Non-Span
9439,multi_train,3,Multi-Image Spans
9440,multi_train,3,Cross-Image Synthesis
9441,multi_train,3,Multi-Image Spans
9442,multi_train,3,Multi-Image Spans
9443,multi_train,3,Cross-Image Synthesis
1063,multi_train,2,Cross-Image Synthesis
6974,multi_train,2,Non-Span
3992,multi_train,2,Multi-Image Spans
3993,multi_train,2,Non-Span
4374,multi_train,3,Cross-Image Synthesis
8618,multi_train,3,Multi-Image Spans
8619,multi_train,3,Multi-Image Spans
8620,multi_train,3,Multi-Image Spans
8621,multi_train,3,Non-Span
8622,multi_train,3,Non-Span
4287,multi_train,2,Multi-Image Spans
4288,multi_train,2,Multi-Image Spans
4290,multi_train,3,Multi-Image Spans
4291,multi_train,3,Cross-Image Synthesis
4292,multi_train,3,Non-Span
4293,multi_train,3,Non-Span
4294,multi_train,3,Cross-Image Synthesis
4296,multi_train,2,Multi-Image Spans
4297,multi_train,2,Multi-Image Spans
511,multi_train,3,Cross-Image Synthesis
512,multi_train,3,Cross-Image Synthesis
513,multi_train,3,Multi-Image Spans
514,multi_train,3,Non-Span
515,multi_train,3,Multi-Image Spans
7705,multi_train,4,Cross-Image Synthesis
7706,multi_train,4,Non-Span
7707,multi_train,4,Non-Span
7708,multi_train,4,Non-Span
7704,multi_train,4,Multi-Image Spans
1066,multi_train,2,Multi-Image Spans
1067,multi_train,2,Multi-Image Spans
1068,multi_train,2,Multi-Image Spans
1069,multi_train,2,Non-Span
1070,multi_train,2,Non-Span
1071,multi_train,2,Cross-Image Synthesis
4129,multi_train,2,Multi-Image Spans
4130,multi_train,2,Non-Span
4131,multi_train,2,Multi-Image Spans
4132,multi_train,2,Non-Span
4133,multi_train,2,Cross-Image Synthesis
538,multi_train,3,Non-Span
539,multi_train,3,Multi-Image Spans
540,multi_train,3,Multi-Image Spans
541,multi_train,3,Cross-Image Synthesis
534,multi_train,3,Cross-Image Synthesis
535,multi_train,3,Multi-Image Spans
536,multi_train,3,Non-Span
537,multi_train,3,Non-Span
531,multi_train,3,Non-Span
532,multi_train,3,Multi-Image Spans
533,multi_train,3,Cross-Image Synthesis
529,multi_train,3,Non-Span
530,multi_train,3,Non-Span
6614,multi_train,3,Multi-Image Spans
6615,multi_train,3,Multi-Image Spans
6616,multi_train,3,Multi-Image Spans
6617,multi_train,3,Multi-Image Spans
8047,multi_train,2,Cross-Image Synthesis
8048,multi_train,2,Multi-Image Spans
8049,multi_train,2,Non-Span
8050,multi_train,2,Multi-Image Spans
8051,multi_train,2,Multi-Image Spans
8052,multi_train,2,Non-Span
9359,multi_train,3,Non-Span
9360,multi_train,3,Multi-Image Spans
9355,multi_train,3,Multi-Image Spans
9356,multi_train,3,Non-Span
9357,multi_train,3,Cross-Image Synthesis
9358,multi_train,3,Multi-Image Spans
9361,multi_train,3,Cross-Image Synthesis
9363,multi_train,3,Multi-Image Spans
5844,multi_train,3,Multi-Image Spans
5846,multi_train,3,Non-Span
5848,multi_train,3,Cross-Image Synthesis
5835,multi_train,3,Multi-Image Spans
5836,multi_train,3,Multi-Image Spans
5837,multi_train,3,Cross-Image Synthesis
5838,multi_train,3,Non-Span
5839,multi_train,3,Non-Span
5840,multi_train,3,Non-Span
5842,multi_train,3,Multi-Image Spans
2225,multi_train,2,Non-Span
2226,multi_train,2,Non-Span
2227,multi_train,2,Multi-Image Spans
2228,multi_train,2,Cross-Image Synthesis
6702,multi_train,2,Multi-Image Spans
6703,multi_train,2,Non-Span
6704,multi_train,2,Non-Span
6288,multi_train,3,Multi-Image Spans
5901,multi_train,2,Multi-Image Spans
5904,multi_train,2,Non-Span
5911,multi_train,2,Cross-Image Synthesis
5912,multi_train,2,Non-Span
5913,multi_train,2,Cross-Image Synthesis
5907,multi_train,3,Multi-Image Spans
5908,multi_train,3,Non-Span
5909,multi_train,3,Non-Span
9549,multi_train,3,Non-Span
9550,multi_train,3,Multi-Image Spans
9551,multi_train,3,Cross-Image Synthesis
9552,multi_train,3,Non-Span
9553,multi_train,3,Non-Span
4304,multi_train,2,Multi-Image Spans
8566,multi_train,3,Multi-Image Spans
8568,multi_train,3,Non-Span
8569,multi_train,3,Multi-Image Spans
8570,multi_train,3,Non-Span
8571,multi_train,3,Multi-Image Spans
8572,multi_train,3,Non-Span
8563,multi_train,3,Multi-Image Spans
8565,multi_train,3,Non-Span
1764,multi_train,2,Non-Span
1765,multi_train,2,Multi-Image Spans
1766,multi_train,2,Multi-Image Spans
1767,multi_train,2,Cross-Image Synthesis
9196,multi_train,3,Multi-Image Spans
9197,multi_train,3,Multi-Image Spans
9198,multi_train,3,Non-Span
9199,multi_train,3,Multi-Image Spans
8677,multi_train,3,Multi-Image Spans
8678,multi_train,3,Non-Span
8679,multi_train,3,Multi-Image Spans
8680,multi_train,3,Cross-Image Synthesis
8681,multi_train,3,Cross-Image Synthesis
8682,multi_train,3,Non-Span
8673,multi_train,3,Multi-Image Spans
8674,multi_train,3,Cross-Image Synthesis
8675,multi_train,3,Cross-Image Synthesis
8676,multi_train,3,Cross-Image Synthesis
6825,multi_train,2,Multi-Image Spans
6826,multi_train,2,Non-Span
6827,multi_train,2,Multi-Image Spans
1874,multi_train,2,Non-Span
1875,multi_train,2,Cross-Image Synthesis
1876,multi_train,2,Cross-Image Synthesis
1877,multi_train,2,Multi-Image Spans
3175,multi_train,3,Non-Span
3824,multi_train,2,Cross-Image Synthesis
3825,multi_train,2,Multi-Image Spans
3826,multi_train,3,Multi-Image Spans
8138,multi_train,4,Non-Span
8139,multi_train,4,Multi-Image Spans
8140,multi_train,4,Cross-Image Synthesis
8142,multi_train,4,Multi-Image Spans
5347,multi_train,3,Multi-Image Spans
5348,multi_train,3,Multi-Image Spans
5350,multi_train,3,Multi-Image Spans
5351,multi_train,3,Non-Span
5352,multi_train,3,Multi-Image Spans
4001,multi_train,2,Multi-Image Spans
4003,multi_train,2,Non-Span
2016,multi_train,3,Non-Span
2017,multi_train,3,Multi-Image Spans
2018,multi_train,3,Multi-Image Spans
1211,multi_train,2,Multi-Image Spans
1213,multi_train,2,Multi-Image Spans
6361,multi_train,4,Cross-Image Synthesis
6362,multi_train,4,Non-Span
6363,multi_train,4,Multi-Image Spans
380,multi_train,4,Cross-Image Synthesis
381,multi_train,4,Multi-Image Spans
382,multi_train,4,Non-Span
823,multi_train,3,Multi-Image Spans
825,multi_train,3,Multi-Image Spans
822,multi_train,3,Multi-Image Spans
819,multi_train,3,Multi-Image Spans
820,multi_train,3,Multi-Image Spans
815,multi_train,3,Non-Span
816,multi_train,3,Multi-Image Spans
817,multi_train,3,Cross-Image Synthesis
818,multi_train,3,Multi-Image Spans
4479,multi_train,2,Multi-Image Spans
4480,multi_train,2,Non-Span
4481,multi_train,2,Multi-Image Spans
2198,multi_train,2,Multi-Image Spans
2199,multi_train,2,Multi-Image Spans
2200,multi_train,2,Multi-Image Spans
2201,multi_train,2,Cross-Image Synthesis
2202,multi_train,2,Non-Span
2388,multi_train,2,Multi-Image Spans
2389,multi_train,2,Multi-Image Spans
2390,multi_train,2,Multi-Image Spans
4077,multi_train,2,Multi-Image Spans
4078,multi_train,2,Multi-Image Spans
3729,multi_train,2,Non-Span
3730,multi_train,2,Multi-Image Spans
7842,multi_train,4,Multi-Image Spans
6630,multi_train,4,Multi-Image Spans
1304,multi_train,2,Multi-Image Spans
1305,multi_train,2,Multi-Image Spans
1308,multi_train,2,Multi-Image Spans
5732,multi_train,3,Multi-Image Spans
5733,multi_train,3,Multi-Image Spans
5734,multi_train,3,Non-Span
5735,multi_train,3,Multi-Image Spans
5736,multi_train,3,Multi-Image Spans
2931,multi_train,3,Non-Span
2932,multi_train,3,Non-Span
2934,multi_train,3,Multi-Image Spans
7721,multi_train,2,Multi-Image Spans
7722,multi_train,2,Non-Span
7005,multi_train,3,Multi-Image Spans
7006,multi_train,3,Non-Span
7007,multi_train,3,Multi-Image Spans
7008,multi_train,3,Multi-Image Spans
4126,multi_train,2,Non-Span
4127,multi_train,2,Multi-Image Spans
4128,multi_train,2,Multi-Image Spans
5580,multi_train,2,Multi-Image Spans
320,multi_train,4,Cross-Image Synthesis
321,multi_train,4,Non-Span
322,multi_train,4,Multi-Image Spans
323,multi_train,4,Multi-Image Spans
1060,multi_train,2,Multi-Image Spans
1062,multi_train,2,Multi-Image Spans
2620,multi_train,3,Non-Span
2621,multi_train,3,Non-Span
2622,multi_train,3,Non-Span
2623,multi_train,3,Multi-Image Spans
2612,multi_train,3,Multi-Image Spans
2613,multi_train,3,Multi-Image Spans
2614,multi_train,3,Non-Span
2615,multi_train,3,Multi-Image Spans
2617,multi_train,3,Non-Span
2618,multi_train,3,Non-Span
2619,multi_train,3,Multi-Image Spans
368,multi_train,2,Non-Span
367,multi_train,2,Non-Span
5727,multi_train,3,Multi-Image Spans
5728,multi_train,3,Multi-Image Spans
5729,multi_train,3,Multi-Image Spans
5730,multi_train,3,Multi-Image Spans
5731,multi_train,3,Non-Span
5737,multi_train,3,Non-Span
5738,multi_train,3,Multi-Image Spans
5739,multi_train,3,Multi-Image Spans
5740,multi_train,3,Multi-Image Spans
5741,multi_train,3,Multi-Image Spans
1465,multi_train,2,Multi-Image Spans
5247,multi_train,2,Non-Span
5248,multi_train,2,Multi-Image Spans
5249,multi_train,2,Multi-Image Spans
4042,multi_train,2,Multi-Image Spans
4043,multi_train,2,Non-Span
3321,multi_train,3,Multi-Image Spans
3322,multi_train,3,Non-Span
3323,multi_train,3,Cross-Image Synthesis
3324,multi_train,3,Multi-Image Spans
3326,multi_train,3,Cross-Image Synthesis
3327,multi_train,3,Non-Span
4867,multi_train,3,Non-Span
4868,multi_train,3,Cross-Image Synthesis
4869,multi_train,3,Multi-Image Spans
1482,multi_train,2,Multi-Image Spans
1483,multi_train,2,Multi-Image Spans
1484,multi_train,2,Multi-Image Spans
1485,multi_train,2,Multi-Image Spans
1486,multi_train,2,Multi-Image Spans
1749,multi_train,2,Cross-Image Synthesis
1390,multi_train,3,Multi-Image Spans
1392,multi_train,3,Multi-Image Spans
1393,multi_train,3,Multi-Image Spans
6721,multi_train,3,Multi-Image Spans
6723,multi_train,3,Multi-Image Spans
6724,multi_train,3,Non-Span
1811,multi_train,2,Multi-Image Spans
1812,multi_train,2,Cross-Image Synthesis
1813,multi_train,2,Multi-Image Spans
1814,multi_train,2,Multi-Image Spans
1815,multi_train,2,Cross-Image Synthesis
1816,multi_train,2,Non-Span
8163,multi_train,3,Multi-Image Spans
8164,multi_train,3,Non-Span
6314,multi_train,2,Multi-Image Spans
6315,multi_train,2,Multi-Image Spans
8346,multi_train,3,Non-Span
8347,multi_train,3,Non-Span
8348,multi_train,3,Multi-Image Spans
6819,multi_train,2,Multi-Image Spans
6820,multi_train,2,Multi-Image Spans
4729,multi_train,2,Cross-Image Synthesis
4730,multi_train,2,Multi-Image Spans
4731,multi_train,2,Cross-Image Synthesis
4732,multi_train,2,Multi-Image Spans
4733,multi_train,2,Non-Span
5673,multi_train,2,Multi-Image Spans
5674,multi_train,2,Multi-Image Spans
5675,multi_train,2,Non-Span
1217,multi_train,2,Multi-Image Spans
1215,multi_train,2,Non-Span
1216,multi_train,2,Non-Span
1218,multi_train,2,Multi-Image Spans
1728,multi_train,4,Multi-Image Spans
1729,multi_train,4,Multi-Image Spans
1730,multi_train,4,Multi-Image Spans
7484,multi_train,2,Non-Span
7485,multi_train,2,Multi-Image Spans
7486,multi_train,2,Non-Span
3869,multi_train,3,Multi-Image Spans
3870,multi_train,3,Multi-Image Spans
3871,multi_train,3,Non-Span
3873,multi_train,3,Cross-Image Synthesis
3874,multi_train,3,Multi-Image Spans
3875,multi_train,3,Non-Span
3876,multi_train,3,Cross-Image Synthesis
3866,multi_train,2,Multi-Image Spans
3867,multi_train,2,Multi-Image Spans
3868,multi_train,2,Non-Span
3435,multi_train,3,Cross-Image Synthesis
3436,multi_train,3,Cross-Image Synthesis
3437,multi_train,3,Non-Span
3438,multi_train,3,Multi-Image Spans
3439,multi_train,3,Multi-Image Spans
3440,multi_train,3,Multi-Image Spans
3441,multi_train,3,Non-Span
3442,multi_train,3,Multi-Image Spans
3443,multi_train,3,Non-Span
3444,multi_train,3,Cross-Image Synthesis
3445,multi_train,3,Multi-Image Spans
3446,multi_train,3,Cross-Image Synthesis
7710,multi_train,2,Cross-Image Synthesis
7711,multi_train,2,Multi-Image Spans
7714,multi_train,2,Multi-Image Spans
2280,multi_train,2,Multi-Image Spans
2281,multi_train,2,Multi-Image Spans
2283,multi_train,2,Non-Span
5602,multi_train,4,Multi-Image Spans
5603,multi_train,4,Cross-Image Synthesis
1324,multi_train,3,Multi-Image Spans
1325,multi_train,3,Multi-Image Spans
2209,multi_train,2,Multi-Image Spans
2211,multi_train,2,Multi-Image Spans
2212,multi_train,2,Multi-Image Spans
2213,multi_train,2,Multi-Image Spans
4875,multi_train,3,Multi-Image Spans
4876,multi_train,3,Cross-Image Synthesis
4877,multi_train,3,Non-Span
4871,multi_train,3,Multi-Image Spans
4872,multi_train,3,Non-Span
4873,multi_train,3,Cross-Image Synthesis
4874,multi_train,3,Multi-Image Spans
8477,multi_train,3,Multi-Image Spans
8478,multi_train,3,Multi-Image Spans
8479,multi_train,3,Non-Span
8484,multi_train,3,Cross-Image Synthesis
8485,multi_train,3,Multi-Image Spans
8486,multi_train,3,Non-Span
8487,multi_train,3,Cross-Image Synthesis
8488,multi_train,3,Non-Span
8489,multi_train,3,Non-Span
8480,multi_train,3,Multi-Image Spans
8481,multi_train,3,Multi-Image Spans
8482,multi_train,3,Non-Span
8483,multi_train,3,Non-Span
9170,multi_train,3,Multi-Image Spans
9167,multi_train,3,Multi-Image Spans
9168,multi_train,3,Cross-Image Synthesis
9169,multi_train,3,Cross-Image Synthesis
9163,multi_train,3,Multi-Image Spans
5896,multi_train,3,Non-Span
5897,multi_train,3,Cross-Image Synthesis
5898,multi_train,3,Cross-Image Synthesis
5899,multi_train,3,Non-Span
5900,multi_train,3,Multi-Image Spans
5893,multi_train,3,Multi-Image Spans
5894,multi_train,3,Cross-Image Synthesis
5895,multi_train,3,Non-Span
4629,multi_train,2,Cross-Image Synthesis
4631,multi_train,2,Multi-Image Spans
4632,multi_train,2,Multi-Image Spans
1338,multi_train,2,Non-Span
1339,multi_train,2,Multi-Image Spans
1341,multi_train,2,Multi-Image Spans
1342,multi_train,2,Cross-Image Synthesis
1340,multi_train,2,Cross-Image Synthesis
4734,multi_train,2,Non-Span
6937,multi_train,2,Multi-Image Spans
6938,multi_train,2,Multi-Image Spans
6940,multi_train,2,Multi-Image Spans
1439,multi_train,2,Multi-Image Spans
1440,multi_train,2,Multi-Image Spans
3291,multi_train,3,Multi-Image Spans
3292,multi_train,3,Multi-Image Spans
3293,multi_train,3,Multi-Image Spans
3294,multi_train,3,Multi-Image Spans
3281,multi_train,3,Non-Span
3282,multi_train,3,Multi-Image Spans
3284,multi_train,3,Multi-Image Spans
4184,multi_train,2,Cross-Image Synthesis
4186,multi_train,2,Non-Span
4614,multi_train,3,Cross-Image Synthesis
4615,multi_train,3,Non-Span
5640,multi_train,2,Cross-Image Synthesis
5641,multi_train,2,Non-Span
5642,multi_train,2,Multi-Image Spans
8944,multi_train,3,Cross-Image Synthesis
8945,multi_train,3,Multi-Image Spans
8946,multi_train,3,Multi-Image Spans
8939,multi_train,3,Multi-Image Spans
8941,multi_train,3,Multi-Image Spans
2366,multi_train,2,Cross-Image Synthesis
2367,multi_train,2,Multi-Image Spans
4423,multi_train,2,Cross-Image Synthesis
4424,multi_train,2,Multi-Image Spans
4425,multi_train,2,Non-Span
2797,multi_train,3,Multi-Image Spans
2798,multi_train,3,Multi-Image Spans
2800,multi_train,3,Cross-Image Synthesis
5214,multi_train,4,Multi-Image Spans
5215,multi_train,4,Multi-Image Spans
5216,multi_train,4,Non-Span
4542,multi_train,3,Cross-Image Synthesis
4543,multi_train,3,Non-Span
3502,multi_train,3,Multi-Image Spans
3506,multi_train,3,Cross-Image Synthesis
3493,multi_train,3,Cross-Image Synthesis
3495,multi_train,3,Non-Span
3496,multi_train,3,Cross-Image Synthesis
3498,multi_train,3,Multi-Image Spans
3499,multi_train,3,Non-Span
3500,multi_train,3,Non-Span
3501,multi_train,3,Cross-Image Synthesis
5,multi_train,3,Cross-Image Synthesis
6,multi_train,3,Non-Span
7,multi_train,3,Multi-Image Spans
3748,multi_train,2,Non-Span
3749,multi_train,2,Non-Span
5422,multi_train,3,Non-Span
5423,multi_train,3,Multi-Image Spans
5425,multi_train,3,Non-Span
6669,multi_train,2,Multi-Image Spans
6671,multi_train,2,Multi-Image Spans
6673,multi_train,2,Multi-Image Spans
6672,multi_train,2,Non-Span
4197,multi_train,3,Multi-Image Spans
4198,multi_train,3,Non-Span
4200,multi_train,3,Multi-Image Spans
4203,multi_train,3,Cross-Image Synthesis
968,multi_train,2,Multi-Image Spans
969,multi_train,2,Multi-Image Spans
8725,multi_train,3,Non-Span
8726,multi_train,3,Multi-Image Spans
8727,multi_train,3,Non-Span
8728,multi_train,3,Multi-Image Spans
8729,multi_train,3,Cross-Image Synthesis
862,multi_train,2,Multi-Image Spans
864,multi_train,2,Multi-Image Spans
8160,multi_train,2,Multi-Image Spans
8161,multi_train,2,Non-Span
8162,multi_train,2,Cross-Image Synthesis
2259,multi_train,2,Multi-Image Spans
6334,multi_train,3,Cross-Image Synthesis
4978,multi_train,3,Multi-Image Spans
4980,multi_train,3,Multi-Image Spans
4972,multi_train,3,Multi-Image Spans
4974,multi_train,3,Multi-Image Spans
4975,multi_train,3,Multi-Image Spans
4976,multi_train,3,Non-Span
3675,multi_train,2,Multi-Image Spans
3677,multi_train,2,Cross-Image Synthesis
1847,multi_train,2,Multi-Image Spans
5404,multi_train,2,Cross-Image Synthesis
5405,multi_train,2,Multi-Image Spans
5406,multi_train,2,Multi-Image Spans
5407,multi_train,2,Multi-Image Spans
2146,multi_train,2,Multi-Image Spans
2147,multi_train,2,Non-Span
429,multi_train,2,Cross-Image Synthesis
430,multi_train,2,Non-Span
431,multi_train,2,Multi-Image Spans
432,multi_train,2,Cross-Image Synthesis
6348,multi_train,2,Non-Span
6349,multi_train,2,Multi-Image Spans
6352,multi_train,2,Non-Span
4603,multi_train,2,Non-Span
4604,multi_train,2,Multi-Image Spans
4605,multi_train,2,Cross-Image Synthesis
6445,multi_train,3,Cross-Image Synthesis
6446,multi_train,3,Cross-Image Synthesis
6447,multi_train,3,Multi-Image Spans
6448,multi_train,3,Non-Span
6449,multi_train,3,Multi-Image Spans
4720,multi_train,3,Non-Span
4721,multi_train,3,Multi-Image Spans
4722,multi_train,3,Multi-Image Spans
4723,multi_train,3,Multi-Image Spans
6018,multi_train,3,Non-Span
6019,multi_train,3,Multi-Image Spans
1750,multi_train,2,Non-Span
1751,multi_train,2,Non-Span
1752,multi_train,2,Non-Span
1753,multi_train,2,Multi-Image Spans
8110,multi_train,2,Multi-Image Spans
2496,multi_train,3,Multi-Image Spans
2497,multi_train,3,Non-Span
2498,multi_train,3,Cross-Image Synthesis
2499,multi_train,3,Non-Span
2491,multi_train,3,Non-Span
2492,multi_train,3,Multi-Image Spans
2494,multi_train,3,Cross-Image Synthesis
2495,multi_train,3,Multi-Image Spans
237,multi_train,2,Cross-Image Synthesis
238,multi_train,2,Multi-Image Spans
239,multi_train,2,Non-Span
1880,multi_train,2,Multi-Image Spans
1881,multi_train,2,Non-Span
1882,multi_train,2,Cross-Image Synthesis
1883,multi_train,2,Multi-Image Spans
1884,multi_train,2,Multi-Image Spans
7581,multi_train,2,Cross-Image Synthesis
7582,multi_train,2,Non-Span
7583,multi_train,2,Multi-Image Spans
6100,multi_train,2,Multi-Image Spans
6102,multi_train,2,Multi-Image Spans
2750,multi_train,3,Multi-Image Spans
2751,multi_train,3,Cross-Image Synthesis
2752,multi_train,3,Non-Span
2753,multi_train,3,Multi-Image Spans
2747,multi_train,3,Cross-Image Synthesis
2748,multi_train,3,Non-Span
2749,multi_train,3,Multi-Image Spans
2741,multi_train,3,Cross-Image Synthesis
2743,multi_train,3,Multi-Image Spans
2744,multi_train,3,Cross-Image Synthesis
2745,multi_train,3,Non-Span
2746,multi_train,3,Non-Span
1774,multi_train,3,Multi-Image Spans
1776,multi_train,3,Multi-Image Spans
311,multi_train,2,Cross-Image Synthesis
312,multi_train,2,Non-Span
313,multi_train,2,Multi-Image Spans
7945,multi_train,2,Multi-Image Spans
7947,multi_train,2,Multi-Image Spans
7948,multi_train,2,Multi-Image Spans
3391,multi_train,3,Multi-Image Spans
3392,multi_train,3,Non-Span
3394,multi_train,3,Non-Span
1120,multi_train,2,Non-Span
1124,multi_train,2,Non-Span
7801,multi_train,2,Multi-Image Spans
858,multi_train,2,Multi-Image Spans
859,multi_train,2,Non-Span
860,multi_train,2,Multi-Image Spans
861,multi_train,2,Multi-Image Spans
1988,multi_train,2,Cross-Image Synthesis
1990,multi_train,2,Non-Span
1992,multi_train,2,Multi-Image Spans
1993,multi_train,2,Cross-Image Synthesis
4482,multi_train,2,Multi-Image Spans
4483,multi_train,2,Multi-Image Spans
4484,multi_train,2,Non-Span
4321,multi_train,4,Non-Span
4323,multi_train,4,Cross-Image Synthesis
4325,multi_train,4,Multi-Image Spans
4326,multi_train,4,Multi-Image Spans
7981,multi_train,2,Multi-Image Spans
7982,multi_train,2,Non-Span
7983,multi_train,2,Multi-Image Spans
145,multi_train,2,Multi-Image Spans
147,multi_train,2,Non-Span
143,multi_train,2,Cross-Image Synthesis
144,multi_train,2,Non-Span
146,multi_train,2,Non-Span
6774,multi_train,2,Multi-Image Spans
6776,multi_train,2,Multi-Image Spans
6777,multi_train,2,Cross-Image Synthesis
6778,multi_train,2,Multi-Image Spans
3584,multi_train,3,Multi-Image Spans
3585,multi_train,3,Multi-Image Spans
3577,multi_train,3,Non-Span
3580,multi_train,3,Multi-Image Spans
3581,multi_train,3,Non-Span
3573,multi_train,3,Multi-Image Spans
3574,multi_train,3,Cross-Image Synthesis
3575,multi_train,3,Non-Span
3576,multi_train,3,Multi-Image Spans
1691,multi_train,4,Multi-Image Spans
1692,multi_train,4,Multi-Image Spans
1693,multi_train,4,Non-Span
6697,multi_train,2,Multi-Image Spans
6698,multi_train,2,Multi-Image Spans
6699,multi_train,2,Multi-Image Spans
1725,multi_train,4,Cross-Image Synthesis
1726,multi_train,4,Multi-Image Spans
4240,multi_train,3,Multi-Image Spans
4235,multi_train,3,Multi-Image Spans
4243,multi_train,3,Multi-Image Spans
2558,multi_train,3,Cross-Image Synthesis
2559,multi_train,3,Cross-Image Synthesis
2560,multi_train,3,Non-Span
2561,multi_train,3,Multi-Image Spans
2563,multi_train,3,Multi-Image Spans
2564,multi_train,3,Cross-Image Synthesis
2565,multi_train,3,Non-Span
2566,multi_train,3,Multi-Image Spans
2568,multi_train,3,Multi-Image Spans
7471,multi_train,3,Cross-Image Synthesis
7472,multi_train,3,Multi-Image Spans
7473,multi_train,3,Non-Span
2154,multi_train,2,Multi-Image Spans
2155,multi_train,2,Non-Span
8247,multi_train,2,Non-Span
6410,multi_train,2,Multi-Image Spans
6411,multi_train,2,Multi-Image Spans
6412,multi_train,2,Non-Span
6413,multi_train,2,Cross-Image Synthesis
6415,multi_train,2,Non-Span
1368,multi_train,3,Multi-Image Spans
1369,multi_train,3,Multi-Image Spans
7289,multi_train,3,Cross-Image Synthesis
7283,multi_train,3,Multi-Image Spans
7285,multi_train,3,Cross-Image Synthesis
7287,multi_train,3,Multi-Image Spans
7291,multi_train,3,Multi-Image Spans
7292,multi_train,3,Non-Span
8556,multi_train,3,Cross-Image Synthesis
8557,multi_train,3,Non-Span
8558,multi_train,3,Multi-Image Spans
8559,multi_train,3,Non-Span
8560,multi_train,3,Multi-Image Spans
8561,multi_train,3,Cross-Image Synthesis
8553,multi_train,3,Non-Span
8554,multi_train,3,Multi-Image Spans
8555,multi_train,3,Cross-Image Synthesis
68,multi_train,4,Cross-Image Synthesis
69,multi_train,4,Multi-Image Spans
70,multi_train,4,Multi-Image Spans
71,multi_train,4,Non-Span
52,multi_train,4,Non-Span
53,multi_train,4,Multi-Image Spans
54,multi_train,4,Non-Span
55,multi_train,4,Multi-Image Spans
64,multi_train,4,Non-Span
66,multi_train,4,Multi-Image Spans
67,multi_train,4,Multi-Image Spans
62,multi_train,4,Multi-Image Spans
63,multi_train,4,Multi-Image Spans
61,multi_train,4,Non-Span
6752,multi_train,3,Multi-Image Spans
6753,multi_train,3,Non-Span
6754,multi_train,3,Multi-Image Spans
7870,multi_train,2,Non-Span
7871,multi_train,2,Non-Span
204,multi_train,2,Multi-Image Spans
205,multi_train,2,Non-Span
305,multi_train,2,Multi-Image Spans
307,multi_train,2,Multi-Image Spans
306,multi_train,2,Non-Span
7725,multi_train,2,Cross-Image Synthesis
7726,multi_train,2,Cross-Image Synthesis
2204,multi_train,2,Non-Span
2205,multi_train,2,Multi-Image Spans
2206,multi_train,2,Non-Span
6745,multi_train,2,Multi-Image Spans
6746,multi_train,2,Multi-Image Spans
6747,multi_train,2,Non-Span
422,multi_train,3,Multi-Image Spans
423,multi_train,3,Cross-Image Synthesis
8099,multi_train,3,Multi-Image Spans
8100,multi_train,3,Multi-Image Spans
8102,multi_train,3,Multi-Image Spans
6757,multi_train,4,Multi-Image Spans
6758,multi_train,4,Cross-Image Synthesis
6759,multi_train,4,Non-Span
6760,multi_train,4,Multi-Image Spans
6761,multi_train,4,Multi-Image Spans
6762,multi_train,4,Multi-Image Spans
7686,multi_train,4,Multi-Image Spans
2482,multi_train,3,Multi-Image Spans
2483,multi_train,3,Multi-Image Spans
2484,multi_train,3,Multi-Image Spans
2485,multi_train,3,Non-Span
2486,multi_train,3,Cross-Image Synthesis
4691,multi_train,2,Cross-Image Synthesis
4692,multi_train,2,Multi-Image Spans
8914,multi_train,3,Multi-Image Spans
8915,multi_train,3,Multi-Image Spans
8916,multi_train,3,Multi-Image Spans
8917,multi_train,3,Multi-Image Spans
8919,multi_train,3,Multi-Image Spans
8920,multi_train,3,Multi-Image Spans
8921,multi_train,3,Multi-Image Spans
8922,multi_train,3,Non-Span
5777,multi_train,3,Cross-Image Synthesis
5778,multi_train,3,Multi-Image Spans
5782,multi_train,3,Multi-Image Spans
5783,multi_train,3,Multi-Image Spans
5784,multi_train,3,Non-Span
5779,multi_train,3,Cross-Image Synthesis
5780,multi_train,3,Non-Span
5781,multi_train,3,Multi-Image Spans
3914,multi_train,2,Non-Span
3760,multi_train,4,Non-Span
7515,multi_train,2,Non-Span
7516,multi_train,2,Cross-Image Synthesis
7517,multi_train,2,Multi-Image Spans
7518,multi_train,2,Multi-Image Spans
9557,multi_train,3,Non-Span
9558,multi_train,3,Non-Span
9554,multi_train,3,Cross-Image Synthesis
9556,multi_train,3,Non-Span
9559,multi_train,3,Non-Span
3762,multi_train,2,Non-Span
3763,multi_train,2,Multi-Image Spans
3765,multi_train,2,Multi-Image Spans
6491,multi_train,2,Multi-Image Spans
6492,multi_train,2,Multi-Image Spans
6493,multi_train,2,Non-Span
2643,multi_train,3,Cross-Image Synthesis
2644,multi_train,3,Multi-Image Spans
2645,multi_train,3,Multi-Image Spans
2646,multi_train,3,Non-Span
8451,multi_train,3,Cross-Image Synthesis
8453,multi_train,3,Non-Span
8444,multi_train,3,Non-Span
8445,multi_train,3,Multi-Image Spans
8446,multi_train,3,Cross-Image Synthesis
8447,multi_train,3,Multi-Image Spans
8448,multi_train,3,Multi-Image Spans
8449,multi_train,3,Non-Span
8450,multi_train,3,Cross-Image Synthesis
1853,multi_train,2,Non-Span
1854,multi_train,2,Multi-Image Spans
1855,multi_train,2,Non-Span
1856,multi_train,2,Multi-Image Spans
1857,multi_train,2,Multi-Image Spans
5231,multi_train,3,Non-Span
25,multi_train,4,Multi-Image Spans
26,multi_train,4,Multi-Image Spans
21,multi_train,4,Multi-Image Spans
22,multi_train,4,Non-Span
23,multi_train,4,Multi-Image Spans
24,multi_train,4,Non-Span
8401,multi_train,3,Non-Span
8403,multi_train,3,Cross-Image Synthesis
8404,multi_train,3,Cross-Image Synthesis
926,multi_train,4,Multi-Image Spans
927,multi_train,4,Non-Span
5876,multi_train,3,Multi-Image Spans
5877,multi_train,3,Multi-Image Spans
5878,multi_train,3,Non-Span
5879,multi_train,3,Cross-Image Synthesis
5885,multi_train,3,Non-Span
5886,multi_train,3,Cross-Image Synthesis
5887,multi_train,3,Non-Span
5881,multi_train,3,Non-Span
5882,multi_train,3,Multi-Image Spans
5883,multi_train,3,Cross-Image Synthesis
4460,multi_train,2,Cross-Image Synthesis
4461,multi_train,2,Cross-Image Synthesis
4462,multi_train,2,Non-Span
159,multi_train,2,Multi-Image Spans
6875,multi_train,2,Multi-Image Spans
6876,multi_train,2,Multi-Image Spans
5292,multi_train,2,Multi-Image Spans
5293,multi_train,2,Multi-Image Spans
8026,multi_train,2,Non-Span
4546,multi_train,2,Cross-Image Synthesis
4547,multi_train,2,Multi-Image Spans
4548,multi_train,2,Non-Span
4549,multi_train,2,Multi-Image Spans
4550,multi_train,2,Multi-Image Spans
3905,multi_train,2,Multi-Image Spans
4430,multi_train,3,Non-Span
4431,multi_train,3,Multi-Image Spans
4433,multi_train,3,Cross-Image Synthesis
177,multi_train,2,Multi-Image Spans
178,multi_train,2,Multi-Image Spans
179,multi_train,2,Cross-Image Synthesis
180,multi_train,2,Non-Span
7554,multi_train,2,Non-Span
7555,multi_train,2,Multi-Image Spans
7556,multi_train,2,Cross-Image Synthesis
7557,multi_train,2,Multi-Image Spans
4809,multi_train,3,Multi-Image Spans
4805,multi_train,3,Non-Span
4806,multi_train,3,Multi-Image Spans
4807,multi_train,3,Multi-Image Spans
4803,multi_train,3,Multi-Image Spans
2852,multi_train,3,Cross-Image Synthesis
2855,multi_train,3,Multi-Image Spans
8370,multi_train,3,Non-Span
8371,multi_train,3,Multi-Image Spans
8372,multi_train,3,Non-Span
8373,multi_train,3,Cross-Image Synthesis
8374,multi_train,3,Multi-Image Spans
8375,multi_train,3,Cross-Image Synthesis
8376,multi_train,3,Multi-Image Spans
8377,multi_train,3,Non-Span
8378,multi_train,3,Non-Span
8379,multi_train,3,Cross-Image Synthesis
8380,multi_train,3,Non-Span
8381,multi_train,3,Multi-Image Spans
8382,multi_train,3,Cross-Image Synthesis
5465,multi_train,2,Multi-Image Spans
5467,multi_train,2,Multi-Image Spans
9520,multi_train,3,Multi-Image Spans
9521,multi_train,3,Non-Span
9522,multi_train,3,Non-Span
7344,multi_train,3,Multi-Image Spans
7346,multi_train,3,Non-Span
7347,multi_train,3,Cross-Image Synthesis
7348,multi_train,3,Multi-Image Spans
7349,multi_train,3,Cross-Image Synthesis
4438,multi_train,2,Non-Span
8156,multi_train,4,Cross-Image Synthesis
8157,multi_train,4,Multi-Image Spans
8158,multi_train,4,Multi-Image Spans
8159,multi_train,4,Non-Span
4049,multi_train,2,Non-Span
4050,multi_train,2,Multi-Image Spans
412,multi_train,2,Multi-Image Spans
414,multi_train,2,Multi-Image Spans
413,multi_train,2,Non-Span
7434,multi_train,2,Multi-Image Spans
7435,multi_train,2,Multi-Image Spans
4369,multi_train,2,Multi-Image Spans
4370,multi_train,2,Cross-Image Synthesis
4371,multi_train,2,Multi-Image Spans
4372,multi_train,2,Non-Span
50,multi_train,4,Non-Span
49,multi_train,4,Multi-Image Spans
51,multi_train,4,Cross-Image Synthesis
4436,multi_train,3,Multi-Image Spans
4677,multi_train,3,Multi-Image Spans
4678,multi_train,3,Multi-Image Spans
4679,multi_train,3,Multi-Image Spans
4681,multi_train,3,Non-Span
4682,multi_train,3,Non-Span
2044,multi_train,4,Non-Span
2045,multi_train,4,Cross-Image Synthesis
589,multi_train,3,Non-Span
590,multi_train,3,Multi-Image Spans
582,multi_train,3,Multi-Image Spans
584,multi_train,3,Multi-Image Spans
587,multi_train,3,Non-Span
4633,multi_train,2,Multi-Image Spans
4634,multi_train,2,Cross-Image Synthesis
4635,multi_train,2,Non-Span
4636,multi_train,2,Multi-Image Spans
4637,multi_train,2,Multi-Image Spans
5269,multi_train,2,Cross-Image Synthesis
3812,multi_train,3,Multi-Image Spans
3813,multi_train,3,Multi-Image Spans
3814,multi_train,3,Multi-Image Spans
3815,multi_train,3,Non-Span
3816,multi_train,3,Multi-Image Spans
3817,multi_train,3,Multi-Image Spans
3819,multi_train,3,Multi-Image Spans
3820,multi_train,3,Multi-Image Spans
3810,multi_train,3,Multi-Image Spans
3811,multi_train,3,Cross-Image Synthesis
4576,multi_train,2,Cross-Image Synthesis
4577,multi_train,2,Multi-Image Spans
4578,multi_train,2,Non-Span
4624,multi_train,2,Multi-Image Spans
4625,multi_train,2,Non-Span
4626,multi_train,2,Cross-Image Synthesis
4627,multi_train,2,Cross-Image Synthesis
4628,multi_train,2,Multi-Image Spans
7921,multi_train,3,Cross-Image Synthesis
7923,multi_train,3,Cross-Image Synthesis
8198,multi_train,2,Non-Span
1601,multi_train,2,Multi-Image Spans
1602,multi_train,2,Multi-Image Spans
1603,multi_train,2,Multi-Image Spans
4388,multi_train,3,Multi-Image Spans
4389,multi_train,3,Non-Span
4390,multi_train,3,Cross-Image Synthesis
2270,multi_train,2,Cross-Image Synthesis
2271,multi_train,2,Multi-Image Spans
2272,multi_train,2,Cross-Image Synthesis
2273,multi_train,2,Non-Span
1586,multi_train,2,Non-Span
1587,multi_train,2,Cross-Image Synthesis
1588,multi_train,2,Multi-Image Spans
1589,multi_train,2,Non-Span
8358,multi_train,3,Non-Span
8359,multi_train,3,Cross-Image Synthesis
8360,multi_train,3,Multi-Image Spans
8367,multi_train,3,Non-Span
8368,multi_train,3,Cross-Image Synthesis
8362,multi_train,3,Multi-Image Spans
8363,multi_train,3,Multi-Image Spans
899,multi_train,2,Multi-Image Spans
900,multi_train,2,Non-Span
901,multi_train,2,Multi-Image Spans
902,multi_train,2,Multi-Image Spans
6081,multi_train,3,Non-Span
6083,multi_train,3,Non-Span
3699,multi_train,3,Multi-Image Spans
3700,multi_train,3,Non-Span
3898,multi_train,2,Non-Span
3899,multi_train,2,Cross-Image Synthesis
3900,multi_train,2,Multi-Image Spans
3901,multi_train,2,Multi-Image Spans
3902,multi_train,2,Cross-Image Synthesis
2835,multi_train,3,Multi-Image Spans
2836,multi_train,3,Non-Span
2837,multi_train,3,Cross-Image Synthesis
2839,multi_train,3,Multi-Image Spans
2840,multi_train,3,Cross-Image Synthesis
2841,multi_train,3,Non-Span
2832,multi_train,3,Non-Span
2833,multi_train,3,Cross-Image Synthesis
2299,multi_train,2,Multi-Image Spans
2300,multi_train,2,Non-Span
2301,multi_train,2,Non-Span
2302,multi_train,2,Cross-Image Synthesis
3106,multi_train,3,Multi-Image Spans
3107,multi_train,3,Non-Span
3108,multi_train,3,Non-Span
3109,multi_train,3,Multi-Image Spans
3100,multi_train,3,Non-Span
3101,multi_train,3,Multi-Image Spans
3102,multi_train,3,Non-Span
3103,multi_train,3,Cross-Image Synthesis
3104,multi_train,3,Non-Span
3105,multi_train,3,Cross-Image Synthesis
870,multi_train,2,Multi-Image Spans
4861,multi_train,3,Non-Span
4865,multi_train,3,Multi-Image Spans
4866,multi_train,3,Multi-Image Spans
4853,multi_train,3,Non-Span
4855,multi_train,3,Multi-Image Spans
4857,multi_train,3,Cross-Image Synthesis
2883,multi_train,3,Non-Span
2884,multi_train,3,Multi-Image Spans
2330,multi_train,2,Non-Span
2332,multi_train,2,Multi-Image Spans
5439,multi_train,2,Cross-Image Synthesis
5440,multi_train,2,Multi-Image Spans
5441,multi_train,2,Multi-Image Spans
5764,multi_train,2,Multi-Image Spans
5765,multi_train,2,Non-Span
5766,multi_train,2,Non-Span
5767,multi_train,2,Multi-Image Spans
5768,multi_train,2,Cross-Image Synthesis
2924,multi_train,3,Multi-Image Spans
2926,multi_train,3,Cross-Image Synthesis
2927,multi_train,3,Non-Span
2928,multi_train,3,Non-Span
2929,multi_train,3,Cross-Image Synthesis
2930,multi_train,3,Multi-Image Spans
2400,multi_train,2,Multi-Image Spans
2626,multi_train,3,Non-Span
2627,multi_train,3,Cross-Image Synthesis
2628,multi_train,3,Multi-Image Spans
2629,multi_train,3,Non-Span
2630,multi_train,3,Cross-Image Synthesis
2631,multi_train,3,Multi-Image Spans
5065,multi_train,3,Non-Span
5066,multi_train,3,Cross-Image Synthesis
5067,multi_train,3,Non-Span
5068,multi_train,3,Multi-Image Spans
5361,multi_train,2,Multi-Image Spans
5362,multi_train,2,Cross-Image Synthesis
1653,multi_train,2,Multi-Image Spans
1654,multi_train,2,Multi-Image Spans
4985,multi_train,2,Multi-Image Spans
4987,multi_train,2,Multi-Image Spans
4982,multi_train,3,Multi-Image Spans
6464,multi_train,3,Non-Span
6465,multi_train,3,Multi-Image Spans
6466,multi_train,3,Multi-Image Spans
6467,multi_train,3,Multi-Image Spans
4738,multi_train,2,Multi-Image Spans
4739,multi_train,2,Non-Span
4740,multi_train,2,Non-Span
4741,multi_train,2,Multi-Image Spans
5607,multi_train,4,Multi-Image Spans
5608,multi_train,4,Non-Span
5609,multi_train,4,Cross-Image Synthesis
4923,multi_train,3,Non-Span
4915,multi_train,3,Multi-Image Spans
4916,multi_train,3,Non-Span
4917,multi_train,3,Multi-Image Spans
4918,multi_train,3,Multi-Image Spans
4919,multi_train,3,Multi-Image Spans
4920,multi_train,3,Cross-Image Synthesis
4921,multi_train,3,Multi-Image Spans
3673,multi_train,2,Multi-Image Spans
3674,multi_train,2,Multi-Image Spans
7427,multi_train,2,Multi-Image Spans
7428,multi_train,2,Non-Span
6279,multi_train,4,Cross-Image Synthesis
6281,multi_train,4,Cross-Image Synthesis
6282,multi_train,4,Multi-Image Spans
1433,multi_train,2,Multi-Image Spans
1434,multi_train,2,Multi-Image Spans
1436,multi_train,2,Non-Span
5182,multi_train,3,Cross-Image Synthesis
5185,multi_train,3,Multi-Image Spans
1320,multi_train,2,Non-Span
1322,multi_train,2,Multi-Image Spans
1323,multi_train,2,Multi-Image Spans
2439,multi_train,3,Multi-Image Spans
2432,multi_train,3,Cross-Image Synthesis
2433,multi_train,3,Multi-Image Spans
2434,multi_train,3,Multi-Image Spans
2435,multi_train,3,Multi-Image Spans
6227,multi_train,4,Non-Span
8700,multi_train,3,Cross-Image Synthesis
8701,multi_train,3,Multi-Image Spans
8702,multi_train,3,Multi-Image Spans
8703,multi_train,3,Cross-Image Synthesis
8689,multi_train,3,Non-Span
8692,multi_train,3,Multi-Image Spans
8696,multi_train,3,Multi-Image Spans
8698,multi_train,3,Cross-Image Synthesis
5251,multi_train,2,Multi-Image Spans
5252,multi_train,2,Cross-Image Synthesis
5719,multi_train,4,Multi-Image Spans
5720,multi_train,4,Multi-Image Spans
1798,multi_train,3,Non-Span
1799,multi_train,3,Cross-Image Synthesis
1800,multi_train,3,Non-Span
1802,multi_train,3,Non-Span
1803,multi_train,3,Non-Span
2164,multi_train,2,Non-Span
4724,multi_train,2,Multi-Image Spans
4725,multi_train,2,Non-Span
4726,multi_train,2,Cross-Image Synthesis
4727,multi_train,2,Multi-Image Spans
4728,multi_train,2,Multi-Image Spans
1174,multi_train,2,Multi-Image Spans
1175,multi_train,2,Non-Span
371,multi_train,2,Multi-Image Spans
370,multi_train,2,Multi-Image Spans
372,multi_train,2,Non-Span
373,multi_train,2,Multi-Image Spans
374,multi_train,2,Non-Span
369,multi_train,2,Multi-Image Spans
1558,multi_train,4,Multi-Image Spans
2377,multi_train,4,Non-Span
2378,multi_train,4,Multi-Image Spans
2379,multi_train,4,Cross-Image Synthesis
2380,multi_train,4,Multi-Image Spans
6692,multi_train,2,Multi-Image Spans
5521,multi_train,3,Non-Span
5522,multi_train,3,Multi-Image Spans
5523,multi_train,3,Cross-Image Synthesis
4395,multi_train,3,Multi-Image Spans
4396,multi_train,3,Cross-Image Synthesis
4397,multi_train,3,Non-Span
4398,multi_train,3,Multi-Image Spans
4399,multi_train,3,Non-Span
1958,multi_train,2,Multi-Image Spans
4621,multi_train,3,Non-Span
4622,multi_train,3,Cross-Image Synthesis
4623,multi_train,3,Multi-Image Spans
5173,multi_train,3,Multi-Image Spans
5174,multi_train,3,Non-Span
829,multi_train,2,Multi-Image Spans
830,multi_train,2,Multi-Image Spans
831,multi_train,2,Non-Span
832,multi_train,2,Multi-Image Spans
8457,multi_train,3,Non-Span
8458,multi_train,3,Cross-Image Synthesis
8459,multi_train,3,Multi-Image Spans
8460,multi_train,3,Non-Span
8461,multi_train,3,Multi-Image Spans
8462,multi_train,3,Non-Span
8463,multi_train,3,Cross-Image Synthesis
8464,multi_train,3,Multi-Image Spans
8465,multi_train,3,Cross-Image Synthesis
8466,multi_train,3,Multi-Image Spans
8455,multi_train,3,Cross-Image Synthesis
8456,multi_train,3,Multi-Image Spans
8771,multi_train,3,Multi-Image Spans
8775,multi_train,3,Multi-Image Spans
8776,multi_train,3,Non-Span
8770,multi_train,3,Non-Span
375,multi_train,2,Cross-Image Synthesis
376,multi_train,2,Multi-Image Spans
377,multi_train,2,Multi-Image Spans
378,multi_train,2,Multi-Image Spans
379,multi_train,2,Non-Span
6831,multi_train,2,Multi-Image Spans
6833,multi_train,2,Multi-Image Spans
6835,multi_train,2,Multi-Image Spans
1554,multi_train,2,Non-Span
1555,multi_train,2,Multi-Image Spans
1556,multi_train,2,Non-Span
1557,multi_train,2,Multi-Image Spans
8144,multi_train,4,Cross-Image Synthesis
8145,multi_train,4,Multi-Image Spans
7927,multi_train,2,Multi-Image Spans
3567,multi_train,3,Multi-Image Spans
3569,multi_train,3,Non-Span
3570,multi_train,3,Multi-Image Spans
3571,multi_train,3,Cross-Image Synthesis
3559,multi_train,3,Multi-Image Spans
3560,multi_train,3,Multi-Image Spans
3561,multi_train,3,Non-Span
7386,multi_train,2,Multi-Image Spans
7388,multi_train,2,Non-Span
7575,multi_train,2,Cross-Image Synthesis
7576,multi_train,2,Non-Span
7577,multi_train,2,Multi-Image Spans
3889,multi_train,2,Multi-Image Spans
3890,multi_train,2,Multi-Image Spans
3893,multi_train,3,Multi-Image Spans
3894,multi_train,3,Cross-Image Synthesis
3895,multi_train,3,Multi-Image Spans
3896,multi_train,3,Multi-Image Spans
3897,multi_train,3,Non-Span
3891,multi_train,2,Non-Span
3892,multi_train,2,Multi-Image Spans
5699,multi_train,3,Multi-Image Spans
5700,multi_train,3,Multi-Image Spans
5701,multi_train,3,Non-Span
3074,multi_train,3,Multi-Image Spans
3075,multi_train,3,Multi-Image Spans
3069,multi_train,2,Multi-Image Spans
3070,multi_train,2,Non-Span
3072,multi_train,2,Multi-Image Spans
3073,multi_train,2,Multi-Image Spans
937,multi_train,3,Non-Span
938,multi_train,3,Multi-Image Spans
1741,multi_train,2,Non-Span
1742,multi_train,2,Multi-Image Spans
5344,multi_train,3,Multi-Image Spans
5346,multi_train,3,Multi-Image Spans
5656,multi_train,3,Multi-Image Spans
5657,multi_train,3,Non-Span
5658,multi_train,3,Multi-Image Spans
5659,multi_train,3,Non-Span
7550,multi_train,3,Non-Span
7551,multi_train,3,Multi-Image Spans
4904,multi_train,3,Multi-Image Spans
4906,multi_train,3,Multi-Image Spans
4908,multi_train,3,Cross-Image Synthesis
4909,multi_train,3,Cross-Image Synthesis
4910,multi_train,3,Non-Span
4911,multi_train,3,Multi-Image Spans
4912,multi_train,3,Multi-Image Spans
4913,multi_train,3,Non-Span
4914,multi_train,3,Cross-Image Synthesis
6944,multi_train,2,Multi-Image Spans
6945,multi_train,2,Multi-Image Spans
5253,multi_train,2,Non-Span
5254,multi_train,2,Multi-Image Spans
5255,multi_train,2,Multi-Image Spans
5256,multi_train,2,Cross-Image Synthesis
5257,multi_train,2,Non-Span
3718,multi_train,2,Multi-Image Spans
6434,multi_train,2,Non-Span
6436,multi_train,2,Multi-Image Spans
6880,multi_train,4,Non-Span
6881,multi_train,4,Multi-Image Spans
6856,multi_train,2,Non-Span
6857,multi_train,2,Cross-Image Synthesis
6858,multi_train,2,Multi-Image Spans
3116,multi_train,3,Non-Span
3117,multi_train,3,Cross-Image Synthesis
3118,multi_train,3,Multi-Image Spans
3119,multi_train,3,Cross-Image Synthesis
3113,multi_train,3,Multi-Image Spans
3114,multi_train,3,Multi-Image Spans
3115,multi_train,3,Cross-Image Synthesis
3416,multi_train,3,Multi-Image Spans
3417,multi_train,3,Non-Span
3418,multi_train,3,Multi-Image Spans
3419,multi_train,3,Non-Span
3420,multi_train,3,Cross-Image Synthesis
3421,multi_train,3,Cross-Image Synthesis
3422,multi_train,3,Cross-Image Synthesis
3423,multi_train,3,Multi-Image Spans
3424,multi_train,3,Non-Span
3413,multi_train,3,Multi-Image Spans
3414,multi_train,3,Non-Span
3415,multi_train,3,Non-Span
34,multi_train,4,Multi-Image Spans
32,multi_train,4,Multi-Image Spans
35,multi_train,4,Cross-Image Synthesis
33,multi_train,4,Non-Span
6147,multi_train,3,Multi-Image Spans
4565,multi_train,2,Multi-Image Spans
4566,multi_train,2,Cross-Image Synthesis
4567,multi_train,2,Non-Span
3379,multi_train,3,Multi-Image Spans
3380,multi_train,3,Multi-Image Spans
3382,multi_train,3,Non-Span
3383,multi_train,3,Multi-Image Spans
3384,multi_train,3,Cross-Image Synthesis
3385,multi_train,3,Non-Span
3387,multi_train,3,Multi-Image Spans
3390,multi_train,3,Multi-Image Spans
6339,multi_train,2,Cross-Image Synthesis
6340,multi_train,2,Multi-Image Spans
6342,multi_train,2,Cross-Image Synthesis
1783,multi_train,3,Cross-Image Synthesis
1784,multi_train,3,Multi-Image Spans
1785,multi_train,3,Multi-Image Spans
1786,multi_train,3,Non-Span
7528,multi_train,2,Multi-Image Spans
7531,multi_train,2,Multi-Image Spans
7532,multi_train,2,Non-Span
7533,multi_train,2,Multi-Image Spans
4683,multi_train,2,Multi-Image Spans
4684,multi_train,2,Non-Span
4685,multi_train,2,Multi-Image Spans
7651,multi_train,3,Non-Span
7652,multi_train,3,Multi-Image Spans
7653,multi_train,3,Multi-Image Spans
1375,multi_train,2,Multi-Image Spans
1376,multi_train,2,Multi-Image Spans
7111,multi_train,3,Multi-Image Spans
7109,multi_train,3,Non-Span
7110,multi_train,3,Multi-Image Spans
3276,multi_train,3,Non-Span
3278,multi_train,3,Multi-Image Spans
3274,multi_train,3,Multi-Image Spans
3269,multi_train,3,Multi-Image Spans
3272,multi_train,3,Multi-Image Spans
3273,multi_train,3,Multi-Image Spans
7667,multi_train,3,Multi-Image Spans
7669,multi_train,3,Cross-Image Synthesis
3758,multi_train,3,Multi-Image Spans
4582,multi_train,2,Multi-Image Spans
3541,multi_train,3,Multi-Image Spans
3533,multi_train,3,Non-Span
3535,multi_train,3,Multi-Image Spans
5627,multi_train,2,Non-Span
3376,multi_train,3,Multi-Image Spans
3377,multi_train,3,Cross-Image Synthesis
3378,multi_train,3,Non-Span
3372,multi_train,3,Non-Span
3373,multi_train,3,Multi-Image Spans
3374,multi_train,3,Cross-Image Synthesis
3375,multi_train,3,Multi-Image Spans
3369,multi_train,3,Cross-Image Synthesis
3370,multi_train,3,Multi-Image Spans
3371,multi_train,3,Non-Span
9121,multi_train,3,Multi-Image Spans
9127,multi_train,3,Non-Span
9123,multi_train,3,Non-Span
9124,multi_train,3,Multi-Image Spans
6624,multi_train,2,Cross-Image Synthesis
6625,multi_train,2,Multi-Image Spans
6626,multi_train,2,Cross-Image Synthesis
6627,multi_train,2,Multi-Image Spans
6628,multi_train,2,Non-Span
7854,multi_train,4,Cross-Image Synthesis
7856,multi_train,4,Multi-Image Spans
765,multi_train,3,Cross-Image Synthesis
767,multi_train,3,Multi-Image Spans
768,multi_train,3,Multi-Image Spans
773,multi_train,3,Multi-Image Spans
769,multi_train,3,Multi-Image Spans
772,multi_train,3,Multi-Image Spans
4771,multi_train,4,Multi-Image Spans
4170,multi_train,2,Non-Span
4171,multi_train,2,Multi-Image Spans
4172,multi_train,2,Multi-Image Spans
1977,multi_train,3,Multi-Image Spans
1978,multi_train,3,Multi-Image Spans
6059,multi_train,3,Non-Span
6061,multi_train,3,Multi-Image Spans
5742,multi_train,3,Multi-Image Spans
5743,multi_train,3,Non-Span
5744,multi_train,3,Cross-Image Synthesis
5745,multi_train,3,Multi-Image Spans
5746,multi_train,3,Non-Span
5747,multi_train,3,Cross-Image Synthesis
5748,multi_train,3,Multi-Image Spans
5749,multi_train,3,Multi-Image Spans
191,multi_train,3,Multi-Image Spans
194,multi_train,3,Non-Span
6621,multi_train,2,Multi-Image Spans
6622,multi_train,2,Non-Span
6959,multi_train,2,Cross-Image Synthesis
6960,multi_train,2,Non-Span
2530,multi_train,3,Cross-Image Synthesis
2532,multi_train,3,Multi-Image Spans
2534,multi_train,3,Cross-Image Synthesis
2523,multi_train,3,Cross-Image Synthesis
2526,multi_train,3,Cross-Image Synthesis
7872,multi_train,2,Multi-Image Spans
7873,multi_train,2,Non-Span
7874,multi_train,2,Non-Span
7875,multi_train,2,Non-Span
7876,multi_train,2,Multi-Image Spans
7807,multi_train,3,Multi-Image Spans
7808,multi_train,3,Non-Span
7809,multi_train,3,Cross-Image Synthesis
7810,multi_train,3,Multi-Image Spans
7811,multi_train,3,Non-Span
8668,multi_train,3,Multi-Image Spans
8670,multi_train,3,Multi-Image Spans
8671,multi_train,3,Non-Span
6674,multi_train,2,Non-Span
6676,multi_train,2,Multi-Image Spans
5660,multi_train,2,Cross-Image Synthesis
5661,multi_train,2,Cross-Image Synthesis
5662,multi_train,2,Non-Span
5663,multi_train,2,Multi-Image Spans
4816,multi_train,3,Multi-Image Spans
4817,multi_train,3,Non-Span
4818,multi_train,3,Multi-Image Spans
4819,multi_train,3,Non-Span
4820,multi_train,3,Cross-Image Synthesis
4821,multi_train,3,Multi-Image Spans
4812,multi_train,3,Cross-Image Synthesis
4813,multi_train,3,Multi-Image Spans
4814,multi_train,3,Non-Span
4815,multi_train,3,Cross-Image Synthesis
7459,multi_train,3,Non-Span
7460,multi_train,3,Multi-Image Spans
7461,multi_train,3,Cross-Image Synthesis
3998,multi_train,4,Cross-Image Synthesis
3999,multi_train,4,Multi-Image Spans
4000,multi_train,4,Cross-Image Synthesis
4795,multi_train,3,Multi-Image Spans
8300,multi_train,2,Multi-Image Spans
8301,multi_train,2,Multi-Image Spans
8302,multi_train,2,Multi-Image Spans
8303,multi_train,2,Non-Span
1191,multi_train,2,Non-Span
1192,multi_train,2,Multi-Image Spans
1193,multi_train,2,Multi-Image Spans
290,multi_train,2,Multi-Image Spans
8035,multi_train,3,Multi-Image Spans
8036,multi_train,3,Multi-Image Spans
8037,multi_train,3,Multi-Image Spans
8038,multi_train,3,Cross-Image Synthesis
6440,multi_train,2,Cross-Image Synthesis
6441,multi_train,2,Multi-Image Spans
6442,multi_train,2,Multi-Image Spans
6443,multi_train,2,Non-Span
8178,multi_train,2,Non-Span
8179,multi_train,2,Multi-Image Spans
8180,multi_train,2,Cross-Image Synthesis
8181,multi_train,2,Multi-Image Spans
8182,multi_train,2,Multi-Image Spans
8183,multi_train,2,Multi-Image Spans
8866,multi_train,3,Non-Span
8867,multi_train,3,Multi-Image Spans
8868,multi_train,3,Non-Span
8870,multi_train,3,Multi-Image Spans
8862,multi_train,3,Multi-Image Spans
8863,multi_train,3,Non-Span
7078,multi_train,3,Multi-Image Spans
7079,multi_train,3,Multi-Image Spans
7080,multi_train,3,Multi-Image Spans
7075,multi_train,3,Cross-Image Synthesis
7077,multi_train,3,Multi-Image Spans
7083,multi_train,3,Multi-Image Spans
161,multi_train,2,Multi-Image Spans
162,multi_train,2,Multi-Image Spans
163,multi_train,2,Multi-Image Spans
164,multi_train,2,Non-Span
3821,multi_train,2,Multi-Image Spans
3822,multi_train,2,Multi-Image Spans
3823,multi_train,2,Non-Span
7643,multi_train,2,Multi-Image Spans
7644,multi_train,2,Non-Span
4502,multi_train,2,Multi-Image Spans
4504,multi_train,2,Multi-Image Spans
8351,multi_train,3,Non-Span
8352,multi_train,3,Multi-Image Spans
8353,multi_train,3,Cross-Image Synthesis
4046,multi_train,4,Non-Span
4047,multi_train,4,Multi-Image Spans
2943,multi_train,3,Non-Span
2944,multi_train,3,Multi-Image Spans
2945,multi_train,3,Multi-Image Spans
2946,multi_train,3,Non-Span
2948,multi_train,3,Cross-Image Synthesis
2952,multi_train,3,Non-Span
2953,multi_train,3,Multi-Image Spans
9003,multi_train,3,Multi-Image Spans
9002,multi_train,3,Non-Span
9004,multi_train,3,Non-Span
9005,multi_train,3,Multi-Image Spans
9008,multi_train,3,Multi-Image Spans
9009,multi_train,3,Multi-Image Spans
7615,multi_train,3,Multi-Image Spans
7617,multi_train,3,Cross-Image Synthesis
3772,multi_train,3,Multi-Image Spans
3774,multi_train,3,Non-Span
3776,multi_train,3,Multi-Image Spans
3777,multi_train,3,Multi-Image Spans
3779,multi_train,3,Multi-Image Spans
3780,multi_train,3,Multi-Image Spans
4494,multi_train,3,Non-Span
4495,multi_train,3,Cross-Image Synthesis
4496,multi_train,3,Multi-Image Spans
1950,multi_train,3,Multi-Image Spans
127,multi_train,4,Multi-Image Spans
124,multi_train,4,Non-Span
2193,multi_train,4,Multi-Image Spans
2194,multi_train,4,Non-Span
8985,multi_train,3,Multi-Image Spans
3454,multi_train,3,Non-Span
3455,multi_train,3,Non-Span
3457,multi_train,3,Multi-Image Spans
3447,multi_train,3,Multi-Image Spans
3449,multi_train,3,Multi-Image Spans
3450,multi_train,3,Non-Span
3451,multi_train,3,Multi-Image Spans
3452,multi_train,3,Multi-Image Spans
4034,multi_train,3,Multi-Image Spans
4036,multi_train,3,Multi-Image Spans
5217,multi_train,2,Cross-Image Synthesis
5219,multi_train,2,Non-Span
5221,multi_train,2,Multi-Image Spans
1998,multi_train,3,Non-Span
2190,multi_train,3,Multi-Image Spans
2192,multi_train,3,Non-Span
5324,multi_train,2,Multi-Image Spans
5325,multi_train,2,Multi-Image Spans
291,multi_train,2,Non-Span
292,multi_train,2,Non-Span
293,multi_train,2,Multi-Image Spans
294,multi_train,2,Multi-Image Spans
4384,multi_train,2,Multi-Image Spans
4385,multi_train,2,Non-Span
4387,multi_train,2,Multi-Image Spans
1187,multi_train,2,Multi-Image Spans
9295,multi_train,3,Multi-Image Spans
9296,multi_train,3,Non-Span
8226,multi_train,3,Multi-Image Spans
8227,multi_train,3,Non-Span
8229,multi_train,3,Multi-Image Spans
2406,multi_train,3,Non-Span
2408,multi_train,3,Multi-Image Spans
2410,multi_train,3,Non-Span
2412,multi_train,3,Cross-Image Synthesis
2414,multi_train,3,Multi-Image Spans
2416,multi_train,3,Multi-Image Spans
4606,multi_train,3,Non-Span
4608,multi_train,3,Multi-Image Spans
4610,multi_train,3,Cross-Image Synthesis
3829,multi_train,2,Multi-Image Spans
3831,multi_train,2,Non-Span
1833,multi_train,4,Cross-Image Synthesis
1834,multi_train,4,Multi-Image Spans
1835,multi_train,4,Non-Span
1836,multi_train,4,Cross-Image Synthesis
1837,multi_train,4,Multi-Image Spans
133,multi_train,3,Multi-Image Spans
4611,multi_train,2,Multi-Image Spans
4612,multi_train,2,Multi-Image Spans
4613,multi_train,2,Multi-Image Spans
1808,multi_train,4,Multi-Image Spans
1809,multi_train,4,Cross-Image Synthesis
1810,multi_train,4,Non-Span
1679,multi_train,3,Non-Span
1680,multi_train,3,Multi-Image Spans
1681,multi_train,3,Non-Span
1682,multi_train,3,Multi-Image Spans
7571,multi_train,3,Non-Span
7572,multi_train,3,Multi-Image Spans
1618,multi_train,2,Cross-Image Synthesis
6805,multi_train,2,Multi-Image Spans
6806,multi_train,2,Non-Span
6807,multi_train,2,Multi-Image Spans
9289,multi_train,3,Cross-Image Synthesis
9290,multi_train,3,Multi-Image Spans
9291,multi_train,3,Non-Span
6258,multi_train,2,Multi-Image Spans
6260,multi_train,2,Multi-Image Spans
4065,multi_train,2,Multi-Image Spans
4066,multi_train,2,Multi-Image Spans
1131,multi_train,2,Non-Span
1132,multi_train,2,Multi-Image Spans
1134,multi_train,2,Multi-Image Spans
7607,multi_train,2,Multi-Image Spans
7608,multi_train,2,Non-Span
7610,multi_train,2,Multi-Image Spans
7611,multi_train,2,Multi-Image Spans
2079,multi_train,2,Multi-Image Spans
4098,multi_train,3,Non-Span
4099,multi_train,3,Cross-Image Synthesis
4100,multi_train,3,Multi-Image Spans
4101,multi_train,3,Multi-Image Spans
4102,multi_train,3,Multi-Image Spans
7360,multi_train,2,Multi-Image Spans
4174,multi_train,3,Cross-Image Synthesis
4175,multi_train,3,Non-Span
4176,multi_train,3,Multi-Image Spans
4177,multi_train,3,Multi-Image Spans
3507,multi_train,3,Multi-Image Spans
3508,multi_train,3,Non-Span
3509,multi_train,3,Cross-Image Synthesis
3510,multi_train,3,Non-Span
3512,multi_train,3,Multi-Image Spans
3513,multi_train,3,Cross-Image Synthesis
3514,multi_train,3,Cross-Image Synthesis
3515,multi_train,3,Multi-Image Spans
3516,multi_train,3,Multi-Image Spans
3517,multi_train,3,Non-Span
3518,multi_train,3,Multi-Image Spans
314,multi_train,2,Non-Span
316,multi_train,2,Multi-Image Spans
315,multi_train,2,Cross-Image Synthesis
1378,multi_train,4,Non-Span
1379,multi_train,4,Multi-Image Spans
1381,multi_train,4,Multi-Image Spans
4761,multi_train,2,Non-Span
4762,multi_train,2,Multi-Image Spans
1566,multi_train,2,Cross-Image Synthesis
6190,multi_train,2,Multi-Image Spans
6453,multi_train,3,Cross-Image Synthesis
6456,multi_train,3,Multi-Image Spans
6457,multi_train,3,Multi-Image Spans
7338,multi_train,2,Cross-Image Synthesis
7339,multi_train,2,Non-Span
7340,multi_train,2,Cross-Image Synthesis
7341,multi_train,2,Multi-Image Spans
7343,multi_train,2,Multi-Image Spans
266,multi_train,3,Multi-Image Spans
267,multi_train,3,Non-Span
6127,multi_train,3,Non-Span
6128,multi_train,3,Multi-Image Spans
6129,multi_train,3,Multi-Image Spans
1570,multi_train,2,Non-Span
1571,multi_train,2,Multi-Image Spans
1572,multi_train,2,Multi-Image Spans
1573,multi_train,2,Multi-Image Spans
7603,multi_train,2,Non-Span
7604,multi_train,2,Multi-Image Spans
7605,multi_train,2,Cross-Image Synthesis
7606,multi_train,2,Multi-Image Spans
8096,multi_train,3,Multi-Image Spans
7186,multi_train,3,Multi-Image Spans
7187,multi_train,3,Non-Span
7188,multi_train,3,Multi-Image Spans
7192,multi_train,3,Multi-Image Spans
7194,multi_train,3,Multi-Image Spans
7190,multi_train,3,Multi-Image Spans
7191,multi_train,3,Non-Span
6269,multi_train,3,Cross-Image Synthesis
6270,multi_train,3,Multi-Image Spans
6271,multi_train,3,Non-Span
4747,multi_train,2,Multi-Image Spans
4748,multi_train,2,Non-Span
4749,multi_train,2,Multi-Image Spans
6182,multi_train,3,Multi-Image Spans
4893,multi_train,3,Multi-Image Spans
4894,multi_train,3,Non-Span
4895,multi_train,3,Multi-Image Spans
4899,multi_train,3,Multi-Image Spans
4900,multi_train,3,Multi-Image Spans
4901,multi_train,3,Non-Span
4902,multi_train,3,Cross-Image Synthesis
4897,multi_train,3,Multi-Image Spans
4898,multi_train,3,Multi-Image Spans
8130,multi_train,3,Multi-Image Spans
8131,multi_train,3,Multi-Image Spans
8132,multi_train,3,Multi-Image Spans
8133,multi_train,3,Multi-Image Spans
8134,multi_train,3,Multi-Image Spans
2675,multi_train,3,Multi-Image Spans
2676,multi_train,3,Multi-Image Spans
2677,multi_train,3,Non-Span
2678,multi_train,3,Multi-Image Spans
2679,multi_train,3,Non-Span
2682,multi_train,3,Multi-Image Spans
6932,multi_train,2,Multi-Image Spans
1405,multi_train,3,Non-Span
1406,multi_train,3,Multi-Image Spans
1407,multi_train,3,Multi-Image Spans
3858,multi_train,3,Non-Span
3859,multi_train,3,Multi-Image Spans
3857,multi_train,3,Non-Span
3861,multi_train,3,Non-Span
3862,multi_train,3,Multi-Image Spans
3863,multi_train,3,Non-Span
3864,multi_train,3,Non-Span
3865,multi_train,3,Cross-Image Synthesis
263,multi_train,2,Multi-Image Spans
260,multi_train,2,Multi-Image Spans
261,multi_train,2,Non-Span
262,multi_train,2,Non-Span
264,multi_train,2,Multi-Image Spans
337,multi_train,3,Multi-Image Spans
338,multi_train,3,Non-Span
340,multi_train,3,Multi-Image Spans
341,multi_train,3,Multi-Image Spans
342,multi_train,3,Non-Span
343,multi_train,3,Multi-Image Spans
344,multi_train,3,Multi-Image Spans
2918,multi_train,3,Cross-Image Synthesis
2919,multi_train,3,Multi-Image Spans
2920,multi_train,3,Non-Span
2921,multi_train,3,Non-Span
2922,multi_train,3,Non-Span
7698,multi_train,2,Multi-Image Spans
7699,multi_train,2,Non-Span
6916,multi_train,2,Cross-Image Synthesis
6917,multi_train,2,Non-Span
9244,multi_train,3,Multi-Image Spans
9245,multi_train,3,Cross-Image Synthesis
9246,multi_train,3,Non-Span
9247,multi_train,3,Multi-Image Spans
9249,multi_train,3,Multi-Image Spans
9250,multi_train,3,Multi-Image Spans
9251,multi_train,3,Multi-Image Spans
415,multi_train,2,Multi-Image Spans
416,multi_train,2,Multi-Image Spans
417,multi_train,2,Non-Span
418,multi_train,2,Cross-Image Synthesis
8272,multi_train,2,Cross-Image Synthesis
8273,multi_train,2,Multi-Image Spans
8274,multi_train,2,Cross-Image Synthesis
8275,multi_train,2,Multi-Image Spans
8276,multi_train,2,Non-Span
8104,multi_train,3,Cross-Image Synthesis
8106,multi_train,3,Multi-Image Spans
8108,multi_train,3,Multi-Image Spans
5616,multi_train,2,Multi-Image Spans
5617,multi_train,2,Multi-Image Spans
2699,multi_train,3,Non-Span
2700,multi_train,3,Cross-Image Synthesis
6906,multi_train,3,Non-Span
6907,multi_train,3,Multi-Image Spans
6908,multi_train,3,Multi-Image Spans
6909,multi_train,3,Multi-Image Spans
6910,multi_train,3,Multi-Image Spans
2022,multi_train,3,Non-Span
2023,multi_train,3,Multi-Image Spans
3969,multi_train,3,Multi-Image Spans
3971,multi_train,3,Non-Span
3972,multi_train,3,Cross-Image Synthesis
2083,multi_train,2,Multi-Image Spans
2085,multi_train,2,Multi-Image Spans
6664,multi_train,2,Non-Span
6665,multi_train,2,Multi-Image Spans
6666,multi_train,2,Cross-Image Synthesis
6667,multi_train,2,Multi-Image Spans
3023,multi_train,3,Multi-Image Spans
3024,multi_train,3,Multi-Image Spans
3025,multi_train,3,Cross-Image Synthesis
3026,multi_train,3,Non-Span
3020,multi_train,3,Multi-Image Spans
3021,multi_train,3,Multi-Image Spans
3022,multi_train,3,Non-Span
3015,multi_train,3,Multi-Image Spans
3019,multi_train,3,Multi-Image Spans
2846,multi_train,3,Multi-Image Spans
2847,multi_train,3,Non-Span
2848,multi_train,3,Non-Span
2849,multi_train,3,Cross-Image Synthesis
2851,multi_train,3,Cross-Image Synthesis
2842,multi_train,3,Cross-Image Synthesis
2843,multi_train,3,Multi-Image Spans
2844,multi_train,3,Non-Span
9269,multi_train,3,Multi-Image Spans
9270,multi_train,3,Cross-Image Synthesis
9271,multi_train,3,Non-Span
9272,multi_train,3,Multi-Image Spans
8982,multi_train,3,Non-Span
8983,multi_train,3,Multi-Image Spans
8984,multi_train,3,Non-Span
8972,multi_train,3,Multi-Image Spans
8973,multi_train,3,Cross-Image Synthesis
8974,multi_train,3,Non-Span
8975,multi_train,3,Multi-Image Spans
8976,multi_train,3,Cross-Image Synthesis
8977,multi_train,3,Multi-Image Spans
8978,multi_train,3,Multi-Image Spans
8980,multi_train,3,Cross-Image Synthesis
8981,multi_train,3,Non-Span
8979,multi_train,3,Non-Span
1176,multi_train,2,Multi-Image Spans
1177,multi_train,2,Multi-Image Spans
1178,multi_train,2,Multi-Image Spans
1258,multi_train,2,Multi-Image Spans
9192,multi_train,3,Multi-Image Spans
9194,multi_train,3,Multi-Image Spans
9180,multi_train,3,Multi-Image Spans
9181,multi_train,3,Multi-Image Spans
9182,multi_train,3,Non-Span
9184,multi_train,3,Non-Span
9187,multi_train,3,Multi-Image Spans
9188,multi_train,3,Multi-Image Spans
1441,multi_train,3,Multi-Image Spans
1442,multi_train,3,Multi-Image Spans
1443,multi_train,3,Multi-Image Spans
1444,multi_train,3,Non-Span
1139,multi_train,2,Multi-Image Spans
1142,multi_train,2,Multi-Image Spans
1143,multi_train,2,Multi-Image Spans
1140,multi_train,2,Multi-Image Spans
1141,multi_train,2,Cross-Image Synthesis
3349,multi_train,3,Multi-Image Spans
3350,multi_train,3,Non-Span
3351,multi_train,3,Multi-Image Spans
3355,multi_train,3,Multi-Image Spans
3356,multi_train,3,Multi-Image Spans
3353,multi_train,3,Multi-Image Spans
3354,multi_train,3,Multi-Image Spans
6201,multi_train,3,Multi-Image Spans
759,multi_train,3,Multi-Image Spans
762,multi_train,3,Non-Span
763,multi_train,3,Non-Span
753,multi_train,3,Multi-Image Spans
754,multi_train,3,Non-Span
755,multi_train,3,Non-Span
756,multi_train,3,Multi-Image Spans
758,multi_train,3,Cross-Image Synthesis
8277,multi_train,2,Cross-Image Synthesis
8278,multi_train,2,Non-Span
8279,multi_train,2,Multi-Image Spans
7125,multi_train,3,Cross-Image Synthesis
7126,multi_train,3,Non-Span
7128,multi_train,3,Non-Span
7134,multi_train,3,Non-Span
7135,multi_train,3,Multi-Image Spans
7136,multi_train,3,Multi-Image Spans
7130,multi_train,3,Multi-Image Spans
7131,multi_train,3,Non-Span
6726,multi_train,3,Cross-Image Synthesis
6727,multi_train,3,Non-Span
6728,multi_train,3,Non-Span
3399,multi_train,3,Multi-Image Spans
6103,multi_train,2,Cross-Image Synthesis
6104,multi_train,2,Multi-Image Spans
6105,multi_train,2,Multi-Image Spans
6106,multi_train,2,Non-Span
6107,multi_train,2,Multi-Image Spans
7962,multi_train,2,Multi-Image Spans
7963,multi_train,2,Multi-Image Spans
7964,multi_train,2,Multi-Image Spans
8204,multi_train,2,Multi-Image Spans
8206,multi_train,2,Cross-Image Synthesis
3089,multi_train,2,Non-Span
3093,multi_train,2,Multi-Image Spans
3094,multi_train,2,Multi-Image Spans
3095,multi_train,2,Multi-Image Spans
3096,multi_train,2,Non-Span
3090,multi_train,3,Non-Span
3091,multi_train,3,Cross-Image Synthesis
3092,multi_train,3,Multi-Image Spans
4245,multi_train,3,Non-Span
4246,multi_train,3,Multi-Image Spans
4247,multi_train,3,Cross-Image Synthesis
4248,multi_train,3,Multi-Image Spans
4249,multi_train,3,Cross-Image Synthesis
4251,multi_train,3,Non-Span
4253,multi_train,3,Cross-Image Synthesis
2381,multi_train,2,Cross-Image Synthesis
2382,multi_train,2,Non-Span
2383,multi_train,2,Multi-Image Spans
7403,multi_train,2,Multi-Image Spans
7405,multi_train,2,Cross-Image Synthesis
7406,multi_train,2,Multi-Image Spans
4029,multi_train,2,Multi-Image Spans
4030,multi_train,2,Multi-Image Spans
4031,multi_train,2,Non-Span
1426,multi_train,2,Multi-Image Spans
1427,multi_train,2,Non-Span
1428,multi_train,2,Multi-Image Spans
7272,multi_train,3,Cross-Image Synthesis
7273,multi_train,3,Multi-Image Spans
7274,multi_train,3,Non-Span
7276,multi_train,3,Multi-Image Spans
7277,multi_train,3,Multi-Image Spans
7282,multi_train,3,Multi-Image Spans
7269,multi_train,3,Multi-Image Spans
7270,multi_train,3,Cross-Image Synthesis
7271,multi_train,3,Non-Span
5621,multi_train,3,Multi-Image Spans
5622,multi_train,3,Non-Span
2109,multi_train,2,Multi-Image Spans
2113,multi_train,2,Multi-Image Spans
6058,multi_train,2,Multi-Image Spans
833,multi_train,4,Non-Span
835,multi_train,4,Multi-Image Spans
1103,multi_train,2,Multi-Image Spans
1104,multi_train,2,Cross-Image Synthesis
1105,multi_train,2,Non-Span
1106,multi_train,2,Multi-Image Spans
1107,multi_train,2,Cross-Image Synthesis
6291,multi_train,2,Multi-Image Spans
6292,multi_train,2,Non-Span
6809,multi_train,3,Multi-Image Spans
6810,multi_train,3,Multi-Image Spans
6811,multi_train,3,Multi-Image Spans
6813,multi_train,3,Multi-Image Spans
5199,multi_train,3,Non-Span
911,multi_train,2,Multi-Image Spans
910,multi_train,2,Multi-Image Spans
912,multi_train,2,Non-Span
913,multi_train,2,Multi-Image Spans
828,multi_train,2,Multi-Image Spans
7327,multi_train,4,Multi-Image Spans
5190,multi_train,3,Cross-Image Synthesis
5191,multi_train,3,Multi-Image Spans
5192,multi_train,3,Non-Span
5193,multi_train,3,Multi-Image Spans
5194,multi_train,3,Multi-Image Spans
5195,multi_train,3,Cross-Image Synthesis
3364,multi_train,3,Multi-Image Spans
3365,multi_train,3,Multi-Image Spans
3368,multi_train,3,Multi-Image Spans
3358,multi_train,3,Multi-Image Spans
3359,multi_train,3,Multi-Image Spans
6997,multi_train,3,Multi-Image Spans
6998,multi_train,3,Multi-Image Spans
6999,multi_train,3,Non-Span
7000,multi_train,3,Multi-Image Spans
6995,multi_train,3,Multi-Image Spans
6996,multi_train,3,Multi-Image Spans
7001,multi_train,3,Non-Span
7002,multi_train,3,Multi-Image Spans
7003,multi_train,3,Multi-Image Spans
7004,multi_train,3,Multi-Image Spans
1409,multi_train,2,Multi-Image Spans
8532,multi_train,3,Cross-Image Synthesis
8533,multi_train,3,Multi-Image Spans
8534,multi_train,3,Non-Span
8537,multi_train,3,Cross-Image Synthesis
8527,multi_train,3,Non-Span
8528,multi_train,3,Multi-Image Spans
8529,multi_train,3,Non-Span
8530,multi_train,3,Cross-Image Synthesis
8531,multi_train,3,Multi-Image Spans
8538,multi_train,3,Non-Span
8539,multi_train,3,Multi-Image Spans
8541,multi_train,3,Multi-Image Spans
8543,multi_train,3,Multi-Image Spans
7520,multi_train,3,Multi-Image Spans
2328,multi_train,2,Multi-Image Spans
3651,multi_train,4,Multi-Image Spans
2029,multi_train,2,Multi-Image Spans
2659,multi_train,3,Non-Span
2660,multi_train,3,Non-Span
2661,multi_train,3,Multi-Image Spans
2662,multi_train,3,Multi-Image Spans
2656,multi_train,3,Non-Span
2657,multi_train,3,Multi-Image Spans
2658,multi_train,3,Non-Span
2653,multi_train,3,Multi-Image Spans
2654,multi_train,3,Cross-Image Synthesis
2655,multi_train,3,Non-Span
3665,multi_train,3,Cross-Image Synthesis
5790,multi_train,3,Multi-Image Spans
5791,multi_train,3,Cross-Image Synthesis
5792,multi_train,3,Non-Span
5793,multi_train,3,Multi-Image Spans
5794,multi_train,3,Multi-Image Spans
5795,multi_train,3,Non-Span
5796,multi_train,3,Cross-Image Synthesis
5785,multi_train,3,Non-Span
5786,multi_train,3,Multi-Image Spans
5788,multi_train,3,Multi-Image Spans
5789,multi_train,3,Multi-Image Spans
6311,multi_train,2,Non-Span
8398,multi_train,3,Non-Span
8399,multi_train,3,Multi-Image Spans
8400,multi_train,3,Multi-Image Spans
7715,multi_train,3,Cross-Image Synthesis
7716,multi_train,3,Non-Span
7717,multi_train,3,Multi-Image Spans
4661,multi_train,2,Cross-Image Synthesis
4662,multi_train,2,Multi-Image Spans
4663,multi_train,2,Non-Span
4664,multi_train,2,Cross-Image Synthesis
4665,multi_train,2,Multi-Image Spans
907,multi_train,2,Multi-Image Spans
908,multi_train,2,Multi-Image Spans
909,multi_train,2,Non-Span
6795,multi_train,3,Multi-Image Spans
300,multi_train,3,Multi-Image Spans
302,multi_train,3,Cross-Image Synthesis
304,multi_train,3,Multi-Image Spans
6565,multi_train,2,Multi-Image Spans
6566,multi_train,2,Multi-Image Spans
6427,multi_train,4,Cross-Image Synthesis
6428,multi_train,4,Multi-Image Spans
6429,multi_train,4,Non-Span
6430,multi_train,4,Cross-Image Synthesis
2393,multi_train,2,Non-Span
2394,multi_train,2,Cross-Image Synthesis
2395,multi_train,2,Non-Span
2396,multi_train,2,Multi-Image Spans
6345,multi_train,2,Multi-Image Spans
6347,multi_train,2,Non-Span
1301,multi_train,4,Cross-Image Synthesis
1302,multi_train,4,Non-Span
4537,multi_train,3,Multi-Image Spans
4538,multi_train,3,Cross-Image Synthesis
4539,multi_train,3,Cross-Image Synthesis
4540,multi_train,3,Non-Span
4541,multi_train,3,Multi-Image Spans
2303,multi_train,3,Multi-Image Spans
2304,multi_train,3,Cross-Image Synthesis
2306,multi_train,3,Non-Span
7366,multi_train,2,Multi-Image Spans
728,multi_train,3,Cross-Image Synthesis
724,multi_train,3,Multi-Image Spans
726,multi_train,3,Multi-Image Spans
721,multi_train,3,Multi-Image Spans
722,multi_train,3,Cross-Image Synthesis
6569,multi_train,3,Multi-Image Spans
6570,multi_train,3,Multi-Image Spans
731,multi_train,3,Cross-Image Synthesis
733,multi_train,3,Multi-Image Spans
1885,multi_train,2,Multi-Image Spans
1887,multi_train,2,Multi-Image Spans
896,multi_train,2,Multi-Image Spans
5632,multi_train,2,Non-Span
5633,multi_train,2,Multi-Image Spans
471,multi_train,2,Non-Span
472,multi_train,2,Multi-Image Spans
473,multi_train,2,Multi-Image Spans
474,multi_train,2,Multi-Image Spans
1642,multi_train,2,Multi-Image Spans
1643,multi_train,2,Multi-Image Spans
1644,multi_train,2,Multi-Image Spans
1646,multi_train,2,Multi-Image Spans
5938,multi_train,3,Non-Span
5939,multi_train,3,Cross-Image Synthesis
5940,multi_train,3,Multi-Image Spans
5595,multi_train,2,Multi-Image Spans
5596,multi_train,2,Cross-Image Synthesis
5597,multi_train,2,Non-Span
5378,multi_train,2,Cross-Image Synthesis
5380,multi_train,2,Cross-Image Synthesis
5381,multi_train,2,Multi-Image Spans
5382,multi_train,2,Multi-Image Spans
5383,multi_train,2,Non-Span
6477,multi_train,3,Non-Span
6478,multi_train,3,Multi-Image Spans
6479,multi_train,3,Non-Span
403,multi_train,3,Non-Span
404,multi_train,3,Cross-Image Synthesis
405,multi_train,3,Multi-Image Spans
482,multi_train,3,Non-Span
476,multi_train,3,Non-Span
477,multi_train,3,Multi-Image Spans
483,multi_train,3,Multi-Image Spans
484,multi_train,3,Non-Span
486,multi_train,3,Multi-Image Spans
3645,multi_train,3,Multi-Image Spans
3646,multi_train,3,Non-Span
3640,multi_train,3,Multi-Image Spans
3643,multi_train,3,Cross-Image Synthesis
3635,multi_train,3,Non-Span
3636,multi_train,3,Non-Span
3637,multi_train,3,Multi-Image Spans
7670,multi_train,3,Multi-Image Spans
7671,multi_train,3,Non-Span
7672,multi_train,3,Multi-Image Spans
6097,multi_train,2,Multi-Image Spans
6098,multi_train,2,Multi-Image Spans
6099,multi_train,2,Non-Span
6432,multi_train,2,Cross-Image Synthesis
6433,multi_train,2,Multi-Image Spans
490,multi_train,2,Cross-Image Synthesis
491,multi_train,2,Multi-Image Spans
492,multi_train,2,Multi-Image Spans
493,multi_train,2,Non-Span
2150,multi_train,3,Multi-Image Spans
2151,multi_train,3,Non-Span
2152,multi_train,3,Non-Span
2153,multi_train,3,Multi-Image Spans
3301,multi_train,3,Multi-Image Spans
3303,multi_train,3,Non-Span
3304,multi_train,3,Multi-Image Spans
3305,multi_train,3,Non-Span
3306,multi_train,3,Non-Span
3296,multi_train,3,Multi-Image Spans
3297,multi_train,3,Multi-Image Spans
3298,multi_train,3,Multi-Image Spans
3299,multi_train,3,Non-Span
1918,multi_train,2,Non-Span
1919,multi_train,2,Non-Span
1620,multi_train,2,Multi-Image Spans
5451,multi_train,2,Non-Span
5452,multi_train,2,Multi-Image Spans
5453,multi_train,2,Cross-Image Synthesis
7759,multi_train,4,Multi-Image Spans
7761,multi_train,4,Non-Span
6215,multi_train,4,Non-Span
6216,multi_train,4,Multi-Image Spans
6218,multi_train,4,Multi-Image Spans
8009,multi_train,2,Multi-Image Spans
3097,multi_train,3,Non-Span
3098,multi_train,3,Multi-Image Spans
3099,multi_train,3,Cross-Image Synthesis
5171,multi_train,2,Multi-Image Spans
2728,multi_train,3,Multi-Image Spans
2729,multi_train,3,Non-Span
2730,multi_train,3,Multi-Image Spans
2731,multi_train,3,Multi-Image Spans
2732,multi_train,3,Multi-Image Spans
2733,multi_train,3,Cross-Image Synthesis
2734,multi_train,3,Non-Span
2736,multi_train,3,Cross-Image Synthesis
4439,multi_train,2,Non-Span
4440,multi_train,2,Cross-Image Synthesis
4441,multi_train,2,Cross-Image Synthesis
4442,multi_train,2,Multi-Image Spans
230,multi_train,2,Multi-Image Spans
227,multi_train,2,Non-Span
228,multi_train,2,Multi-Image Spans
229,multi_train,2,Multi-Image Spans
231,multi_train,2,Multi-Image Spans
232,multi_train,2,Multi-Image Spans
4360,multi_train,2,Multi-Image Spans
4361,multi_train,2,Non-Span
1702,multi_train,2,Multi-Image Spans
1703,multi_train,2,Multi-Image Spans
1704,multi_train,2,Non-Span
7869,multi_train,4,Multi-Image Spans
8625,multi_train,3,Multi-Image Spans
8626,multi_train,3,Non-Span
8635,multi_train,3,Non-Span
8636,multi_train,3,Multi-Image Spans
8637,multi_train,3,Non-Span
8638,multi_train,3,Non-Span
8630,multi_train,3,Non-Span
8631,multi_train,3,Multi-Image Spans
8632,multi_train,3,Multi-Image Spans
8633,multi_train,3,Cross-Image Synthesis
2114,multi_train,2,Multi-Image Spans
2116,multi_train,2,Non-Span
2118,multi_train,2,Cross-Image Synthesis
5412,multi_train,2,Multi-Image Spans
7827,multi_train,3,Multi-Image Spans
7828,multi_train,3,Multi-Image Spans
4570,multi_train,2,Non-Span
4571,multi_train,2,Multi-Image Spans
1712,multi_train,3,Non-Span
2315,multi_train,3,Multi-Image Spans
2316,multi_train,3,Non-Span
2317,multi_train,3,Multi-Image Spans
9469,multi_train,3,Multi-Image Spans
9470,multi_train,3,Multi-Image Spans
9466,multi_train,3,Multi-Image Spans
9467,multi_train,3,Non-Span
9462,multi_train,3,Non-Span
9463,multi_train,3,Multi-Image Spans
9464,multi_train,3,Multi-Image Spans
1314,multi_train,2,Multi-Image Spans
1315,multi_train,2,Non-Span
1316,multi_train,2,Multi-Image Spans
1317,multi_train,2,Multi-Image Spans
1318,multi_train,2,Non-Span
6086,multi_train,2,Non-Span
7100,multi_train,3,Non-Span
7102,multi_train,3,Multi-Image Spans
7105,multi_train,3,Cross-Image Synthesis
7106,multi_train,3,Cross-Image Synthesis
409,multi_train,2,Cross-Image Synthesis
411,multi_train,2,Multi-Image Spans
1084,multi_train,2,Multi-Image Spans
1086,multi_train,2,Multi-Image Spans
6171,multi_train,4,Multi-Image Spans
6173,multi_train,4,Multi-Image Spans
4932,multi_train,3,Multi-Image Spans
4933,multi_train,3,Non-Span
4934,multi_train,3,Multi-Image Spans
4935,multi_train,3,Cross-Image Synthesis
4924,multi_train,3,Multi-Image Spans
4925,multi_train,3,Non-Span
4926,multi_train,3,Cross-Image Synthesis
4928,multi_train,3,Multi-Image Spans
4929,multi_train,3,Multi-Image Spans
4930,multi_train,3,Non-Span
4931,multi_train,3,Cross-Image Synthesis
853,multi_train,2,Multi-Image Spans
855,multi_train,2,Multi-Image Spans
856,multi_train,2,Multi-Image Spans
857,multi_train,2,Multi-Image Spans
2437,multi_train,3,Cross-Image Synthesis
5237,multi_train,2,Non-Span
5238,multi_train,2,Multi-Image Spans
7838,multi_train,3,Multi-Image Spans
7839,multi_train,3,Non-Span
7840,multi_train,3,Multi-Image Spans
1865,multi_train,2,Non-Span
1866,multi_train,2,Cross-Image Synthesis
1867,multi_train,2,Multi-Image Spans
1868,multi_train,2,Multi-Image Spans
8304,multi_train,3,Cross-Image Synthesis
8305,multi_train,3,Non-Span
8306,multi_train,3,Non-Span
8307,multi_train,3,Multi-Image Spans
8309,multi_train,3,Cross-Image Synthesis
8310,multi_train,3,Non-Span
1489,multi_train,2,Multi-Image Spans
1490,multi_train,2,Multi-Image Spans
1488,multi_train,2,Non-Span
5039,multi_train,3,Multi-Image Spans
5043,multi_train,3,Non-Span
5044,multi_train,3,Cross-Image Synthesis
5046,multi_train,3,Multi-Image Spans
5048,multi_train,3,Multi-Image Spans
5049,multi_train,3,Non-Span
5050,multi_train,3,Non-Span
5052,multi_train,3,Multi-Image Spans
5053,multi_train,3,Non-Span
9129,multi_train,3,Multi-Image Spans
9132,multi_train,3,Non-Span
9137,multi_train,3,Multi-Image Spans
9138,multi_train,3,Multi-Image Spans
9133,multi_train,3,Multi-Image Spans
9134,multi_train,3,Non-Span
9135,multi_train,3,Multi-Image Spans
7790,multi_train,2,Multi-Image Spans
7791,multi_train,2,Multi-Image Spans
7793,multi_train,2,Non-Span
1932,multi_train,2,Multi-Image Spans
1933,multi_train,2,Cross-Image Synthesis
1934,multi_train,2,Non-Span
1935,multi_train,2,Multi-Image Spans
1936,multi_train,2,Cross-Image Synthesis
1937,multi_train,2,Multi-Image Spans
2428,multi_train,3,Cross-Image Synthesis
2429,multi_train,3,Non-Span
2430,multi_train,3,Multi-Image Spans
2431,multi_train,3,Non-Span
2419,multi_train,3,Multi-Image Spans
2420,multi_train,3,Non-Span
2421,multi_train,3,Cross-Image Synthesis
2422,multi_train,3,Cross-Image Synthesis
2423,multi_train,3,Cross-Image Synthesis
2425,multi_train,3,Multi-Image Spans
2426,multi_train,3,Multi-Image Spans
1199,multi_train,2,Multi-Image Spans
1200,multi_train,2,Non-Span
1201,multi_train,2,Cross-Image Synthesis
3923,multi_train,2,Multi-Image Spans
3924,multi_train,2,Multi-Image Spans
3925,multi_train,2,Multi-Image Spans
4524,multi_train,2,Multi-Image Spans
4525,multi_train,2,Non-Span
4526,multi_train,2,Cross-Image Synthesis
556,multi_train,3,Non-Span
557,multi_train,3,Multi-Image Spans
558,multi_train,3,Multi-Image Spans
559,multi_train,3,Cross-Image Synthesis
560,multi_train,3,Multi-Image Spans
561,multi_train,3,Non-Span
562,multi_train,3,Cross-Image Synthesis
563,multi_train,3,Multi-Image Spans
564,multi_train,3,Cross-Image Synthesis
565,multi_train,3,Multi-Image Spans
566,multi_train,3,Non-Span
1087,multi_train,2,Multi-Image Spans
1088,multi_train,2,Multi-Image Spans
1089,multi_train,2,Multi-Image Spans
1090,multi_train,2,Non-Span
7019,multi_train,3,Non-Span
7021,multi_train,3,Multi-Image Spans
7017,multi_train,3,Multi-Image Spans
7123,multi_train,3,Multi-Image Spans
7350,multi_train,2,Cross-Image Synthesis
7351,multi_train,2,Non-Span
7352,multi_train,2,Non-Span
7353,multi_train,2,Multi-Image Spans
7354,multi_train,2,Multi-Image Spans
435,multi_train,2,Non-Span
436,multi_train,2,Non-Span
437,multi_train,2,Multi-Image Spans
438,multi_train,2,Cross-Image Synthesis
439,multi_train,2,Cross-Image Synthesis
5283,multi_train,2,Cross-Image Synthesis
5284,multi_train,2,Non-Span
5285,multi_train,2,Multi-Image Spans
5286,multi_train,2,Multi-Image Spans
5287,multi_train,2,Non-Span
4600,multi_train,3,Multi-Image Spans
4601,multi_train,3,Cross-Image Synthesis
4711,multi_train,2,Multi-Image Spans
4712,multi_train,2,Non-Span
4713,multi_train,2,Multi-Image Spans
4714,multi_train,2,Multi-Image Spans
4068,multi_train,2,Cross-Image Synthesis
4069,multi_train,2,Multi-Image Spans
4770,multi_train,2,Multi-Image Spans
7729,multi_train,4,Multi-Image Spans
7730,multi_train,4,Cross-Image Synthesis
7731,multi_train,4,Cross-Image Synthesis
7732,multi_train,4,Cross-Image Synthesis
7733,multi_train,4,Non-Span
7734,multi_train,4,Non-Span
9230,multi_train,3,Multi-Image Spans
9231,multi_train,3,Non-Span
9232,multi_train,3,Non-Span
9237,multi_train,3,Multi-Image Spans
9238,multi_train,3,Multi-Image Spans
9240,multi_train,3,Non-Span
9234,multi_train,3,Multi-Image Spans
9235,multi_train,3,Non-Span
9236,multi_train,3,Cross-Image Synthesis
1051,multi_train,4,Multi-Image Spans
1920,multi_train,2,Non-Span
1921,multi_train,2,Cross-Image Synthesis
1922,multi_train,2,Non-Span
1924,multi_train,2,Cross-Image Synthesis
4572,multi_train,2,Multi-Image Spans
4573,multi_train,2,Non-Span
4574,multi_train,2,Non-Span
4575,multi_train,2,Multi-Image Spans
8192,multi_train,2,Non-Span
8193,multi_train,2,Cross-Image Synthesis
8194,multi_train,2,Multi-Image Spans
8195,multi_train,2,Cross-Image Synthesis
2371,multi_train,2,Multi-Image Spans
2372,multi_train,2,Non-Span
5340,multi_train,2,Multi-Image Spans
5341,multi_train,2,Multi-Image Spans
5343,multi_train,2,Non-Span
6409,multi_train,3,Multi-Image Spans
6359,multi_train,2,Multi-Image Spans
1421,multi_train,4,Multi-Image Spans
1422,multi_train,4,Multi-Image Spans
8001,multi_train,2,Cross-Image Synthesis
8002,multi_train,2,Non-Span
2120,multi_train,2,Cross-Image Synthesis
5446,multi_train,2,Multi-Image Spans
5447,multi_train,2,Non-Span
7296,multi_train,3,Non-Span
7297,multi_train,3,Cross-Image Synthesis
7299,multi_train,3,Multi-Image Spans
7301,multi_train,3,Non-Span
7302,multi_train,3,Multi-Image Spans
2940,multi_train,3,Non-Span
2941,multi_train,3,Multi-Image Spans
2942,multi_train,3,Cross-Image Synthesis
2324,multi_train,2,Multi-Image Spans
2325,multi_train,2,Multi-Image Spans
2327,multi_train,2,Cross-Image Synthesis
5682,multi_train,2,Multi-Image Spans
7878,multi_train,2,Multi-Image Spans
7879,multi_train,2,Non-Span
7881,multi_train,2,Multi-Image Spans
3806,multi_train,3,Multi-Image Spans
3807,multi_train,3,Multi-Image Spans
3808,multi_train,3,Cross-Image Synthesis
3809,multi_train,3,Multi-Image Spans
3802,multi_train,3,Multi-Image Spans
3803,multi_train,3,Multi-Image Spans
206,multi_train,3,Non-Span
207,multi_train,3,Multi-Image Spans
713,multi_train,2,Multi-Image Spans
714,multi_train,2,Multi-Image Spans
715,multi_train,2,Non-Span
716,multi_train,2,Non-Span
717,multi_train,2,Multi-Image Spans
718,multi_train,2,Multi-Image Spans
719,multi_train,2,Cross-Image Synthesis
720,multi_train,2,Multi-Image Spans
2247,multi_train,2,Multi-Image Spans
2249,multi_train,2,Non-Span
2250,multi_train,2,Multi-Image Spans
2251,multi_train,2,Non-Span
502,multi_train,3,Non-Span
495,multi_train,3,Multi-Image Spans
6884,multi_train,3,Multi-Image Spans
6885,multi_train,3,Multi-Image Spans
6887,multi_train,3,Multi-Image Spans
7646,multi_train,3,Cross-Image Synthesis
7647,multi_train,3,Multi-Image Spans
7649,multi_train,3,Multi-Image Spans
785,multi_train,2,Cross-Image Synthesis
786,multi_train,2,Multi-Image Spans
787,multi_train,2,Multi-Image Spans
788,multi_train,2,Cross-Image Synthesis
789,multi_train,2,Non-Span
555,multi_train,3,Multi-Image Spans
553,multi_train,3,Non-Span
549,multi_train,3,Multi-Image Spans
548,multi_train,3,Multi-Image Spans
550,multi_train,3,Non-Span
551,multi_train,3,Non-Span
543,multi_train,3,Cross-Image Synthesis
544,multi_train,3,Multi-Image Spans
545,multi_train,3,Non-Span
546,multi_train,3,Cross-Image Synthesis
542,multi_train,3,Non-Span
9369,multi_train,3,Multi-Image Spans
9370,multi_train,3,Cross-Image Synthesis
9371,multi_train,3,Non-Span
9372,multi_train,3,Cross-Image Synthesis
9366,multi_train,3,Non-Span
9367,multi_train,3,Cross-Image Synthesis
9368,multi_train,3,Multi-Image Spans
9373,multi_train,3,Non-Span
9374,multi_train,3,Multi-Image Spans
6510,multi_train,3,Multi-Image Spans
6511,multi_train,3,Multi-Image Spans
2263,multi_train,2,Multi-Image Spans
6198,multi_train,4,Non-Span
6199,multi_train,4,Multi-Image Spans
6200,multi_train,4,Multi-Image Spans
6507,multi_train,4,Multi-Image Spans
80,multi_train,4,Non-Span
81,multi_train,4,Non-Span
82,multi_train,4,Multi-Image Spans
83,multi_train,4,Cross-Image Synthesis
84,multi_train,4,Multi-Image Spans
85,multi_train,4,Multi-Image Spans
91,multi_train,4,Cross-Image Synthesis
93,multi_train,4,Non-Span
94,multi_train,4,Multi-Image Spans
92,multi_train,4,Multi-Image Spans
77,multi_train,4,Non-Span
79,multi_train,4,Cross-Image Synthesis
78,multi_train,4,Multi-Image Spans
86,multi_train,4,Multi-Image Spans
87,multi_train,4,Non-Span
88,multi_train,4,Cross-Image Synthesis
89,multi_train,4,Multi-Image Spans
90,multi_train,4,Multi-Image Spans
73,multi_train,4,Non-Span
74,multi_train,4,Multi-Image Spans
75,multi_train,4,Non-Span
76,multi_train,4,Cross-Image Synthesis
72,multi_train,4,Multi-Image Spans
3916,multi_train,3,Non-Span
3917,multi_train,3,Multi-Image Spans
3918,multi_train,3,Multi-Image Spans
647,multi_train,3,Non-Span
648,multi_train,3,Multi-Image Spans
640,multi_train,3,Cross-Image Synthesis
641,multi_train,3,Multi-Image Spans
643,multi_train,3,Cross-Image Synthesis
644,multi_train,3,Multi-Image Spans
646,multi_train,3,Multi-Image Spans
2208,multi_train,4,Multi-Image Spans
2404,multi_train,2,Multi-Image Spans
1309,multi_train,2,Multi-Image Spans
1310,multi_train,2,Multi-Image Spans
1311,multi_train,2,Non-Span
1312,multi_train,2,Multi-Image Spans
1313,multi_train,2,Multi-Image Spans
5101,multi_train,3,Non-Span
5103,multi_train,3,Multi-Image Spans
5104,multi_train,3,Multi-Image Spans
5105,multi_train,3,Multi-Image Spans
5090,multi_train,3,Non-Span
5091,multi_train,3,Multi-Image Spans
5092,multi_train,3,Non-Span
5093,multi_train,3,Multi-Image Spans
5094,multi_train,3,Cross-Image Synthesis
5095,multi_train,3,Non-Span
5096,multi_train,3,Multi-Image Spans
5098,multi_train,3,Multi-Image Spans
5099,multi_train,3,Multi-Image Spans
5100,multi_train,3,Multi-Image Spans
5713,multi_train,2,Multi-Image Spans
5715,multi_train,2,Cross-Image Synthesis
4839,multi_train,3,Multi-Image Spans
4840,multi_train,3,Multi-Image Spans
4841,multi_train,3,Non-Span
4842,multi_train,3,Multi-Image Spans
4843,multi_train,3,Multi-Image Spans
4306,multi_train,4,Multi-Image Spans
9394,multi_train,3,Multi-Image Spans
9395,multi_train,3,Non-Span
9396,multi_train,3,Cross-Image Synthesis
9397,multi_train,3,Non-Span
9398,multi_train,3,Cross-Image Synthesis
9399,multi_train,3,Cross-Image Synthesis
7332,multi_train,3,Non-Span
7333,multi_train,3,Multi-Image Spans
7334,multi_train,3,Multi-Image Spans
8394,multi_train,3,Non-Span
8395,multi_train,3,Multi-Image Spans
8396,multi_train,3,Cross-Image Synthesis
8397,multi_train,3,Cross-Image Synthesis
3597,multi_train,3,Non-Span
3589,multi_train,3,Non-Span
3590,multi_train,3,Non-Span
3591,multi_train,3,Multi-Image Spans
3592,multi_train,3,Cross-Image Synthesis
3593,multi_train,3,Non-Span
3586,multi_train,3,Non-Span
3587,multi_train,3,Multi-Image Spans
3588,multi_train,3,Cross-Image Synthesis
7690,multi_train,3,Multi-Image Spans
2006,multi_train,2,Multi-Image Spans
7490,multi_train,3,Multi-Image Spans
7492,multi_train,3,Non-Span
7493,multi_train,3,Multi-Image Spans
9155,multi_train,3,Multi-Image Spans
9157,multi_train,3,Cross-Image Synthesis
9158,multi_train,3,Multi-Image Spans
9159,multi_train,3,Multi-Image Spans
9161,multi_train,3,Cross-Image Synthesis
9151,multi_train,3,Cross-Image Synthesis
9152,multi_train,3,Multi-Image Spans
9153,multi_train,3,Multi-Image Spans
9154,multi_train,3,Non-Span
8127,multi_train,2,Multi-Image Spans
8128,multi_train,2,Non-Span
8129,multi_train,2,Multi-Image Spans
2098,multi_train,2,Cross-Image Synthesis
4706,multi_train,2,Non-Span
4707,multi_train,2,Multi-Image Spans
4708,multi_train,2,Cross-Image Synthesis
4709,multi_train,2,Cross-Image Synthesis
4710,multi_train,2,Non-Span
6682,multi_train,2,Multi-Image Spans
6683,multi_train,2,Multi-Image Spans
5888,multi_train,3,Non-Span
5889,multi_train,3,Non-Span
5890,multi_train,3,Cross-Image Synthesis
5891,multi_train,3,Multi-Image Spans
5892,multi_train,3,Non-Span
8490,multi_train,3,Multi-Image Spans
8492,multi_train,3,Multi-Image Spans
8494,multi_train,3,Multi-Image Spans
8495,multi_train,3,Multi-Image Spans
8498,multi_train,3,Multi-Image Spans
1705,multi_train,2,Multi-Image Spans
1706,multi_train,2,Non-Span
1707,multi_train,2,Multi-Image Spans
6160,multi_train,2,Multi-Image Spans
6161,multi_train,2,Cross-Image Synthesis
6163,multi_train,2,Multi-Image Spans
5364,multi_train,2,Multi-Image Spans
5365,multi_train,2,Multi-Image Spans
7745,multi_train,2,Multi-Image Spans
7746,multi_train,2,Multi-Image Spans
7747,multi_train,2,Non-Span
1382,multi_train,3,Multi-Image Spans
1383,multi_train,3,Non-Span
1384,multi_train,3,Non-Span
1385,multi_train,3,Cross-Image Synthesis
1386,multi_train,3,Multi-Image Spans
1387,multi_train,3,Cross-Image Synthesis
1364,multi_train,4,Multi-Image Spans
1366,multi_train,4,Multi-Image Spans
1367,multi_train,4,Multi-Image Spans
5956,multi_train,3,Cross-Image Synthesis
5958,multi_train,3,Multi-Image Spans
5959,multi_train,3,Multi-Image Spans
5960,multi_train,3,Cross-Image Synthesis
5962,multi_train,3,Non-Span
5964,multi_train,3,Cross-Image Synthesis
5952,multi_train,3,Multi-Image Spans
5954,multi_train,3,Non-Span
738,multi_train,3,Non-Span
739,multi_train,3,Multi-Image Spans
735,multi_train,3,Multi-Image Spans
736,multi_train,3,Non-Span
5449,multi_train,3,Multi-Image Spans
7902,multi_train,3,Multi-Image Spans
7903,multi_train,3,Multi-Image Spans
7904,multi_train,3,Multi-Image Spans
948,multi_train,3,Multi-Image Spans
949,multi_train,3,Multi-Image Spans
950,multi_train,3,Non-Span
951,multi_train,3,Cross-Image Synthesis
952,multi_train,3,Cross-Image Synthesis
9103,multi_train,3,Cross-Image Synthesis
9105,multi_train,3,Non-Span
9092,multi_train,3,Multi-Image Spans
9093,multi_train,3,Cross-Image Synthesis
9094,multi_train,3,Non-Span
9098,multi_train,3,Multi-Image Spans
9101,multi_train,3,Multi-Image Spans
9099,multi_train,3,Cross-Image Synthesis
8600,multi_train,3,Cross-Image Synthesis
8601,multi_train,3,Multi-Image Spans
8602,multi_train,3,Multi-Image Spans
8603,multi_train,3,Non-Span
2346,multi_train,4,Multi-Image Spans
2347,multi_train,4,Multi-Image Spans
2348,multi_train,4,Non-Span
2349,multi_train,4,Multi-Image Spans
2351,multi_train,4,Multi-Image Spans
2352,multi_train,4,Multi-Image Spans
2353,multi_train,4,Non-Span
2354,multi_train,4,Multi-Image Spans
489,multi_train,3,Multi-Image Spans
2333,multi_train,2,Multi-Image Spans
2334,multi_train,2,Multi-Image Spans
2335,multi_train,2,Non-Span
3480,multi_train,3,Cross-Image Synthesis
3487,multi_train,3,Multi-Image Spans
3489,multi_train,3,Multi-Image Spans
3490,multi_train,3,Multi-Image Spans
3491,multi_train,3,Cross-Image Synthesis
3484,multi_train,3,Multi-Image Spans
3485,multi_train,3,Non-Span
4155,multi_train,3,Cross-Image Synthesis
1229,multi_train,2,Non-Span
1231,multi_train,2,Multi-Image Spans
45,multi_train,4,Multi-Image Spans
46,multi_train,4,Cross-Image Synthesis
47,multi_train,4,Non-Span
48,multi_train,4,Cross-Image Synthesis
5471,multi_train,2,Cross-Image Synthesis
3736,multi_train,2,Cross-Image Synthesis
3737,multi_train,2,Multi-Image Spans
6609,multi_train,2,Non-Span
6611,multi_train,2,Multi-Image Spans
6612,multi_train,2,Multi-Image Spans
99,multi_train,3,Multi-Image Spans
101,multi_train,3,Multi-Image Spans
5933,multi_train,3,Non-Span
5934,multi_train,3,Cross-Image Synthesis
5935,multi_train,3,Cross-Image Synthesis
5936,multi_train,3,Multi-Image Spans
5937,multi_train,3,Non-Span
6072,multi_train,2,Multi-Image Spans
6073,multi_train,2,Multi-Image Spans
6074,multi_train,2,Non-Span
1671,multi_train,2,Multi-Image Spans
1673,multi_train,2,Multi-Image Spans
4308,multi_train,3,Non-Span
8333,multi_train,3,Cross-Image Synthesis
8334,multi_train,3,Multi-Image Spans
8335,multi_train,3,Non-Span
9413,multi_train,3,Multi-Image Spans
9414,multi_train,3,Non-Span
9415,multi_train,3,Multi-Image Spans
9416,multi_train,3,Cross-Image Synthesis
9417,multi_train,3,Cross-Image Synthesis
8827,multi_train,3,Multi-Image Spans
8829,multi_train,3,Multi-Image Spans
8830,multi_train,3,Non-Span
8822,multi_train,3,Non-Span
8823,multi_train,3,Non-Span
8824,multi_train,3,Multi-Image Spans
8825,multi_train,3,Cross-Image Synthesis
8165,multi_train,2,Multi-Image Spans
8167,multi_train,2,Non-Span
8168,multi_train,2,Multi-Image Spans
8169,multi_train,2,Cross-Image Synthesis
6947,multi_train,2,Non-Span
6948,multi_train,2,Non-Span
6949,multi_train,2,Non-Span
6950,multi_train,2,Multi-Image Spans
6951,multi_train,2,Multi-Image Spans
3334,multi_train,3,Multi-Image Spans
3336,multi_train,3,Non-Span
3330,multi_train,3,Multi-Image Spans
3331,multi_train,3,Multi-Image Spans
3337,multi_train,3,Multi-Image Spans
3338,multi_train,3,Multi-Image Spans
3339,multi_train,3,Multi-Image Spans
3340,multi_train,3,Multi-Image Spans
6844,multi_train,2,Multi-Image Spans
6845,multi_train,2,Cross-Image Synthesis
6846,multi_train,2,Multi-Image Spans
6847,multi_train,2,Non-Span
6848,multi_train,2,Multi-Image Spans
1165,multi_train,2,Non-Span
1166,multi_train,2,Multi-Image Spans
1167,multi_train,2,Multi-Image Spans
5629,multi_train,3,Multi-Image Spans
5630,multi_train,3,Multi-Image Spans
5631,multi_train,3,Non-Span
1823,multi_train,2,Non-Span
1824,multi_train,2,Multi-Image Spans
1826,multi_train,2,Multi-Image Spans
1827,multi_train,2,Multi-Image Spans
8170,multi_train,4,Non-Span
8171,multi_train,4,Cross-Image Synthesis
8173,multi_train,4,Multi-Image Spans
8174,multi_train,4,Non-Span
5583,multi_train,3,Cross-Image Synthesis
5584,multi_train,3,Multi-Image Spans
5585,multi_train,3,Non-Span
2693,multi_train,3,Cross-Image Synthesis
2694,multi_train,3,Multi-Image Spans
2695,multi_train,3,Cross-Image Synthesis
2696,multi_train,3,Non-Span
2697,multi_train,3,Multi-Image Spans
2701,multi_train,3,Multi-Image Spans
2703,multi_train,3,Non-Span
7806,multi_train,3,Multi-Image Spans
7824,multi_train,3,Non-Span
7826,multi_train,3,Multi-Image Spans
254,multi_train,2,Multi-Image Spans
5159,multi_train,3,Non-Span
5161,multi_train,3,Multi-Image Spans
5164,multi_train,3,Multi-Image Spans
1647,multi_train,2,Multi-Image Spans
4798,multi_train,2,Multi-Image Spans
3230,multi_train,3,Cross-Image Synthesis
3232,multi_train,3,Multi-Image Spans
3233,multi_train,3,Cross-Image Synthesis
3222,multi_train,3,Multi-Image Spans
3224,multi_train,3,Multi-Image Spans
106,multi_train,2,Non-Span
9276,multi_train,3,Multi-Image Spans
9277,multi_train,3,Multi-Image Spans
9278,multi_train,3,Non-Span
9282,multi_train,3,Multi-Image Spans
9283,multi_train,3,Non-Span
9284,multi_train,3,Cross-Image Synthesis
9285,multi_train,3,Cross-Image Synthesis
9279,multi_train,3,Non-Span
9280,multi_train,3,Cross-Image Synthesis
9281,multi_train,3,Multi-Image Spans
6964,multi_train,2,Multi-Image Spans
6965,multi_train,2,Multi-Image Spans
6966,multi_train,2,Cross-Image Synthesis
8222,multi_train,2,Multi-Image Spans
8223,multi_train,2,Cross-Image Synthesis
8224,multi_train,2,Non-Span
8225,multi_train,2,Cross-Image Synthesis
8858,multi_test,3,Multi-Image Spans
8859,multi_test,3,Non-Span
8860,multi_test,3,Cross-Image Synthesis
8081,multi_test,3,Multi-Image Spans
6038,multi_test,3,Non-Span
6039,multi_test,3,Multi-Image Spans
7416,multi_test,2,Multi-Image Spans
1249,multi_test,4,Non-Span
1250,multi_test,4,Multi-Image Spans
1251,multi_test,4,Multi-Image Spans
1252,multi_test,4,Multi-Image Spans
7816,multi_test,4,Multi-Image Spans
7817,multi_test,4,Multi-Image Spans
7819,multi_test,4,Cross-Image Synthesis
8311,multi_test,3,Cross-Image Synthesis
8312,multi_test,3,Multi-Image Spans
8313,multi_test,3,Non-Span
8314,multi_test,3,Multi-Image Spans
1033,multi_test,3,Multi-Image Spans
1031,multi_test,3,Multi-Image Spans
6194,multi_test,2,Non-Span
6195,multi_test,2,Multi-Image Spans
2469,multi_test,3,Multi-Image Spans
2470,multi_test,3,Cross-Image Synthesis
2473,multi_test,3,Multi-Image Spans
2474,multi_test,3,Cross-Image Synthesis
2475,multi_test,3,Non-Span
5918,multi_test,3,Multi-Image Spans
5919,multi_test,3,Multi-Image Spans
5920,multi_test,3,Non-Span
5921,multi_test,3,Non-Span
5914,multi_test,3,Multi-Image Spans
5296,multi_test,2,Multi-Image Spans
5297,multi_test,2,Non-Span
6576,multi_test,3,Multi-Image Spans
6578,multi_test,3,Multi-Image Spans
4376,multi_test,2,Multi-Image Spans
4378,multi_test,2,Cross-Image Synthesis
4379,multi_test,2,Multi-Image Spans
4405,multi_test,3,Multi-Image Spans
4406,multi_test,3,Non-Span
4407,multi_test,3,Multi-Image Spans
4408,multi_test,3,Non-Span
631,multi_test,3,Multi-Image Spans
634,multi_test,3,Multi-Image Spans
626,multi_test,3,Multi-Image Spans
627,multi_test,3,Non-Span
629,multi_test,3,Multi-Image Spans
630,multi_test,3,Non-Span
628,multi_test,3,Non-Span
635,multi_test,3,Non-Span
636,multi_test,3,Multi-Image Spans
638,multi_test,3,Non-Span
6579,multi_test,2,Multi-Image Spans
6580,multi_test,2,Multi-Image Spans
9499,multi_test,3,Multi-Image Spans
9501,multi_test,3,Non-Span
9502,multi_test,3,Cross-Image Synthesis
9500,multi_test,3,Non-Span
9503,multi_test,3,Non-Span
7408,multi_test,3,Multi-Image Spans
1660,multi_test,2,Multi-Image Spans
1661,multi_test,2,Non-Span
1662,multi_test,2,Multi-Image Spans
6863,multi_test,2,Multi-Image Spans
1606,multi_test,2,Non-Span
1202,multi_test,2,Multi-Image Spans
1203,multi_test,2,Non-Span
1204,multi_test,2,Multi-Image Spans
1206,multi_test,2,Multi-Image Spans
1205,multi_test,2,Cross-Image Synthesis
383,multi_test,2,Cross-Image Synthesis
384,multi_test,2,Non-Span
385,multi_test,2,Cross-Image Synthesis
386,multi_test,2,Multi-Image Spans
8122,multi_test,2,Cross-Image Synthesis
1002,multi_test,3,Multi-Image Spans
1003,multi_test,3,Multi-Image Spans
1004,multi_test,3,Multi-Image Spans
1006,multi_test,3,Multi-Image Spans
5512,multi_test,2,Multi-Image Spans
5514,multi_test,2,Multi-Image Spans
5644,multi_test,2,Cross-Image Synthesis
1473,multi_test,2,Multi-Image Spans
1474,multi_test,2,Multi-Image Spans
8711,multi_test,3,Non-Span
8712,multi_test,3,Cross-Image Synthesis
8713,multi_test,3,Multi-Image Spans
8714,multi_test,3,Multi-Image Spans
8715,multi_test,3,Multi-Image Spans
8707,multi_test,3,Multi-Image Spans
8708,multi_test,3,Multi-Image Spans
8709,multi_test,3,Non-Span
8710,multi_test,3,Cross-Image Synthesis
8704,multi_test,3,Cross-Image Synthesis
8706,multi_test,3,Multi-Image Spans
4141,multi_test,2,Multi-Image Spans
4142,multi_test,2,Multi-Image Spans
4497,multi_test,2,Cross-Image Synthesis
4498,multi_test,2,Non-Span
4499,multi_test,2,Multi-Image Spans
6468,multi_test,2,Multi-Image Spans
6471,multi_test,2,Multi-Image Spans
6472,multi_test,2,Multi-Image Spans
6473,multi_test,2,Multi-Image Spans
4753,multi_test,2,Multi-Image Spans
4754,multi_test,2,Multi-Image Spans
4755,multi_test,2,Non-Span
6482,multi_test,3,Multi-Image Spans
6483,multi_test,3,Non-Span
8053,multi_test,2,Multi-Image Spans
8054,multi_test,2,Non-Span
8055,multi_test,2,Cross-Image Synthesis
8056,multi_test,2,Multi-Image Spans
8057,multi_test,2,Non-Span
2691,multi_test,3,Multi-Image Spans
6062,multi_test,3,Multi-Image Spans
6063,multi_test,3,Non-Span
6066,multi_test,3,Multi-Image Spans
9418,multi_test,3,Non-Span
9419,multi_test,3,Cross-Image Synthesis
9420,multi_test,3,Multi-Image Spans
8031,multi_test,2,Non-Span
8032,multi_test,2,Multi-Image Spans
8034,multi_test,2,Non-Span
2399,multi_test,2,Multi-Image Spans
9535,multi_test,3,Non-Span
9536,multi_test,3,Multi-Image Spans
9537,multi_test,3,Cross-Image Synthesis
2718,multi_test,3,Cross-Image Synthesis
2719,multi_test,3,Non-Span
2720,multi_test,3,Multi-Image Spans
2725,multi_test,3,Non-Span
2726,multi_test,3,Cross-Image Synthesis
2722,multi_test,3,Non-Span
2723,multi_test,3,Multi-Image Spans
2724,multi_test,3,Multi-Image Spans
1512,multi_test,3,Multi-Image Spans
1513,multi_test,3,Non-Span
1514,multi_test,3,Multi-Image Spans
1516,multi_test,3,Multi-Image Spans
5206,multi_test,3,Multi-Image Spans
5207,multi_test,3,Non-Span
5208,multi_test,3,Cross-Image Synthesis
6977,multi_test,3,Non-Span
4475,multi_test,2,Cross-Image Synthesis
4477,multi_test,2,Non-Span
5565,multi_test,2,Multi-Image Spans
5566,multi_test,2,Non-Span
5567,multi_test,2,Cross-Image Synthesis
7176,multi_test,3,Multi-Image Spans
7177,multi_test,3,Cross-Image Synthesis
7178,multi_test,3,Cross-Image Synthesis
7168,multi_test,3,Non-Span
7169,multi_test,3,Multi-Image Spans
7170,multi_test,3,Multi-Image Spans
7171,multi_test,3,Multi-Image Spans
7172,multi_test,3,Multi-Image Spans
7175,multi_test,3,Multi-Image Spans
2105,multi_test,4,Non-Span
2107,multi_test,4,Multi-Image Spans
3657,multi_test,2,Non-Span
3658,multi_test,2,Cross-Image Synthesis
7797,multi_test,2,Multi-Image Spans
6326,multi_test,4,Multi-Image Spans
6328,multi_test,4,Cross-Image Synthesis
2086,multi_test,3,Non-Span
2087,multi_test,3,Multi-Image Spans
2088,multi_test,3,Cross-Image Synthesis
677,multi_test,3,Multi-Image Spans
678,multi_test,3,Multi-Image Spans
679,multi_test,3,Cross-Image Synthesis
680,multi_test,3,Cross-Image Synthesis
681,multi_test,3,Non-Span
2770,multi_test,3,Multi-Image Spans
2772,multi_test,3,Non-Span
2773,multi_test,3,Cross-Image Synthesis
2779,multi_test,3,Non-Span
2780,multi_test,3,Multi-Image Spans
2781,multi_test,3,Cross-Image Synthesis
2774,multi_test,3,Non-Span
2775,multi_test,3,Multi-Image Spans
2776,multi_test,3,Multi-Image Spans
2777,multi_test,3,Non-Span
2778,multi_test,3,Cross-Image Synthesis
4517,multi_test,3,Multi-Image Spans
3662,multi_test,4,Cross-Image Synthesis
3663,multi_test,4,Multi-Image Spans
9490,multi_test,3,Cross-Image Synthesis
9492,multi_test,3,Non-Span
9493,multi_test,3,Cross-Image Synthesis
9494,multi_test,3,Multi-Image Spans
9491,multi_test,3,Cross-Image Synthesis
9498,multi_test,3,Multi-Image Spans
9496,multi_test,3,Non-Span
9497,multi_test,3,Cross-Image Synthesis
9487,multi_test,3,Non-Span
9488,multi_test,3,Multi-Image Spans
9489,multi_test,3,Multi-Image Spans
2253,multi_test,2,Multi-Image Spans
2255,multi_test,2,Cross-Image Synthesis
2256,multi_test,2,Non-Span
466,multi_test,2,Multi-Image Spans
467,multi_test,2,Multi-Image Spans
8291,multi_test,2,Multi-Image Spans
8292,multi_test,2,Multi-Image Spans
8293,multi_test,2,Non-Span
8294,multi_test,2,Non-Span
8295,multi_test,2,Cross-Image Synthesis
8220,multi_test,2,Cross-Image Synthesis
3741,multi_test,2,Multi-Image Spans
3742,multi_test,2,Non-Span
3743,multi_test,2,Multi-Image Spans
7445,multi_test,3,Non-Span
7446,multi_test,3,Non-Span
2166,multi_test,2,Multi-Image Spans
2168,multi_test,2,Multi-Image Spans
6223,multi_test,2,Non-Span
6224,multi_test,2,Multi-Image Spans
6225,multi_test,2,Cross-Image Synthesis
6226,multi_test,2,Cross-Image Synthesis
7478,multi_test,3,Multi-Image Spans
6956,multi_test,2,Multi-Image Spans
6957,multi_test,2,Non-Span
2801,multi_test,3,Cross-Image Synthesis
2803,multi_test,3,Multi-Image Spans
4362,multi_test,2,Cross-Image Synthesis
4363,multi_test,2,Non-Span
4364,multi_test,2,Cross-Image Synthesis
4365,multi_test,2,Multi-Image Spans
5232,multi_test,2,Multi-Image Spans
1687,multi_test,4,Multi-Image Spans
1688,multi_test,4,Non-Span
1689,multi_test,4,Cross-Image Synthesis
1690,multi_test,4,Non-Span
9545,multi_test,3,Cross-Image Synthesis
9546,multi_test,3,Non-Span
9547,multi_test,3,Cross-Image Synthesis
9548,multi_test,3,Multi-Image Spans
9544,multi_test,3,Non-Span
7883,multi_test,2,Multi-Image Spans
7884,multi_test,2,Multi-Image Spans
5990,multi_test,3,Non-Span
5991,multi_test,3,Non-Span
5992,multi_test,3,Cross-Image Synthesis
5993,multi_test,3,Multi-Image Spans
1755,multi_test,2,Non-Span
1757,multi_test,2,Multi-Image Spans
6918,multi_test,2,Non-Span
6919,multi_test,2,Multi-Image Spans
6705,multi_test,3,Multi-Image Spans
795,multi_test,3,Multi-Image Spans
796,multi_test,3,Multi-Image Spans
797,multi_test,3,Multi-Image Spans
798,multi_test,3,Multi-Image Spans
799,multi_test,3,Multi-Image Spans
790,multi_test,3,Cross-Image Synthesis
791,multi_test,3,Multi-Image Spans
792,multi_test,3,Cross-Image Synthesis
793,multi_test,3,Multi-Image Spans
7039,multi_test,3,Multi-Image Spans
7040,multi_test,3,Multi-Image Spans
7041,multi_test,3,Multi-Image Spans
7043,multi_test,3,Multi-Image Spans
7430,multi_test,2,Cross-Image Synthesis
7431,multi_test,2,Multi-Image Spans
7432,multi_test,2,Multi-Image Spans
7591,multi_test,3,Non-Span
7592,multi_test,3,Multi-Image Spans
7593,multi_test,3,Cross-Image Synthesis
2754,multi_test,3,Multi-Image Spans
2755,multi_test,3,Cross-Image Synthesis
2756,multi_test,3,Non-Span
2757,multi_test,3,Cross-Image Synthesis
2758,multi_test,3,Multi-Image Spans
2759,multi_test,3,Multi-Image Spans
7319,multi_test,2,Multi-Image Spans
7320,multi_test,2,Multi-Image Spans
7321,multi_test,2,Non-Span
7315,multi_test,2,Non-Span
7316,multi_test,2,Multi-Image Spans
7317,multi_test,2,Multi-Image Spans
7318,multi_test,2,Multi-Image Spans
7322,multi_test,2,Non-Span
7323,multi_test,2,Cross-Image Synthesis
7324,multi_test,2,Multi-Image Spans
2069,multi_test,3,Multi-Image Spans
2070,multi_test,3,Non-Span
2071,multi_test,3,Cross-Image Synthesis
4073,multi_test,2,Multi-Image Spans
4074,multi_test,2,Non-Span
4075,multi_test,2,Non-Span
4261,multi_test,3,Multi-Image Spans
4262,multi_test,3,Non-Span
4263,multi_test,3,Cross-Image Synthesis
4264,multi_test,3,Multi-Image Spans
4265,multi_test,3,Cross-Image Synthesis
4266,multi_test,3,Non-Span
4267,multi_test,3,Multi-Image Spans
4268,multi_test,3,Non-Span
4269,multi_test,3,Multi-Image Spans
4270,multi_test,3,Cross-Image Synthesis
4259,multi_test,3,Cross-Image Synthesis
4260,multi_test,3,Multi-Image Spans
1684,multi_test,3,Multi-Image Spans
1685,multi_test,3,Non-Span
4178,multi_test,2,Cross-Image Synthesis
4179,multi_test,2,Non-Span
4180,multi_test,2,Cross-Image Synthesis
4181,multi_test,2,Multi-Image Spans
6921,multi_test,2,Multi-Image Spans
6922,multi_test,2,Cross-Image Synthesis
6923,multi_test,2,Non-Span
5154,multi_test,3,Non-Span
5155,multi_test,3,Non-Span
5156,multi_test,3,Multi-Image Spans
5157,multi_test,3,Multi-Image Spans
5158,multi_test,3,Cross-Image Synthesis
5145,multi_test,3,Multi-Image Spans
5147,multi_test,3,Multi-Image Spans
5148,multi_test,3,Non-Span
5150,multi_test,3,Cross-Image Synthesis
5151,multi_test,3,Non-Span
5152,multi_test,3,Cross-Image Synthesis
5153,multi_test,3,Multi-Image Spans
9273,multi_test,3,Multi-Image Spans
9274,multi_test,3,Non-Span
9275,multi_test,3,Cross-Image Synthesis
9241,multi_test,3,Non-Span
9242,multi_test,3,Multi-Image Spans
9243,multi_test,3,Multi-Image Spans
1114,multi_test,2,Multi-Image Spans
1115,multi_test,2,Multi-Image Spans
1116,multi_test,2,Multi-Image Spans
9444,multi_test,3,Non-Span
9445,multi_test,3,Multi-Image Spans
9446,multi_test,3,Multi-Image Spans
9447,multi_test,3,Cross-Image Synthesis
9448,multi_test,3,Cross-Image Synthesis
891,multi_test,2,Non-Span
892,multi_test,2,Multi-Image Spans
893,multi_test,2,Non-Span
894,multi_test,2,Multi-Image Spans
3145,multi_test,3,Multi-Image Spans
3146,multi_test,3,Cross-Image Synthesis
3147,multi_test,3,Non-Span
3148,multi_test,3,Cross-Image Synthesis
3149,multi_test,3,Multi-Image Spans
3150,multi_test,3,Non-Span
8269,multi_test,3,Non-Span
8270,multi_test,3,Non-Span
8271,multi_test,3,Multi-Image Spans
2235,multi_test,2,Non-Span
2236,multi_test,2,Multi-Image Spans
2238,multi_test,2,Multi-Image Spans
2239,multi_test,2,Multi-Image Spans
2240,multi_test,2,Multi-Image Spans
7754,multi_test,3,Multi-Image Spans
7755,multi_test,3,Multi-Image Spans
7756,multi_test,3,Multi-Image Spans
365,multi_test,2,Cross-Image Synthesis
745,multi_test,3,Non-Span
746,multi_test,3,Non-Span
747,multi_test,3,Multi-Image Spans
740,multi_test,3,Non-Span
741,multi_test,3,Cross-Image Synthesis
742,multi_test,3,Multi-Image Spans
743,multi_test,3,Cross-Image Synthesis
744,multi_test,3,Multi-Image Spans
749,multi_test,3,Multi-Image Spans
750,multi_test,3,Non-Span
748,multi_test,3,Multi-Image Spans
7612,multi_test,2,Multi-Image Spans
7614,multi_test,2,Non-Span
1939,multi_test,2,Cross-Image Synthesis
1940,multi_test,2,Non-Span
1943,multi_test,2,Multi-Image Spans
6417,multi_test,3,Cross-Image Synthesis
4137,multi_test,2,Non-Span
4138,multi_test,2,Cross-Image Synthesis
6784,multi_test,2,Multi-Image Spans
6785,multi_test,2,Cross-Image Synthesis
6786,multi_test,2,Cross-Image Synthesis
6788,multi_test,2,Non-Span
6789,multi_test,2,Multi-Image Spans
6869,multi_test,2,Multi-Image Spans
3216,multi_test,3,Non-Span
3217,multi_test,3,Multi-Image Spans
3212,multi_test,3,Multi-Image Spans
3213,multi_test,3,Cross-Image Synthesis
3214,multi_test,3,Multi-Image Spans
3215,multi_test,3,Cross-Image Synthesis
3218,multi_test,3,Multi-Image Spans
3219,multi_test,3,Multi-Image Spans
3220,multi_test,3,Non-Span
6186,multi_test,3,Multi-Image Spans
881,multi_test,3,Multi-Image Spans
882,multi_test,3,Multi-Image Spans
883,multi_test,3,Multi-Image Spans
884,multi_test,3,Multi-Image Spans
4355,multi_test,3,Non-Span
4356,multi_test,3,Multi-Image Spans
4357,multi_test,3,Multi-Image Spans
4358,multi_test,3,Cross-Image Synthesis
1358,multi_test,3,Multi-Image Spans
1359,multi_test,3,Non-Span
6030,multi_test,3,Non-Span
6031,multi_test,3,Multi-Image Spans
6032,multi_test,3,Multi-Image Spans
6033,multi_test,3,Multi-Image Spans
6034,multi_test,3,Non-Span
6035,multi_test,3,Multi-Image Spans
6036,multi_test,3,Non-Span
6037,multi_test,3,Multi-Image Spans
6024,multi_test,3,Cross-Image Synthesis
6025,multi_test,3,Non-Span
6026,multi_test,3,Multi-Image Spans
6027,multi_test,3,Cross-Image Synthesis
6028,multi_test,3,Multi-Image Spans
5212,multi_test,2,Cross-Image Synthesis
7886,multi_test,3,Multi-Image Spans
7887,multi_test,3,Multi-Image Spans
7888,multi_test,3,Non-Span
327,multi_test,2,Multi-Image Spans
328,multi_test,2,Multi-Image Spans
329,multi_test,2,Non-Span
330,multi_test,2,Multi-Image Spans
8815,multi_test,3,Multi-Image Spans
8817,multi_test,3,Non-Span
8818,multi_test,3,Multi-Image Spans
2713,multi_test,3,Non-Span
2714,multi_test,3,Non-Span
2715,multi_test,3,Multi-Image Spans
2716,multi_test,3,Non-Span
2717,multi_test,3,Cross-Image Synthesis
2705,multi_test,3,Multi-Image Spans
2706,multi_test,3,Non-Span
2707,multi_test,3,Cross-Image Synthesis
2708,multi_test,3,Cross-Image Synthesis
2710,multi_test,3,Multi-Image Spans
2711,multi_test,3,Multi-Image Spans
2712,multi_test,3,Non-Span
6655,multi_test,2,Multi-Image Spans
6657,multi_test,2,Cross-Image Synthesis
3985,multi_test,2,Multi-Image Spans
4118,multi_test,2,Non-Span
4119,multi_test,2,Non-Span
1073,multi_test,3,Non-Span
1074,multi_test,3,Cross-Image Synthesis
1075,multi_test,3,Multi-Image Spans
1072,multi_test,3,Non-Span
4366,multi_test,2,Non-Span
4367,multi_test,2,Cross-Image Synthesis
4368,multi_test,2,Multi-Image Spans
1018,multi_test,4,Multi-Image Spans
1019,multi_test,4,Non-Span
1020,multi_test,4,Non-Span
9527,multi_test,3,Multi-Image Spans
9528,multi_test,3,Cross-Image Synthesis
9529,multi_test,3,Non-Span
3907,multi_test,3,Cross-Image Synthesis
8187,multi_test,3,Multi-Image Spans
8189,multi_test,3,Multi-Image Spans
8190,multi_test,3,Multi-Image Spans
8191,multi_test,3,Non-Span
2131,multi_test,4,Non-Span
2132,multi_test,4,Multi-Image Spans
2133,multi_test,4,Cross-Image Synthesis
1623,multi_test,2,Multi-Image Spans
1624,multi_test,2,Multi-Image Spans
1625,multi_test,2,Multi-Image Spans
9339,multi_test,3,Cross-Image Synthesis
9340,multi_test,3,Non-Span
9335,multi_test,3,Multi-Image Spans
9336,multi_test,3,Non-Span
9337,multi_test,3,Non-Span
9338,multi_test,3,Cross-Image Synthesis
9332,multi_test,3,Cross-Image Synthesis
9333,multi_test,3,Multi-Image Spans
9334,multi_test,3,Non-Span
3935,multi_test,3,Multi-Image Spans
3936,multi_test,3,Non-Span
3939,multi_test,3,Multi-Image Spans
4702,multi_test,3,Cross-Image Synthesis
4703,multi_test,3,Non-Span
4704,multi_test,3,Cross-Image Synthesis
4705,multi_test,3,Multi-Image Spans
7558,multi_test,4,Multi-Image Spans
7559,multi_test,4,Cross-Image Synthesis
7561,multi_test,4,Multi-Image Spans
1656,multi_test,2,Non-Span
1657,multi_test,2,Multi-Image Spans
1658,multi_test,2,Multi-Image Spans
8799,multi_test,3,Non-Span
8800,multi_test,3,Multi-Image Spans
8802,multi_test,3,Multi-Image Spans
8796,multi_test,3,Multi-Image Spans
8797,multi_test,3,Multi-Image Spans
8798,multi_test,3,Multi-Image Spans
8793,multi_test,3,Non-Span
8794,multi_test,3,Multi-Image Spans
8795,multi_test,3,Multi-Image Spans
8150,multi_test,2,Multi-Image Spans
8152,multi_test,2,Non-Span
524,multi_test,3,Cross-Image Synthesis
525,multi_test,3,Non-Span
527,multi_test,3,Cross-Image Synthesis
528,multi_test,3,Non-Span
519,multi_test,3,Non-Span
520,multi_test,3,Cross-Image Synthesis
522,multi_test,3,Cross-Image Synthesis
518,multi_test,3,Multi-Image Spans
516,multi_test,3,Cross-Image Synthesis
517,multi_test,3,Non-Span
8853,multi_test,3,Multi-Image Spans
8854,multi_test,3,Non-Span
8855,multi_test,3,Multi-Image Spans
8850,multi_test,3,Multi-Image Spans
8857,multi_test,3,Multi-Image Spans
2935,multi_test,3,Non-Span
2936,multi_test,3,Multi-Image Spans
2937,multi_test,3,Non-Span
2938,multi_test,3,Cross-Image Synthesis
2939,multi_test,3,Multi-Image Spans
6524,multi_test,2,Non-Span
5061,multi_test,3,Cross-Image Synthesis
5055,multi_test,3,Non-Span
5056,multi_test,3,Multi-Image Spans
5057,multi_test,3,Multi-Image Spans
5058,multi_test,3,Multi-Image Spans
2171,multi_test,2,Multi-Image Spans
2173,multi_test,2,Non-Span
4666,multi_test,3,Multi-Image Spans
4667,multi_test,3,Non-Span
4668,multi_test,3,Cross-Image Synthesis
4669,multi_test,3,Multi-Image Spans
9518,multi_test,3,Non-Span
9519,multi_test,3,Multi-Image Spans
9516,multi_test,3,Non-Span
9517,multi_test,3,Cross-Image Synthesis
9513,multi_test,3,Cross-Image Synthesis
9514,multi_test,3,Non-Span
9515,multi_test,3,Multi-Image Spans
7587,multi_test,3,Non-Span
7588,multi_test,3,Cross-Image Synthesis
7589,multi_test,3,Multi-Image Spans
7590,multi_test,3,Multi-Image Spans
7066,multi_test,3,Multi-Image Spans
7067,multi_test,3,Multi-Image Spans
7069,multi_test,3,Non-Span
7070,multi_test,3,Multi-Image Spans
7071,multi_test,3,Cross-Image Synthesis
7072,multi_test,3,Multi-Image Spans
7073,multi_test,3,Cross-Image Synthesis
7074,multi_test,3,Multi-Image Spans
7778,multi_test,3,Multi-Image Spans
7779,multi_test,3,Non-Span
7780,multi_test,3,Non-Span
7781,multi_test,3,Multi-Image Spans
7782,multi_test,3,Cross-Image Synthesis
1995,multi_test,2,Multi-Image Spans
6275,multi_test,2,Multi-Image Spans
6277,multi_test,2,Multi-Image Spans
153,multi_test,3,Multi-Image Spans
154,multi_test,3,Multi-Image Spans
155,multi_test,3,Cross-Image Synthesis
157,multi_test,3,Non-Span
6634,multi_test,3,Multi-Image Spans
6635,multi_test,3,Multi-Image Spans
6636,multi_test,3,Multi-Image Spans
5610,multi_test,2,Non-Span
5611,multi_test,2,Cross-Image Synthesis
5612,multi_test,2,Multi-Image Spans
5613,multi_test,2,Cross-Image Synthesis
5614,multi_test,2,Multi-Image Spans
5615,multi_test,2,Cross-Image Synthesis
2284,multi_test,2,Multi-Image Spans
2285,multi_test,2,Multi-Image Spans
2286,multi_test,2,Non-Span
2287,multi_test,2,Non-Span
2288,multi_test,2,Cross-Image Synthesis
2289,multi_test,2,Non-Span
2156,multi_test,2,Cross-Image Synthesis
2157,multi_test,2,Non-Span
2160,multi_test,2,Multi-Image Spans
2161,multi_test,2,Non-Span
1039,multi_test,2,Multi-Image Spans
1041,multi_test,2,Multi-Image Spans
1042,multi_test,2,Multi-Image Spans
1043,multi_test,2,Multi-Image Spans
1040,multi_test,2,Non-Span
196,multi_test,2,Non-Span
209,multi_test,3,Non-Span
210,multi_test,3,Multi-Image Spans
4697,multi_test,2,Multi-Image Spans
4698,multi_test,2,Multi-Image Spans
4699,multi_test,2,Multi-Image Spans
4700,multi_test,2,Cross-Image Synthesis
4701,multi_test,2,Non-Span
6543,multi_test,2,Non-Span
962,multi_test,3,Multi-Image Spans
963,multi_test,3,Multi-Image Spans
6122,multi_test,3,Multi-Image Spans
6126,multi_test,3,Multi-Image Spans
7998,multi_test,2,Multi-Image Spans
8000,multi_test,2,Non-Span
7376,multi_test,2,Multi-Image Spans
7377,multi_test,2,Multi-Image Spans
7378,multi_test,2,Multi-Image Spans
1126,multi_test,2,Multi-Image Spans
7965,multi_test,2,Non-Span
1479,multi_test,2,Multi-Image Spans
1480,multi_test,2,Non-Span
1481,multi_test,2,Multi-Image Spans
2195,multi_test,3,Non-Span
2196,multi_test,3,Cross-Image Synthesis
2385,multi_test,2,Multi-Image Spans
2386,multi_test,2,Non-Span
2387,multi_test,2,Cross-Image Synthesis
2889,multi_test,3,Multi-Image Spans
2890,multi_test,3,Non-Span
2891,multi_test,3,Cross-Image Synthesis
2892,multi_test,3,Cross-Image Synthesis
2893,multi_test,3,Cross-Image Synthesis
2894,multi_test,3,Non-Span
2886,multi_test,3,Cross-Image Synthesis
2887,multi_test,3,Non-Span
8005,multi_test,3,Multi-Image Spans
8007,multi_test,3,Multi-Image Spans
141,multi_test,3,Non-Span
142,multi_test,3,Multi-Image Spans
1225,multi_test,2,Multi-Image Spans
1227,multi_test,2,Multi-Image Spans
6952,multi_test,3,Non-Span
6953,multi_test,3,Multi-Image Spans
6954,multi_test,3,Cross-Image Synthesis
