question_id,split_name,task_family,answer_source
27333,single_train,single,multi-span
27326,single_train,single,non-extractive
27325,single_train,single,multi-span
27328,single_train,single,question-span
27327,single_train,single,image-span
27323,single_train,single,image-span
27329,single_train,single,multi-span
83960,single_train,single,question-span
83965,single_train,single,non-extractive
83966,single_train,single,non-extractive
83956,single_train,single,multi-span
83962,single_train,single,image-span
83959,single_train,single,question-span
83964,single_train,single,non-extractive
83963,single_train,single,image-span
83961,single_train,single,image-span
83955,single_train,single,multi-span
83958,single_train,single,question-span
83957,single_train,single,multi-span
69070,single_train,single,question-span
69065,single_train,single,image-span
69067,single_train,single,multi-span
69061,single_train,single,image-span
69062,single_train,single,question-span
69071,single_train,single,multi-span
69069,single_train,single,image-span
69068,single_train,single,non-extractive
69066,single_train,single,question-span
69063,single_train,single,multi-span
165261,single_train,single,multi-span
165266,single_train,single,image-span
165263,single_train,single,image-span
165264,single_train,single,multi-span
165265,single_train,single,non-extractive
165262,single_train,single,non-extractive
165260,single_train,single,image-span
127015,single_train,single,multi-span
127018,single_train,single,question-span
127019,single_train,single,non-extractive
127021,single_train,single,question-span
127017,single_train,single,image-span
127023,single_train,single,non-extractive
127016,single_train,single,non-extractive
127014,single_train,single,question-span
127022,single_train,single,multi-span
100254,single_train,single,non-extractive
100253,single_train,single,multi-span
100260,single_train,single,non-extractive
100258,single_train,single,non-extractive
2901,single_train,single,non-extractive
2907,single_train,single,question-span
2902,single_train,single,image-span
2899,single_train,single,question-span
2905,single_train,single,non-extractive
2898,single_train,single,image-span
217,single_train,single,non-extractive
221,single_train,single,question-span
214,single_train,single,image-span
99903,single_train,single,non-extractive
99899,single_train,single,non-extractive
99902,single_train,single,multi-span
99897,single_train,single,question-span
99900,single_train,single,image-span
164926,single_train,single,multi-span
164929,single_train,single,multi-span
164923,single_train,single,non-extractive
164920,single_train,single,image-span
164924,single_train,single,image-span
164927,single_train,single,non-extractive
164921,single_train,single,question-span
113971,single_train,single,question-span
113969,single_train,single,multi-span
113967,single_train,single,image-span
113970,single_train,single,image-span
113972,single_train,single,multi-span
113973,single_train,single,non-extractive
113968,single_train,single,question-span
113976,single_train,single,non-extractive
104318,single_train,single,non-extractive
104313,single_train,single,multi-span
104315,single_train,single,image-span
104320,single_train,single,multi-span
104317,single_train,single,multi-span
104314,single_train,single,non-extractive
104312,single_train,single,question-span
104311,single_train,single,image-span
104316,single_train,single,question-span
40689,single_train,single,multi-span
40693,single_train,single,non-extractive
40690,single_train,single,non-extractive
40691,single_train,single,question-span
40692,single_train,single,multi-span
40688,single_train,single,question-span
40687,single_train,single,image-span
46120,single_train,single,multi-span
46113,single_train,single,image-span
46116,single_train,single,question-span
46118,single_train,single,non-extractive
46119,single_train,single,question-span
46114,single_train,single,multi-span
41699,single_train,single,image-span
41708,single_train,single,non-extractive
41703,single_train,single,image-span
41704,single_train,single,multi-span
41707,single_train,single,question-span
41701,single_train,single,multi-span
41700,single_train,single,question-span
41702,single_train,single,non-extractive
41705,single_train,single,non-extractive
112048,single_train,single,multi-span
112046,single_train,single,image-span
112043,single_train,single,question-span
112051,single_train,single,multi-span
112044,single_train,single,multi-span
112050,single_train,single,question-span
112047,single_train,single,question-span
112045,single_train,single,non-extractive
112042,single_train,single,image-span
112049,single_train,single,non-extractive
116171,single_train,single,multi-span
116169,single_train,single,image-span
116174,single_train,single,multi-span
116173,single_train,single,question-span
116175,single_train,single,non-extractive
116170,single_train,single,question-span
116176,single_train,single,image-span
116172,single_train,single,non-extractive
47988,single_train,single,non-extractive
47984,single_train,single,image-span
47982,single_train,single,question-span
47985,single_train,single,image-span
37303,single_train,single,non-extractive
37304,single_train,single,image-span
37298,single_train,single,question-span
37301,single_train,single,image-span
37302,single_train,single,multi-span
37299,single_train,single,multi-span
37305,single_train,single,question-span
37297,single_train,single,image-span
37300,single_train,single,non-extractive
153844,single_train,single,multi-span
153838,single_train,single,multi-span
153841,single_train,single,non-extractive
153836,single_train,single,image-span
153840,single_train,single,image-span
153839,single_train,single,non-extractive
153843,single_train,single,question-span
153837,single_train,single,question-span
110748,single_train,single,multi-span
110746,single_train,single,multi-span
110751,single_train,single,multi-span
110749,single_train,single,non-extractive
110744,single_train,single,image-span
110752,single_train,single,non-extractive
110747,single_train,single,non-extractive
37397,single_train,single,image-span
37400,single_train,single,non-extractive
37401,single_train,single,image-span
37405,single_train,single,multi-span
37399,single_train,single,multi-span
122732,single_train,single,image-span
122724,single_train,single,multi-span
122734,single_train,single,image-span
122731,single_train,single,image-span
122727,single_train,single,multi-span
122729,single_train,single,question-span
122733,single_train,single,image-span
122725,single_train,single,multi-span
122730,single_train,single,question-span
122726,single_train,single,multi-span
122728,single_train,single,question-span
56234,single_train,single,question-span
56237,single_train,single,image-span
56238,single_train,single,image-span
56233,single_train,single,multi-span
56235,single_train,single,question-span
49140,single_train,single,question-span
49143,single_train,single,image-span
49137,single_train,single,multi-span
49136,single_train,single,multi-span
49142,single_train,single,image-span
49139,single_train,single,question-span
49135,single_train,single,multi-span
49141,single_train,single,image-span
49138,single_train,single,question-span
33016,single_train,single,question-span
33013,single_train,single,question-span
33014,single_train,single,multi-span
33012,single_train,single,image-span
33017,single_train,single,multi-span
33018,single_train,single,non-extractive
65143,single_train,single,multi-span
65144,single_train,single,non-extractive
65145,single_train,single,image-span
65151,single_train,single,non-extractive
65148,single_train,single,non-extractive
65142,single_train,single,question-span
65141,single_train,single,image-span
65146,single_train,single,question-span
65149,single_train,single,image-span
65147,single_train,single,multi-span
46564,single_train,single,image-span
46566,single_train,single,multi-span
46565,single_train,single,question-span
46567,single_train,single,non-extractive
46571,single_train,single,non-extractive
15194,single_train,single,question-span
15196,single_train,single,non-extractive
15197,single_train,single,image-span
15195,single_train,single,multi-span
15200,single_train,single,non-extractive
15199,single_train,single,multi-span
154019,single_train,single,multi-span
154018,single_train,single,question-span
154017,single_train,single,image-span
154020,single_train,single,non-extractive
154024,single_train,single,non-extractive
150384,single_train,single,question-span
150387,single_train,single,image-span
150383,single_train,single,image-span
150388,single_train,single,question-span
150393,single_train,single,non-extractive
150389,single_train,single,multi-span
150386,single_train,single,non-extractive
150385,single_train,single,multi-span
84325,single_train,single,image-span
84319,single_train,single,multi-span
84326,single_train,single,non-extractive
84322,single_train,single,question-span
84320,single_train,single,multi-span
84324,single_train,single,image-span
84323,single_train,single,question-span
84321,single_train,single,multi-span
84327,single_train,single,non-extractive
98740,single_train,single,multi-span
98745,single_train,single,non-extractive
98741,single_train,single,non-extractive
98744,single_train,single,multi-span
10424,single_train,single,multi-span
10419,single_train,single,image-span
10421,single_train,single,multi-span
10423,single_train,single,image-span
10418,single_train,single,non-extractive
10422,single_train,single,non-extractive
10416,single_train,single,question-span
10420,single_train,single,question-span
10425,single_train,single,non-extractive
10417,single_train,single,multi-span
10415,single_train,single,image-span
6792,single_train,single,multi-span
6785,single_train,single,multi-span
6780,single_train,single,question-span
6783,single_train,single,image-span
6782,single_train,single,non-extractive
6781,single_train,single,multi-span
6784,single_train,single,question-span
6779,single_train,single,image-span
6788,single_train,single,question-span
6791,single_train,single,image-span
6790,single_train,single,non-extractive
6786,single_train,single,non-extractive
6789,single_train,single,multi-span
6787,single_train,single,image-span
137939,single_train,single,non-extractive
137936,single_train,single,image-span
137938,single_train,single,multi-span
137943,single_train,single,non-extractive
137937,single_train,single,question-span
137941,single_train,single,question-span
153863,single_train,single,non-extractive
153870,single_train,single,non-extractive
153865,single_train,single,question-span
153864,single_train,single,image-span
153860,single_train,single,image-span
153862,single_train,single,multi-span
153866,single_train,single,multi-span
107171,single_train,single,question-span
107169,single_train,single,question-span
107165,single_train,single,question-span
107168,single_train,single,image-span
107167,single_train,single,non-extractive
107164,single_train,single,image-span
107166,single_train,single,multi-span
107172,single_train,single,multi-span
107170,single_train,single,image-span
83772,single_train,single,non-extractive
83771,single_train,single,non-extractive
83764,single_train,single,multi-span
83773,single_train,single,non-extractive
83770,single_train,single,image-span
83763,single_train,single,multi-span
148695,single_train,single,question-span
148690,single_train,single,image-span
148699,single_train,single,question-span
148692,single_train,single,multi-span
148693,single_train,single,non-extractive
148696,single_train,single,multi-span
148697,single_train,single,non-extractive
148698,single_train,single,image-span
148694,single_train,single,image-span
60431,single_train,single,question-span
60434,single_train,single,image-span
60435,single_train,single,non-extractive
60433,single_train,single,image-span
112448,single_train,single,multi-span
112445,single_train,single,multi-span
112447,single_train,single,image-span
112443,single_train,single,image-span
112446,single_train,single,non-extractive
112444,single_train,single,question-span
96344,single_train,single,question-span
96343,single_train,single,question-span
96341,single_train,single,multi-span
96345,single_train,single,question-span
96342,single_train,single,question-span
137696,single_train,single,non-extractive
137688,single_train,single,image-span
137690,single_train,single,multi-span
137695,single_train,single,question-span
137692,single_train,single,question-span
52587,single_train,single,multi-span
52590,single_train,single,question-span
52588,single_train,single,multi-span
52589,single_train,single,multi-span
52591,single_train,single,question-span
52593,single_train,single,non-extractive
114273,single_train,single,image-span
114267,single_train,single,image-span
114272,single_train,single,non-extractive
114271,single_train,single,question-span
114269,single_train,single,multi-span
114268,single_train,single,question-span
114270,single_train,single,non-extractive
14777,single_train,single,non-extractive
14776,single_train,single,multi-span
14780,single_train,single,non-extractive
14779,single_train,single,multi-span
14775,single_train,single,question-span
14774,single_train,single,image-span
14778,single_train,single,image-span
88851,single_train,single,image-span
88853,single_train,single,non-extractive
88855,single_train,single,non-extractive
88852,single_train,single,image-span
88849,single_train,single,question-span
88847,single_train,single,multi-span
88854,single_train,single,non-extractive
88848,single_train,single,multi-span
88850,single_train,single,question-span
93498,single_train,single,question-span
93501,single_train,single,image-span
93497,single_train,single,question-span
93502,single_train,single,non-extractive
93499,single_train,single,image-span
93503,single_train,single,non-extractive
93500,single_train,single,image-span
93496,single_train,single,multi-span
47739,single_train,single,question-span
47738,single_train,single,multi-span
47741,single_train,single,non-extractive
47742,single_train,single,non-extractive
47740,single_train,single,question-span
146247,single_train,single,multi-span
146249,single_train,single,image-span
146241,single_train,single,image-span
146242,single_train,single,question-span
146253,single_train,single,multi-span
146243,single_train,single,multi-span
146254,single_train,single,non-extractive
146251,single_train,single,multi-span
146246,single_train,single,question-span
146250,single_train,single,question-span
146248,single_train,single,non-extractive
146244,single_train,single,non-extractive
146245,single_train,single,image-span
45468,single_train,single,multi-span
45464,single_train,single,image-span
45463,single_train,single,non-extractive
45460,single_train,single,image-span
45465,single_train,single,question-span
45462,single_train,single,multi-span
45461,single_train,single,question-span
160673,single_train,single,image-span
160677,single_train,single,image-span
160670,single_train,single,question-span
160679,single_train,single,multi-span
160676,single_train,single,non-extractive
160669,single_train,single,image-span
160674,single_train,single,question-span
160680,single_train,single,non-extractive
160675,single_train,single,multi-span
160671,single_train,single,multi-span
160672,single_train,single,non-extractive
160678,single_train,single,question-span
118297,single_train,single,multi-span
118299,single_train,single,multi-span
118307,single_train,single,image-span
118308,single_train,single,non-extractive
118298,single_train,single,multi-span
118304,single_train,single,image-span
118306,single_train,single,image-span
118300,single_train,single,multi-span
118303,single_train,single,question-span
118305,single_train,single,image-span
144841,single_train,single,non-extractive
144840,single_train,single,question-span
144835,single_train,single,image-span
144834,single_train,single,non-extractive
144837,single_train,single,multi-span
144838,single_train,single,non-extractive
144836,single_train,single,question-span
144831,single_train,single,image-span
144833,single_train,single,multi-span
144832,single_train,single,question-span
311,single_train,single,non-extractive
307,single_train,single,image-span
304,single_train,single,image-span
306,single_train,single,multi-span
309,single_train,single,question-span
305,single_train,single,question-span
162731,single_train,single,non-extractive
162724,single_train,single,image-span
162730,single_train,single,multi-span
162727,single_train,single,non-extractive
162729,single_train,single,question-span
162726,single_train,single,multi-span
62213,single_train,single,image-span
62211,single_train,single,multi-span
62206,single_train,single,image-span
62208,single_train,single,non-extractive
62209,single_train,single,image-span
62216,single_train,single,multi-span
62207,single_train,single,question-span
62214,single_train,single,question-span
62217,single_train,single,non-extractive
62210,single_train,single,question-span
62212,single_train,single,non-extractive
62215,single_train,single,multi-span
87643,single_train,single,image-span
87638,single_train,single,multi-span
87641,single_train,single,question-span
87646,single_train,single,non-extractive
87640,single_train,single,multi-span
87645,single_train,single,image-span
87644,single_train,single,image-span
87639,single_train,single,multi-span
87642,single_train,single,question-span
51764,single_train,single,question-span
51766,single_train,single,image-span
51761,single_train,single,multi-span
51765,single_train,single,image-span
51763,single_train,single,question-span
51762,single_train,single,multi-span
51760,single_train,single,multi-span
7347,single_train,single,question-span
7346,single_train,single,image-span
7348,single_train,single,multi-span
7355,single_train,single,image-span
7352,single_train,single,image-span
7358,single_train,single,non-extractive
7353,single_train,single,question-span
7354,single_train,single,multi-span
7350,single_train,single,question-span
7349,single_train,single,non-extractive
7351,single_train,single,non-extractive
158864,single_train,single,multi-span
158862,single_train,single,image-span
158871,single_train,single,non-extractive
158870,single_train,single,multi-span
158874,single_train,single,multi-span
158873,single_train,single,question-span
158863,single_train,single,question-span
158872,single_train,single,image-span
37476,single_train,single,image-span
37468,single_train,single,multi-span
37474,single_train,single,question-span
37475,single_train,single,multi-span
37473,single_train,single,image-span
37466,single_train,single,image-span
37479,single_train,single,non-extractive
37470,single_train,single,image-span
37467,single_train,single,question-span
37472,single_train,single,multi-span
37469,single_train,single,non-extractive
37477,single_train,single,question-span
37471,single_train,single,question-span
69400,single_train,single,multi-span
69399,single_train,single,question-span
69398,single_train,single,image-span
69403,single_train,single,non-extractive
69401,single_train,single,non-extractive
69405,single_train,single,multi-span
5052,single_train,single,non-extractive
5053,single_train,single,image-span
5049,single_train,single,image-span
5057,single_train,single,non-extractive
5054,single_train,single,question-span
5050,single_train,single,question-span
28893,single_train,single,multi-span
28889,single_train,single,multi-span
28887,single_train,single,image-span
28892,single_train,single,question-span
28894,single_train,single,non-extractive
28883,single_train,single,image-span
28886,single_train,single,non-extractive
28884,single_train,single,question-span
28890,single_train,single,non-extractive
28885,single_train,single,multi-span
28891,single_train,single,image-span
28895,single_train,single,image-span
33033,single_train,single,question-span
33028,single_train,single,image-span
33030,single_train,single,multi-span
33029,single_train,single,question-span
33031,single_train,single,non-extractive
33032,single_train,single,image-span
156842,single_train,single,non-extractive
156838,single_train,single,image-span
156841,single_train,single,question-span
156845,single_train,single,multi-span
156846,single_train,single,non-extractive
156839,single_train,single,multi-span
156840,single_train,single,image-span
156843,single_train,single,image-span
156844,single_train,single,question-span
24702,single_train,single,non-extractive
24701,single_train,single,multi-span
24706,single_train,single,non-extractive
24705,single_train,single,multi-span
24700,single_train,single,question-span
24699,single_train,single,image-span
24703,single_train,single,image-span
24704,single_train,single,question-span
45934,single_train,single,non-extractive
45935,single_train,single,image-span
45931,single_train,single,multi-span
45932,single_train,single,non-extractive
45929,single_train,single,image-span
45930,single_train,single,question-span
110507,single_train,single,non-extractive
110510,single_train,single,multi-span
110506,single_train,single,multi-span
110512,single_train,single,question-span
110505,single_train,single,question-span
110514,single_train,single,non-extractive
110511,single_train,single,image-span
110508,single_train,single,image-span
110504,single_train,single,image-span
120966,single_train,single,question-span
120969,single_train,single,image-span
120967,single_train,single,image-span
120963,single_train,single,multi-span
120968,single_train,single,image-span
120970,single_train,single,non-extractive
120964,single_train,single,question-span
120965,single_train,single,question-span
120962,single_train,single,multi-span
52946,single_train,single,image-span
52943,single_train,single,question-span
52948,single_train,single,non-extractive
52942,single_train,single,multi-span
52944,single_train,single,question-span
52947,single_train,single,non-extractive
52949,single_train,single,non-extractive
52945,single_train,single,image-span
95805,single_train,single,question-span
95806,single_train,single,question-span
95803,single_train,single,multi-span
95807,single_train,single,image-span
95809,single_train,single,non-extractive
127567,single_train,single,non-extractive
127571,single_train,single,non-extractive
127572,single_train,single,image-span
127564,single_train,single,image-span
127570,single_train,single,multi-span
127568,single_train,single,image-span
127569,single_train,single,question-span
127565,single_train,single,question-span
127566,single_train,single,multi-span
132443,single_train,single,image-span
132447,single_train,single,question-span
132444,single_train,single,question-span
132448,single_train,single,multi-span
132442,single_train,single,non-extractive
132441,single_train,single,multi-span
132440,single_train,single,question-span
132439,single_train,single,image-span
132446,single_train,single,non-extractive
157021,single_train,single,question-span
157020,single_train,single,image-span
157022,single_train,single,multi-span
157026,single_train,single,non-extractive
157027,single_train,single,non-extractive
157024,single_train,single,image-span
157028,single_train,single,image-span
157025,single_train,single,multi-span
157023,single_train,single,non-extractive
51144,single_train,single,question-span
51145,single_train,single,image-span
51143,single_train,single,question-span
51148,single_train,single,non-extractive
51147,single_train,single,non-extractive
51146,single_train,single,image-span
51142,single_train,single,multi-span
64128,single_train,single,multi-span
64119,single_train,single,non-extractive
64129,single_train,single,non-extractive
64125,single_train,single,non-extractive
64116,single_train,single,image-span
64123,single_train,single,non-extractive
64118,single_train,single,multi-span
64120,single_train,single,image-span
64127,single_train,single,question-span
60620,single_train,single,multi-span
60629,single_train,single,non-extractive
60621,single_train,single,multi-span
60626,single_train,single,image-span
60624,single_train,single,question-span
60628,single_train,single,non-extractive
60625,single_train,single,question-span
60623,single_train,single,question-span
60627,single_train,single,image-span
60622,single_train,single,multi-span
164338,single_train,single,image-span
164343,single_train,single,multi-span
164339,single_train,single,question-span
164340,single_train,single,multi-span
113616,single_train,single,question-span
113618,single_train,single,image-span
113614,single_train,single,non-extractive
113621,single_train,single,non-extractive
113615,single_train,single,image-span
113617,single_train,single,multi-span
113613,single_train,single,multi-span
70352,single_train,single,multi-span
70346,single_train,single,non-extractive
70344,single_train,single,question-span
70348,single_train,single,question-span
70343,single_train,single,image-span
70345,single_train,single,multi-span
70351,single_train,single,question-span
70350,single_train,single,image-span
70347,single_train,single,image-span
70349,single_train,single,non-extractive
95953,single_train,single,image-span
95954,single_train,single,image-span
95947,single_train,single,multi-span
95952,single_train,single,question-span
95948,single_train,single,multi-span
95951,single_train,single,question-span
95949,single_train,single,multi-span
95950,single_train,single,question-span
120579,single_train,single,question-span
120577,single_train,single,question-span
120574,single_train,single,multi-span
120572,single_train,single,multi-span
120580,single_train,single,image-span
120578,single_train,single,question-span
120584,single_train,single,non-extractive
120575,single_train,single,multi-span
120581,single_train,single,image-span
120583,single_train,single,image-span
120576,single_train,single,question-span
120582,single_train,single,image-span
120573,single_train,single,multi-span
105035,single_train,single,image-span
105033,single_train,single,multi-span
105034,single_train,single,non-extractive
105041,single_train,single,multi-span
105038,single_train,single,non-extractive
105042,single_train,single,non-extractive
105031,single_train,single,image-span
105036,single_train,single,question-span
105032,single_train,single,question-span
105040,single_train,single,question-span
105037,single_train,single,multi-span
38402,single_train,single,multi-span
38406,single_train,single,multi-span
38405,single_train,single,question-span
38410,single_train,single,non-extractive
38400,single_train,single,image-span
38407,single_train,single,non-extractive
38403,single_train,single,non-extractive
38401,single_train,single,question-span
38404,single_train,single,image-span
150702,single_train,single,non-extractive
150698,single_train,single,image-span
150701,single_train,single,non-extractive
150699,single_train,single,question-span
103136,single_train,single,multi-span
103138,single_train,single,image-span
103142,single_train,single,image-span
103134,single_train,single,image-span
103137,single_train,single,non-extractive
103144,single_train,single,multi-span
103145,single_train,single,non-extractive
103140,single_train,single,multi-span
103141,single_train,single,non-extractive
32403,single_train,single,question-span
32407,single_train,single,question-span
32408,single_train,single,non-extractive
32405,single_train,single,non-extractive
32402,single_train,single,image-span
88779,single_train,single,multi-span
88784,single_train,single,question-span
88786,single_train,single,question-span
88785,single_train,single,question-span
88781,single_train,single,multi-span
88787,single_train,single,image-span
88792,single_train,single,non-extractive
88780,single_train,single,multi-span
88789,single_train,single,image-span
88783,single_train,single,question-span
88791,single_train,single,non-extractive
120452,single_train,single,multi-span
120451,single_train,single,multi-span
120454,single_train,single,question-span
120455,single_train,single,question-span
120456,single_train,single,question-span
120457,single_train,single,image-span
120459,single_train,single,image-span
120460,single_train,single,image-span
120463,single_train,single,non-extractive
120458,single_train,single,image-span
120462,single_train,single,non-extractive
120461,single_train,single,non-extractive
120453,single_train,single,multi-span
30323,single_train,single,multi-span
30319,single_train,single,multi-span
30317,single_train,single,image-span
30318,single_train,single,question-span
30320,single_train,single,non-extractive
30322,single_train,single,question-span
30321,single_train,single,image-span
122693,single_train,single,image-span
122688,single_train,single,question-span
122690,single_train,single,question-span
122686,single_train,single,multi-span
122687,single_train,single,multi-span
122691,single_train,single,image-span
122692,single_train,single,image-span
122694,single_train,single,non-extractive
122685,single_train,single,multi-span
147366,single_train,single,question-span
147365,single_train,single,image-span
147367,single_train,single,multi-span
147370,single_train,single,image-span
147368,single_train,single,non-extractive
48068,single_train,single,question-span
48066,single_train,single,multi-span
48067,single_train,single,multi-span
48069,single_train,single,question-span
48071,single_train,single,image-span
48072,single_train,single,image-span
48074,single_train,single,non-extractive
48070,single_train,single,image-span
7413,single_train,single,non-extractive
7409,single_train,single,non-extractive
7411,single_train,single,question-span
7410,single_train,single,image-span
7406,single_train,single,image-span
7415,single_train,single,non-extractive
7412,single_train,single,multi-span
7407,single_train,single,question-span
7408,single_train,single,multi-span
38019,single_train,single,non-extractive
38024,single_train,single,question-span
38020,single_train,single,image-span
38018,single_train,single,multi-span
38025,single_train,single,multi-span
38022,single_train,single,non-extractive
110248,single_train,single,image-span
110249,single_train,single,question-span
110246,single_train,single,question-span
110255,single_train,single,non-extractive
110252,single_train,single,image-span
110251,single_train,single,non-extractive
110250,single_train,single,multi-span
110247,single_train,single,multi-span
66089,single_train,single,question-span
66086,single_train,single,multi-span
66085,single_train,single,question-span
66091,single_train,single,image-span
66090,single_train,single,multi-span
66094,single_train,single,non-extractive
66084,single_train,single,image-span
66088,single_train,single,image-span
66087,single_train,single,non-extractive
49155,single_train,single,multi-span
49160,single_train,single,image-span
49161,single_train,single,non-extractive
49159,single_train,single,image-span
49156,single_train,single,multi-span
49158,single_train,single,question-span
49154,single_train,single,multi-span
49157,single_train,single,question-span
71130,single_train,single,image-span
71128,single_train,single,multi-span
71129,single_train,single,non-extractive
71127,single_train,single,question-span
71131,single_train,single,question-span
71126,single_train,single,image-span
71132,single_train,single,multi-span
71133,single_train,single,non-extractive
142966,single_train,single,non-extractive
142960,single_train,single,question-span
142957,single_train,single,question-span
142959,single_train,single,non-extractive
142962,single_train,single,non-extractive
142953,single_train,single,question-span
142956,single_train,single,image-span
142958,single_train,single,multi-span
142955,single_train,single,non-extractive
142954,single_train,single,multi-span
142961,single_train,single,multi-span
142952,single_train,single,image-span
89753,single_train,single,question-span
89756,single_train,single,image-span
89754,single_train,single,question-span
89752,single_train,single,question-span
89755,single_train,single,image-span
89757,single_train,single,image-span
89751,single_train,single,multi-span
89758,single_train,single,non-extractive
31442,single_train,single,image-span
31445,single_train,single,non-extractive
31441,single_train,single,multi-span
31440,single_train,single,question-span
31443,single_train,single,question-span
31439,single_train,single,image-span
143643,single_train,single,non-extractive
143641,single_train,single,question-span
143648,single_train,single,question-span
143645,single_train,single,multi-span
143646,single_train,single,non-extractive
143642,single_train,single,multi-span
143647,single_train,single,image-span
143644,single_train,single,image-span
143640,single_train,single,image-span
61285,single_train,single,image-span
61281,single_train,single,multi-span
61283,single_train,single,question-span
61284,single_train,single,question-span
61282,single_train,single,multi-span
61287,single_train,single,non-extractive
101915,single_train,single,question-span
101918,single_train,single,multi-span
101919,single_train,single,non-extractive
101920,single_train,single,image-span
101916,single_train,single,multi-span
101917,single_train,single,non-extractive
105056,single_train,single,question-span
105057,single_train,single,multi-span
105052,single_train,single,question-span
105058,single_train,single,non-extractive
105053,single_train,single,multi-span
105055,single_train,single,image-span
105051,single_train,single,image-span
139775,single_train,single,multi-span
139781,single_train,single,non-extractive
139776,single_train,single,non-extractive
139785,single_train,single,non-extractive
139778,single_train,single,multi-span
139784,single_train,single,multi-span
139780,single_train,single,question-span
139777,single_train,single,image-span
139779,single_train,single,image-span
139773,single_train,single,image-span
139774,single_train,single,question-span
139783,single_train,single,question-span
145709,single_train,single,question-span
145708,single_train,single,image-span
145706,single_train,single,multi-span
145714,single_train,single,multi-span
145707,single_train,single,non-extractive
145713,single_train,single,question-span
145704,single_train,single,image-span
102505,single_train,single,multi-span
102503,single_train,single,image-span
102504,single_train,single,question-span
102507,single_train,single,image-span
102506,single_train,single,non-extractive
123968,single_train,single,image-span
123967,single_train,single,multi-span
123966,single_train,single,multi-span
123969,single_train,single,image-span
159286,single_train,single,non-extractive
159287,single_train,single,image-span
159285,single_train,single,question-span
159284,single_train,single,image-span
83391,single_train,single,multi-span
83397,single_train,single,image-span
83390,single_train,single,multi-span
83395,single_train,single,image-span
83396,single_train,single,image-span
83398,single_train,single,non-extractive
83393,single_train,single,question-span
157644,single_train,single,question-span
157647,single_train,single,multi-span
157640,single_train,single,image-span
157646,single_train,single,image-span
157643,single_train,single,image-span
157648,single_train,single,non-extractive
157641,single_train,single,multi-span
157642,single_train,single,non-extractive
157645,single_train,single,non-extractive
56419,single_train,single,image-span
56415,single_train,single,multi-span
56417,single_train,single,question-span
56416,single_train,single,question-span
56414,single_train,single,multi-span
56418,single_train,single,question-span
84948,single_train,single,question-span
84952,single_train,single,image-span
84945,single_train,single,multi-span
84947,single_train,single,multi-span
84953,single_train,single,image-span
84950,single_train,single,question-span
84949,single_train,single,question-span
84955,single_train,single,non-extractive
84946,single_train,single,multi-span
84951,single_train,single,image-span
22149,single_train,single,non-extractive
22147,single_train,single,question-span
22153,single_train,single,image-span
22155,single_train,single,multi-span
22148,single_train,single,multi-span
22146,single_train,single,image-span
91491,single_train,single,image-span
91493,single_train,single,non-extractive
91494,single_train,single,non-extractive
91486,single_train,single,multi-span
91487,single_train,single,question-span
91485,single_train,single,multi-span
91492,single_train,single,non-extractive
91489,single_train,single,image-span
91490,single_train,single,image-span
91488,single_train,single,question-span
62343,single_train,single,non-extractive
62347,single_train,single,image-span
62342,single_train,single,question-span
62340,single_train,single,non-extractive
62344,single_train,single,image-span
62339,single_train,single,multi-span
62338,single_train,single,image-span
62349,single_train,single,non-extractive
62348,single_train,single,question-span
62341,single_train,single,image-span
62346,single_train,single,multi-span
119009,single_train,single,question-span
119005,single_train,single,multi-span
119016,single_train,single,non-extractive
119012,single_train,single,image-span
119008,single_train,single,question-span
119007,single_train,single,multi-span
119010,single_train,single,question-span
119015,single_train,single,image-span
119011,single_train,single,question-span
119013,single_train,single,image-span
119006,single_train,single,multi-span
66402,single_train,single,non-extractive
66399,single_train,single,image-span
66397,single_train,single,image-span
66398,single_train,single,non-extractive
66401,single_train,single,multi-span
66400,single_train,single,question-span
66404,single_train,single,question-span
134916,single_train,single,non-extractive
134914,single_train,single,question-span
134918,single_train,single,non-extractive
134913,single_train,single,non-extractive
134917,single_train,single,multi-span
134910,single_train,single,image-span
134915,single_train,single,multi-span
73772,single_train,single,question-span
73770,single_train,single,non-extractive
73768,single_train,single,question-span
73769,single_train,single,multi-span
73767,single_train,single,image-span
73773,single_train,single,multi-span
44668,single_train,single,multi-span
44666,single_train,single,image-span
44677,single_train,single,multi-span
44672,single_train,single,multi-span
44669,single_train,single,non-extractive
44675,single_train,single,non-extractive
44674,single_train,single,multi-span
44673,single_train,single,image-span
91371,single_train,single,image-span
91365,single_train,single,multi-span
91366,single_train,single,multi-span
91367,single_train,single,question-span
91368,single_train,single,question-span
91373,single_train,single,non-extractive
91374,single_train,single,non-extractive
91372,single_train,single,image-span
91370,single_train,single,image-span
91364,single_train,single,multi-span
51380,single_train,single,question-span
51377,single_train,single,multi-span
51379,single_train,single,multi-span
51381,single_train,single,question-span
49995,single_train,single,image-span
49993,single_train,single,question-span
49991,single_train,single,question-span
49994,single_train,single,image-span
49992,single_train,single,question-span
49990,single_train,single,multi-span
49989,single_train,single,multi-span
49997,single_train,single,non-extractive
49988,single_train,single,multi-span
69248,single_train,single,image-span
69245,single_train,single,question-span
69247,single_train,single,non-extractive
69251,single_train,single,non-extractive
69244,single_train,single,image-span
69250,single_train,single,non-extractive
69246,single_train,single,multi-span
69249,single_train,single,question-span
162650,single_train,single,image-span
162648,single_train,single,multi-span
162647,single_train,single,question-span
162651,single_train,single,question-span
162649,single_train,single,non-extractive
162654,single_train,single,question-span
162652,single_train,single,multi-span
162646,single_train,single,image-span
135393,single_train,single,image-span
135382,single_train,single,image-span
135388,single_train,single,non-extractive
135391,single_train,single,multi-span
135383,single_train,single,question-span
135385,single_train,single,non-extractive
135386,single_train,single,image-span
135387,single_train,single,multi-span
135384,single_train,single,multi-span
135390,single_train,single,question-span
135392,single_train,single,non-extractive
135389,single_train,single,image-span
166278,single_train,single,non-extractive
166279,single_train,single,image-span
166276,single_train,single,image-span
166271,single_train,single,multi-span
166281,single_train,single,multi-span
166282,single_train,single,non-extractive
166274,single_train,single,multi-span
166273,single_train,single,image-span
166272,single_train,single,non-extractive
166275,single_train,single,non-extractive
166277,single_train,single,multi-span
166270,single_train,single,image-span
19470,single_train,single,image-span
19467,single_train,single,image-span
19469,single_train,single,multi-span
19471,single_train,single,question-span
19472,single_train,single,non-extractive
19473,single_train,single,question-span
81388,single_train,single,image-span
81386,single_train,single,multi-span
81389,single_train,single,question-span
81385,single_train,single,question-span
81384,single_train,single,image-span
81387,single_train,single,non-extractive
86335,single_train,single,image-span
86337,single_train,single,image-span
86333,single_train,single,question-span
86336,single_train,single,image-span
86329,single_train,single,multi-span
86332,single_train,single,question-span
140100,single_train,single,non-extractive
140106,single_train,single,non-extractive
140101,single_train,single,image-span
140099,single_train,single,multi-span
140098,single_train,single,question-span
140097,single_train,single,image-span
140102,single_train,single,multi-span
140104,single_train,single,question-span
134337,single_train,single,non-extractive
134335,single_train,single,question-span
134328,single_train,single,image-span
134331,single_train,single,non-extractive
134332,single_train,single,image-span
134329,single_train,single,question-span
134333,single_train,single,question-span
134336,single_train,single,multi-span
134330,single_train,single,multi-span
8440,single_train,single,image-span
8441,single_train,single,question-span
8447,single_train,single,non-extractive
8443,single_train,single,non-extractive
8446,single_train,single,multi-span
8444,single_train,single,image-span
8445,single_train,single,question-span
9653,single_train,single,image-span
9660,single_train,single,non-extractive
9663,single_train,single,multi-span
9664,single_train,single,non-extractive
9662,single_train,single,question-span
9661,single_train,single,image-span
9657,single_train,single,image-span
9659,single_train,single,multi-span
9655,single_train,single,multi-span
9658,single_train,single,question-span
22416,single_train,single,multi-span
22417,single_train,single,non-extractive
22411,single_train,single,question-span
22410,single_train,single,image-span
22412,single_train,single,multi-span
166518,single_train,single,non-extractive
166513,single_train,single,image-span
166509,single_train,single,image-span
166517,single_train,single,image-span
166516,single_train,single,non-extractive
166510,single_train,single,question-span
166515,single_train,single,multi-span
166511,single_train,single,multi-span
45972,single_train,single,image-span
45974,single_train,single,multi-span
45973,single_train,single,question-span
45968,single_train,single,image-span
45969,single_train,single,question-span
45978,single_train,single,non-extractive
45975,single_train,single,non-extractive
45971,single_train,single,non-extractive
45970,single_train,single,multi-span
55754,single_train,single,question-span
55755,single_train,single,question-span
55752,single_train,single,multi-span
55756,single_train,single,image-span
55758,single_train,single,non-extractive
55753,single_train,single,multi-span
55759,single_train,single,non-extractive
125121,single_train,single,multi-span
125126,single_train,single,question-span
125127,single_train,single,question-span
125122,single_train,single,multi-span
125125,single_train,single,question-span
125123,single_train,single,multi-span
125130,single_train,single,non-extractive
125124,single_train,single,question-span
125128,single_train,single,image-span
40360,single_train,single,multi-span
40359,single_train,single,question-span
40362,single_train,single,question-span
40358,single_train,single,image-span
40364,single_train,single,question-span
40361,single_train,single,image-span
40365,single_train,single,multi-span
80823,single_train,single,non-extractive
80822,single_train,single,multi-span
80825,single_train,single,non-extractive
1032,single_train,single,multi-span
1034,single_train,single,image-span
1030,single_train,single,image-span
1035,single_train,single,question-span
1033,single_train,single,non-extractive
49858,single_train,single,question-span
49856,single_train,single,multi-span
49864,single_train,single,non-extractive
49860,single_train,single,question-span
49859,single_train,single,question-span
49862,single_train,single,image-span
49863,single_train,single,image-span
49861,single_train,single,image-span
83588,single_train,single,image-span
83583,single_train,single,question-span
83589,single_train,single,non-extractive
83586,single_train,single,image-span
83587,single_train,single,image-span
83579,single_train,single,multi-span
83585,single_train,single,question-span
83584,single_train,single,question-span
83578,single_train,single,multi-span
83580,single_train,single,multi-span
101813,single_train,single,question-span
101812,single_train,single,image-span
101816,single_train,single,question-span
101815,single_train,single,non-extractive
101818,single_train,single,non-extractive
104177,single_train,single,non-extractive
104176,single_train,single,multi-span
104178,single_train,single,non-extractive
104174,single_train,single,image-span
104175,single_train,single,question-span
109079,single_train,single,image-span
109076,single_train,single,multi-span
109077,single_train,single,non-extractive
109082,single_train,single,non-extractive
109074,single_train,single,image-span
109078,single_train,single,multi-span
12835,single_train,single,image-span
12838,single_train,single,non-extractive
12837,single_train,single,multi-span
12836,single_train,single,question-span
44307,single_train,single,question-span
44303,single_train,single,image-span
44308,single_train,single,multi-span
44306,single_train,single,non-extractive
44304,single_train,single,question-span
44310,single_train,single,image-span
44309,single_train,single,non-extractive
44305,single_train,single,multi-span
44311,single_train,single,multi-span
98822,single_train,single,question-span
98819,single_train,single,question-span
98823,single_train,single,multi-span
98821,single_train,single,image-span
98818,single_train,single,image-span
98824,single_train,single,non-extractive
98820,single_train,single,multi-span
12512,single_train,single,image-span
12519,single_train,single,multi-span
12518,single_train,single,image-span
12513,single_train,single,multi-span
12515,single_train,single,image-span
12514,single_train,single,non-extractive
12520,single_train,single,image-span
12516,single_train,single,multi-span
12517,single_train,single,non-extractive
152257,single_train,single,non-extractive
152255,single_train,single,question-span
152254,single_train,single,image-span
152256,single_train,single,multi-span
62419,single_train,single,non-extractive
62427,single_train,single,non-extractive
62416,single_train,single,image-span
62422,single_train,single,multi-span
62418,single_train,single,multi-span
62417,single_train,single,question-span
62420,single_train,single,image-span
62423,single_train,single,non-extractive
62421,single_train,single,question-span
146729,single_train,single,multi-span
146726,single_train,single,multi-span
146723,single_train,single,multi-span
146728,single_train,single,question-span
146725,single_train,single,image-span
146721,single_train,single,image-span
146731,single_train,single,non-extractive
146727,single_train,single,image-span
146722,single_train,single,question-span
146724,single_train,single,non-extractive
93946,single_train,single,image-span
93945,single_train,single,question-span
93944,single_train,single,multi-span
131289,single_train,single,multi-span
131291,single_train,single,image-span
131288,single_train,single,question-span
131297,single_train,single,multi-span
131298,single_train,single,non-extractive
131287,single_train,single,image-span
131296,single_train,single,question-span
131294,single_train,single,non-extractive
46672,single_train,single,multi-span
46674,single_train,single,question-span
46676,single_train,single,question-span
46673,single_train,single,multi-span
46675,single_train,single,question-span
46677,single_train,single,image-span
77164,single_train,single,multi-span
77166,single_train,single,image-span
77162,single_train,single,image-span
77158,single_train,single,image-span
77163,single_train,single,question-span
77161,single_train,single,non-extractive
77159,single_train,single,question-span
77169,single_train,single,non-extractive
77160,single_train,single,multi-span
77165,single_train,single,non-extractive
50299,single_train,single,non-extractive
50298,single_train,single,image-span
50295,single_train,single,question-span
50296,single_train,single,image-span
50292,single_train,single,multi-span
50294,single_train,single,question-span
50300,single_train,single,non-extractive
50301,single_train,single,non-extractive
50293,single_train,single,multi-span
50297,single_train,single,image-span
47913,single_train,single,question-span
47914,single_train,single,image-span
47912,single_train,single,question-span
47909,single_train,single,multi-span
47918,single_train,single,non-extractive
47915,single_train,single,image-span
47911,single_train,single,question-span
47910,single_train,single,multi-span
109819,single_train,single,non-extractive
109817,single_train,single,question-span
109821,single_train,single,multi-span
109823,single_train,single,image-span
109824,single_train,single,question-span
109820,single_train,single,question-span
109816,single_train,single,image-span
109825,single_train,single,multi-span
109822,single_train,single,non-extractive
109818,single_train,single,multi-span
142461,single_train,single,multi-span
142464,single_train,single,question-span
142465,single_train,single,multi-span
142462,single_train,single,non-extractive
142456,single_train,single,question-span
142463,single_train,single,image-span
135554,single_train,single,multi-span
135555,single_train,single,non-extractive
135563,single_train,single,image-span
135561,single_train,single,multi-span
135566,single_train,single,non-extractive
135560,single_train,single,question-span
135565,single_train,single,multi-span
135564,single_train,single,question-span
135559,single_train,single,image-span
135556,single_train,single,image-span
135562,single_train,single,non-extractive
135553,single_train,single,question-span
135557,single_train,single,question-span
20530,single_train,single,multi-span
20529,single_train,single,question-span
20532,single_train,single,image-span
20531,single_train,single,non-extractive
20528,single_train,single,image-span
20533,single_train,single,question-span
20535,single_train,single,non-extractive
136055,single_train,single,image-span
136052,single_train,single,question-span
136054,single_train,single,non-extractive
136048,single_train,single,image-span
136051,single_train,single,image-span
136046,single_train,single,multi-span
136050,single_train,single,non-extractive
136045,single_train,single,question-span
136056,single_train,single,question-span
136044,single_train,single,image-span
136047,single_train,single,non-extractive
106276,single_train,single,image-span
106278,single_train,single,non-extractive
106281,single_train,single,non-extractive
30998,single_train,single,non-extractive
30995,single_train,single,image-span
30996,single_train,single,question-span
31000,single_train,single,question-span
30997,single_train,single,multi-span
31001,single_train,single,multi-span
31005,single_train,single,non-extractive
31002,single_train,single,non-extractive
30999,single_train,single,image-span
145646,single_train,single,question-span
145639,single_train,single,question-span
145642,single_train,single,image-span
145644,single_train,single,non-extractive
145648,single_train,single,non-extractive
145640,single_train,single,multi-span
145641,single_train,single,non-extractive
145645,single_train,single,image-span
145638,single_train,single,image-span
145650,single_train,single,question-span
145647,single_train,single,multi-span
145643,single_train,single,multi-span
7646,single_train,single,multi-span
7644,single_train,single,non-extractive
7642,single_train,single,image-span
7643,single_train,single,multi-span
7647,single_train,single,non-extractive
7645,single_train,single,question-span
48288,single_train,single,multi-span
48291,single_train,single,question-span
48292,single_train,single,question-span
48294,single_train,single,image-span
48299,single_train,single,non-extractive
48293,single_train,single,question-span
48296,single_train,single,image-span
48295,single_train,single,image-span
48290,single_train,single,multi-span
11332,single_train,single,image-span
11334,single_train,single,multi-span
11333,single_train,single,question-span
11341,single_train,single,question-span
11336,single_train,single,image-span
11335,single_train,single,non-extractive
11338,single_train,single,multi-span
11342,single_train,single,multi-span
26355,single_train,single,non-extractive
26353,single_train,single,image-span
26356,single_train,single,image-span
26354,single_train,single,question-span
26349,single_train,single,image-span
26352,single_train,single,non-extractive
26350,single_train,single,question-span
26351,single_train,single,multi-span
135598,single_train,single,multi-span
135600,single_train,single,image-span
135592,single_train,single,image-span
135591,single_train,single,non-extractive
135599,single_train,single,non-extractive
135593,single_train,single,question-span
135589,single_train,single,question-span
135588,single_train,single,image-span
135590,single_train,single,multi-span
36525,single_train,single,image-span
36529,single_train,single,non-extractive
36524,single_train,single,non-extractive
36522,single_train,single,question-span
36526,single_train,single,question-span
36523,single_train,single,multi-span
36521,single_train,single,image-span
2012,single_train,single,non-extractive
2014,single_train,single,question-span
2010,single_train,single,question-span
2021,single_train,single,question-span
2015,single_train,single,multi-span
2017,single_train,single,image-span
2022,single_train,single,multi-span
2009,single_train,single,image-span
2011,single_train,single,multi-span
2019,single_train,single,multi-span
2020,single_train,single,image-span
2016,single_train,single,non-extractive
146363,single_train,single,non-extractive
122436,single_train,single,image-span
122431,single_train,single,question-span
122435,single_train,single,image-span
122434,single_train,single,image-span
122433,single_train,single,question-span
122437,single_train,single,non-extractive
122428,single_train,single,multi-span
122438,single_train,single,non-extractive
122432,single_train,single,question-span
122429,single_train,single,multi-span
122439,single_train,single,non-extractive
122430,single_train,single,question-span
87527,single_train,single,question-span
87533,single_train,single,non-extractive
87524,single_train,single,multi-span
87530,single_train,single,image-span
87532,single_train,single,image-span
87525,single_train,single,multi-span
87523,single_train,single,multi-span
87531,single_train,single,image-span
87526,single_train,single,multi-span
87529,single_train,single,question-span
87528,single_train,single,question-span
80038,single_train,single,question-span
80047,single_train,single,multi-span
80045,single_train,single,question-span
80039,single_train,single,multi-span
80043,single_train,single,multi-span
80037,single_train,single,image-span
80042,single_train,single,question-span
80044,single_train,single,image-span
80046,single_train,single,non-extractive
80041,single_train,single,image-span
80040,single_train,single,non-extractive
99186,single_train,single,non-extractive
99183,single_train,single,image-span
99190,single_train,single,non-extractive
99181,single_train,single,multi-span
99182,single_train,single,non-extractive
99180,single_train,single,image-span
132273,single_train,single,non-extractive
132271,single_train,single,question-span
132272,single_train,single,multi-span
132268,single_train,single,image-span
132274,single_train,single,image-span
132277,single_train,single,non-extractive
132270,single_train,single,non-extractive
22956,single_train,single,question-span
22953,single_train,single,image-span
22954,single_train,single,question-span
154945,single_train,single,question-span
154940,single_train,single,image-span
154941,single_train,single,question-span
154951,single_train,single,non-extractive
154950,single_train,single,multi-span
154943,single_train,single,non-extractive
154947,single_train,single,non-extractive
154949,single_train,single,question-span
154942,single_train,single,multi-span
154948,single_train,single,image-span
154946,single_train,single,multi-span
154944,single_train,single,image-span
87815,single_train,single,question-span
87816,single_train,single,question-span
87817,single_train,single,question-span
87814,single_train,single,multi-span
87818,single_train,single,image-span
87813,single_train,single,multi-span
87819,single_train,single,image-span
87820,single_train,single,image-span
87812,single_train,single,multi-span
157175,single_train,single,question-span
157169,single_train,single,multi-span
157172,single_train,single,multi-span
157171,single_train,single,question-span
157176,single_train,single,non-extractive
157174,single_train,single,image-span
157173,single_train,single,non-extractive
157168,single_train,single,image-span
157170,single_train,single,non-extractive
132773,single_train,single,non-extractive
132779,single_train,single,multi-span
132776,single_train,single,non-extractive
132774,single_train,single,image-span
132772,single_train,single,image-span
132775,single_train,single,multi-span
132778,single_train,single,question-span
135844,single_train,single,image-span
135856,single_train,single,question-span
135848,single_train,single,image-span
135846,single_train,single,multi-span
135851,single_train,single,non-extractive
135855,single_train,single,non-extractive
135854,single_train,single,multi-span
135847,single_train,single,non-extractive
135852,single_train,single,image-span
104210,single_train,single,question-span
104211,single_train,single,multi-span
104209,single_train,single,image-span
104212,single_train,single,non-extractive
104217,single_train,single,non-extractive
104213,single_train,single,image-span
64081,single_train,single,multi-span
64084,single_train,single,multi-span
64076,single_train,single,question-span
64080,single_train,single,question-span
64085,single_train,single,non-extractive
64079,single_train,single,image-span
64078,single_train,single,non-extractive
64075,single_train,single,image-span
143392,single_train,single,non-extractive
143396,single_train,single,image-span
143385,single_train,single,image-span
143391,single_train,single,multi-span
143386,single_train,single,question-span
143393,single_train,single,image-span
143395,single_train,single,multi-span
56153,single_train,single,multi-span
56155,single_train,single,question-span
56156,single_train,single,question-span
56157,single_train,single,image-span
56158,single_train,single,image-span
56154,single_train,single,multi-span
69342,single_train,single,question-span
69345,single_train,single,question-span
69341,single_train,single,image-span
69338,single_train,single,question-span
69340,single_train,single,non-extractive
69344,single_train,single,non-extractive
69337,single_train,single,image-span
69343,single_train,single,multi-span
69339,single_train,single,multi-span
69346,single_train,single,multi-span
38582,single_train,single,question-span
38588,single_train,single,non-extractive
38581,single_train,single,image-span
38580,single_train,single,non-extractive
38584,single_train,single,non-extractive
38577,single_train,single,image-span
38579,single_train,single,multi-span
38583,single_train,single,multi-span
38578,single_train,single,question-span
37574,single_train,single,question-span
37570,single_train,single,question-span
37575,single_train,single,multi-span
37573,single_train,single,image-span
37571,single_train,single,multi-span
37577,single_train,single,image-span
37569,single_train,single,image-span
108093,single_train,single,non-extractive
108092,single_train,single,multi-span
61374,single_train,single,multi-span
61379,single_train,single,non-extractive
61376,single_train,single,question-span
61377,single_train,single,image-span
61378,single_train,single,image-span
61375,single_train,single,question-span
108433,single_train,single,question-span
108436,single_train,single,image-span
108435,single_train,single,non-extractive
108434,single_train,single,multi-span
108432,single_train,single,image-span
153386,single_train,single,image-span
153389,single_train,single,non-extractive
153391,single_train,single,multi-span
153392,single_train,single,non-extractive
153388,single_train,single,multi-span
153387,single_train,single,question-span
39490,single_train,single,image-span
39491,single_train,single,question-span
39493,single_train,single,non-extractive
39495,single_train,single,question-span
39492,single_train,single,multi-span
39494,single_train,single,image-span
39496,single_train,single,image-span
39499,single_train,single,non-extractive
163801,single_train,single,question-span
163800,single_train,single,image-span
163798,single_train,single,multi-span
163796,single_train,single,image-span
163799,single_train,single,non-extractive
163803,single_train,single,image-span
163797,single_train,single,question-span
163804,single_train,single,question-span
163805,single_train,single,multi-span
163802,single_train,single,multi-span
56694,single_train,single,image-span
56690,single_train,single,multi-span
56693,single_train,single,question-span
56691,single_train,single,multi-span
56692,single_train,single,question-span
54480,single_train,single,multi-span
54482,single_train,single,question-span
54483,single_train,single,question-span
54484,single_train,single,image-span
54486,single_train,single,image-span
54485,single_train,single,image-span
54481,single_train,single,question-span
54478,single_train,single,multi-span
101763,single_train,single,multi-span
101765,single_train,single,image-span
101762,single_train,single,question-span
101761,single_train,single,image-span
137617,single_train,single,multi-span
137615,single_train,single,image-span
50417,single_train,single,multi-span
50418,single_train,single,multi-span
50416,single_train,single,multi-span
50423,single_train,single,image-span
50421,single_train,single,question-span
50422,single_train,single,image-span
50419,single_train,single,question-span
50420,single_train,single,question-span
50427,single_train,single,non-extractive
50424,single_train,single,image-span
50426,single_train,single,non-extractive
87103,single_train,single,image-span
87105,single_train,single,non-extractive
87098,single_train,single,question-span
87096,single_train,single,multi-span
87097,single_train,single,multi-span
87100,single_train,single,question-span
87095,single_train,single,multi-span
87099,single_train,single,question-span
87102,single_train,single,image-span
87104,single_train,single,non-extractive
87101,single_train,single,image-span
13398,single_train,single,image-span
13396,single_train,single,multi-span
13395,single_train,single,question-span
13400,single_train,single,non-extractive
13394,single_train,single,image-span
13399,single_train,single,multi-span
13397,single_train,single,non-extractive
76283,single_train,single,question-span
76290,single_train,single,question-span
76288,single_train,single,multi-span
76284,single_train,single,multi-span
76292,single_train,single,non-extractive
76289,single_train,single,image-span
76291,single_train,single,multi-span
76286,single_train,single,image-span
76285,single_train,single,non-extractive
76287,single_train,single,question-span
76282,single_train,single,image-span
77702,single_train,single,question-span
77710,single_train,single,non-extractive
77708,single_train,single,question-span
77712,single_train,single,question-span
77713,single_train,single,multi-span
77701,single_train,single,image-span
77709,single_train,single,multi-span
77704,single_train,single,non-extractive
77703,single_train,single,multi-span
77705,single_train,single,image-span
77706,single_train,single,question-span
77714,single_train,single,non-extractive
115685,single_train,single,image-span
115687,single_train,single,multi-span
115693,single_train,single,image-span
115694,single_train,single,non-extractive
115686,single_train,single,question-span
115690,single_train,single,question-span
115691,single_train,single,multi-span
115689,single_train,single,image-span
115692,single_train,single,non-extractive
115688,single_train,single,non-extractive
65465,single_train,single,image-span
65464,single_train,single,non-extractive
65463,single_train,single,multi-span
65461,single_train,single,image-span
57309,single_train,single,non-extractive
57303,single_train,single,question-span
57306,single_train,single,image-span
57302,single_train,single,multi-span
57305,single_train,single,question-span
57307,single_train,single,image-span
57310,single_train,single,non-extractive
57304,single_train,single,question-span
107740,single_train,single,multi-span
107741,single_train,single,non-extractive
107737,single_train,single,non-extractive
107735,single_train,single,image-span
107732,single_train,single,question-span
107739,single_train,single,question-span
65216,single_train,single,question-span
65215,single_train,single,image-span
65220,single_train,single,multi-span
65214,single_train,single,non-extractive
65219,single_train,single,question-span
65218,single_train,single,image-span
65222,single_train,single,question-span
65213,single_train,single,multi-span
65212,single_train,single,image-span
158964,single_train,single,question-span
158969,single_train,single,multi-span
158965,single_train,single,multi-span
158973,single_train,single,non-extractive
158970,single_train,single,non-extractive
158966,single_train,single,non-extractive
49307,single_train,single,question-span
49303,single_train,single,multi-span
49309,single_train,single,image-span
49308,single_train,single,image-span
49304,single_train,single,multi-span
49306,single_train,single,question-span
49305,single_train,single,question-span
49312,single_train,single,non-extractive
49311,single_train,single,non-extractive
117328,single_train,single,image-span
117336,single_train,single,image-span
117339,single_train,single,non-extractive
117332,single_train,single,image-span
117334,single_train,single,multi-span
117335,single_train,single,non-extractive
117329,single_train,single,question-span
117331,single_train,single,non-extractive
117330,single_train,single,multi-span
117333,single_train,single,question-span
117337,single_train,single,question-span
117338,single_train,single,multi-span
152494,single_train,single,image-span
152491,single_train,single,non-extractive
152493,single_train,single,question-span
152490,single_train,single,multi-span
152489,single_train,single,question-span
152488,single_train,single,image-span
152492,single_train,single,image-span
149556,single_train,single,non-extractive
149549,single_train,single,non-extractive
149557,single_train,single,image-span
149555,single_train,single,multi-span
149548,single_train,single,multi-span
149553,single_train,single,image-span
149554,single_train,single,question-span
149551,single_train,single,multi-span
149546,single_train,single,image-span
149550,single_train,single,question-span
149552,single_train,single,non-extractive
46702,single_train,single,image-span
46699,single_train,single,question-span
46698,single_train,single,question-span
46700,single_train,single,question-span
46697,single_train,single,multi-span
46704,single_train,single,non-extractive
46701,single_train,single,image-span
7724,single_train,single,non-extractive
7722,single_train,single,question-span
7725,single_train,single,question-span
7727,single_train,single,non-extractive
7723,single_train,single,multi-span
46830,single_train,single,question-span
46831,single_train,single,question-span
46834,single_train,single,image-span
46828,single_train,single,multi-span
46832,single_train,single,image-span
46837,single_train,single,non-extractive
46829,single_train,single,multi-span
46833,single_train,single,image-span
148833,single_train,single,multi-span
148834,single_train,single,image-span
148835,single_train,single,multi-span
148831,single_train,single,image-span
148836,single_train,single,image-span
148832,single_train,single,question-span
148839,single_train,single,non-extractive
3487,single_train,single,image-span
3485,single_train,single,image-span
3493,single_train,single,question-span
3491,single_train,single,non-extractive
3490,single_train,single,question-span
165410,single_train,single,non-extractive
165412,single_train,single,question-span
165407,single_train,single,non-extractive
165404,single_train,single,image-span
165409,single_train,single,multi-span
165406,single_train,single,multi-span
165405,single_train,single,question-span
165408,single_train,single,image-span
165411,single_train,single,image-span
117440,single_train,single,non-extractive
117442,single_train,single,question-span
117444,single_train,single,non-extractive
117437,single_train,single,image-span
117438,single_train,single,question-span
117447,single_train,single,non-extractive
117445,single_train,single,question-span
117446,single_train,single,multi-span
117443,single_train,single,multi-span
117441,single_train,single,image-span
117439,single_train,single,multi-span
109068,single_train,single,multi-span
109069,single_train,single,non-extractive
109071,single_train,single,question-span
109067,single_train,single,question-span
109066,single_train,single,image-span
159787,single_train,single,multi-span
159784,single_train,single,image-span
159789,single_train,single,multi-span
159790,single_train,single,non-extractive
159782,single_train,single,multi-span
159780,single_train,single,image-span
159783,single_train,single,non-extractive
159786,single_train,single,image-span
159785,single_train,single,multi-span
8246,single_train,single,multi-span
8242,single_train,single,question-span
8241,single_train,single,image-span
8243,single_train,single,multi-span
8247,single_train,single,non-extractive
8244,single_train,single,non-extractive
8245,single_train,single,image-span
8248,single_train,single,image-span
100086,single_train,single,multi-span
100091,single_train,single,question-span
100092,single_train,single,non-extractive
100088,single_train,single,multi-span
100089,single_train,single,non-extractive
100087,single_train,single,non-extractive
100085,single_train,single,question-span
65064,single_train,single,image-span
65066,single_train,single,multi-span
65061,single_train,single,question-span
65065,single_train,single,question-span
65062,single_train,single,multi-span
65069,single_train,single,multi-span
65063,single_train,single,non-extractive
65060,single_train,single,image-span
65067,single_train,single,image-span
94057,single_train,single,question-span
94059,single_train,single,question-span
94061,single_train,single,image-span
94063,single_train,single,non-extractive
94062,single_train,single,image-span
94058,single_train,single,question-span
94060,single_train,single,image-span
163436,single_train,single,non-extractive
163429,single_train,single,image-span
163432,single_train,single,non-extractive
163431,single_train,single,multi-span
163430,single_train,single,question-span
55559,single_train,single,multi-span
55563,single_train,single,image-span
55565,single_train,single,image-span
55560,single_train,single,question-span
55562,single_train,single,question-span
55566,single_train,single,non-extractive
55561,single_train,single,question-span
55564,single_train,single,image-span
117713,single_train,single,image-span
117710,single_train,single,multi-span
117716,single_train,single,non-extractive
117712,single_train,single,question-span
44501,single_train,single,image-span
44498,single_train,single,image-span
44502,single_train,single,question-span
44504,single_train,single,non-extractive
44503,single_train,single,multi-span
44500,single_train,single,non-extractive
44506,single_train,single,question-span
44499,single_train,single,multi-span
123735,single_train,single,question-span
123738,single_train,single,image-span
123737,single_train,single,image-span
123733,single_train,single,multi-span
123732,single_train,single,multi-span
123736,single_train,single,question-span
123739,single_train,single,image-span
123740,single_train,single,non-extractive
123741,single_train,single,non-extractive
123734,single_train,single,question-span
129256,single_train,single,non-extractive
129258,single_train,single,question-span
129253,single_train,single,image-span
129249,single_train,single,image-span
129259,single_train,single,multi-span
129252,single_train,single,non-extractive
129254,single_train,single,question-span
129250,single_train,single,question-span
129255,single_train,single,multi-span
129261,single_train,single,multi-span
129260,single_train,single,image-span
129266,single_train,single,non-extractive
129251,single_train,single,multi-span
129263,single_train,single,image-span
129257,single_train,single,image-span
57604,single_train,single,multi-span
57605,single_train,single,question-span
57607,single_train,single,question-span
57606,single_train,single,question-span
57608,single_train,single,image-span
27427,single_train,single,question-span
27430,single_train,single,image-span
27426,single_train,single,image-span
27428,single_train,single,multi-span
25419,single_train,single,non-extractive
25420,single_train,single,image-span
25418,single_train,single,multi-span
25416,single_train,single,image-span
25417,single_train,single,question-span
98068,single_train,single,non-extractive
98062,single_train,single,non-extractive
98066,single_train,single,non-extractive
98060,single_train,single,question-span
98061,single_train,single,multi-span
98064,single_train,single,question-span
98059,single_train,single,image-span
98063,single_train,single,image-span
33499,single_train,single,image-span
33502,single_train,single,non-extractive
33503,single_train,single,question-span
33500,single_train,single,question-span
33505,single_train,single,non-extractive
49918,single_train,single,multi-span
49922,single_train,single,question-span
49919,single_train,single,multi-span
49920,single_train,single,question-span
49923,single_train,single,image-span
49924,single_train,single,image-span
49921,single_train,single,question-span
49917,single_train,single,multi-span
20260,single_train,single,image-span
20253,single_train,single,image-span
20255,single_train,single,multi-span
20256,single_train,single,non-extractive
20257,single_train,single,image-span
20259,single_train,single,multi-span
20258,single_train,single,question-span
119946,single_train,single,multi-span
119949,single_train,single,question-span
119945,single_train,single,multi-span
119948,single_train,single,question-span
119947,single_train,single,question-span
119952,single_train,single,image-span
119951,single_train,single,image-span
119950,single_train,single,image-span
158186,single_train,single,multi-span
158185,single_train,single,question-span
158178,single_train,single,multi-span
158180,single_train,single,image-span
158181,single_train,single,question-span
158177,single_train,single,question-span
158182,single_train,single,multi-span
158179,single_train,single,non-extractive
158187,single_train,single,non-extractive
118568,single_train,single,multi-span
118573,single_train,single,image-span
118575,single_train,single,non-extractive
118572,single_train,single,image-span
118567,single_train,single,multi-span
118574,single_train,single,non-extractive
118570,single_train,single,question-span
118571,single_train,single,question-span
111055,single_train,single,image-span
111065,single_train,single,non-extractive
111060,single_train,single,question-span
111063,single_train,single,image-span
111057,single_train,single,multi-span
111056,single_train,single,question-span
111062,single_train,single,non-extractive
111064,single_train,single,question-span
111058,single_train,single,non-extractive
111059,single_train,single,image-span
76998,single_train,single,question-span
77000,single_train,single,non-extractive
77003,single_train,single,multi-span
76997,single_train,single,image-span
77004,single_train,single,non-extractive
77001,single_train,single,image-span
77006,single_train,single,question-span
76999,single_train,single,multi-span
77008,single_train,single,non-extractive
77002,single_train,single,question-span
77005,single_train,single,image-span
57106,single_train,single,question-span
57107,single_train,single,image-span
57104,single_train,single,question-span
57101,single_train,single,multi-span
57108,single_train,single,image-span
57109,single_train,single,non-extractive
57102,single_train,single,multi-span
57103,single_train,single,multi-span
57105,single_train,single,question-span
131768,single_train,single,multi-span
131771,single_train,single,question-span
131775,single_train,single,question-span
131773,single_train,single,non-extractive
131767,single_train,single,question-span
131772,single_train,single,multi-span
131770,single_train,single,image-span
131776,single_train,single,multi-span
131766,single_train,single,image-span
131777,single_train,single,non-extractive
131774,single_train,single,image-span
131769,single_train,single,non-extractive
52780,single_train,single,image-span
52777,single_train,single,question-span
52778,single_train,single,question-span
52775,single_train,single,multi-span
52779,single_train,single,image-span
52776,single_train,single,question-span
52782,single_train,single,non-extractive
52781,single_train,single,image-span
138751,single_train,single,image-span
138752,single_train,single,non-extractive
138749,single_train,single,multi-span
138748,single_train,single,question-span
138747,single_train,single,image-span
112265,single_train,single,non-extractive
112261,single_train,single,non-extractive
112262,single_train,single,image-span
112259,single_train,single,question-span
112257,single_train,single,multi-span
112256,single_train,single,question-span
112263,single_train,single,question-span
112258,single_train,single,non-extractive
118655,single_train,single,image-span
118651,single_train,single,question-span
118650,single_train,single,multi-span
118653,single_train,single,question-span
118658,single_train,single,non-extractive
118657,single_train,single,non-extractive
118654,single_train,single,image-span
118649,single_train,single,multi-span
118648,single_train,single,multi-span
86475,single_train,single,image-span
86481,single_train,single,non-extractive
86477,single_train,single,image-span
86474,single_train,single,question-span
86473,single_train,single,question-span
86476,single_train,single,image-span
86478,single_train,single,image-span
86472,single_train,single,question-span
86471,single_train,single,question-span
62115,single_train,single,multi-span
62118,single_train,single,non-extractive
62113,single_train,single,image-span
62116,single_train,single,non-extractive
62117,single_train,single,multi-span
62114,single_train,single,question-span
62120,single_train,single,question-span
62121,single_train,single,multi-span
62119,single_train,single,image-span
50575,single_train,single,multi-span
50580,single_train,single,image-span
50581,single_train,single,image-span
50582,single_train,single,image-span
50577,single_train,single,question-span
50578,single_train,single,question-span
50574,single_train,single,multi-span
50579,single_train,single,question-span
65870,single_train,single,image-span
65871,single_train,single,question-span
65866,single_train,single,image-span
65868,single_train,single,multi-span
65867,single_train,single,question-span
65873,single_train,single,non-extractive
65872,single_train,single,multi-span
126381,single_train,single,question-span
126390,single_train,single,non-extractive
126384,single_train,single,question-span
126386,single_train,single,non-extractive
126385,single_train,single,multi-span
126388,single_train,single,question-span
126383,single_train,single,non-extractive
126380,single_train,single,image-span
126389,single_train,single,multi-span
126382,single_train,single,multi-span
52979,single_train,single,image-span
52977,single_train,single,question-span
52976,single_train,single,question-span
52974,single_train,single,multi-span
52975,single_train,single,multi-span
52978,single_train,single,question-span
57334,single_train,single,image-span
57331,single_train,single,multi-span
57332,single_train,single,question-span
57335,single_train,single,non-extractive
57333,single_train,single,question-span
80327,single_train,single,multi-span
80325,single_train,single,image-span
80329,single_train,single,image-span
80326,single_train,single,question-span
80328,single_train,single,non-extractive
80330,single_train,single,question-span
118633,single_train,single,image-span
118632,single_train,single,image-span
118626,single_train,single,multi-span
118627,single_train,single,multi-span
118628,single_train,single,multi-span
118636,single_train,single,non-extractive
118631,single_train,single,question-span
118629,single_train,single,question-span
118630,single_train,single,question-span
118634,single_train,single,image-span
1868,single_train,single,question-span
1865,single_train,single,question-span
1872,single_train,single,question-span
1873,single_train,single,multi-span
1871,single_train,single,image-span
1870,single_train,single,non-extractive
1864,single_train,single,image-span
1867,single_train,single,non-extractive
1869,single_train,single,multi-span
1866,single_train,single,multi-span
53641,single_train,single,multi-span
53648,single_train,single,image-span
53642,single_train,single,multi-span
53647,single_train,single,image-span
53643,single_train,single,multi-span
53645,single_train,single,question-span
53644,single_train,single,question-span
138657,single_train,single,question-span
138662,single_train,single,multi-span
138666,single_train,single,non-extractive
138661,single_train,single,question-span
138656,single_train,single,image-span
138659,single_train,single,non-extractive
138660,single_train,single,image-span
138658,single_train,single,multi-span
102051,single_train,single,image-span
102054,single_train,single,non-extractive
102058,single_train,single,non-extractive
102053,single_train,single,multi-span
81703,single_train,single,image-span
81705,single_train,single,multi-span
81704,single_train,single,question-span
81707,single_train,single,image-span
81706,single_train,single,non-extractive
81708,single_train,single,question-span
81709,single_train,single,multi-span
49547,single_train,single,multi-span
49553,single_train,single,image-span
49552,single_train,single,image-span
49549,single_train,single,question-span
49548,single_train,single,multi-span
49555,single_train,single,non-extractive
49554,single_train,single,image-span
49551,single_train,single,question-span
49550,single_train,single,question-span
52394,single_train,single,question-span
52396,single_train,single,question-span
52391,single_train,single,multi-span
52392,single_train,single,multi-span
52399,single_train,single,non-extractive
52397,single_train,single,image-span
52395,single_train,single,question-span
52393,single_train,single,multi-span
166304,single_train,single,question-span
166306,single_train,single,non-extractive
166305,single_train,single,multi-span
165590,single_train,single,non-extractive
165584,single_train,single,question-span
165589,single_train,single,multi-span
165591,single_train,single,image-span
165594,single_train,single,non-extractive
165585,single_train,single,multi-span
165583,single_train,single,image-span
165587,single_train,single,image-span
165586,single_train,single,non-extractive
165588,single_train,single,question-span
84632,single_train,single,question-span
84637,single_train,single,non-extractive
84633,single_train,single,question-span
84634,single_train,single,image-span
84635,single_train,single,image-span
84629,single_train,single,multi-span
84630,single_train,single,multi-span
51358,single_train,single,image-span
51360,single_train,single,image-span
51353,single_train,single,multi-span
51355,single_train,single,question-span
51356,single_train,single,question-span
51359,single_train,single,image-span
51357,single_train,single,question-span
51354,single_train,single,multi-span
51362,single_train,single,non-extractive
48694,single_train,single,non-extractive
48693,single_train,single,non-extractive
48688,single_train,single,multi-span
48690,single_train,single,question-span
48692,single_train,single,non-extractive
48689,single_train,single,question-span
48691,single_train,single,image-span
110879,single_train,single,non-extractive
110875,single_train,single,non-extractive
110877,single_train,single,question-span
110874,single_train,single,multi-span
110876,single_train,single,image-span
110878,single_train,single,multi-span
110872,single_train,single,image-span
110873,single_train,single,question-span
67793,single_train,single,image-span
67791,single_train,single,multi-span
67795,single_train,single,multi-span
67792,single_train,single,non-extractive
67789,single_train,single,image-span
139151,single_train,single,non-extractive
139152,single_train,single,question-span
139149,single_train,single,image-span
139150,single_train,single,multi-span
139154,single_train,single,non-extractive
13108,single_train,single,non-extractive
13102,single_train,single,question-span
13107,single_train,single,multi-span
13101,single_train,single,image-span
13106,single_train,single,question-span
13103,single_train,single,multi-span
53614,single_train,single,multi-span
53613,single_train,single,multi-span
53616,single_train,single,question-span
53612,single_train,single,multi-span
53615,single_train,single,question-span
131761,single_train,single,image-span
131765,single_train,single,question-span
131759,single_train,single,multi-span
131763,single_train,single,multi-span
131760,single_train,single,non-extractive
131758,single_train,single,question-span
131762,single_train,single,question-span
145149,single_train,single,image-span
145146,single_train,single,question-span
145147,single_train,single,multi-span
145150,single_train,single,question-span
145151,single_train,single,multi-span
145148,single_train,single,non-extractive
102832,single_train,single,image-span
102834,single_train,single,multi-span
102835,single_train,single,non-extractive
102833,single_train,single,question-span
102836,single_train,single,image-span
102837,single_train,single,non-extractive
87403,single_train,single,multi-span
87405,single_train,single,question-span
87411,single_train,single,non-extractive
87406,single_train,single,question-span
87404,single_train,single,multi-span
87409,single_train,single,image-span
87408,single_train,single,image-span
87407,single_train,single,image-span
121300,single_train,single,multi-span
121306,single_train,single,image-span
121299,single_train,single,multi-span
121305,single_train,single,image-span
121303,single_train,single,question-span
70891,single_train,single,non-extractive
70889,single_train,single,question-span
70899,single_train,single,non-extractive
70893,single_train,single,question-span
70895,single_train,single,non-extractive
70888,single_train,single,image-span
70898,single_train,single,multi-span
70894,single_train,single,multi-span
70890,single_train,single,multi-span
70896,single_train,single,image-span
8760,single_train,single,multi-span
8759,single_train,single,question-span
8758,single_train,single,image-span
8762,single_train,single,image-span
79709,single_train,single,question-span
79708,single_train,single,question-span
79705,single_train,single,multi-span
79703,single_train,single,image-span
79704,single_train,single,question-span
79713,single_train,single,non-extractive
79711,single_train,single,image-span
79712,single_train,single,question-span
79706,single_train,single,non-extractive
137830,single_train,single,multi-span
137831,single_train,single,non-extractive
137833,single_train,single,non-extractive
137829,single_train,single,question-span
137791,single_train,single,question-span
137796,single_train,single,multi-span
137793,single_train,single,non-extractive
137790,single_train,single,image-span
137794,single_train,single,image-span
137795,single_train,single,question-span
137799,single_train,single,non-extractive
14627,single_train,single,multi-span
14633,single_train,single,image-span
14632,single_train,single,non-extractive
14631,single_train,single,multi-span
14626,single_train,single,question-span
14628,single_train,single,non-extractive
14636,single_train,single,image-span
14635,single_train,single,non-extractive
14625,single_train,single,image-span
14629,single_train,single,image-span
51229,single_train,single,multi-span
51230,single_train,single,question-span
51233,single_train,single,image-span
51232,single_train,single,question-span
51228,single_train,single,multi-span
51231,single_train,single,question-span
118738,single_train,single,question-span
118737,single_train,single,question-span
118740,single_train,single,image-span
118734,single_train,single,multi-span
118736,single_train,single,multi-span
118741,single_train,single,image-span
118742,single_train,single,image-span
118735,single_train,single,multi-span
58748,single_train,single,question-span
58747,single_train,single,question-span
58749,single_train,single,image-span
58745,single_train,single,multi-span
58746,single_train,single,multi-span
58752,single_train,single,non-extractive
16085,single_train,single,multi-span
16084,single_train,single,question-span
16089,single_train,single,multi-span
16086,single_train,single,non-extractive
16083,single_train,single,image-span
16091,single_train,single,image-span
16090,single_train,single,non-extractive
16088,single_train,single,question-span
16087,single_train,single,image-span
146931,single_train,single,image-span
146940,single_train,single,non-extractive
146938,single_train,single,question-span
146936,single_train,single,question-span
146932,single_train,single,question-span
146939,single_train,single,multi-span
139996,single_train,single,image-span
139998,single_train,single,image-span
139999,single_train,single,question-span
140003,single_train,single,question-span
140000,single_train,single,multi-span
140004,single_train,single,multi-span
139997,single_train,single,multi-span
140002,single_train,single,image-span
140006,single_train,single,question-span
140005,single_train,single,non-extractive
140001,single_train,single,non-extractive
2340,single_train,single,image-span
2344,single_train,single,image-span
2341,single_train,single,question-span
2347,single_train,single,question-span
2348,single_train,single,multi-span
2342,single_train,single,multi-span
2343,single_train,single,non-extractive
2345,single_train,single,multi-span
151900,single_train,single,image-span
151904,single_train,single,image-span
151905,single_train,single,non-extractive
151903,single_train,single,non-extractive
151902,single_train,single,multi-span
151901,single_train,single,question-span
92226,single_train,single,non-extractive
92217,single_train,single,multi-span
92227,single_train,single,non-extractive
92225,single_train,single,non-extractive
92223,single_train,single,image-span
92220,single_train,single,question-span
92218,single_train,single,multi-span
92222,single_train,single,image-span
92219,single_train,single,question-span
92221,single_train,single,question-span
92216,single_train,single,multi-span
50478,single_train,single,question-span
50476,single_train,single,question-span
50475,single_train,single,multi-span
50474,single_train,single,multi-span
50482,single_train,single,non-extractive
50479,single_train,single,image-span
50483,single_train,single,non-extractive
50477,single_train,single,question-span
50480,single_train,single,image-span
37544,single_train,single,non-extractive
37535,single_train,single,question-span
37541,single_train,single,non-extractive
37543,single_train,single,question-span
37542,single_train,single,image-span
37534,single_train,single,image-span
37536,single_train,single,multi-span
37538,single_train,single,image-span
37539,single_train,single,question-span
37537,single_train,single,non-extractive
67507,single_train,single,question-span
67513,single_train,single,non-extractive
67510,single_train,single,image-span
67508,single_train,single,multi-span
67512,single_train,single,multi-span
67506,single_train,single,image-span
67509,single_train,single,non-extractive
67514,single_train,single,image-span
67511,single_train,single,question-span
12504,single_train,single,image-span
12506,single_train,single,multi-span
12508,single_train,single,multi-span
12511,single_train,single,non-extractive
12509,single_train,single,image-span
12505,single_train,single,question-span
12507,single_train,single,non-extractive
121060,single_train,single,non-extractive
121047,single_train,single,multi-span
121055,single_train,single,image-span
121059,single_train,single,non-extractive
121053,single_train,single,question-span
121058,single_train,single,non-extractive
121057,single_train,single,image-span
121054,single_train,single,question-span
121048,single_train,single,multi-span
121056,single_train,single,image-span
121049,single_train,single,multi-span
121051,single_train,single,question-span
121050,single_train,single,multi-span
121052,single_train,single,question-span
22273,single_train,single,question-span
22274,single_train,single,non-extractive
22269,single_train,single,image-span
22271,single_train,single,multi-span
22272,single_train,single,non-extractive
22270,single_train,single,question-span
165194,single_train,single,non-extractive
165188,single_train,single,image-span
165192,single_train,single,image-span
165193,single_train,single,question-span
165197,single_train,single,non-extractive
165191,single_train,single,non-extractive
165190,single_train,single,multi-span
165189,single_train,single,question-span
137733,single_train,single,image-span
137738,single_train,single,multi-span
137735,single_train,single,multi-span
137739,single_train,single,non-extractive
137734,single_train,single,question-span
79309,single_train,single,question-span
79308,single_train,single,image-span
79311,single_train,single,non-extractive
79304,single_train,single,image-span
79305,single_train,single,question-span
79310,single_train,single,multi-span
79301,single_train,single,question-span
79306,single_train,single,multi-span
79302,single_train,single,multi-span
79307,single_train,single,non-extractive
79300,single_train,single,image-span
79313,single_train,single,question-span
145726,single_train,single,image-span
145725,single_train,single,non-extractive
145732,single_train,single,non-extractive
145724,single_train,single,multi-span
145729,single_train,single,image-span
145728,single_train,single,multi-span
145722,single_train,single,image-span
145727,single_train,single,question-span
145723,single_train,single,question-span
145730,single_train,single,question-span
145731,single_train,single,multi-span
57114,single_train,single,image-span
57115,single_train,single,image-span
57112,single_train,single,question-span
57113,single_train,single,question-span
57110,single_train,single,multi-span
57111,single_train,single,question-span
11713,single_train,single,multi-span
11708,single_train,single,image-span
11711,single_train,single,image-span
11709,single_train,single,question-span
11710,single_train,single,multi-span
11712,single_train,single,question-span
59960,single_train,single,question-span
59959,single_train,single,question-span
59957,single_train,single,multi-span
59961,single_train,single,image-span
59958,single_train,single,multi-span
101190,single_train,single,question-span
101188,single_train,single,non-extractive
101187,single_train,single,multi-span
101191,single_train,single,multi-span
17823,single_train,single,non-extractive
17819,single_train,single,question-span
17815,single_train,single,image-span
17820,single_train,single,multi-span
17822,single_train,single,question-span
17818,single_train,single,image-span
17817,single_train,single,multi-span
17821,single_train,single,non-extractive
17816,single_train,single,question-span
97140,single_train,single,image-span
97143,single_train,single,non-extractive
97139,single_train,single,image-span
97138,single_train,single,question-span
97142,single_train,single,non-extractive
48341,single_train,single,question-span
48339,single_train,single,multi-span
48343,single_train,single,question-span
48345,single_train,single,non-extractive
48342,single_train,single,question-span
48340,single_train,single,multi-span
55425,single_train,single,question-span
55430,single_train,single,non-extractive
55426,single_train,single,question-span
55427,single_train,single,image-span
55424,single_train,single,multi-span
55422,single_train,single,multi-span
55423,single_train,single,multi-span
151459,single_train,single,question-span
151468,single_train,single,multi-span
151458,single_train,single,image-span
151461,single_train,single,non-extractive
151466,single_train,single,image-span
151465,single_train,single,non-extractive
151462,single_train,single,image-span
151464,single_train,single,multi-span
151463,single_train,single,question-span
151467,single_train,single,question-span
151460,single_train,single,multi-span
132702,single_train,single,question-span
132706,single_train,single,question-span
132708,single_train,single,non-extractive
132701,single_train,single,image-span
132703,single_train,single,multi-span
132710,single_train,single,question-span
132707,single_train,single,multi-span
132705,single_train,single,image-span
132711,single_train,single,multi-span
132704,single_train,single,non-extractive
132712,single_train,single,non-extractive
98085,single_train,single,multi-span
98090,single_train,single,non-extractive
98084,single_train,single,question-span
98087,single_train,single,image-span
98089,single_train,single,multi-span
98083,single_train,single,image-span
98088,single_train,single,question-span
98086,single_train,single,non-extractive
55861,single_train,single,question-span
55859,single_train,single,multi-span
55857,single_train,single,multi-span
55860,single_train,single,question-span
55862,single_train,single,image-span
55858,single_train,single,multi-span
38806,single_train,single,image-span
38807,single_train,single,question-span
38810,single_train,single,non-extractive
38805,single_train,single,non-extractive
38802,single_train,single,image-span
38803,single_train,single,question-span
38809,single_train,single,non-extractive
119193,single_train,single,question-span
119194,single_train,single,image-span
119192,single_train,single,question-span
119195,single_train,single,image-span
119196,single_train,single,image-span
119191,single_train,single,question-span
63206,single_train,single,non-extractive
63205,single_train,single,multi-span
63207,single_train,single,question-span
63201,single_train,single,multi-span
63202,single_train,single,non-extractive
63204,single_train,single,question-span
63203,single_train,single,image-span
63200,single_train,single,image-span
108344,single_train,single,non-extractive
108345,single_train,single,question-span
108346,single_train,single,multi-span
108347,single_train,single,non-extractive
108348,single_train,single,image-span
108351,single_train,single,non-extractive
108343,single_train,single,multi-span
108341,single_train,single,image-span
108342,single_train,single,question-span
54172,single_train,single,question-span
54174,single_train,single,image-span
54171,single_train,single,multi-span
66365,single_train,single,multi-span
66368,single_train,single,non-extractive
66364,single_train,single,question-span
66363,single_train,single,image-span
66367,single_train,single,multi-span
66366,single_train,single,non-extractive
35756,single_train,single,multi-span
35761,single_train,single,non-extractive
35755,single_train,single,question-span
35764,single_train,single,multi-span
35754,single_train,single,image-span
35758,single_train,single,image-span
114032,single_train,single,non-extractive
114031,single_train,single,multi-span
114036,single_train,single,image-span
114035,single_train,single,non-extractive
114030,single_train,single,question-span
114033,single_train,single,image-span
114038,single_train,single,non-extractive
114034,single_train,single,question-span
114029,single_train,single,image-span
114037,single_train,single,question-span
92280,single_train,single,image-span
92283,single_train,single,non-extractive
92272,single_train,single,multi-span
92274,single_train,single,multi-span
92282,single_train,single,non-extractive
92279,single_train,single,image-span
92273,single_train,single,multi-span
92281,single_train,single,non-extractive
92277,single_train,single,question-span
92278,single_train,single,image-span
92275,single_train,single,question-span
51565,single_train,single,question-span
51563,single_train,single,multi-span
51569,single_train,single,non-extractive
51562,single_train,single,multi-span
51570,single_train,single,non-extractive
51564,single_train,single,question-span
51566,single_train,single,question-span
51567,single_train,single,image-span
116374,single_train,single,non-extractive
116370,single_train,single,question-span
116373,single_train,single,multi-span
116376,single_train,single,multi-span
116372,single_train,single,image-span
116371,single_train,single,multi-span
116369,single_train,single,image-span
116377,single_train,single,image-span
116375,single_train,single,question-span
44543,single_train,single,image-span
44549,single_train,single,non-extractive
44545,single_train,single,multi-span
44546,single_train,single,non-extractive
44548,single_train,single,multi-span
160256,single_train,single,non-extractive
160254,single_train,single,question-span
160250,single_train,single,non-extractive
160249,single_train,single,multi-span
160248,single_train,single,question-span
160247,single_train,single,image-span
160252,single_train,single,question-span
160251,single_train,single,image-span
160255,single_train,single,multi-span
160253,single_train,single,image-span
86124,single_train,single,question-span
86125,single_train,single,question-span
86123,single_train,single,multi-span
86122,single_train,single,multi-span
86126,single_train,single,question-span
86130,single_train,single,non-extractive
86129,single_train,single,image-span
86120,single_train,single,multi-span
86127,single_train,single,question-span
86128,single_train,single,image-span
116483,single_train,single,multi-span
116485,single_train,single,non-extractive
116484,single_train,single,multi-span
116486,single_train,single,image-span
116482,single_train,single,question-span
116487,single_train,single,non-extractive
116481,single_train,single,image-span
159651,single_train,single,multi-span
159652,single_train,single,non-extractive
159658,single_train,single,non-extractive
159656,single_train,single,non-extractive
159654,single_train,single,question-span
159653,single_train,single,image-span
159655,single_train,single,multi-span
159657,single_train,single,multi-span
38557,single_train,single,question-span
38564,single_train,single,multi-span
38563,single_train,single,question-span
38562,single_train,single,non-extractive
38558,single_train,single,non-extractive
38559,single_train,single,image-span
38560,single_train,single,question-span
38561,single_train,single,multi-span
38556,single_train,single,image-span
130427,single_train,single,non-extractive
130435,single_train,single,image-span
130424,single_train,single,image-span
130436,single_train,single,question-span
130433,single_train,single,multi-span
130426,single_train,single,multi-span
130430,single_train,single,non-extractive
130437,single_train,single,multi-span
130425,single_train,single,question-span
130434,single_train,single,non-extractive
130432,single_train,single,question-span
130429,single_train,single,question-span
130428,single_train,single,image-span
130431,single_train,single,image-span
25382,single_train,single,non-extractive
25379,single_train,single,image-span
25381,single_train,single,multi-span
25380,single_train,single,question-span
60632,single_train,single,question-span
60636,single_train,single,image-span
60633,single_train,single,question-span
60635,single_train,single,image-span
60630,single_train,single,multi-span
60634,single_train,single,question-span
60631,single_train,single,multi-span
132326,single_train,single,non-extractive
132321,single_train,single,image-span
132324,single_train,single,image-span
135984,single_train,single,image-span
135993,single_train,single,question-span
135989,single_train,single,question-span
135994,single_train,single,multi-span
135988,single_train,single,image-span
135995,single_train,single,non-extractive
135987,single_train,single,non-extractive
135986,single_train,single,multi-span
135992,single_train,single,image-span
135985,single_train,single,question-span
135991,single_train,single,non-extractive
135990,single_train,single,multi-span
69235,single_train,single,image-span
69234,single_train,single,non-extractive
69233,single_train,single,multi-span
69228,single_train,single,question-span
69227,single_train,single,image-span
69238,single_train,single,non-extractive
69229,single_train,single,multi-span
69232,single_train,single,question-span
69231,single_train,single,image-span
69230,single_train,single,non-extractive
113066,single_train,single,multi-span
113064,single_train,single,image-span
113070,single_train,single,non-extractive
113065,single_train,single,question-span
113067,single_train,single,non-extractive
26769,single_train,single,non-extractive
26767,single_train,single,question-span
26772,single_train,single,multi-span
26770,single_train,single,image-span
26768,single_train,single,multi-span
26771,single_train,single,question-span
102590,single_train,single,multi-span
102587,single_train,single,multi-span
102586,single_train,single,question-span
102589,single_train,single,image-span
102585,single_train,single,image-span
102591,single_train,single,image-span
102588,single_train,single,non-extractive
33519,single_train,single,question-span
33526,single_train,single,non-extractive
33523,single_train,single,image-span
33524,single_train,single,question-span
33521,single_train,single,non-extractive
33518,single_train,single,image-span
127256,single_train,single,non-extractive
127260,single_train,single,non-extractive
133347,single_train,single,multi-span
133343,single_train,single,multi-span
133348,single_train,single,non-extractive
133342,single_train,single,image-span
133346,single_train,single,question-span
133344,single_train,single,non-extractive
156518,single_train,single,multi-span
156520,single_train,single,image-span
156521,single_train,single,multi-span
156517,single_train,single,image-span
156519,single_train,single,non-extractive
40944,single_train,single,non-extractive
40948,single_train,single,non-extractive
40946,single_train,single,question-span
40942,single_train,single,image-span
40947,single_train,single,multi-span
40945,single_train,single,image-span
40943,single_train,single,multi-span
19217,single_train,single,question-span
19223,single_train,single,non-extractive
19215,single_train,single,multi-span
19221,single_train,single,question-span
19216,single_train,single,non-extractive
19218,single_train,single,multi-span
19219,single_train,single,non-extractive
19213,single_train,single,image-span
19214,single_train,single,question-span
33453,single_train,single,multi-span
33457,single_train,single,multi-span
33454,single_train,single,non-extractive
33459,single_train,single,multi-span
33452,single_train,single,question-span
33451,single_train,single,image-span
33456,single_train,single,question-span
33458,single_train,single,image-span
33455,single_train,single,image-span
3932,single_train,single,non-extractive
3933,single_train,single,image-span
3931,single_train,single,multi-span
3930,single_train,single,question-span
3929,single_train,single,image-span
3936,single_train,single,non-extractive
53496,single_train,single,multi-span
53498,single_train,single,question-span
53494,single_train,single,multi-span
53497,single_train,single,question-span
53495,single_train,single,multi-span
53500,single_train,single,image-span
53501,single_train,single,image-span
53503,single_train,single,non-extractive
53504,single_train,single,non-extractive
53499,single_train,single,question-span
97410,single_train,single,question-span
97411,single_train,single,non-extractive
97414,single_train,single,non-extractive
97409,single_train,single,image-span
16007,single_train,single,question-span
16011,single_train,single,question-span
16012,single_train,single,multi-span
16008,single_train,single,multi-span
16009,single_train,single,non-extractive
16010,single_train,single,image-span
16006,single_train,single,image-span
127291,single_train,single,question-span
127294,single_train,single,question-span
127292,single_train,single,multi-span
127295,single_train,single,multi-span
127293,single_train,single,image-span
127290,single_train,single,image-span
115887,single_train,single,question-span
115892,single_train,single,non-extractive
115886,single_train,single,image-span
115891,single_train,single,multi-span
115889,single_train,single,non-extractive
115890,single_train,single,question-span
115888,single_train,single,multi-span
115897,single_train,single,question-span
115893,single_train,single,question-span
115896,single_train,single,image-span
19801,single_train,single,image-span
19803,single_train,single,multi-span
19800,single_train,single,non-extractive
19799,single_train,single,multi-span
19798,single_train,single,image-span
19802,single_train,single,question-span
68439,single_train,single,non-extractive
68438,single_train,single,multi-span
68436,single_train,single,image-span
68435,single_train,single,non-extractive
68433,single_train,single,question-span
68432,single_train,single,image-span
68434,single_train,single,multi-span
68437,single_train,single,question-span
123273,single_train,single,non-extractive
123272,single_train,single,image-span
123270,single_train,single,question-span
123266,single_train,single,multi-span
123267,single_train,single,multi-span
123269,single_train,single,question-span
123271,single_train,single,image-span
142649,single_train,single,multi-span
142646,single_train,single,non-extractive
142643,single_train,single,image-span
142648,single_train,single,question-span
142652,single_train,single,question-span
142653,single_train,single,multi-span
142645,single_train,single,multi-span
142644,single_train,single,question-span
142650,single_train,single,non-extractive
142647,single_train,single,image-span
4255,single_train,single,multi-span
4263,single_train,single,non-extractive
4257,single_train,single,image-span
4253,single_train,single,image-span
4259,single_train,single,image-span
4256,single_train,single,image-span
151686,single_train,single,non-extractive
151689,single_train,single,multi-span
151685,single_train,single,multi-span
151694,single_train,single,non-extractive
151687,single_train,single,image-span
151690,single_train,single,non-extractive
151688,single_train,single,question-span
151684,single_train,single,question-span
151692,single_train,single,question-span
151683,single_train,single,image-span
150516,single_train,single,non-extractive
150510,single_train,single,question-span
150512,single_train,single,non-extractive
150509,single_train,single,image-span
150511,single_train,single,multi-span
77457,single_train,single,image-span
77455,single_train,single,multi-span
15998,single_train,single,multi-span
16000,single_train,single,question-span
15997,single_train,single,non-extractive
15999,single_train,single,image-span
16001,single_train,single,multi-span
15994,single_train,single,image-span
15996,single_train,single,multi-span
15995,single_train,single,question-span
16002,single_train,single,non-extractive
17257,single_train,single,multi-span
17255,single_train,single,image-span
17258,single_train,single,non-extractive
17256,single_train,single,question-span
17259,single_train,single,image-span
17262,single_train,single,non-extractive
17260,single_train,single,question-span
17264,single_train,single,multi-span
17265,single_train,single,non-extractive
17261,single_train,single,multi-span
149027,single_train,single,question-span
149024,single_train,single,question-span
149020,single_train,single,question-span
149028,single_train,single,multi-span
149019,single_train,single,image-span
149021,single_train,single,multi-span
149026,single_train,single,image-span
149023,single_train,single,image-span
149025,single_train,single,multi-span
149022,single_train,single,non-extractive
109969,single_train,single,non-extractive
109976,single_train,single,non-extractive
109971,single_train,single,multi-span
109970,single_train,single,image-span
109972,single_train,single,non-extractive
109973,single_train,single,image-span
114010,single_train,single,image-span
114011,single_train,single,multi-span
114009,single_train,single,non-extractive
114012,single_train,single,non-extractive
114016,single_train,single,non-extractive
114013,single_train,single,image-span
114008,single_train,single,multi-span
114007,single_train,single,question-span
114006,single_train,single,image-span
75253,single_train,single,question-span
75260,single_train,single,image-span
75258,single_train,single,multi-span
75256,single_train,single,image-span
75257,single_train,single,question-span
75254,single_train,single,multi-span
75252,single_train,single,image-span
75263,single_train,single,non-extractive
75259,single_train,single,non-extractive
75262,single_train,single,multi-span
75261,single_train,single,question-span
75255,single_train,single,non-extractive
158703,single_train,single,non-extractive
158700,single_train,single,image-span
158702,single_train,single,multi-span
158701,single_train,single,question-span
158705,single_train,single,multi-span
158706,single_train,single,non-extractive
158704,single_train,single,image-span
133635,single_train,single,question-span
133637,single_train,single,non-extractive
133638,single_train,single,image-span
133639,single_train,single,question-span
133641,single_train,single,image-span
133634,single_train,single,image-span
133640,single_train,single,multi-span
133644,single_train,single,non-extractive
133631,single_train,single,image-span
133642,single_train,single,question-span
133643,single_train,single,multi-span
71730,single_train,single,image-span
71738,single_train,single,multi-span
71735,single_train,single,multi-span
71734,single_train,single,image-span
71736,single_train,single,non-extractive
71739,single_train,single,non-extractive
71731,single_train,single,question-span
71732,single_train,single,multi-span
71733,single_train,single,non-extractive
71737,single_train,single,question-span
158118,single_train,single,question-span
158119,single_train,single,multi-span
158117,single_train,single,image-span
158114,single_train,single,multi-span
158115,single_train,single,image-span
158112,single_train,single,image-span
158120,single_train,single,non-extractive
158113,single_train,single,question-span
5037,single_train,single,non-extractive
5038,single_train,single,question-span
5033,single_train,single,non-extractive
5034,single_train,single,image-span
5032,single_train,single,multi-span
5031,single_train,single,image-span
26552,single_train,single,image-span
26555,single_train,single,image-span
26548,single_train,single,image-span
26553,single_train,single,question-span
26554,single_train,single,non-extractive
26556,single_train,single,question-span
26551,single_train,single,non-extractive
26558,single_train,single,non-extractive
26549,single_train,single,question-span
26550,single_train,single,multi-span
43121,single_train,single,question-span
43125,single_train,single,multi-span
43133,single_train,single,multi-span
43123,single_train,single,non-extractive
43130,single_train,single,non-extractive
43131,single_train,single,image-span
43126,single_train,single,non-extractive
43124,single_train,single,question-span
43127,single_train,single,image-span
43129,single_train,single,multi-span
43120,single_train,single,image-span
43122,single_train,single,multi-span
21091,single_train,single,multi-span
21090,single_train,single,question-span
21095,single_train,single,non-extractive
21089,single_train,single,image-span
21092,single_train,single,non-extractive
21094,single_train,single,multi-span
21093,single_train,single,image-span
153548,single_train,single,multi-span
153551,single_train,single,non-extractive
153550,single_train,single,question-span
153546,single_train,single,image-span
153547,single_train,single,question-span
133246,single_train,single,multi-span
133240,single_train,single,multi-span
133243,single_train,single,question-span
133242,single_train,single,image-span
133245,single_train,single,question-span
133244,single_train,single,multi-span
133241,single_train,single,non-extractive
122677,single_train,single,question-span
122673,single_train,single,multi-span
122674,single_train,single,multi-span
122675,single_train,single,multi-span
122682,single_train,single,non-extractive
122679,single_train,single,question-span
122684,single_train,single,non-extractive
122676,single_train,single,multi-span
122680,single_train,single,image-span
122681,single_train,single,image-span
49177,single_train,single,image-span
49176,single_train,single,image-span
49171,single_train,single,multi-span
49175,single_train,single,question-span
49178,single_train,single,non-extractive
49173,single_train,single,question-span
49172,single_train,single,multi-span
49174,single_train,single,question-span
20611,single_train,single,question-span
20607,single_train,single,question-span
20613,single_train,single,image-span
20610,single_train,single,image-span
20606,single_train,single,image-span
20609,single_train,single,non-extractive
20612,single_train,single,multi-span
20608,single_train,single,multi-span
91248,single_train,single,question-span
91246,single_train,single,multi-span
91253,single_train,single,non-extractive
91251,single_train,single,image-span
91252,single_train,single,image-span
91254,single_train,single,non-extractive
91250,single_train,single,question-span
91249,single_train,single,question-span
17837,single_train,single,question-span
17838,single_train,single,multi-span
17843,single_train,single,image-span
17842,single_train,single,non-extractive
17836,single_train,single,image-span
17845,single_train,single,non-extractive
17840,single_train,single,question-span
17839,single_train,single,non-extractive
17844,single_train,single,question-span
17841,single_train,single,multi-span
69682,single_train,single,non-extractive
69679,single_train,single,image-span
69680,single_train,single,question-span
69681,single_train,single,multi-span
69684,single_train,single,question-span
145822,single_train,single,question-span
145818,single_train,single,question-span
145814,single_train,single,question-span
145823,single_train,single,multi-span
145820,single_train,single,non-extractive
145824,single_train,single,non-extractive
145809,single_train,single,image-span
145812,single_train,single,non-extractive
145819,single_train,single,multi-span
145815,single_train,single,multi-span
145817,single_train,single,image-span
82317,single_train,single,image-span
82318,single_train,single,question-span
82322,single_train,single,question-span
82321,single_train,single,image-span
82323,single_train,single,multi-span
82319,single_train,single,multi-span
136570,single_train,single,question-span
136559,single_train,single,image-span
136565,single_train,single,multi-span
136562,single_train,single,non-extractive
136569,single_train,single,non-extractive
136563,single_train,single,image-span
136560,single_train,single,question-span
136567,single_train,single,image-span
136564,single_train,single,question-span
136561,single_train,single,multi-span
76481,single_train,single,question-span
76485,single_train,single,question-span
76487,single_train,single,image-span
76484,single_train,single,image-span
76486,single_train,single,multi-span
76489,single_train,single,non-extractive
76482,single_train,single,multi-span
76480,single_train,single,image-span
76488,single_train,single,question-span
76483,single_train,single,non-extractive
44957,single_train,single,multi-span
44955,single_train,single,image-span
44959,single_train,single,image-span
44958,single_train,single,non-extractive
44956,single_train,single,question-span
44961,single_train,single,non-extractive
44960,single_train,single,question-span
41213,single_train,single,non-extractive
41212,single_train,single,question-span
41206,single_train,single,non-extractive
41210,single_train,single,non-extractive
41208,single_train,single,question-span
41203,single_train,single,image-span
41207,single_train,single,image-span
41209,single_train,single,multi-span
41205,single_train,single,multi-span
26026,single_train,single,image-span
26028,single_train,single,multi-span
26032,single_train,single,multi-span
26036,single_train,single,multi-span
26033,single_train,single,non-extractive
26029,single_train,single,non-extractive
26027,single_train,single,question-span
26031,single_train,single,question-span
26034,single_train,single,image-span
26030,single_train,single,image-span
26037,single_train,single,non-extractive
80731,single_train,single,multi-span
80728,single_train,single,multi-span
80730,single_train,single,image-span
80729,single_train,single,non-extractive
80732,single_train,single,image-span
80726,single_train,single,image-span
80727,single_train,single,question-span
80733,single_train,single,non-extractive
165905,single_train,single,multi-span
165903,single_train,single,non-extractive
165901,single_train,single,question-span
165907,single_train,single,multi-span
165904,single_train,single,question-span
165906,single_train,single,image-span
165902,single_train,single,multi-span
61791,single_train,single,image-span
61793,single_train,single,multi-span
61794,single_train,single,non-extractive
11622,single_train,single,question-span
11620,single_train,single,multi-span
11626,single_train,single,non-extractive
11621,single_train,single,non-extractive
11623,single_train,single,non-extractive
11625,single_train,single,multi-span
11619,single_train,single,image-span
145827,single_train,single,non-extractive
145825,single_train,single,image-span
145829,single_train,single,non-extractive
145828,single_train,single,question-span
86685,single_train,single,multi-span
86687,single_train,single,question-span
86691,single_train,single,image-span
86690,single_train,single,image-span
86689,single_train,single,image-span
86694,single_train,single,non-extractive
86686,single_train,single,question-span
86692,single_train,single,non-extractive
86688,single_train,single,question-span
45961,single_train,single,image-span
45959,single_train,single,multi-span
45964,single_train,single,non-extractive
45960,single_train,single,non-extractive
45962,single_train,single,question-span
45967,single_train,single,multi-span
45957,single_train,single,image-span
78148,single_train,single,question-span
78145,single_train,single,question-span
78146,single_train,single,multi-span
78149,single_train,single,multi-span
78150,single_train,single,non-extractive
78147,single_train,single,image-span
78143,single_train,single,non-extractive
78140,single_train,single,image-span
78142,single_train,single,multi-span
78141,single_train,single,question-span
78144,single_train,single,image-span
56323,single_train,single,non-extractive
56317,single_train,single,question-span
56316,single_train,single,multi-span
56320,single_train,single,image-span
56318,single_train,single,question-span
56321,single_train,single,image-span
56315,single_train,single,multi-span
56319,single_train,single,question-span
52462,single_train,single,question-span
52460,single_train,single,multi-span
52464,single_train,single,image-span
52461,single_train,single,question-span
52459,single_train,single,multi-span
52465,single_train,single,non-extractive
52463,single_train,single,image-span
150470,single_train,single,image-span
150473,single_train,single,non-extractive
150474,single_train,single,image-span
150480,single_train,single,non-extractive
150477,single_train,single,image-span
150476,single_train,single,multi-span
103005,single_train,single,image-span
103000,single_train,single,non-extractive
103007,single_train,single,non-extractive
103004,single_train,single,non-extractive
102999,single_train,single,multi-span
123126,single_train,single,question-span
123125,single_train,single,question-span
123128,single_train,single,image-span
123120,single_train,single,multi-span
123124,single_train,single,question-span
123121,single_train,single,multi-span
123123,single_train,single,question-span
123129,single_train,single,image-span
123127,single_train,single,image-span
123122,single_train,single,multi-span
123131,single_train,single,non-extractive
9697,single_train,single,image-span
9690,single_train,single,non-extractive
9691,single_train,single,image-span
9699,single_train,single,multi-span
9688,single_train,single,question-span
9687,single_train,single,image-span
9689,single_train,single,multi-span
9700,single_train,single,non-extractive
9694,single_train,single,image-span
9693,single_train,single,non-extractive
9692,single_train,single,multi-span
9695,single_train,single,multi-span
140027,single_train,single,non-extractive
140025,single_train,single,question-span
140024,single_train,single,image-span
140026,single_train,single,multi-span
140022,single_train,single,image-span
12261,single_train,single,question-span
12264,single_train,single,question-span
12262,single_train,single,multi-span
12257,single_train,single,image-span
12263,single_train,single,non-extractive
12265,single_train,single,multi-span
12260,single_train,single,image-span
12259,single_train,single,multi-span
102759,single_train,single,image-span
102755,single_train,single,image-span
102761,single_train,single,multi-span
102758,single_train,single,non-extractive
102757,single_train,single,multi-span
102756,single_train,single,question-span
102762,single_train,single,non-extractive
102764,single_train,single,multi-span
102760,single_train,single,question-span
10782,single_train,single,multi-span
10784,single_train,single,image-span
10780,single_train,single,image-span
10781,single_train,single,question-span
10786,single_train,single,multi-span
10788,single_train,single,image-span
10783,single_train,single,non-extractive
10785,single_train,single,question-span
10787,single_train,single,non-extractive
62586,single_train,single,non-extractive
62584,single_train,single,image-span
62581,single_train,single,question-span
62583,single_train,single,non-extractive
62582,single_train,single,multi-span
62580,single_train,single,image-span
126079,single_train,single,multi-span
126077,single_train,single,image-span
126091,single_train,single,non-extractive
126087,single_train,single,non-extractive
126078,single_train,single,question-span
126084,single_train,single,non-extractive
126086,single_train,single,question-span
126083,single_train,single,multi-span
126082,single_train,single,question-span
139519,single_train,single,question-span
139517,single_train,single,non-extractive
139521,single_train,single,non-extractive
139515,single_train,single,question-span
139516,single_train,single,multi-span
139518,single_train,single,image-span
139513,single_train,single,multi-span
139512,single_train,single,image-span
139514,single_train,single,non-extractive
139520,single_train,single,multi-span
85906,single_train,single,multi-span
85909,single_train,single,question-span
85913,single_train,single,image-span
85907,single_train,single,multi-span
85910,single_train,single,image-span
97724,single_train,single,non-extractive
97726,single_train,single,question-span
97728,single_train,single,non-extractive
97718,single_train,single,image-span
97719,single_train,single,question-span
141434,single_train,single,multi-span
141445,single_train,single,non-extractive
141433,single_train,single,question-span
141444,single_train,single,multi-span
141443,single_train,single,question-span
141439,single_train,single,non-extractive
141437,single_train,single,question-span
141440,single_train,single,image-span
141435,single_train,single,non-extractive
83224,single_train,single,image-span
83225,single_train,single,multi-span
83226,single_train,single,non-extractive
83227,single_train,single,image-span
83223,single_train,single,non-extractive
83221,single_train,single,image-span
83228,single_train,single,question-span
52602,single_train,single,non-extractive
52601,single_train,single,image-span
52595,single_train,single,multi-span
52599,single_train,single,question-span
52598,single_train,single,question-span
52597,single_train,single,multi-span
52596,single_train,single,multi-span
52600,single_train,single,image-span
49086,single_train,single,question-span
49089,single_train,single,image-span
49084,single_train,single,multi-span
49082,single_train,single,multi-span
49087,single_train,single,image-span
49088,single_train,single,image-span
49085,single_train,single,question-span
140327,single_train,single,non-extractive
140330,single_train,single,multi-span
140331,single_train,single,non-extractive
140329,single_train,single,question-span
140325,single_train,single,question-span
140326,single_train,single,multi-span
140328,single_train,single,image-span
87664,single_train,single,question-span
87659,single_train,single,multi-span
87662,single_train,single,question-span
87666,single_train,single,image-span
87665,single_train,single,question-span
87668,single_train,single,image-span
87658,single_train,single,multi-span
87657,single_train,single,multi-span
80283,single_train,single,question-span
80287,single_train,single,image-span
80282,single_train,single,image-span
80286,single_train,single,non-extractive
80284,single_train,single,multi-span
80285,single_train,single,image-span
58852,single_train,single,image-span
58848,single_train,single,multi-span
58850,single_train,single,question-span
58849,single_train,single,question-span
58847,single_train,single,multi-span
58853,single_train,single,image-span
37183,single_train,single,question-span
37185,single_train,single,non-extractive
37180,single_train,single,multi-span
37181,single_train,single,non-extractive
37178,single_train,single,image-span
37179,single_train,single,question-span
37182,single_train,single,image-span
118910,single_train,single,non-extractive
118907,single_train,single,image-span
118908,single_train,single,image-span
118904,single_train,single,question-span
118906,single_train,single,image-span
118905,single_train,single,question-span
118902,single_train,single,multi-span
118903,single_train,single,question-span
166647,single_train,single,question-span
166653,single_train,single,non-extractive
166648,single_train,single,multi-span
166655,single_train,single,multi-span
166650,single_train,single,image-span
166651,single_train,single,question-span
166646,single_train,single,image-span
166649,single_train,single,non-extractive
166652,single_train,single,multi-span
152213,single_train,single,multi-span
152210,single_train,single,multi-span
152211,single_train,single,non-extractive
152208,single_train,single,image-span
27465,single_train,single,image-span
27467,single_train,single,non-extractive
27468,single_train,single,image-span
27466,single_train,single,multi-span
144291,single_train,single,multi-span
144287,single_train,single,question-span
144290,single_train,single,question-span
144286,single_train,single,image-span
144292,single_train,single,non-extractive
144294,single_train,single,non-extractive
144289,single_train,single,non-extractive
72312,single_train,single,image-span
72315,single_train,single,non-extractive
72313,single_train,single,question-span
72314,single_train,single,multi-span
122995,single_train,single,image-span
122990,single_train,single,multi-span
122991,single_train,single,multi-span
122992,single_train,single,question-span
122994,single_train,single,image-span
122993,single_train,single,question-span
132684,single_train,single,non-extractive
132686,single_train,single,non-extractive
132682,single_train,single,question-span
132683,single_train,single,multi-span
132678,single_train,single,image-span
134660,single_train,single,multi-span
134658,single_train,single,image-span
134654,single_train,single,image-span
134657,single_train,single,non-extractive
134659,single_train,single,question-span
134661,single_train,single,non-extractive
134655,single_train,single,question-span
32835,single_train,single,image-span
32838,single_train,single,non-extractive
32841,single_train,single,image-span
32839,single_train,single,question-span
32836,single_train,single,question-span
32840,single_train,single,multi-span
116637,single_train,single,multi-span
116642,single_train,single,image-span
116644,single_train,single,non-extractive
116636,single_train,single,question-span
116640,single_train,single,multi-span
116635,single_train,single,image-span
116639,single_train,single,question-span
116643,single_train,single,question-span
116641,single_train,single,non-extractive
116638,single_train,single,non-extractive
67786,single_train,single,multi-span
67785,single_train,single,question-span
67780,single_train,single,image-span
67782,single_train,single,multi-span
67781,single_train,single,question-span
67784,single_train,single,image-span
67783,single_train,single,non-extractive
67787,single_train,single,non-extractive
95066,single_train,single,image-span
95064,single_train,single,question-span
95062,single_train,single,multi-span
95063,single_train,single,multi-span
135520,single_train,single,non-extractive
135522,single_train,single,multi-span
135523,single_train,single,non-extractive
135524,single_train,single,image-span
135515,single_train,single,image-span
28016,single_train,single,question-span
28017,single_train,single,multi-span
28021,single_train,single,multi-span
28020,single_train,single,question-span
28015,single_train,single,image-span
28018,single_train,single,non-extractive
80904,single_train,single,question-span
80902,single_train,single,non-extractive
80896,single_train,single,image-span
80901,single_train,single,question-span
80903,single_train,single,image-span
80898,single_train,single,multi-span
80899,single_train,single,non-extractive
80905,single_train,single,multi-span
80900,single_train,single,image-span
136137,single_train,single,image-span
136139,single_train,single,multi-span
136127,single_train,single,image-span
136134,single_train,single,question-span
136129,single_train,single,multi-span
136133,single_train,single,image-span
136132,single_train,single,non-extractive
136131,single_train,single,multi-span
136130,single_train,single,question-span
136135,single_train,single,multi-span
136128,single_train,single,question-span
136136,single_train,single,non-extractive
127638,single_train,single,multi-span
127632,single_train,single,image-span
127635,single_train,single,non-extractive
127636,single_train,single,image-span
127634,single_train,single,multi-span
127637,single_train,single,question-span
127639,single_train,single,non-extractive
127633,single_train,single,question-span
48328,single_train,single,non-extractive
48322,single_train,single,multi-span
48321,single_train,single,multi-span
48324,single_train,single,question-span
48326,single_train,single,image-span
48325,single_train,single,question-span
48323,single_train,single,question-span
48327,single_train,single,non-extractive
107974,single_train,single,non-extractive
107973,single_train,single,multi-span
107977,single_train,single,non-extractive
107975,single_train,single,question-span
107979,single_train,single,multi-span
107976,single_train,single,multi-span
107978,single_train,single,question-span
107972,single_train,single,question-span
110850,single_train,single,image-span
110861,single_train,single,non-extractive
110856,single_train,single,multi-span
110854,single_train,single,image-span
110855,single_train,single,question-span
110853,single_train,single,non-extractive
110851,single_train,single,question-span
110852,single_train,single,multi-span
110857,single_train,single,non-extractive
75036,single_train,single,non-extractive
75033,single_train,single,image-span
75034,single_train,single,question-span
75035,single_train,single,multi-span
75038,single_train,single,non-extractive
121741,single_train,single,multi-span
121743,single_train,single,question-span
121740,single_train,single,multi-span
121745,single_train,single,image-span
121746,single_train,single,image-span
121742,single_train,single,question-span
121747,single_train,single,non-extractive
54369,single_train,single,image-span
54365,single_train,single,multi-span
54370,single_train,single,image-span
54371,single_train,single,non-extractive
54368,single_train,single,question-span
54367,single_train,single,question-span
54373,single_train,single,non-extractive
54366,single_train,single,question-span
151428,single_train,single,image-span
151435,single_train,single,non-extractive
151432,single_train,single,image-span
151429,single_train,single,question-span
151436,single_train,single,image-span
151433,single_train,single,question-span
151430,single_train,single,multi-span
151438,single_train,single,non-extractive
151431,single_train,single,non-extractive
151434,single_train,single,multi-span
151437,single_train,single,question-span
15757,single_train,single,question-span
15762,single_train,single,multi-span
15763,single_train,single,non-extractive
15768,single_train,single,image-span
15766,single_train,single,multi-span
15761,single_train,single,question-span
15767,single_train,single,non-extractive
15764,single_train,single,image-span
15758,single_train,single,multi-span
15759,single_train,single,non-extractive
15760,single_train,single,image-span
81285,single_train,single,non-extractive
81288,single_train,single,multi-span
81289,single_train,single,non-extractive
81284,single_train,single,multi-span
81282,single_train,single,image-span
60151,single_train,single,multi-span
60157,single_train,single,non-extractive
60153,single_train,single,question-span
60152,single_train,single,question-span
60150,single_train,single,multi-span
60154,single_train,single,image-span
50682,single_train,single,image-span
50679,single_train,single,question-span
50678,single_train,single,question-span
50677,single_train,single,multi-span
50676,single_train,single,multi-span
50680,single_train,single,image-span
50681,single_train,single,image-span
50683,single_train,single,non-extractive
50675,single_train,single,multi-span
133423,single_train,single,image-span
133425,single_train,single,multi-span
133429,single_train,single,non-extractive
133428,single_train,single,multi-span
133426,single_train,single,non-extractive
133420,single_train,single,image-span
117948,single_train,single,image-span
117942,single_train,single,multi-span
117944,single_train,single,question-span
117945,single_train,single,question-span
117941,single_train,single,multi-span
117947,single_train,single,image-span
81378,single_train,single,question-span
81379,single_train,single,multi-span
81376,single_train,single,non-extractive
81383,single_train,single,non-extractive
81373,single_train,single,image-span
81381,single_train,single,question-span
81375,single_train,single,multi-span
81377,single_train,single,image-span
81374,single_train,single,question-span
81380,single_train,single,non-extractive
81382,single_train,single,multi-span
64415,single_train,single,image-span
64423,single_train,single,question-span
64420,single_train,single,question-span
64416,single_train,single,question-span
64424,single_train,single,image-span
64417,single_train,single,multi-span
64422,single_train,single,image-span
64421,single_train,single,non-extractive
105573,single_train,single,non-extractive
105579,single_train,single,multi-span
105577,single_train,single,non-extractive
105571,single_train,single,question-span
105580,single_train,single,image-span
105572,single_train,single,multi-span
105578,single_train,single,question-span
105574,single_train,single,image-span
76801,single_train,single,question-span
76803,single_train,single,non-extractive
76799,single_train,single,multi-span
76797,single_train,single,image-span
164675,single_train,single,non-extractive
164678,single_train,single,multi-span
164676,single_train,single,image-span
164679,single_train,single,non-extractive
164673,single_train,single,question-span
164684,single_train,single,multi-span
164677,single_train,single,question-span
164672,single_train,single,image-span
164674,single_train,single,multi-span
164685,single_train,single,non-extractive
49421,single_train,single,question-span
49423,single_train,single,image-span
49422,single_train,single,question-span
49424,single_train,single,image-span
49420,single_train,single,multi-span
49606,single_train,single,image-span
49605,single_train,single,question-span
49610,single_train,single,non-extractive
49603,single_train,single,question-span
49611,single_train,single,non-extractive
49602,single_train,single,multi-span
49608,single_train,single,image-span
49607,single_train,single,image-span
49604,single_train,single,question-span
121902,single_train,single,image-span
121896,single_train,single,multi-span
121899,single_train,single,question-span
121900,single_train,single,question-span
121903,single_train,single,image-span
121898,single_train,single,question-span
121904,single_train,single,non-extractive
121901,single_train,single,question-span
121895,single_train,single,multi-span
15052,single_train,single,image-span
15054,single_train,single,multi-span
15051,single_train,single,non-extractive
15053,single_train,single,question-span
15055,single_train,single,non-extractive
15049,single_train,single,question-span
15050,single_train,single,multi-span
15048,single_train,single,image-span
85307,single_train,single,non-extractive
85301,single_train,single,multi-span
85306,single_train,single,image-span
85305,single_train,single,image-span
85304,single_train,single,image-span
85302,single_train,single,question-span
13586,single_train,single,image-span
13584,single_train,single,multi-span
13587,single_train,single,question-span
13582,single_train,single,image-span
13583,single_train,single,question-span
13588,single_train,single,multi-span
13585,single_train,single,non-extractive
3777,single_train,single,multi-span
3781,single_train,single,multi-span
3782,single_train,single,non-extractive
3779,single_train,single,image-span
3775,single_train,single,image-span
3778,single_train,single,non-extractive
3783,single_train,single,image-span
3780,single_train,single,question-span
37913,single_train,single,image-span
37915,single_train,single,multi-span
37918,single_train,single,question-span
37923,single_train,single,non-extractive
37916,single_train,single,non-extractive
37914,single_train,single,question-span
37917,single_train,single,image-span
37920,single_train,single,image-span
19600,single_train,single,non-extractive
19606,single_train,single,multi-span
19598,single_train,single,question-span
19599,single_train,single,multi-span
19597,single_train,single,image-span
19603,single_train,single,multi-span
19607,single_train,single,non-extractive
19602,single_train,single,question-span
19601,single_train,single,image-span
19604,single_train,single,non-extractive
19605,single_train,single,image-span
144269,single_train,single,non-extractive
144273,single_train,single,non-extractive
144271,single_train,single,question-span
144270,single_train,single,image-span
144263,single_train,single,image-span
144272,single_train,single,multi-span
60942,single_train,single,image-span
60939,single_train,single,question-span
60940,single_train,single,question-span
60945,single_train,single,non-extractive
60943,single_train,single,image-span
60941,single_train,single,question-span
60946,single_train,single,non-extractive
60944,single_train,single,image-span
135809,single_train,single,image-span
135808,single_train,single,non-extractive
135817,single_train,single,image-span
135805,single_train,single,image-span
135810,single_train,single,question-span
135814,single_train,single,question-span
135815,single_train,single,multi-span
135811,single_train,single,multi-span
135813,single_train,single,image-span
135807,single_train,single,multi-span
12209,single_train,single,non-extractive
12207,single_train,single,question-span
12210,single_train,single,image-span
12208,single_train,single,multi-span
12206,single_train,single,image-span
11739,single_train,single,multi-span
11744,single_train,single,question-span
11740,single_train,single,non-extractive
11745,single_train,single,non-extractive
11742,single_train,single,question-span
11737,single_train,single,image-span
11743,single_train,single,multi-span
11741,single_train,single,image-span
11738,single_train,single,question-span
40932,single_train,single,image-span
40935,single_train,single,non-extractive
40940,single_train,single,multi-span
40939,single_train,single,question-span
40933,single_train,single,question-span
40936,single_train,single,image-span
40938,single_train,single,multi-span
40934,single_train,single,multi-span
135940,single_train,single,non-extractive
135941,single_train,single,image-span
135938,single_train,single,question-span
135942,single_train,single,non-extractive
135946,single_train,single,non-extractive
135937,single_train,single,image-span
135944,single_train,single,non-extractive
114671,single_train,single,non-extractive
114669,single_train,single,question-span
114668,single_train,single,image-span
114670,single_train,single,multi-span
114674,single_train,single,multi-span
114675,single_train,single,non-extractive
114673,single_train,single,question-span
114672,single_train,single,image-span
4434,single_train,single,question-span
4433,single_train,single,image-span
4430,single_train,single,question-span
4431,single_train,single,multi-span
4432,single_train,single,non-extractive
4429,single_train,single,image-span
154153,single_train,single,image-span
154158,single_train,single,question-span
154160,single_train,single,non-extractive
154157,single_train,single,image-span
154156,single_train,single,non-extractive
154154,single_train,single,question-span
44524,single_train,single,question-span
44520,single_train,single,question-span
44519,single_train,single,image-span
44523,single_train,single,image-span
44521,single_train,single,multi-span
44527,single_train,single,image-span
44528,single_train,single,question-span
44525,single_train,single,multi-span
44526,single_train,single,non-extractive
44529,single_train,single,non-extractive
44522,single_train,single,non-extractive
44530,single_train,single,question-span
66334,single_train,single,question-span
66333,single_train,single,image-span
66339,single_train,single,multi-span
66335,single_train,single,multi-span
66337,single_train,single,image-span
66340,single_train,single,non-extractive
66338,single_train,single,question-span
66336,single_train,single,non-extractive
50169,single_train,single,image-span
50168,single_train,single,image-span
50166,single_train,single,question-span
50167,single_train,single,question-span
50164,single_train,single,multi-span
138813,single_train,single,image-span
138819,single_train,single,non-extractive
138814,single_train,single,question-span
138815,single_train,single,multi-span
138816,single_train,single,non-extractive
50726,single_train,single,non-extractive
50721,single_train,single,question-span
50719,single_train,single,question-span
50720,single_train,single,question-span
50718,single_train,single,multi-span
50716,single_train,single,multi-span
50724,single_train,single,image-span
50722,single_train,single,image-span
50723,single_train,single,image-span
111527,single_train,single,question-span
111534,single_train,single,question-span
111528,single_train,single,multi-span
111526,single_train,single,image-span
111532,single_train,single,non-extractive
111531,single_train,single,multi-span
111536,single_train,single,non-extractive
111529,single_train,single,non-extractive
111533,single_train,single,image-span
111535,single_train,single,multi-span
111530,single_train,single,question-span
48202,single_train,single,multi-span
48204,single_train,single,question-span
48206,single_train,single,question-span
48201,single_train,single,multi-span
48205,single_train,single,question-span
48207,single_train,single,image-span
48203,single_train,single,question-span
48200,single_train,single,multi-span
30954,single_train,single,question-span
30953,single_train,single,image-span
30949,single_train,single,image-span
30958,single_train,single,multi-span
30952,single_train,single,non-extractive
30957,single_train,single,question-span
30959,single_train,single,non-extractive
30951,single_train,single,multi-span
30955,single_train,single,non-extractive
30950,single_train,single,question-span
31016,single_train,single,image-span
31020,single_train,single,question-span
31025,single_train,single,non-extractive
31019,single_train,single,non-extractive
31018,single_train,single,multi-span
31017,single_train,single,question-span
31022,single_train,single,non-extractive
26208,single_train,single,non-extractive
26210,single_train,single,multi-span
26206,single_train,single,question-span
26207,single_train,single,multi-span
26205,single_train,single,image-span
26209,single_train,single,image-span
26211,single_train,single,image-span
20790,single_train,single,question-span
20783,single_train,single,image-span
20788,single_train,single,non-extractive
20787,single_train,single,multi-span
20785,single_train,single,non-extractive
20786,single_train,single,question-span
80035,single_train,single,multi-span
80030,single_train,single,question-span
80026,single_train,single,question-span
80028,single_train,single,non-extractive
80029,single_train,single,image-span
80034,single_train,single,question-span
80025,single_train,single,image-span
80027,single_train,single,multi-span
80036,single_train,single,non-extractive
80032,single_train,single,non-extractive
80031,single_train,single,multi-span
87400,single_train,single,question-span
87396,single_train,single,multi-span
87397,single_train,single,multi-span
87398,single_train,single,multi-span
87402,single_train,single,non-extractive
87401,single_train,single,image-span
87399,single_train,single,question-span
34133,single_train,single,question-span
34135,single_train,single,non-extractive
34131,single_train,single,non-extractive
34134,single_train,single,multi-span
34129,single_train,single,question-span
34126,single_train,single,multi-span
34132,single_train,single,image-span
34125,single_train,single,question-span
34128,single_train,single,image-span
114837,single_train,single,image-span
114839,single_train,single,multi-span
114843,single_train,single,non-extractive
114838,single_train,single,question-span
94399,single_train,single,image-span
94397,single_train,single,question-span
94398,single_train,single,image-span
94395,single_train,single,multi-span
94396,single_train,single,multi-span
160863,single_train,single,non-extractive
160859,single_train,single,multi-span
160857,single_train,single,image-span
160861,single_train,single,image-span
160860,single_train,single,non-extractive
160865,single_train,single,non-extractive
161412,single_train,single,multi-span
161410,single_train,single,image-span
161411,single_train,single,question-span
161413,single_train,single,non-extractive
161408,single_train,single,multi-span
135713,single_train,single,non-extractive
135716,single_train,single,multi-span
135702,single_train,single,image-span
135709,single_train,single,non-extractive
135704,single_train,single,multi-span
135710,single_train,single,image-span
135708,single_train,single,multi-span
135715,single_train,single,question-span
135706,single_train,single,image-span
135711,single_train,single,question-span
135703,single_train,single,question-span
135714,single_train,single,image-span
135707,single_train,single,question-span
101875,single_train,single,multi-span
101879,single_train,single,multi-span
101878,single_train,single,question-span
101871,single_train,single,question-span
101876,single_train,single,non-extractive
101880,single_train,single,non-extractive
101874,single_train,single,image-span
101870,single_train,single,image-span
53318,single_train,single,question-span
53320,single_train,single,non-extractive
53321,single_train,single,non-extractive
53319,single_train,single,question-span
53317,single_train,single,multi-span
78023,single_train,single,non-extractive
78019,single_train,single,non-extractive
78018,single_train,single,multi-span
78017,single_train,single,question-span
78014,single_train,single,question-span
78013,single_train,single,image-span
78020,single_train,single,image-span
78015,single_train,single,multi-span
78022,single_train,single,multi-span
78016,single_train,single,image-span
96018,single_train,single,question-span
96016,single_train,single,question-span
96022,single_train,single,non-extractive
96013,single_train,single,multi-span
96021,single_train,single,image-span
96017,single_train,single,question-span
96019,single_train,single,image-span
96020,single_train,single,image-span
37381,single_train,single,image-span
37380,single_train,single,non-extractive
37378,single_train,single,image-span
37385,single_train,single,non-extractive
53877,single_train,single,question-span
53880,single_train,single,image-span
53873,single_train,single,multi-span
53874,single_train,single,multi-span
53881,single_train,single,image-span
53879,single_train,single,image-span
53878,single_train,single,question-span
53876,single_train,single,question-span
53875,single_train,single,multi-span
53882,single_train,single,non-extractive
127441,single_train,single,multi-span
127442,single_train,single,non-extractive
127439,single_train,single,image-span
127440,single_train,single,question-span
127450,single_train,single,non-extractive
127445,single_train,single,multi-span
127449,single_train,single,multi-span
127443,single_train,single,image-span
127446,single_train,single,non-extractive
36464,single_train,single,image-span
36469,single_train,single,question-span
36466,single_train,single,multi-span
36470,single_train,single,multi-span
36471,single_train,single,non-extractive
36467,single_train,single,non-extractive
85071,single_train,single,multi-span
85075,single_train,single,image-span
85078,single_train,single,non-extractive
85077,single_train,single,non-extractive
85076,single_train,single,image-span
85073,single_train,single,question-span
85070,single_train,single,multi-span
85074,single_train,single,question-span
58543,single_train,single,non-extractive
58539,single_train,single,question-span
58535,single_train,single,multi-span
58536,single_train,single,multi-span
58540,single_train,single,image-span
58542,single_train,single,non-extractive
58538,single_train,single,question-span
58537,single_train,single,multi-span
60064,single_train,single,question-span
60066,single_train,single,question-span
60065,single_train,single,question-span
60063,single_train,single,multi-span
60067,single_train,single,image-span
123627,single_train,single,question-span
123628,single_train,single,question-span
123630,single_train,single,image-span
123625,single_train,single,multi-span
123634,single_train,single,non-extractive
123629,single_train,single,question-span
37558,single_train,single,question-span
37559,single_train,single,multi-span
37557,single_train,single,image-span
37561,single_train,single,image-span
37567,single_train,single,multi-span
37560,single_train,single,non-extractive
37562,single_train,single,question-span
37564,single_train,single,non-extractive
37568,single_train,single,non-extractive
37563,single_train,single,multi-span
32593,single_train,single,multi-span
32601,single_train,single,non-extractive
32597,single_train,single,non-extractive
32594,single_train,single,non-extractive
32596,single_train,single,multi-span
32591,single_train,single,image-span
32592,single_train,single,question-span
32595,single_train,single,question-span
32598,single_train,single,image-span
161932,single_train,single,multi-span
161930,single_train,single,image-span
161938,single_train,single,non-extractive
161936,single_train,single,question-span
161934,single_train,single,multi-span
161933,single_train,single,non-extractive
161931,single_train,single,question-span
161935,single_train,single,image-span
165364,single_train,single,multi-span
165366,single_train,single,question-span
165365,single_train,single,non-extractive
165363,single_train,single,question-span
165362,single_train,single,image-span
109279,single_train,single,multi-span
109277,single_train,single,non-extractive
109283,single_train,single,non-extractive
109274,single_train,single,image-span
109276,single_train,single,multi-span
109280,single_train,single,non-extractive
109278,single_train,single,image-span
71162,single_train,single,non-extractive
71161,single_train,single,multi-span
71164,single_train,single,non-extractive
71159,single_train,single,image-span
71163,single_train,single,image-span
71160,single_train,single,question-span
141483,single_train,single,non-extractive
141480,single_train,single,non-extractive
141484,single_train,single,image-span
141474,single_train,single,image-span
141476,single_train,single,multi-span
141477,single_train,single,image-span
141479,single_train,single,multi-span
141478,single_train,single,question-span
141482,single_train,single,multi-span
141475,single_train,single,question-span
166214,single_train,single,non-extractive
166208,single_train,single,image-span
166212,single_train,single,question-span
166210,single_train,single,non-extractive
166209,single_train,single,multi-span
116620,single_train,single,question-span
116622,single_train,single,non-extractive
116617,single_train,single,multi-span
116615,single_train,single,image-span
116611,single_train,single,image-span
116612,single_train,single,question-span
116616,single_train,single,question-span
116618,single_train,single,non-extractive
116614,single_train,single,non-extractive
116619,single_train,single,image-span
52371,single_train,single,image-span
52372,single_train,single,non-extractive
52367,single_train,single,multi-span
52370,single_train,single,image-span
52369,single_train,single,question-span
69488,single_train,single,multi-span
69487,single_train,single,question-span
69491,single_train,single,question-span
69486,single_train,single,image-span
69492,single_train,single,multi-span
69490,single_train,single,image-span
27753,single_train,single,image-span
27760,single_train,single,image-span
27757,single_train,single,image-span
27759,single_train,single,non-extractive
27754,single_train,single,question-span
27755,single_train,single,multi-span
27758,single_train,single,question-span
27761,single_train,single,multi-span
27756,single_train,single,non-extractive
59379,single_train,single,image-span
59376,single_train,single,multi-span
59378,single_train,single,question-span
59377,single_train,single,question-span
59380,single_train,single,non-extractive
81751,single_train,single,non-extractive
81742,single_train,single,question-span
81743,single_train,single,multi-span
81746,single_train,single,question-span
81744,single_train,single,non-extractive
81745,single_train,single,image-span
81747,single_train,single,multi-span
81741,single_train,single,image-span
81748,single_train,single,non-extractive
22938,single_train,single,question-span
22937,single_train,single,image-span
22942,single_train,single,multi-span
22944,single_train,single,multi-span
22939,single_train,single,multi-span
22943,single_train,single,image-span
22941,single_train,single,question-span
132166,single_train,single,multi-span
132164,single_train,single,image-span
132167,single_train,single,non-extractive
132168,single_train,single,image-span
132169,single_train,single,non-extractive
132203,single_train,single,question-span
132196,single_train,single,multi-span
132198,single_train,single,image-span
132201,single_train,single,non-extractive
132199,single_train,single,question-span
132195,single_train,single,question-span
132200,single_train,single,multi-span
132197,single_train,single,non-extractive
104191,single_train,single,image-span
104189,single_train,single,multi-span
104188,single_train,single,question-span
104190,single_train,single,non-extractive
104195,single_train,single,image-span
104193,single_train,single,multi-span
104187,single_train,single,image-span
104192,single_train,single,question-span
104194,single_train,single,non-extractive
76592,single_train,single,non-extractive
76589,single_train,single,non-extractive
76583,single_train,single,image-span
76587,single_train,single,image-span
76588,single_train,single,multi-span
76586,single_train,single,non-extractive
76591,single_train,single,multi-span
76590,single_train,single,image-span
76585,single_train,single,multi-span
76584,single_train,single,question-span
4669,single_train,single,non-extractive
4666,single_train,single,multi-span
4664,single_train,single,image-span
4665,single_train,single,question-span
4670,single_train,single,image-span
4668,single_train,single,question-span
31078,single_train,single,multi-span
31080,single_train,single,image-span
31072,single_train,single,image-span
31081,single_train,single,non-extractive
31079,single_train,single,non-extractive
31076,single_train,single,image-span
31075,single_train,single,non-extractive
31077,single_train,single,question-span
31073,single_train,single,question-span
104633,single_train,single,non-extractive
104631,single_train,single,question-span
104632,single_train,single,multi-span
104624,single_train,single,multi-span
104622,single_train,single,image-span
104626,single_train,single,image-span
104628,single_train,single,multi-span
104627,single_train,single,question-span
104625,single_train,single,non-extractive
152228,single_train,single,non-extractive
152223,single_train,single,question-span
152224,single_train,single,multi-span
152225,single_train,single,non-extractive
152222,single_train,single,image-span
9592,single_train,single,question-span
9594,single_train,single,question-span
9593,single_train,single,multi-span
9591,single_train,single,image-span
9595,single_train,single,multi-span
146495,single_train,single,non-extractive
146492,single_train,single,non-extractive
146490,single_train,single,question-span
146494,single_train,single,multi-span
146489,single_train,single,image-span
146498,single_train,single,multi-span
146491,single_train,single,multi-span
138569,single_train,single,non-extractive
138571,single_train,single,multi-span
138566,single_train,single,image-span
138567,single_train,single,question-span
138568,single_train,single,multi-span
138570,single_train,single,question-span
55171,single_train,single,non-extractive
55168,single_train,single,question-span
55173,single_train,single,non-extractive
55166,single_train,single,question-span
55169,single_train,single,image-span
55167,single_train,single,question-span
55170,single_train,single,image-span
29431,single_train,single,non-extractive
29430,single_train,single,multi-span
29428,single_train,single,image-span
29435,single_train,single,non-extractive
29429,single_train,single,question-span
63939,single_train,single,question-span
63946,single_train,single,question-span
63944,single_train,single,multi-span
63945,single_train,single,image-span
63940,single_train,single,multi-span
63942,single_train,single,image-span
63938,single_train,single,image-span
63943,single_train,single,multi-span
66187,single_train,single,question-span
66185,single_train,single,non-extractive
66184,single_train,single,multi-span
66183,single_train,single,image-span
66188,single_train,single,multi-span
66186,single_train,single,image-span
47320,single_train,single,question-span
47323,single_train,single,image-span
47321,single_train,single,question-span
47322,single_train,single,question-span
47324,single_train,single,non-extractive
47319,single_train,single,multi-span
43397,single_train,single,multi-span
43393,single_train,single,multi-span
43394,single_train,single,non-extractive
43400,single_train,single,non-extractive
43395,single_train,single,image-span
43399,single_train,single,question-span
153203,single_train,single,image-span
153201,single_train,single,multi-span
153206,single_train,single,non-extractive
153205,single_train,single,multi-span
153200,single_train,single,question-span
153204,single_train,single,question-span
153199,single_train,single,image-span
107555,single_train,single,image-span
107556,single_train,single,multi-span
107552,single_train,single,non-extractive
107550,single_train,single,question-span
107551,single_train,single,multi-span
107549,single_train,single,image-span
107557,single_train,single,non-extractive
107553,single_train,single,image-span
107554,single_train,single,multi-span
140160,single_train,single,image-span
140159,single_train,single,multi-span
140155,single_train,single,multi-span
140156,single_train,single,non-extractive
140158,single_train,single,question-span
140154,single_train,single,question-span
43676,single_train,single,question-span
43673,single_train,single,multi-span
43671,single_train,single,image-span
43672,single_train,single,question-span
43677,single_train,single,multi-span
43674,single_train,single,non-extractive
43675,single_train,single,image-span
141400,single_train,single,image-span
141396,single_train,single,image-span
141399,single_train,single,non-extractive
141398,single_train,single,multi-span
141404,single_train,single,image-span
141401,single_train,single,question-span
141403,single_train,single,non-extractive
141405,single_train,single,multi-span
141402,single_train,single,multi-span
141406,single_train,single,non-extractive
141397,single_train,single,question-span
18873,single_train,single,multi-span
18876,single_train,single,question-span
18877,single_train,single,non-extractive
18871,single_train,single,non-extractive
18870,single_train,single,multi-span
18868,single_train,single,image-span
18872,single_train,single,image-span
18869,single_train,single,question-span
18875,single_train,single,image-span
18874,single_train,single,non-extractive
162910,single_train,single,image-span
162911,single_train,single,question-span
162914,single_train,single,question-span
162916,single_train,single,question-span
162917,single_train,single,multi-span
162915,single_train,single,multi-span
162912,single_train,single,multi-span
162918,single_train,single,non-extractive
129023,single_train,single,non-extractive
129027,single_train,single,non-extractive
129024,single_train,single,image-span
129020,single_train,single,image-span
129030,single_train,single,non-extractive
129029,single_train,single,question-span
129022,single_train,single,multi-span
129028,single_train,single,image-span
129026,single_train,single,multi-span
129025,single_train,single,question-span
129021,single_train,single,question-span
71766,single_train,single,non-extractive
71768,single_train,single,multi-span
71760,single_train,single,image-span
71762,single_train,single,multi-span
71763,single_train,single,non-extractive
71765,single_train,single,multi-span
71767,single_train,single,question-span
71761,single_train,single,question-span
71772,single_train,single,multi-span
71769,single_train,single,non-extractive
71764,single_train,single,image-span
71771,single_train,single,question-span
93858,single_train,single,image-span
93856,single_train,single,image-span
93855,single_train,single,question-span
93861,single_train,single,non-extractive
93857,single_train,single,image-span
93859,single_train,single,non-extractive
93854,single_train,single,question-span
130893,single_train,single,image-span
130895,single_train,single,non-extractive
130894,single_train,single,multi-span
130901,single_train,single,multi-span
130899,single_train,single,image-span
130900,single_train,single,question-span
130902,single_train,single,non-extractive
130898,single_train,single,non-extractive
83967,single_train,single,multi-span
83969,single_train,single,question-span
83970,single_train,single,image-span
83971,single_train,single,image-span
83968,single_train,single,question-span
121100,single_train,single,question-span
121103,single_train,single,image-span
121097,single_train,single,question-span
121098,single_train,single,question-span
121105,single_train,single,non-extractive
121101,single_train,single,image-span
121102,single_train,single,image-span
121104,single_train,single,image-span
121096,single_train,single,multi-span
121099,single_train,single,question-span
121095,single_train,single,multi-span
121094,single_train,single,multi-span
52401,single_train,single,question-span
52402,single_train,single,question-span
52404,single_train,single,image-span
52400,single_train,single,multi-span
118397,single_train,single,question-span
118396,single_train,single,question-span
118399,single_train,single,image-span
118398,single_train,single,question-span
118395,single_train,single,question-span
118394,single_train,single,question-span
118400,single_train,single,image-span
97340,single_train,single,multi-span
97338,single_train,single,image-span
97337,single_train,single,non-extractive
97339,single_train,single,question-span
97336,single_train,single,multi-span
97335,single_train,single,question-span
97334,single_train,single,image-span
97341,single_train,single,non-extractive
110541,single_train,single,multi-span
110547,single_train,single,non-extractive
110544,single_train,single,multi-span
110543,single_train,single,question-span
110546,single_train,single,multi-span
110542,single_train,single,non-extractive
110545,single_train,single,non-extractive
110540,single_train,single,question-span
127252,single_train,single,non-extractive
127247,single_train,single,question-span
127245,single_train,single,non-extractive
127246,single_train,single,image-span
127249,single_train,single,image-span
127250,single_train,single,question-span
127244,single_train,single,multi-span
127248,single_train,single,multi-span
127251,single_train,single,multi-span
127243,single_train,single,question-span
137607,single_train,single,image-span
137609,single_train,single,multi-span
137614,single_train,single,non-extractive
137610,single_train,single,non-extractive
137608,single_train,single,question-span
137613,single_train,single,multi-span
111617,single_train,single,image-span
111614,single_train,single,question-span
111610,single_train,single,image-span
111612,single_train,single,multi-span
111615,single_train,single,multi-span
56518,single_train,single,question-span
56516,single_train,single,multi-span
56519,single_train,single,question-span
56515,single_train,single,multi-span
56517,single_train,single,question-span
56514,single_train,single,multi-span
30907,single_train,single,image-span
30909,single_train,single,multi-span
30910,single_train,single,non-extractive
30914,single_train,single,non-extractive
30908,single_train,single,question-span
69041,single_train,single,multi-span
69044,single_train,single,multi-span
69040,single_train,single,question-span
69042,single_train,single,non-extractive
69039,single_train,single,image-span
12062,single_train,single,multi-span
12061,single_train,single,question-span
12064,single_train,single,image-span
12065,single_train,single,question-span
12066,single_train,single,multi-span
12060,single_train,single,image-span
12063,single_train,single,non-extractive
78175,single_train,single,question-span
78176,single_train,single,multi-span
78174,single_train,single,image-span
78179,single_train,single,question-span
78183,single_train,single,non-extractive
78178,single_train,single,image-span
78180,single_train,single,multi-span
78177,single_train,single,non-extractive
26983,single_train,single,non-extractive
26981,single_train,single,question-span
26989,single_train,single,non-extractive
26984,single_train,single,question-span
26986,single_train,single,non-extractive
26985,single_train,single,multi-span
26982,single_train,single,multi-span
63163,single_train,single,question-span
63162,single_train,single,image-span
63157,single_train,single,non-extractive
63156,single_train,single,multi-span
63159,single_train,single,question-span
63160,single_train,single,multi-span
63158,single_train,single,image-span
63165,single_train,single,non-extractive
63161,single_train,single,non-extractive
63155,single_train,single,question-span
60770,single_train,single,multi-span
60774,single_train,single,question-span
60771,single_train,single,multi-span
60776,single_train,single,non-extractive
60772,single_train,single,question-span
60773,single_train,single,question-span
159515,single_train,single,image-span
159517,single_train,single,multi-span
159518,single_train,single,image-span
159525,single_train,single,non-extractive
159516,single_train,single,question-span
30404,single_train,single,multi-span
30399,single_train,single,question-span
30406,single_train,single,image-span
30400,single_train,single,multi-span
30402,single_train,single,image-span
30398,single_train,single,image-span
30409,single_train,single,non-extractive
30403,single_train,single,question-span
30401,single_train,single,non-extractive
162568,single_train,single,image-span
162575,single_train,single,non-extractive
162569,single_train,single,question-span
20200,single_train,single,question-span
20198,single_train,single,non-extractive
20199,single_train,single,image-span
20206,single_train,single,non-extractive
20201,single_train,single,multi-span
20195,single_train,single,image-span
20202,single_train,single,non-extractive
20197,single_train,single,multi-span
20196,single_train,single,question-span
9358,single_train,single,question-span
9355,single_train,single,image-span
9357,single_train,single,non-extractive
9362,single_train,single,non-extractive
9356,single_train,single,question-span
9360,single_train,single,image-span
9359,single_train,single,multi-span
68622,single_train,single,non-extractive
68623,single_train,single,image-span
68619,single_train,single,image-span
68621,single_train,single,multi-span
68624,single_train,single,question-span
68620,single_train,single,question-span
68626,single_train,single,non-extractive
149969,single_train,single,image-span
149968,single_train,single,non-extractive
149966,single_train,single,question-span
149965,single_train,single,image-span
149967,single_train,single,multi-span
149972,single_train,single,non-extractive
149970,single_train,single,question-span
89133,single_train,single,non-extractive
89127,single_train,single,question-span
89125,single_train,single,multi-span
89129,single_train,single,question-span
89124,single_train,single,multi-span
89128,single_train,single,question-span
101655,single_train,single,non-extractive
101654,single_train,single,multi-span
101652,single_train,single,image-span
101653,single_train,single,question-span
135639,single_train,single,image-span
135637,single_train,single,image-span
135632,single_train,single,multi-span
135633,single_train,single,non-extractive
135631,single_train,single,question-span
135630,single_train,single,image-span
65573,single_train,single,non-extractive
65575,single_train,single,question-span
65576,single_train,single,multi-span
65574,single_train,single,image-span
65570,single_train,single,image-span
76091,single_train,single,question-span
76092,single_train,single,multi-span
76096,single_train,single,non-extractive
76095,single_train,single,multi-span
49485,single_train,single,question-span
49487,single_train,single,image-span
49486,single_train,single,question-span
49482,single_train,single,multi-span
49491,single_train,single,non-extractive
49484,single_train,single,multi-span
49483,single_train,single,multi-span
49488,single_train,single,image-span
49489,single_train,single,image-span
154006,single_train,single,non-extractive
154000,single_train,single,question-span
153999,single_train,single,image-span
154001,single_train,single,multi-span
154002,single_train,single,non-extractive
155719,single_train,single,question-span
155717,single_train,single,non-extractive
155716,single_train,single,multi-span
155713,single_train,single,non-extractive
155710,single_train,single,image-span
155712,single_train,single,multi-span
155711,single_train,single,question-span
155715,single_train,single,question-span
164865,single_train,single,non-extractive
164857,single_train,single,non-extractive
164858,single_train,single,image-span
164864,single_train,single,multi-span
164860,single_train,single,multi-span
164855,single_train,single,image-span
164866,single_train,single,image-span
164862,single_train,single,image-span
164863,single_train,single,question-span
164859,single_train,single,question-span
164861,single_train,single,non-extractive
33338,single_train,single,multi-span
33345,single_train,single,non-extractive
33337,single_train,single,question-span
33336,single_train,single,image-span
33339,single_train,single,non-extractive
33341,single_train,single,non-extractive
33340,single_train,single,image-span
33342,single_train,single,image-span
157841,single_train,single,image-span
157837,single_train,single,image-span
157845,single_train,single,question-span
157846,single_train,single,multi-span
157843,single_train,single,non-extractive
157840,single_train,single,non-extractive
157839,single_train,single,multi-span
157838,single_train,single,question-span
141227,single_train,single,multi-span
141225,single_train,single,image-span
141215,single_train,single,multi-span
141222,single_train,single,question-span
141223,single_train,single,multi-span
141220,single_train,single,non-extractive
141219,single_train,single,multi-span
141214,single_train,single,question-span
141221,single_train,single,image-span
141226,single_train,single,question-span
141213,single_train,single,image-span
141224,single_train,single,non-extractive
141217,single_train,single,image-span
141218,single_train,single,question-span
141228,single_train,single,non-extractive
141216,single_train,single,non-extractive
89744,single_train,single,multi-span
89745,single_train,single,multi-span
89748,single_train,single,image-span
89746,single_train,single,question-span
89749,single_train,single,image-span
89747,single_train,single,image-span
25446,single_train,single,question-span
25447,single_train,single,multi-span
25445,single_train,single,image-span
25448,single_train,single,non-extractive
25451,single_train,single,non-extractive
25450,single_train,single,question-span
25449,single_train,single,image-span
73002,single_train,single,non-extractive
73001,single_train,single,question-span
73000,single_train,single,image-span
72997,single_train,single,non-extractive
72998,single_train,single,image-span
72996,single_train,single,multi-span
72999,single_train,single,question-span
48630,single_train,single,multi-span
48634,single_train,single,image-span
48632,single_train,single,question-span
48633,single_train,single,image-span
48631,single_train,single,question-span
137571,single_train,single,image-span
137575,single_train,single,image-span
137573,single_train,single,multi-span
137574,single_train,single,non-extractive
137582,single_train,single,image-span
137579,single_train,single,question-span
137580,single_train,single,multi-span
137581,single_train,single,non-extractive
137572,single_train,single,question-span
137577,single_train,single,non-extractive
137578,single_train,single,image-span
137576,single_train,single,multi-span
40447,single_train,single,non-extractive
40448,single_train,single,image-span
40451,single_train,single,non-extractive
40449,single_train,single,question-span
40452,single_train,single,image-span
40446,single_train,single,multi-span
40444,single_train,single,image-span
40450,single_train,single,multi-span
153633,single_train,single,non-extractive
153632,single_train,single,question-span
153631,single_train,single,image-span
153628,single_train,single,question-span
153629,single_train,single,multi-span
153637,single_train,single,non-extractive
153630,single_train,single,non-extractive
153627,single_train,single,image-span
33055,single_train,single,image-span
33060,single_train,single,question-span
33065,single_train,single,non-extractive
33059,single_train,single,image-span
33058,single_train,single,non-extractive
33061,single_train,single,multi-span
33056,single_train,single,question-span
96840,single_train,single,question-span
96839,single_train,single,question-span
96838,single_train,single,multi-span
96842,single_train,single,image-span
96843,single_train,single,image-span
96847,single_train,single,non-extractive
96837,single_train,single,multi-span
96844,single_train,single,image-span
104829,single_train,single,multi-span
104834,single_train,single,non-extractive
104838,single_train,single,non-extractive
104828,single_train,single,question-span
104833,single_train,single,multi-span
104832,single_train,single,question-span
104831,single_train,single,image-span
104827,single_train,single,image-span
104837,single_train,single,multi-span
104835,single_train,single,image-span
104830,single_train,single,non-extractive
123530,single_train,single,question-span
123533,single_train,single,image-span
123526,single_train,single,multi-span
123531,single_train,single,image-span
123529,single_train,single,question-span
123527,single_train,single,multi-span
123532,single_train,single,image-span
123528,single_train,single,question-span
123534,single_train,single,non-extractive
22059,single_train,single,multi-span
22062,single_train,single,multi-span
22058,single_train,single,question-span
22060,single_train,single,non-extractive
22063,single_train,single,non-extractive
22057,single_train,single,image-span
22067,single_train,single,non-extractive
106518,single_train,single,non-extractive
106520,single_train,single,non-extractive
106519,single_train,single,question-span
106516,single_train,single,question-span
106523,single_train,single,non-extractive
106515,single_train,single,image-span
106517,single_train,single,multi-span
41054,single_train,single,question-span
41051,single_train,single,multi-span
41056,single_train,single,non-extractive
41053,single_train,single,image-span
41057,single_train,single,image-span
41055,single_train,single,multi-span
41050,single_train,single,image-span
41052,single_train,single,non-extractive
5674,single_train,single,non-extractive
5672,single_train,single,question-span
5673,single_train,single,multi-span
5675,single_train,single,question-span
5671,single_train,single,image-span
5677,single_train,single,multi-span
69672,single_train,single,question-span
69673,single_train,single,multi-span
69676,single_train,single,multi-span
69678,single_train,single,multi-span
69671,single_train,single,image-span
69675,single_train,single,question-span
69674,single_train,single,non-extractive
165345,single_train,single,non-extractive
165338,single_train,single,image-span
165344,single_train,single,multi-span
165340,single_train,single,multi-span
165341,single_train,single,non-extractive
165346,single_train,single,multi-span
165343,single_train,single,question-span
165347,single_train,single,non-extractive
165339,single_train,single,question-span
165342,single_train,single,image-span
12334,single_train,single,image-span
12331,single_train,single,question-span
12335,single_train,single,question-span
12332,single_train,single,multi-span
12336,single_train,single,multi-span
12337,single_train,single,non-extractive
12330,single_train,single,image-span
67042,single_train,single,non-extractive
67044,single_train,single,question-span
67039,single_train,single,image-span
67043,single_train,single,image-span
67046,single_train,single,non-extractive
67041,single_train,single,multi-span
67045,single_train,single,multi-span
67040,single_train,single,question-span
84497,single_train,single,question-span
84493,single_train,single,multi-span
84503,single_train,single,non-extractive
84494,single_train,single,multi-span
84495,single_train,single,multi-span
84501,single_train,single,image-span
84500,single_train,single,image-span
84498,single_train,single,question-span
84499,single_train,single,image-span
84496,single_train,single,question-span
57853,single_train,single,non-extractive
57846,single_train,single,multi-span
57851,single_train,single,non-extractive
57847,single_train,single,multi-span
57845,single_train,single,multi-span
143955,single_train,single,image-span
143951,single_train,single,multi-span
143957,single_train,single,multi-span
143954,single_train,single,non-extractive
47675,single_train,single,non-extractive
47671,single_train,single,question-span
47674,single_train,single,non-extractive
47668,single_train,single,multi-span
47670,single_train,single,question-span
47672,single_train,single,question-span
47669,single_train,single,multi-span
47673,single_train,single,image-span
51027,single_train,single,question-span
51028,single_train,single,question-span
51025,single_train,single,multi-span
51026,single_train,single,multi-span
133751,single_train,single,image-span
133756,single_train,single,multi-span
133760,single_train,single,non-extractive
133752,single_train,single,multi-span
133758,single_train,single,image-span
133757,single_train,single,non-extractive
133759,single_train,single,multi-span
61477,single_train,single,image-span
61473,single_train,single,question-span
61476,single_train,single,image-span
61472,single_train,single,multi-span
61478,single_train,single,image-span
61471,single_train,single,multi-span
61474,single_train,single,question-span
61475,single_train,single,question-span
105161,single_train,single,non-extractive
105159,single_train,single,image-span
17647,single_train,single,image-span
17652,single_train,single,question-span
17656,single_train,single,image-span
17655,single_train,single,multi-span
17654,single_train,single,question-span
17648,single_train,single,question-span
17653,single_train,single,multi-span
17650,single_train,single,non-extractive
17651,single_train,single,image-span
17649,single_train,single,multi-span
103841,single_train,single,multi-span
103845,single_train,single,non-extractive
103835,single_train,single,image-span
103837,single_train,single,multi-span
103838,single_train,single,non-extractive
103839,single_train,single,image-span
103840,single_train,single,question-span
103843,single_train,single,question-span
125983,single_train,single,image-span
125992,single_train,single,image-span
125991,single_train,single,question-span
125986,single_train,single,image-span
125985,single_train,single,non-extractive
125990,single_train,single,image-span
125984,single_train,single,question-span
125993,single_train,single,question-span
125988,single_train,single,multi-span
157016,single_train,single,image-span
157018,single_train,single,multi-span
157011,single_train,single,question-span
157009,single_train,single,non-extractive
157008,single_train,single,multi-span
157006,single_train,single,image-span
157017,single_train,single,question-span
157007,single_train,single,question-span
157015,single_train,single,non-extractive
157010,single_train,single,image-span
157014,single_train,single,image-span
157019,single_train,single,non-extractive
57339,single_train,single,question-span
57342,single_train,single,image-span
57340,single_train,single,question-span
57343,single_train,single,image-span
57338,single_train,single,multi-span
57341,single_train,single,image-span
110077,single_train,single,non-extractive
110079,single_train,single,non-extractive
110075,single_train,single,question-span
110076,single_train,single,multi-span
128772,single_train,single,question-span
128778,single_train,single,image-span
128777,single_train,single,non-extractive
128771,single_train,single,image-span
128781,single_train,single,non-extractive
128775,single_train,single,image-span
128773,single_train,single,multi-span
128779,single_train,single,question-span
128774,single_train,single,non-extractive
128776,single_train,single,multi-span
128780,single_train,single,multi-span
123094,single_train,single,question-span
123098,single_train,single,non-extractive
123093,single_train,single,question-span
123090,single_train,single,multi-span
123097,single_train,single,image-span
123095,single_train,single,image-span
123092,single_train,single,question-span
123091,single_train,single,multi-span
33077,single_train,single,image-span
33081,single_train,single,image-span
33082,single_train,single,question-span
33079,single_train,single,multi-span
33083,single_train,single,non-extractive
33078,single_train,single,question-span
33080,single_train,single,non-extractive
150961,single_train,single,multi-span
150960,single_train,single,question-span
150955,single_train,single,image-span
150959,single_train,single,image-span
150956,single_train,single,question-span
50173,single_train,single,multi-span
50176,single_train,single,question-span
50172,single_train,single,multi-span
50177,single_train,single,question-span
50178,single_train,single,image-span
50181,single_train,single,non-extractive
50175,single_train,single,question-span
50174,single_train,single,multi-span
50179,single_train,single,image-span
146429,single_train,single,question-span
146431,single_train,single,non-extractive
146421,single_train,single,image-span
146430,single_train,single,multi-span
146422,single_train,single,question-span
146427,single_train,single,non-extractive
146424,single_train,single,non-extractive
146423,single_train,single,multi-span
163126,single_train,single,image-span
163133,single_train,single,non-extractive
163128,single_train,single,multi-span
111173,single_train,single,non-extractive
111169,single_train,single,multi-span
111167,single_train,single,image-span
111165,single_train,single,multi-span
111168,single_train,single,question-span
111163,single_train,single,image-span
36596,single_train,single,multi-span
36593,single_train,single,multi-span
36597,single_train,single,non-extractive
36592,single_train,single,question-span
36594,single_train,single,non-extractive
36595,single_train,single,image-span
36591,single_train,single,image-span
36600,single_train,single,multi-span
36601,single_train,single,non-extractive
2433,single_train,single,image-span
2439,single_train,single,image-span
2435,single_train,single,multi-span
2436,single_train,single,non-extractive
2438,single_train,single,question-span
2440,single_train,single,question-span
2434,single_train,single,question-span
2437,single_train,single,image-span
60268,single_train,single,image-span
60265,single_train,single,question-span
60261,single_train,single,multi-span
60266,single_train,single,image-span
60267,single_train,single,image-span
60262,single_train,single,multi-span
60264,single_train,single,question-span
157726,single_train,single,multi-span
157732,single_train,single,non-extractive
157724,single_train,single,image-span
157725,single_train,single,question-span
157727,single_train,single,non-extractive
157728,single_train,single,multi-span
157730,single_train,single,question-span
157729,single_train,single,image-span
157731,single_train,single,multi-span
52126,single_train,single,question-span
52133,single_train,single,non-extractive
52129,single_train,single,image-span
52131,single_train,single,non-extractive
52130,single_train,single,image-span
52127,single_train,single,question-span
52125,single_train,single,multi-span
52132,single_train,single,non-extractive
60112,single_train,single,image-span
60114,single_train,single,non-extractive
60111,single_train,single,question-span
60110,single_train,single,question-span
51775,single_train,single,non-extractive
51768,single_train,single,multi-span
51772,single_train,single,image-span
51769,single_train,single,question-span
51770,single_train,single,question-span
51773,single_train,single,image-span
51776,single_train,single,non-extractive
165167,single_train,single,non-extractive
165162,single_train,single,image-span
165160,single_train,single,multi-span
165157,single_train,single,non-extractive
165159,single_train,single,question-span
165163,single_train,single,multi-span
165164,single_train,single,non-extractive
165166,single_train,single,multi-span
165161,single_train,single,non-extractive
165158,single_train,single,image-span
165155,single_train,single,question-span
165154,single_train,single,image-span
138690,single_train,single,question-span
138692,single_train,single,non-extractive
138691,single_train,single,multi-span
138689,single_train,single,image-span
138695,single_train,single,multi-span
138693,single_train,single,image-span
138698,single_train,single,non-extractive
138696,single_train,single,non-extractive
138694,single_train,single,question-span
146347,single_train,single,image-span
146355,single_train,single,image-span
146354,single_train,single,non-extractive
146357,single_train,single,non-extractive
146352,single_train,single,question-span
146351,single_train,single,image-span
146349,single_train,single,multi-span
146353,single_train,single,multi-span
146350,single_train,single,non-extractive
146348,single_train,single,question-span
64225,single_train,single,multi-span
64220,single_train,single,image-span
64226,single_train,single,non-extractive
64222,single_train,single,multi-span
64221,single_train,single,question-span
64223,single_train,single,non-extractive
64224,single_train,single,image-span
126058,single_train,single,non-extractive
126055,single_train,single,image-span
126054,single_train,single,non-extractive
126051,single_train,single,image-span
126056,single_train,single,question-span
2381,single_train,single,image-span
2388,single_train,single,multi-span
2385,single_train,single,multi-span
2383,single_train,single,non-extractive
2384,single_train,single,image-span
2382,single_train,single,multi-span
11990,single_train,single,non-extractive
11985,single_train,single,multi-span
11989,single_train,single,multi-span
11988,single_train,single,question-span
11986,single_train,single,non-extractive
11987,single_train,single,image-span
11984,single_train,single,question-span
11983,single_train,single,image-span
77265,single_train,single,image-span
77271,single_train,single,multi-span
77274,single_train,single,question-span
77276,single_train,single,non-extractive
77272,single_train,single,non-extractive
77266,single_train,single,question-span
77268,single_train,single,non-extractive
77275,single_train,single,multi-span
77270,single_train,single,question-span
77267,single_train,single,multi-span
77273,single_train,single,image-span
55074,single_train,single,image-span
55068,single_train,single,multi-span
55072,single_train,single,question-span
55071,single_train,single,question-span
55075,single_train,single,non-extractive
55073,single_train,single,image-span
55070,single_train,single,question-span
54797,single_train,single,image-span
54794,single_train,single,question-span
54795,single_train,single,question-span
54793,single_train,single,question-span
54796,single_train,single,image-span
54792,single_train,single,multi-span
55772,single_train,single,question-span
55770,single_train,single,multi-span
55771,single_train,single,multi-span
55773,single_train,single,question-span
55774,single_train,single,question-span
55775,single_train,single,image-span
55776,single_train,single,image-span
153562,single_train,single,multi-span
153567,single_train,single,non-extractive
153560,single_train,single,image-span
153565,single_train,single,question-span
153563,single_train,single,non-extractive
153566,single_train,single,multi-span
153561,single_train,single,question-span
75461,single_train,single,non-extractive
75457,single_train,single,multi-span
75456,single_train,single,question-span
75459,single_train,single,image-span
75455,single_train,single,image-span
75458,single_train,single,non-extractive
136310,single_train,single,image-span
136307,single_train,single,question-span
136302,single_train,single,non-extractive
136305,single_train,single,multi-span
136309,single_train,single,non-extractive
136303,single_train,single,image-span
136301,single_train,single,multi-span
136304,single_train,single,question-span
136306,single_train,single,non-extractive
136308,single_train,single,multi-span
136300,single_train,single,image-span
114962,single_train,single,non-extractive
114957,single_train,single,question-span
114956,single_train,single,image-span
114959,single_train,single,non-extractive
164870,single_train,single,question-span
164877,single_train,single,multi-span
164875,single_train,single,image-span
164872,single_train,single,non-extractive
164871,single_train,single,multi-span
164873,single_train,single,image-span
164876,single_train,single,question-span
164874,single_train,single,multi-span
164869,single_train,single,image-span
54591,single_train,single,question-span
54590,single_train,single,question-span
54588,single_train,single,multi-span
54587,single_train,single,multi-span
54589,single_train,single,multi-span
54593,single_train,single,image-span
54592,single_train,single,question-span
16660,single_train,single,multi-span
16659,single_train,single,question-span
16661,single_train,single,non-extractive
16658,single_train,single,image-span
148191,single_train,single,image-span
148197,single_train,single,non-extractive
148195,single_train,single,multi-span
148194,single_train,single,question-span
148196,single_train,single,non-extractive
148193,single_train,single,image-span
589,single_train,single,image-span
587,single_train,single,multi-span
588,single_train,single,non-extractive
590,single_train,single,question-span
592,single_train,single,non-extractive
595,single_train,single,multi-span
594,single_train,single,question-span
586,single_train,single,question-span
585,single_train,single,image-span
591,single_train,single,multi-span
59762,single_train,single,question-span
59760,single_train,single,multi-span
59763,single_train,single,question-span
59761,single_train,single,question-span
124805,single_train,single,multi-span
124808,single_train,single,image-span
124811,single_train,single,non-extractive
124809,single_train,single,image-span
124804,single_train,single,multi-span
124806,single_train,single,question-span
141994,single_train,single,multi-span
141997,single_train,single,question-span
141998,single_train,single,multi-span
141991,single_train,single,multi-span
142001,single_train,single,question-span
142000,single_train,single,image-span
141999,single_train,single,non-extractive
141990,single_train,single,image-span
141995,single_train,single,non-extractive
141996,single_train,single,image-span
141992,single_train,single,non-extractive
141993,single_train,single,image-span
5208,single_train,single,multi-span
5211,single_train,single,multi-span
5212,single_train,single,non-extractive
5214,single_train,single,question-span
5206,single_train,single,image-span
5219,single_train,single,non-extractive
5210,single_train,single,image-span
5209,single_train,single,non-extractive
5207,single_train,single,question-span
5213,single_train,single,image-span
50527,single_train,single,question-span
50530,single_train,single,image-span
50532,single_train,single,non-extractive
50526,single_train,single,question-span
50529,single_train,single,image-span
50528,single_train,single,question-span
50525,single_train,single,multi-span
120283,single_train,single,image-span
120280,single_train,single,question-span
120284,single_train,single,non-extractive
120277,single_train,single,multi-span
120276,single_train,single,multi-span
120282,single_train,single,image-span
120279,single_train,single,question-span
120286,single_train,single,non-extractive
120281,single_train,single,image-span
120285,single_train,single,non-extractive
7257,single_train,single,image-span
7259,single_train,single,non-extractive
7253,single_train,single,non-extractive
7252,single_train,single,multi-span
7254,single_train,single,image-span
7256,single_train,single,multi-span
7255,single_train,single,question-span
103989,single_train,single,image-span
103990,single_train,single,question-span
103995,single_train,single,non-extractive
103993,single_train,single,image-span
103992,single_train,single,non-extractive
103991,single_train,single,multi-span
105841,single_train,single,non-extractive
105842,single_train,single,image-span
105843,single_train,single,question-span
105839,single_train,single,question-span
105848,single_train,single,non-extractive
105840,single_train,single,multi-span
105838,single_train,single,image-span
11863,single_train,single,image-span
11865,single_train,single,multi-span
11867,single_train,single,image-span
11868,single_train,single,non-extractive
11866,single_train,single,non-extractive
46111,single_train,single,non-extractive
46106,single_train,single,image-span
46108,single_train,single,multi-span
46109,single_train,single,question-span
46107,single_train,single,question-span
157496,single_train,single,image-span
157499,single_train,single,non-extractive
157501,single_train,single,non-extractive
157498,single_train,single,multi-span
157497,single_train,single,question-span
50981,single_train,single,question-span
50979,single_train,single,question-span
50983,single_train,single,image-span
50977,single_train,single,multi-span
50984,single_train,single,image-span
50985,single_train,single,non-extractive
50980,single_train,single,question-span
50978,single_train,single,multi-span
50976,single_train,single,multi-span
50982,single_train,single,image-span
15624,single_train,single,non-extractive
15620,single_train,single,non-extractive
15619,single_train,single,multi-span
15621,single_train,single,image-span
15623,single_train,single,multi-span
15622,single_train,single,question-span
15617,single_train,single,image-span
75852,single_train,single,image-span
75855,single_train,single,non-extractive
75853,single_train,single,question-span
75858,single_train,single,multi-span
75857,single_train,single,question-span
75854,single_train,single,multi-span
75856,single_train,single,image-span
65300,single_train,single,multi-span
65308,single_train,single,non-extractive
65307,single_train,single,multi-span
65302,single_train,single,question-span
65310,single_train,single,question-span
65301,single_train,single,non-extractive
65299,single_train,single,image-span
65306,single_train,single,question-span
65304,single_train,single,non-extractive
65303,single_train,single,multi-span
100288,single_train,single,non-extractive
100293,single_train,single,non-extractive
100286,single_train,single,question-span
100292,single_train,single,question-span
100285,single_train,single,image-span
100289,single_train,single,image-span
100290,single_train,single,multi-span
100287,single_train,single,multi-span
52080,single_train,single,image-span
52078,single_train,single,question-span
52079,single_train,single,question-span
52082,single_train,single,non-extractive
52076,single_train,single,multi-span
52077,single_train,single,question-span
52081,single_train,single,non-extractive
100768,single_train,single,non-extractive
100767,single_train,single,multi-span
100770,single_train,single,question-span
143409,single_train,single,multi-span
143407,single_train,single,image-span
143411,single_train,single,image-span
143408,single_train,single,question-span
143410,single_train,single,non-extractive
85767,single_train,single,multi-span
85773,single_train,single,image-span
85775,single_train,single,non-extractive
85772,single_train,single,image-span
85771,single_train,single,image-span
85770,single_train,single,question-span
73376,single_train,single,multi-span
73380,single_train,single,multi-span
73379,single_train,single,question-span
73373,single_train,single,multi-span
73371,single_train,single,image-span
73378,single_train,single,non-extractive
73375,single_train,single,question-span
26998,single_train,single,question-span
27006,single_train,single,multi-span
27001,single_train,single,image-span
27000,single_train,single,non-extractive
27002,single_train,single,question-span
27003,single_train,single,multi-span
27005,single_train,single,image-span
26999,single_train,single,multi-span
26997,single_train,single,image-span
27004,single_train,single,non-extractive
126035,single_train,single,non-extractive
126032,single_train,single,image-span
126034,single_train,single,multi-span
126033,single_train,single,question-span
108518,single_train,single,question-span
108519,single_train,single,multi-span
108517,single_train,single,non-extractive
108523,single_train,single,non-extractive
47891,single_train,single,non-extractive
47886,single_train,single,multi-span
47889,single_train,single,question-span
47888,single_train,single,question-span
35154,single_train,single,image-span
35150,single_train,single,question-span
35153,single_train,single,non-extractive
35145,single_train,single,image-span
35149,single_train,single,image-span
35148,single_train,single,non-extractive
35151,single_train,single,multi-span
35152,single_train,single,multi-span
35146,single_train,single,question-span
35144,single_train,single,question-span
35147,single_train,single,multi-span
49543,single_train,single,image-span
49537,single_train,single,multi-span
49538,single_train,single,multi-span
49540,single_train,single,question-span
49542,single_train,single,image-span
49539,single_train,single,question-span
49541,single_train,single,image-span
49544,single_train,single,non-extractive
47459,single_train,single,question-span
47461,single_train,single,image-span
47463,single_train,single,image-span
47462,single_train,single,image-span
47460,single_train,single,question-span
47455,single_train,single,multi-span
47458,single_train,single,question-span
47456,single_train,single,multi-span
74896,single_train,single,multi-span
74894,single_train,single,image-span
74897,single_train,single,non-extractive
74898,single_train,single,image-span
74895,single_train,single,question-span
159945,single_train,single,non-extractive
159943,single_train,single,question-span
159942,single_train,single,image-span
159944,single_train,single,multi-span
159946,single_train,single,image-span
159947,single_train,single,question-span
27682,single_train,single,image-span
27685,single_train,single,question-span
27679,single_train,single,question-span
27688,single_train,single,question-span
27681,single_train,single,non-extractive
27692,single_train,single,multi-span
27684,single_train,single,image-span
27678,single_train,single,image-span
27687,single_train,single,non-extractive
27691,single_train,single,question-span
27686,single_train,single,multi-span
27689,single_train,single,multi-span
27683,single_train,single,multi-span
27690,single_train,single,non-extractive
27680,single_train,single,multi-span
150608,single_train,single,image-span
150611,single_train,single,non-extractive
150601,single_train,single,question-span
150607,single_train,single,non-extractive
150602,single_train,single,multi-span
150600,single_train,single,image-span
150604,single_train,single,image-span
150606,single_train,single,multi-span
150603,single_train,single,non-extractive
150605,single_train,single,question-span
129107,single_train,single,question-span
129110,single_train,single,question-span
129108,single_train,single,multi-span
129106,single_train,single,image-span
129102,single_train,single,multi-span
129109,single_train,single,image-span
129105,single_train,single,question-span
129101,single_train,single,question-span
129100,single_train,single,image-span
129103,single_train,single,non-extractive
129104,single_train,single,image-span
164160,single_train,single,non-extractive
164157,single_train,single,image-span
164163,single_train,single,image-span
164158,single_train,single,question-span
164159,single_train,single,multi-span
164161,single_train,single,image-span
164162,single_train,single,non-extractive
164164,single_train,single,question-span
164165,single_train,single,multi-span
10466,single_train,single,multi-span
10464,single_train,single,image-span
10461,single_train,single,question-span
10467,single_train,single,non-extractive
10460,single_train,single,image-span
10463,single_train,single,non-extractive
10465,single_train,single,question-span
20373,single_train,single,image-span
20377,single_train,single,question-span
20383,single_train,single,non-extractive
20376,single_train,single,image-span
20374,single_train,single,question-span
20378,single_train,single,multi-span
32612,single_train,single,multi-span
32616,single_train,single,non-extractive
32610,single_train,single,question-span
32613,single_train,single,non-extractive
32611,single_train,single,multi-span
32609,single_train,single,image-span
105091,single_train,single,image-span
105092,single_train,single,question-span
105095,single_train,single,question-span
105093,single_train,single,multi-span
105097,single_train,single,non-extractive
105096,single_train,single,multi-span
23914,single_train,single,non-extractive
23911,single_train,single,image-span
23912,single_train,single,question-span
23917,single_train,single,multi-span
23918,single_train,single,image-span
23921,single_train,single,non-extractive
23916,single_train,single,question-span
23913,single_train,single,multi-span
23915,single_train,single,image-span
23919,single_train,single,question-span
8806,single_train,single,non-extractive
8807,single_train,single,question-span
8804,single_train,single,image-span
8811,single_train,single,non-extractive
8805,single_train,single,multi-span
8810,single_train,single,multi-span
94281,single_train,single,question-span
94283,single_train,single,question-span
94282,single_train,single,question-span
94284,single_train,single,image-span
94278,single_train,single,multi-span
62884,single_train,single,multi-span
62875,single_train,single,image-span
62883,single_train,single,question-span
62877,single_train,single,multi-span
62881,single_train,single,non-extractive
62886,single_train,single,question-span
62878,single_train,single,non-extractive
62880,single_train,single,multi-span
62879,single_train,single,image-span
62876,single_train,single,question-span
62882,single_train,single,image-span
96115,single_train,single,image-span
96112,single_train,single,question-span
96117,single_train,single,non-extractive
96111,single_train,single,question-span
96110,single_train,single,question-span
96107,single_train,single,multi-span
96109,single_train,single,multi-span
118604,single_train,single,image-span
118599,single_train,single,multi-span
118602,single_train,single,image-span
118598,single_train,single,multi-span
118597,single_train,single,multi-span
118603,single_train,single,image-span
118600,single_train,single,question-span
118601,single_train,single,question-span
153980,single_train,single,non-extractive
153979,single_train,single,multi-span
153978,single_train,single,question-span
74036,single_train,single,image-span
74031,single_train,single,image-span
74035,single_train,single,non-extractive
74032,single_train,single,image-span
74034,single_train,single,multi-span
74033,single_train,single,question-span
94180,single_train,single,image-span
94178,single_train,single,question-span
94176,single_train,single,question-span
94179,single_train,single,image-span
94173,single_train,single,multi-span
94181,single_train,single,non-extractive
94177,single_train,single,question-span
55941,single_train,single,question-span
55943,single_train,single,image-span
55944,single_train,single,non-extractive
55940,single_train,single,multi-span
55945,single_train,single,non-extractive
55939,single_train,single,multi-span
55942,single_train,single,question-span
146009,single_train,single,multi-span
146006,single_train,single,non-extractive
146003,single_train,single,image-span
146010,single_train,single,image-span
146005,single_train,single,multi-span
146013,single_train,single,non-extractive
146007,single_train,single,image-span
146008,single_train,single,question-span
10131,single_train,single,non-extractive
10126,single_train,single,question-span
10130,single_train,single,multi-span
10128,single_train,single,non-extractive
10133,single_train,single,question-span
10129,single_train,single,image-span
10127,single_train,single,multi-span
10132,single_train,single,image-span
10125,single_train,single,image-span
62929,single_train,single,image-span
62931,single_train,single,multi-span
62936,single_train,single,image-span
62933,single_train,single,image-span
62939,single_train,single,non-extractive
62937,single_train,single,question-span
62935,single_train,single,non-extractive
62932,single_train,single,non-extractive
145040,single_train,single,multi-span
145038,single_train,single,non-extractive
145036,single_train,single,question-span
145043,single_train,single,multi-span
145039,single_train,single,image-span
145037,single_train,single,multi-span
145035,single_train,single,image-span
145041,single_train,single,non-extractive
38798,single_train,single,non-extractive
38794,single_train,single,non-extractive
38797,single_train,single,multi-span
38791,single_train,single,image-span
38801,single_train,single,non-extractive
38792,single_train,single,question-span
38793,single_train,single,multi-span
38795,single_train,single,image-span
38796,single_train,single,question-span
123036,single_train,single,multi-span
123044,single_train,single,non-extractive
123040,single_train,single,question-span
123042,single_train,single,image-span
123038,single_train,single,multi-span
123037,single_train,single,multi-span
123043,single_train,single,image-span
118702,single_train,single,non-extractive
118695,single_train,single,question-span
118694,single_train,single,multi-span
118696,single_train,single,question-span
118692,single_train,single,multi-span
118700,single_train,single,image-span
118701,single_train,single,non-extractive
118698,single_train,single,image-span
118699,single_train,single,image-span
41690,single_train,single,multi-span
41692,single_train,single,image-span
41698,single_train,single,non-extractive
41694,single_train,single,multi-span
41688,single_train,single,image-span
41696,single_train,single,question-span
41689,single_train,single,question-span
41691,single_train,single,non-extractive
41693,single_train,single,question-span
41732,single_train,single,non-extractive
41733,single_train,single,image-span
41735,single_train,single,multi-span
41734,single_train,single,question-span
41731,single_train,single,multi-span
41730,single_train,single,question-span
106189,single_train,single,image-span
106193,single_train,single,image-span
106190,single_train,single,question-span
106191,single_train,single,multi-span
106196,single_train,single,non-extractive
106192,single_train,single,non-extractive
106194,single_train,single,question-span
106197,single_train,single,image-span
106195,single_train,single,multi-span
9253,single_train,single,non-extractive
9250,single_train,single,non-extractive
9247,single_train,single,image-span
9249,single_train,single,multi-span
9248,single_train,single,question-span
101536,single_train,single,question-span
101538,single_train,single,non-extractive
101533,single_train,single,question-span
101534,single_train,single,non-extractive
101532,single_train,single,image-span
101537,single_train,single,multi-span
111581,single_train,single,question-span
111579,single_train,single,multi-span
111582,single_train,single,multi-span
111583,single_train,single,non-extractive
111577,single_train,single,non-extractive
111576,single_train,single,multi-span
111574,single_train,single,image-span
111578,single_train,single,question-span
34949,single_train,single,image-span
34958,single_train,single,non-extractive
34952,single_train,single,non-extractive
34953,single_train,single,image-span
34951,single_train,single,multi-span
34954,single_train,single,question-span
34950,single_train,single,question-span
158714,single_train,single,non-extractive
158718,single_train,single,image-span
158711,single_train,single,image-span
158710,single_train,single,non-extractive
158715,single_train,single,image-span
158707,single_train,single,image-span
158716,single_train,single,question-span
158719,single_train,single,image-span
158713,single_train,single,multi-span
158717,single_train,single,multi-span
158712,single_train,single,question-span
158709,single_train,single,multi-span
158708,single_train,single,question-span
29617,single_train,single,multi-span
29621,single_train,single,multi-span
29616,single_train,single,question-span
29618,single_train,single,non-extractive
29615,single_train,single,image-span
29619,single_train,single,image-span
29620,single_train,single,question-span
113185,single_train,single,question-span
113188,single_train,single,image-span
113189,single_train,single,non-extractive
113191,single_train,single,question-span
113193,single_train,single,non-extractive
113190,single_train,single,image-span
113184,single_train,single,image-span
113186,single_train,single,multi-span
113187,single_train,single,non-extractive
56144,single_train,single,multi-span
56146,single_train,single,question-span
56145,single_train,single,multi-span
56151,single_train,single,non-extractive
56150,single_train,single,image-span
56147,single_train,single,question-span
56149,single_train,single,image-span
56148,single_train,single,question-span
92447,single_train,single,multi-span
92451,single_train,single,image-span
92448,single_train,single,multi-span
92450,single_train,single,question-span
92449,single_train,single,question-span
92452,single_train,single,image-span
54200,single_train,single,image-span
54195,single_train,single,question-span
54201,single_train,single,non-extractive
54199,single_train,single,image-span
54193,single_train,single,multi-span
54194,single_train,single,multi-span
54197,single_train,single,question-span
54192,single_train,single,multi-span
54198,single_train,single,image-span
54196,single_train,single,question-span
116127,single_train,single,non-extractive
116122,single_train,single,multi-span
116118,single_train,single,multi-span
116119,single_train,single,non-extractive
116121,single_train,single,question-span
116120,single_train,single,image-span
116123,single_train,single,non-extractive
125475,single_train,single,non-extractive
125472,single_train,single,image-span
125480,single_train,single,question-span
125473,single_train,single,question-span
125477,single_train,single,question-span
125478,single_train,single,multi-span
125479,single_train,single,non-extractive
125474,single_train,single,multi-span
125476,single_train,single,image-span
12661,single_train,single,non-extractive
12657,single_train,single,non-extractive
12650,single_train,single,image-span
12660,single_train,single,multi-span
12652,single_train,single,multi-span
12653,single_train,single,non-extractive
12654,single_train,single,image-span
12651,single_train,single,question-span
12656,single_train,single,multi-span
8151,single_train,single,multi-span
8154,single_train,single,question-span
8152,single_train,single,non-extractive
8156,single_train,single,non-extractive
8155,single_train,single,multi-span
8149,single_train,single,image-span
33724,single_train,single,non-extractive
33723,single_train,single,multi-span
33721,single_train,single,image-span
33725,single_train,single,image-span
33722,single_train,single,question-span
131207,single_train,single,multi-span
131206,single_train,single,question-span
131211,single_train,single,multi-span
131203,single_train,single,multi-span
131201,single_train,single,image-span
131204,single_train,single,non-extractive
131205,single_train,single,image-span
131208,single_train,single,non-extractive
131210,single_train,single,question-span
131212,single_train,single,non-extractive
137932,single_train,single,non-extractive
137931,single_train,single,multi-span
33859,single_train,single,non-extractive
33857,single_train,single,question-span
33862,single_train,single,non-extractive
33860,single_train,single,image-span
33863,single_train,single,image-span
33856,single_train,single,image-span
33858,single_train,single,multi-span
33865,single_train,single,multi-span
33861,single_train,single,question-span
143940,single_train,single,image-span
143945,single_train,single,question-span
143942,single_train,single,multi-span
143946,single_train,single,multi-span
143941,single_train,single,question-span
143944,single_train,single,image-span
14828,single_train,single,non-extractive
14823,single_train,single,multi-span
14832,single_train,single,non-extractive
14835,single_train,single,non-extractive
14825,single_train,single,image-span
14822,single_train,single,question-span
14831,single_train,single,multi-span
14829,single_train,single,image-span
14826,single_train,single,question-span
14834,single_train,single,multi-span
14833,single_train,single,image-span
14821,single_train,single,image-span
14827,single_train,single,multi-span
14824,single_train,single,non-extractive
104572,single_train,single,question-span
104573,single_train,single,multi-span
104574,single_train,single,non-extractive
104571,single_train,single,image-span
116304,single_train,single,question-span
116305,single_train,single,multi-span
116303,single_train,single,image-span
116307,single_train,single,question-span
116312,single_train,single,non-extractive
116306,single_train,single,non-extractive
116308,single_train,single,multi-span
116309,single_train,single,non-extractive
42196,single_train,single,multi-span
42190,single_train,single,image-span
42195,single_train,single,question-span
42191,single_train,single,question-span
42192,single_train,single,multi-span
42193,single_train,single,non-extractive
42194,single_train,single,image-span
105954,single_train,single,question-span
105956,single_train,single,non-extractive
105955,single_train,single,multi-span
105953,single_train,single,image-span
18157,single_train,single,multi-span
18158,single_train,single,non-extractive
18159,single_train,single,non-extractive
18156,single_train,single,image-span
95892,single_train,single,multi-span
95898,single_train,single,image-span
95896,single_train,single,image-span
95897,single_train,single,image-span
95895,single_train,single,question-span
95891,single_train,single,multi-span
95890,single_train,single,multi-span
95894,single_train,single,question-span
95893,single_train,single,question-span
948,single_train,single,multi-span
950,single_train,single,image-span
955,single_train,single,non-extractive
953,single_train,single,image-span
951,single_train,single,multi-span
952,single_train,single,non-extractive
949,single_train,single,non-extractive
954,single_train,single,multi-span
141825,single_train,single,image-span
141829,single_train,single,image-span
141823,single_train,single,multi-span
141826,single_train,single,question-span
141824,single_train,single,non-extractive
141818,single_train,single,image-span
141827,single_train,single,multi-span
59023,single_train,single,multi-span
59027,single_train,single,image-span
59025,single_train,single,question-span
59026,single_train,single,question-span
59022,single_train,single,multi-span
59024,single_train,single,question-span
41191,single_train,single,non-extractive
41187,single_train,single,multi-span
41189,single_train,single,image-span
41188,single_train,single,non-extractive
41186,single_train,single,image-span
84122,single_train,single,question-span
84125,single_train,single,non-extractive
84120,single_train,single,multi-span
84123,single_train,single,question-span
84121,single_train,single,multi-span
84127,single_train,single,non-extractive
84119,single_train,single,multi-span
17734,single_train,single,image-span
17740,single_train,single,multi-span
17737,single_train,single,non-extractive
17736,single_train,single,multi-span
84641,single_train,single,question-span
84643,single_train,single,image-span
84639,single_train,single,multi-span
84646,single_train,single,non-extractive
84644,single_train,single,image-span
84645,single_train,single,image-span
84640,single_train,single,question-span
84642,single_train,single,question-span
37628,single_train,single,multi-span
37624,single_train,single,image-span
37629,single_train,single,non-extractive
37630,single_train,single,multi-span
37622,single_train,single,multi-span
37623,single_train,single,non-extractive
37632,single_train,single,question-span
37626,single_train,single,image-span
37627,single_train,single,question-span
37625,single_train,single,multi-span
37631,single_train,single,image-span
77546,single_train,single,image-span
77544,single_train,single,multi-span
77543,single_train,single,question-span
77539,single_train,single,image-span
77541,single_train,single,non-extractive
77540,single_train,single,multi-span
77542,single_train,single,image-span
77545,single_train,single,non-extractive
55554,single_train,single,question-span
55555,single_train,single,question-span
55551,single_train,single,multi-span
55556,single_train,single,image-span
55552,single_train,single,multi-span
55553,single_train,single,question-span
55557,single_train,single,image-span
124908,single_train,single,multi-span
124911,single_train,single,question-span
124919,single_train,single,non-extractive
124910,single_train,single,multi-span
124918,single_train,single,image-span
124907,single_train,single,multi-span
124915,single_train,single,image-span
124914,single_train,single,question-span
124912,single_train,single,question-span
124909,single_train,single,multi-span
124913,single_train,single,question-span
50305,single_train,single,question-span
50309,single_train,single,image-span
50303,single_train,single,multi-span
50306,single_train,single,question-span
50308,single_train,single,image-span
50302,single_train,single,multi-span
50307,single_train,single,question-span
50304,single_train,single,multi-span
77408,single_train,single,non-extractive
77406,single_train,single,question-span
77407,single_train,single,multi-span
77405,single_train,single,image-span
29891,single_train,single,multi-span
29888,single_train,single,multi-span
29887,single_train,single,question-span
29890,single_train,single,question-span
29886,single_train,single,image-span
29889,single_train,single,non-extractive
61138,single_train,single,image-span
61139,single_train,single,image-span
61134,single_train,single,multi-span
61136,single_train,single,question-span
61135,single_train,single,question-span
61137,single_train,single,question-span
160658,single_train,single,non-extractive
160657,single_train,single,multi-span
160653,single_train,single,multi-span
160661,single_train,single,non-extractive
160656,single_train,single,question-span
160655,single_train,single,image-span
160654,single_train,single,non-extractive
156108,single_train,single,multi-span
156112,single_train,single,non-extractive
156109,single_train,single,non-extractive
156106,single_train,single,image-span
156110,single_train,single,image-span
156107,single_train,single,question-span
115640,single_train,single,non-extractive
115637,single_train,single,image-span
115639,single_train,single,multi-span
115642,single_train,single,non-extractive
115645,single_train,single,multi-span
115638,single_train,single,question-span
115643,single_train,single,image-span
115644,single_train,single,question-span
115646,single_train,single,non-extractive
60599,single_train,single,question-span
60597,single_train,single,question-span
60600,single_train,single,image-span
60598,single_train,single,question-span
27139,single_train,single,non-extractive
27137,single_train,single,question-span
27138,single_train,single,multi-span
27136,single_train,single,image-span
39390,single_train,single,image-span
39399,single_train,single,non-extractive
39391,single_train,single,question-span
39395,single_train,single,question-span
39393,single_train,single,non-extractive
39392,single_train,single,multi-span
39394,single_train,single,image-span
149564,single_train,single,question-span
149562,single_train,single,multi-span
149563,single_train,single,image-span
149565,single_train,single,non-extractive
50342,single_train,single,question-span
50341,single_train,single,question-span
50345,single_train,single,image-span
50346,single_train,single,image-span
50340,single_train,single,multi-span
50344,single_train,single,image-span
50343,single_train,single,question-span
61602,single_train,single,question-span
61603,single_train,single,question-span
61601,single_train,single,multi-span
61599,single_train,single,multi-span
61600,single_train,single,multi-span
151350,single_train,single,multi-span
151345,single_train,single,image-span
151348,single_train,single,non-extractive
151352,single_train,single,image-span
151349,single_train,single,question-span
151351,single_train,single,non-extractive
151347,single_train,single,multi-span
151346,single_train,single,question-span
151353,single_train,single,non-extractive
54340,single_train,single,question-span
54341,single_train,single,image-span
54338,single_train,single,multi-span
54344,single_train,single,non-extractive
54343,single_train,single,non-extractive
54339,single_train,single,question-span
120443,single_train,single,question-span
120438,single_train,single,multi-span
120445,single_train,single,question-span
120440,single_train,single,multi-span
120446,single_train,single,image-span
120439,single_train,single,multi-span
120448,single_train,single,non-extractive
120447,single_train,single,image-span
120441,single_train,single,multi-span
120442,single_train,single,question-span
120444,single_train,single,question-span
8551,single_train,single,question-span
8548,single_train,single,question-span
8547,single_train,single,image-span
8552,single_train,single,non-extractive
8550,single_train,single,non-extractive
8553,single_train,single,image-span
8549,single_train,single,multi-span
137444,single_train,single,image-span
137435,single_train,single,multi-span
137443,single_train,single,non-extractive
137438,single_train,single,question-span
137440,single_train,single,non-extractive
137433,single_train,single,image-span
137437,single_train,single,image-span
137441,single_train,single,image-span
137439,single_train,single,multi-span
57457,single_train,single,image-span
57452,single_train,single,multi-span
57458,single_train,single,image-span
57453,single_train,single,question-span
57456,single_train,single,image-span
92482,single_train,single,image-span
92481,single_train,single,image-span
92477,single_train,single,question-span
92478,single_train,single,question-span
92474,single_train,single,multi-span
92484,single_train,single,non-extractive
92475,single_train,single,multi-span
92479,single_train,single,question-span
92483,single_train,single,non-extractive
156327,single_train,single,question-span
156329,single_train,single,non-extractive
156331,single_train,single,question-span
156324,single_train,single,question-span
156323,single_train,single,image-span
156330,single_train,single,image-span
156332,single_train,single,multi-span
156325,single_train,single,multi-span
156326,single_train,single,non-extractive
156328,single_train,single,multi-span
33666,single_train,single,question-span
33671,single_train,single,multi-span
33665,single_train,single,image-span
33668,single_train,single,non-extractive
33669,single_train,single,image-span
33670,single_train,single,question-span
33672,single_train,single,non-extractive
81670,single_train,single,question-span
81674,single_train,single,question-span
81669,single_train,single,image-span
81671,single_train,single,multi-span
81672,single_train,single,non-extractive
81675,single_train,single,multi-span
81676,single_train,single,non-extractive
155556,single_train,single,non-extractive
155552,single_train,single,non-extractive
155554,single_train,single,question-span
155550,single_train,single,question-span
155551,single_train,single,multi-span
120086,single_train,single,image-span
120085,single_train,single,image-span
120081,single_train,single,question-span
120084,single_train,single,image-span
120083,single_train,single,question-span
3959,single_train,single,non-extractive
3960,single_train,single,image-span
3962,single_train,single,non-extractive
3965,single_train,single,non-extractive
3958,single_train,single,question-span
3957,single_train,single,image-span
119821,single_train,single,image-span
119814,single_train,single,multi-span
119818,single_train,single,question-span
119816,single_train,single,multi-span
119822,single_train,single,image-span
119815,single_train,single,multi-span
119819,single_train,single,question-span
119817,single_train,single,question-span
119820,single_train,single,image-span
4289,single_train,single,image-span
4292,single_train,single,non-extractive
4285,single_train,single,image-span
4288,single_train,single,non-extractive
4287,single_train,single,multi-span
4286,single_train,single,question-span
4290,single_train,single,question-span
4293,single_train,single,image-span
49581,single_train,single,non-extractive
49580,single_train,single,non-extractive
49576,single_train,single,image-span
49577,single_train,single,image-span
49578,single_train,single,image-span
49579,single_train,single,non-extractive
49575,single_train,single,question-span
49572,single_train,single,multi-span
49574,single_train,single,question-span
49573,single_train,single,question-span
33747,single_train,single,question-span
33742,single_train,single,multi-span
33743,single_train,single,non-extractive
33741,single_train,single,question-span
33745,single_train,single,non-extractive
33740,single_train,single,image-span
33744,single_train,single,question-span
124588,single_train,single,question-span
124589,single_train,single,question-span
124584,single_train,single,multi-span
124592,single_train,single,image-span
124585,single_train,single,multi-span
124595,single_train,single,non-extractive
124590,single_train,single,image-span
124591,single_train,single,image-span
124587,single_train,single,question-span
124586,single_train,single,multi-span
124593,single_train,single,non-extractive
49180,single_train,single,multi-span
49182,single_train,single,multi-span
49185,single_train,single,question-span
49181,single_train,single,multi-span
49189,single_train,single,non-extractive
49183,single_train,single,question-span
49186,single_train,single,image-span
49187,single_train,single,image-span
49188,single_train,single,non-extractive
49184,single_train,single,question-span
158916,single_train,single,non-extractive
158910,single_train,single,image-span
158912,single_train,single,multi-span
158908,single_train,single,multi-span
158906,single_train,single,image-span
150305,single_train,single,non-extractive
150303,single_train,single,non-extractive
150299,single_train,single,multi-span
150297,single_train,single,image-span
150298,single_train,single,question-span
150302,single_train,single,question-span
150301,single_train,single,image-span
150300,single_train,single,non-extractive
22634,single_train,single,multi-span
22632,single_train,single,non-extractive
22633,single_train,single,question-span
22635,single_train,single,non-extractive
22630,single_train,single,question-span
22629,single_train,single,image-span
22631,single_train,single,multi-span
32441,single_train,single,non-extractive
32444,single_train,single,question-span
32440,single_train,single,multi-span
32439,single_train,single,question-span
32438,single_train,single,image-span
32443,single_train,single,image-span
32446,single_train,single,non-extractive
32442,single_train,single,question-span
67445,single_train,single,question-span
67448,single_train,single,image-span
67441,single_train,single,question-span
67451,single_train,single,image-span
67447,single_train,single,non-extractive
67453,single_train,single,multi-span
67452,single_train,single,question-span
67443,single_train,single,non-extractive
67446,single_train,single,multi-span
67444,single_train,single,image-span
67449,single_train,single,question-span
67442,single_train,single,multi-span
67450,single_train,single,multi-span
23110,single_train,single,image-span
23112,single_train,single,multi-span
23115,single_train,single,multi-span
23113,single_train,single,non-extractive
23114,single_train,single,question-span
23116,single_train,single,non-extractive
23111,single_train,single,question-span
130866,single_train,single,question-span
130871,single_train,single,multi-span
130865,single_train,single,image-span
130867,single_train,single,multi-span
130872,single_train,single,multi-span
130869,single_train,single,image-span
130870,single_train,single,question-span
27212,single_train,single,non-extractive
27214,single_train,single,non-extractive
27210,single_train,single,question-span
27213,single_train,single,question-span
27209,single_train,single,image-span
27211,single_train,single,multi-span
113797,single_train,single,image-span
113799,single_train,single,multi-span
113805,single_train,single,non-extractive
113800,single_train,single,question-span
113802,single_train,single,image-span
113798,single_train,single,question-span
59415,single_train,single,question-span
59414,single_train,single,question-span
59416,single_train,single,question-span
59411,single_train,single,multi-span
59412,single_train,single,multi-span
59413,single_train,single,multi-span
19916,single_train,single,non-extractive
19920,single_train,single,non-extractive
19919,single_train,single,multi-span
19914,single_train,single,image-span
19917,single_train,single,image-span
19918,single_train,single,question-span
19923,single_train,single,multi-span
19915,single_train,single,multi-span
19924,single_train,single,non-extractive
19922,single_train,single,question-span
96710,single_train,single,image-span
96704,single_train,single,multi-span
96708,single_train,single,question-span
96709,single_train,single,image-span
96706,single_train,single,question-span
96711,single_train,single,image-span
96707,single_train,single,question-span
57412,single_train,single,question-span
57410,single_train,single,question-span
57413,single_train,single,image-span
57409,single_train,single,multi-span
57411,single_train,single,question-span
146509,single_train,single,image-span
146515,single_train,single,multi-span
146519,single_train,single,multi-span
146518,single_train,single,image-span
146517,single_train,single,multi-span
146516,single_train,single,non-extractive
146514,single_train,single,question-span
139746,single_train,single,question-span
139739,single_train,single,image-span
139741,single_train,single,multi-span
139748,single_train,single,image-span
139749,single_train,single,question-span
139744,single_train,single,non-extractive
139747,single_train,single,multi-span
139745,single_train,single,image-span
97590,single_train,single,non-extractive
97589,single_train,single,multi-span
97588,single_train,single,question-span
49829,single_train,single,question-span
49827,single_train,single,multi-span
49830,single_train,single,question-span
49828,single_train,single,question-span
49832,single_train,single,image-span
49831,single_train,single,image-span
49826,single_train,single,multi-span
46496,single_train,single,non-extractive
46492,single_train,single,non-extractive
46495,single_train,single,multi-span
46486,single_train,single,image-span
46491,single_train,single,question-span
46490,single_train,single,image-span
46493,single_train,single,image-span
46489,single_train,single,non-extractive
46487,single_train,single,question-span
46488,single_train,single,multi-span
104308,single_train,single,image-span
104310,single_train,single,non-extractive
104304,single_train,single,image-span
104307,single_train,single,non-extractive
104306,single_train,single,multi-span
104309,single_train,single,question-span
34365,single_train,single,image-span
34367,single_train,single,multi-span
34373,single_train,single,question-span
34366,single_train,single,question-span
34369,single_train,single,question-span
34368,single_train,single,image-span
34372,single_train,single,image-span
34370,single_train,single,multi-span
34371,single_train,single,non-extractive
4394,single_train,single,non-extractive
4391,single_train,single,non-extractive
4390,single_train,single,multi-span
4392,single_train,single,image-span
4386,single_train,single,multi-span
4388,single_train,single,image-span
4389,single_train,single,question-span
4385,single_train,single,question-span
4387,single_train,single,non-extractive
4384,single_train,single,image-span
132861,single_train,single,non-extractive
132868,single_train,single,non-extractive
132859,single_train,single,question-span
132860,single_train,single,multi-span
132858,single_train,single,image-span
132863,single_train,single,question-span
132865,single_train,single,non-extractive
132864,single_train,single,multi-span
14208,single_train,single,image-span
14211,single_train,single,non-extractive
14210,single_train,single,multi-span
23969,single_train,single,non-extractive
23963,single_train,single,multi-span
23965,single_train,single,question-span
23962,single_train,single,image-span
23966,single_train,single,non-extractive
23964,single_train,single,non-extractive
35322,single_train,single,non-extractive
35321,single_train,single,multi-span
35313,single_train,single,question-span
35315,single_train,single,image-span
35312,single_train,single,image-span
35320,single_train,single,question-span
35314,single_train,single,multi-span
35317,single_train,single,multi-span
35316,single_train,single,question-span
35318,single_train,single,non-extractive
35319,single_train,single,image-span
124576,single_train,single,question-span
124581,single_train,single,image-span
124582,single_train,single,non-extractive
124575,single_train,single,multi-span
124579,single_train,single,image-span
124574,single_train,single,multi-span
124578,single_train,single,question-span
124577,single_train,single,question-span
120098,single_train,single,image-span
120097,single_train,single,image-span
120099,single_train,single,image-span
120093,single_train,single,question-span
120091,single_train,single,multi-span
120095,single_train,single,question-span
120100,single_train,single,non-extractive
120094,single_train,single,question-span
120096,single_train,single,question-span
120090,single_train,single,multi-span
120092,single_train,single,multi-span
89349,single_train,single,image-span
89348,single_train,single,image-span
89346,single_train,single,question-span
89350,single_train,single,non-extractive
89342,single_train,single,multi-span
89344,single_train,single,question-span
68881,single_train,single,question-span
68883,single_train,single,non-extractive
68882,single_train,single,multi-span
68880,single_train,single,image-span
57971,single_train,single,multi-span
57975,single_train,single,question-span
57974,single_train,single,question-span
57973,single_train,single,multi-span
57972,single_train,single,multi-span
57976,single_train,single,image-span
57977,single_train,single,non-extractive
57979,single_train,single,non-extractive
102441,single_train,single,multi-span
102442,single_train,single,non-extractive
102445,single_train,single,multi-span
102444,single_train,single,question-span
102446,single_train,single,non-extractive
102439,single_train,single,image-span
71839,single_train,single,non-extractive
71841,single_train,single,question-span
71838,single_train,single,multi-span
71842,single_train,single,non-extractive
71836,single_train,single,image-span
161608,single_train,single,image-span
161606,single_train,single,multi-span
161602,single_train,single,multi-span
161611,single_train,single,non-extractive
161607,single_train,single,non-extractive
161600,single_train,single,image-span
161603,single_train,single,non-extractive
161605,single_train,single,question-span
161604,single_train,single,image-span
56565,single_train,single,question-span
56564,single_train,single,question-span
56562,single_train,single,multi-span
56563,single_train,single,question-span
56561,single_train,single,multi-span
56566,single_train,single,image-span
54516,single_train,single,question-span
54514,single_train,single,multi-span
54515,single_train,single,question-span
54517,single_train,single,question-span
54518,single_train,single,image-span
54513,single_train,single,multi-span
68066,single_train,single,question-span
68061,single_train,single,image-span
68064,single_train,single,non-extractive
68063,single_train,single,multi-span
68062,single_train,single,question-span
68067,single_train,single,multi-span
68065,single_train,single,image-span
157978,single_train,single,image-span
157982,single_train,single,multi-span
157981,single_train,single,non-extractive
157980,single_train,single,multi-span
157979,single_train,single,question-span
157983,single_train,single,non-extractive
17956,single_train,single,image-span
17958,single_train,single,multi-span
17957,single_train,single,question-span
17962,single_train,single,image-span
17961,single_train,single,multi-span
17960,single_train,single,question-span
17959,single_train,single,non-extractive
139491,single_train,single,image-span
139489,single_train,single,multi-span
139497,single_train,single,multi-span
139488,single_train,single,question-span
139493,single_train,single,multi-span
139487,single_train,single,image-span
139492,single_train,single,question-span
139498,single_train,single,non-extractive
139496,single_train,single,question-span
147061,single_train,single,question-span
147059,single_train,single,multi-span
147063,single_train,single,image-span
147057,single_train,single,image-span
147058,single_train,single,question-span
147060,single_train,single,image-span
147062,single_train,single,multi-span
126482,single_train,single,multi-span
126483,single_train,single,non-extractive
126481,single_train,single,question-span
126480,single_train,single,image-span
69154,single_train,single,image-span
69157,single_train,single,multi-span
69150,single_train,single,image-span
69151,single_train,single,question-span
69153,single_train,single,non-extractive
69152,single_train,single,multi-span
69155,single_train,single,question-span
95587,single_train,single,non-extractive
95579,single_train,single,multi-span
95580,single_train,single,multi-span
95578,single_train,single,multi-span
95581,single_train,single,question-span
121790,single_train,single,multi-span
121794,single_train,single,image-span
121795,single_train,single,image-span
121791,single_train,single,multi-span
121796,single_train,single,image-span
121792,single_train,single,question-span
79010,single_train,single,image-span
79013,single_train,single,non-extractive
79006,single_train,single,image-span
79008,single_train,single,multi-span
79007,single_train,single,question-span
79009,single_train,single,non-extractive
155583,single_train,single,question-span
155582,single_train,single,non-extractive
155589,single_train,single,non-extractive
155585,single_train,single,non-extractive
155581,single_train,single,multi-span
155580,single_train,single,question-span
155579,single_train,single,image-span
155584,single_train,single,multi-span
143189,single_train,single,question-span
143190,single_train,single,multi-span
143183,single_train,single,multi-span
143188,single_train,single,image-span
143187,single_train,single,multi-span
143182,single_train,single,question-span
143181,single_train,single,image-span
143191,single_train,single,non-extractive
98050,single_train,single,image-span
98053,single_train,single,non-extractive
98052,single_train,single,multi-span
98058,single_train,single,multi-span
98051,single_train,single,question-span
135023,single_train,single,image-span
135026,single_train,single,non-extractive
135017,single_train,single,multi-span
135024,single_train,single,question-span
135016,single_train,single,question-span
135020,single_train,single,question-span
135021,single_train,single,multi-span
135015,single_train,single,image-span
135019,single_train,single,image-span
135022,single_train,single,non-extractive
135018,single_train,single,non-extractive
159169,single_train,single,question-span
159176,single_train,single,image-span
159171,single_train,single,non-extractive
159170,single_train,single,multi-span
159178,single_train,single,multi-span
159179,single_train,single,non-extractive
159177,single_train,single,question-span
159168,single_train,single,image-span
159175,single_train,single,non-extractive
63185,single_train,single,multi-span
63183,single_train,single,image-span
63184,single_train,single,question-span
63187,single_train,single,image-span
63190,single_train,single,non-extractive
63180,single_train,single,question-span
63181,single_train,single,multi-span
63182,single_train,single,non-extractive
63186,single_train,single,non-extractive
73589,single_train,single,multi-span
73587,single_train,single,image-span
73596,single_train,single,multi-span
73594,single_train,single,non-extractive
73591,single_train,single,image-span
73590,single_train,single,non-extractive
73595,single_train,single,image-span
73593,single_train,single,multi-span
40579,single_train,single,non-extractive
40580,single_train,single,image-span
40581,single_train,single,question-span
40585,single_train,single,question-span
40577,single_train,single,question-span
40578,single_train,single,multi-span
40576,single_train,single,image-span
40583,single_train,single,non-extractive
40582,single_train,single,multi-span
40584,single_train,single,image-span
129995,single_train,single,question-span
129996,single_train,single,multi-span
130002,single_train,single,question-span
130003,single_train,single,non-extractive
129994,single_train,single,image-span
129997,single_train,single,non-extractive
130000,single_train,single,multi-span
130001,single_train,single,image-span
59293,single_train,single,question-span
59290,single_train,single,multi-span
59292,single_train,single,question-span
59291,single_train,single,question-span
59289,single_train,single,multi-span
59294,single_train,single,image-span
99585,single_train,single,image-span
99583,single_train,single,multi-span
99581,single_train,single,image-span
99584,single_train,single,non-extractive
49614,single_train,single,question-span
49617,single_train,single,image-span
49616,single_train,single,image-span
49618,single_train,single,image-span
49621,single_train,single,non-extractive
49615,single_train,single,question-span
49613,single_train,single,multi-span
49612,single_train,single,multi-span
142020,single_train,single,question-span
142018,single_train,single,non-extractive
142023,single_train,single,question-span
142025,single_train,single,image-span
142019,single_train,single,image-span
142021,single_train,single,non-extractive
142026,single_train,single,question-span
142024,single_train,single,multi-span
142022,single_train,single,image-span
142016,single_train,single,question-span
142017,single_train,single,multi-span
142015,single_train,single,image-span
10454,single_train,single,multi-span
10452,single_train,single,image-span
10449,single_train,single,question-span
10455,single_train,single,non-extractive
10448,single_train,single,image-span
10453,single_train,single,question-span
10457,single_train,single,question-span
10450,single_train,single,multi-span
57528,single_train,single,question-span
57531,single_train,single,image-span
57529,single_train,single,question-span
57526,single_train,single,multi-span
57532,single_train,single,non-extractive
57530,single_train,single,image-span
57527,single_train,single,multi-span
57533,single_train,single,non-extractive
121857,single_train,single,multi-span
121863,single_train,single,image-span
121858,single_train,single,question-span
121862,single_train,single,image-span
121861,single_train,single,image-span
121856,single_train,single,multi-span
123342,single_train,single,image-span
123338,single_train,single,question-span
123339,single_train,single,question-span
123336,single_train,single,multi-span
123341,single_train,single,image-span
123337,single_train,single,multi-span
119353,single_train,single,question-span
119352,single_train,single,question-span
119356,single_train,single,image-span
119351,single_train,single,question-span
119348,single_train,single,multi-span
119359,single_train,single,non-extractive
119358,single_train,single,non-extractive
119350,single_train,single,multi-span
119355,single_train,single,image-span
119354,single_train,single,image-span
119349,single_train,single,multi-span
152201,single_train,single,multi-span
152202,single_train,single,image-span
152203,single_train,single,multi-span
152199,single_train,single,image-span
152207,single_train,single,non-extractive
152200,single_train,single,question-span
48513,single_train,single,question-span
48511,single_train,single,multi-span
48515,single_train,single,image-span
48512,single_train,single,multi-span
48516,single_train,single,image-span
48514,single_train,single,image-span
48517,single_train,single,non-extractive
147270,single_train,single,non-extractive
147269,single_train,single,multi-span
147265,single_train,single,image-span
147264,single_train,single,non-extractive
147267,single_train,single,multi-span
147266,single_train,single,question-span
147262,single_train,single,image-span
147263,single_train,single,multi-span
94752,single_train,single,non-extractive
94749,single_train,single,question-span
94751,single_train,single,image-span
94750,single_train,single,image-span
94748,single_train,single,question-span
94745,single_train,single,multi-span
94747,single_train,single,question-span
94744,single_train,single,multi-span
13956,single_train,single,multi-span
13953,single_train,single,multi-span
13952,single_train,single,image-span
13955,single_train,single,image-span
13954,single_train,single,non-extractive
57422,single_train,single,non-extractive
57415,single_train,single,multi-span
57417,single_train,single,question-span
57420,single_train,single,image-span
57421,single_train,single,image-span
57418,single_train,single,question-span
57419,single_train,single,question-span
57416,single_train,single,multi-span
9397,single_train,single,multi-span
9401,single_train,single,multi-span
9406,single_train,single,non-extractive
9395,single_train,single,image-span
9399,single_train,single,image-span
9400,single_train,single,question-span
9402,single_train,single,non-extractive
9404,single_train,single,question-span
9398,single_train,single,non-extractive
46862,single_train,single,question-span
46863,single_train,single,image-span
46861,single_train,single,question-span
46864,single_train,single,image-span
46860,single_train,single,multi-span
55205,single_train,single,question-span
55206,single_train,single,image-span
55209,single_train,single,non-extractive
55207,single_train,single,image-span
55204,single_train,single,question-span
55210,single_train,single,non-extractive
55203,single_train,single,multi-span
55202,single_train,single,multi-span
37363,single_train,single,non-extractive
37359,single_train,single,non-extractive
37360,single_train,single,image-span
37362,single_train,single,multi-span
37361,single_train,single,question-span
37356,single_train,single,image-span
37358,single_train,single,multi-span
163392,single_train,single,non-extractive
163396,single_train,single,non-extractive
163390,single_train,single,question-span
163394,single_train,single,question-span
163389,single_train,single,image-span
163395,single_train,single,multi-span
163397,single_train,single,image-span
163393,single_train,single,image-span
163391,single_train,single,multi-span
105337,single_train,single,multi-span
105338,single_train,single,non-extractive
105342,single_train,single,non-extractive
105339,single_train,single,image-span
105336,single_train,single,question-span
105335,single_train,single,image-span
52833,single_train,single,multi-span
52836,single_train,single,image-span
52834,single_train,single,question-span
52832,single_train,single,multi-span
52840,single_train,single,non-extractive
52837,single_train,single,image-span
14760,single_train,single,question-span
14761,single_train,single,non-extractive
14758,single_train,single,image-span
14756,single_train,single,multi-span
14759,single_train,single,non-extractive
14757,single_train,single,non-extractive
14764,single_train,single,non-extractive
14754,single_train,single,image-span
75370,single_train,single,non-extractive
75366,single_train,single,non-extractive
75365,single_train,single,multi-span
75360,single_train,single,question-span
75363,single_train,single,image-span
75364,single_train,single,question-span
75361,single_train,single,multi-span
75359,single_train,single,image-span
75362,single_train,single,non-extractive
137629,single_train,single,image-span
137625,single_train,single,image-span
137627,single_train,single,multi-span
137628,single_train,single,non-extractive
137631,single_train,single,multi-span
137632,single_train,single,non-extractive
137630,single_train,single,question-span
121823,single_train,single,non-extractive
121822,single_train,single,image-span
121818,single_train,single,multi-span
121817,single_train,single,multi-span
121820,single_train,single,question-span
121819,single_train,single,question-span
121821,single_train,single,image-span
38843,single_train,single,image-span
38840,single_train,single,question-span
38846,single_train,single,non-extractive
38852,single_train,single,non-extractive
38845,single_train,single,multi-span
38842,single_train,single,non-extractive
38849,single_train,single,image-span
38851,single_train,single,multi-span
38847,single_train,single,image-span
38841,single_train,single,multi-span
38839,single_train,single,image-span
38850,single_train,single,question-span
140275,single_train,single,non-extractive
140269,single_train,single,image-span
140272,single_train,single,image-span
140270,single_train,single,multi-span
140274,single_train,single,multi-span
140279,single_train,single,non-extractive
140278,single_train,single,multi-span
140271,single_train,single,non-extractive
53101,single_train,single,non-extractive
53099,single_train,single,question-span
53097,single_train,single,question-span
53098,single_train,single,question-span
53095,single_train,single,multi-span
53094,single_train,single,multi-span
53100,single_train,single,image-span
120985,single_train,single,multi-span
120987,single_train,single,multi-span
120991,single_train,single,image-span
120986,single_train,single,multi-span
120988,single_train,single,question-span
120989,single_train,single,question-span
120993,single_train,single,image-span
120990,single_train,single,question-span
120992,single_train,single,image-span
61565,single_train,single,non-extractive
61562,single_train,single,question-span
61559,single_train,single,multi-span
61566,single_train,single,non-extractive
61558,single_train,single,multi-span
61564,single_train,single,non-extractive
61563,single_train,single,image-span
61561,single_train,single,question-span
61560,single_train,single,question-span
107596,single_train,single,non-extractive
107597,single_train,single,image-span
107594,single_train,single,image-span
107592,single_train,single,multi-span
107590,single_train,single,image-span
107595,single_train,single,question-span
107591,single_train,single,question-span
52481,single_train,single,question-span
52484,single_train,single,image-span
52480,single_train,single,question-span
52483,single_train,single,image-span
52478,single_train,single,multi-span
52479,single_train,single,multi-span
52482,single_train,single,question-span
81204,single_train,single,image-span
81208,single_train,single,image-span
81209,single_train,single,multi-span
81207,single_train,single,non-extractive
81206,single_train,single,multi-span
81205,single_train,single,question-span
83148,single_train,single,question-span
83154,single_train,single,image-span
83149,single_train,single,multi-span
83153,single_train,single,non-extractive
83147,single_train,single,image-span
83152,single_train,single,multi-span
83150,single_train,single,non-extractive
83151,single_train,single,image-span
52499,single_train,single,non-extractive
52495,single_train,single,question-span
52498,single_train,single,image-span
52496,single_train,single,question-span
52501,single_train,single,non-extractive
52493,single_train,single,multi-span
52492,single_train,single,multi-span
52497,single_train,single,question-span
52494,single_train,single,multi-span
48590,single_train,single,question-span
48587,single_train,single,multi-span
48592,single_train,single,image-span
48593,single_train,single,non-extractive
48588,single_train,single,multi-span
48589,single_train,single,question-span
48591,single_train,single,question-span
32162,single_train,single,image-span
32165,single_train,single,non-extractive
32163,single_train,single,question-span
32172,single_train,single,multi-span
32170,single_train,single,image-span
32169,single_train,single,non-extractive
32167,single_train,single,question-span
32166,single_train,single,image-span
32168,single_train,single,multi-span
32171,single_train,single,question-span
39,single_train,single,image-span
38,single_train,single,multi-span
34,single_train,single,multi-span
32,single_train,single,image-span
40,single_train,single,question-span
41,single_train,single,multi-span
35,single_train,single,non-extractive
36,single_train,single,image-span
37,single_train,single,question-span
165304,single_train,single,image-span
165313,single_train,single,non-extractive
165314,single_train,single,image-span
165309,single_train,single,non-extractive
165307,single_train,single,non-extractive
165311,single_train,single,question-span
165310,single_train,single,image-span
165312,single_train,single,multi-span
165308,single_train,single,question-span
165306,single_train,single,multi-span
24822,single_train,single,non-extractive
24818,single_train,single,non-extractive
24814,single_train,single,non-extractive
24817,single_train,single,multi-span
24812,single_train,single,question-span
24808,single_train,single,question-span
24811,single_train,single,image-span
24820,single_train,single,question-span
24809,single_train,single,multi-span
24810,single_train,single,non-extractive
24816,single_train,single,question-span
24813,single_train,single,multi-span
24807,single_train,single,image-span
24821,single_train,single,multi-span
24819,single_train,single,image-span
24815,single_train,single,image-span
63812,single_train,single,multi-span
63809,single_train,single,non-extractive
63813,single_train,single,non-extractive
63808,single_train,single,multi-span
63811,single_train,single,question-span
63806,single_train,single,image-span
63807,single_train,single,question-span
63810,single_train,single,image-span
84578,single_train,single,multi-span
84581,single_train,single,question-span
84583,single_train,single,image-span
84585,single_train,single,non-extractive
84584,single_train,single,image-span
84582,single_train,single,image-span
84580,single_train,single,question-span
84577,single_train,single,multi-span
84579,single_train,single,question-span
44147,single_train,single,image-span
44153,single_train,single,non-extractive
44151,single_train,single,image-span
44155,single_train,single,multi-span
44149,single_train,single,multi-span
44152,single_train,single,multi-span
44148,single_train,single,question-span
44150,single_train,single,non-extractive
12044,single_train,single,multi-span
12041,single_train,single,non-extractive
12043,single_train,single,question-span
12046,single_train,single,image-span
12042,single_train,single,image-span
12045,single_train,single,non-extractive
12039,single_train,single,question-span
12040,single_train,single,multi-span
12038,single_train,single,image-span
12048,single_train,single,multi-span
140975,single_train,single,multi-span
140971,single_train,single,multi-span
140972,single_train,single,non-extractive
140974,single_train,single,question-span
140970,single_train,single,question-span
140976,single_train,single,non-extractive
140973,single_train,single,image-span
140968,single_train,single,non-extractive
64811,single_train,single,image-span
64814,single_train,single,non-extractive
64815,single_train,single,image-span
64817,single_train,single,multi-span
64818,single_train,single,image-span
64812,single_train,single,question-span
64819,single_train,single,question-span
64816,single_train,single,question-span
64821,single_train,single,non-extractive
56544,single_train,single,non-extractive
56543,single_train,single,image-span
56538,single_train,single,multi-span
56542,single_train,single,image-span
56540,single_train,single,question-span
56539,single_train,single,multi-span
56546,single_train,single,non-extractive
56537,single_train,single,multi-span
72590,single_train,single,multi-span
72589,single_train,single,question-span
72591,single_train,single,non-extractive
72588,single_train,single,image-span
70440,single_train,single,multi-span
70437,single_train,single,question-span
70436,single_train,single,image-span
70439,single_train,single,non-extractive
70441,single_train,single,image-span
70438,single_train,single,multi-span
129412,single_train,single,multi-span
129418,single_train,single,multi-span
129419,single_train,single,non-extractive
129416,single_train,single,image-span
129411,single_train,single,question-span
129417,single_train,single,question-span
129413,single_train,single,image-span
129414,single_train,single,question-span
129415,single_train,single,multi-span
123446,single_train,single,image-span
123447,single_train,single,image-span
123448,single_train,single,image-span
123443,single_train,single,question-span
123444,single_train,single,question-span
123445,single_train,single,question-span
123442,single_train,single,multi-span
108844,single_train,single,non-extractive
108843,single_train,single,multi-span
108839,single_train,single,question-span
108840,single_train,single,multi-span
108838,single_train,single,image-span
108842,single_train,single,question-span
108841,single_train,single,non-extractive
108847,single_train,single,non-extractive
26087,single_train,single,image-span
26082,single_train,single,image-span
26083,single_train,single,question-span
26090,single_train,single,image-span
26084,single_train,single,multi-span
26086,single_train,single,image-span
26089,single_train,single,non-extractive
26088,single_train,single,multi-span
26085,single_train,single,non-extractive
68227,single_train,single,non-extractive
68221,single_train,single,question-span
68216,single_train,single,image-span
68217,single_train,single,question-span
68219,single_train,single,non-extractive
68222,single_train,single,multi-span
68223,single_train,single,non-extractive
68218,single_train,single,multi-span
68220,single_train,single,image-span
148013,single_train,single,question-span
148022,single_train,single,non-extractive
148015,single_train,single,non-extractive
148018,single_train,single,multi-span
148012,single_train,single,image-span
148016,single_train,single,image-span
148017,single_train,single,question-span
148019,single_train,single,image-span
148014,single_train,single,multi-span
124049,single_train,single,question-span
124050,single_train,single,image-span
124048,single_train,single,question-span
124051,single_train,single,image-span
124052,single_train,single,image-span
124047,single_train,single,multi-span
130917,single_train,single,multi-span
130918,single_train,single,non-extractive
130920,single_train,single,question-span
130915,single_train,single,image-span
51018,single_train,single,multi-span
51021,single_train,single,question-span
51020,single_train,single,question-span
51019,single_train,single,multi-span
51022,single_train,single,image-span
51024,single_train,single,non-extractive
71261,single_train,single,image-span
71270,single_train,single,question-span
71263,single_train,single,multi-span
71267,single_train,single,multi-span
71271,single_train,single,multi-span
71262,single_train,single,question-span
71274,single_train,single,multi-span
71266,single_train,single,question-span
71268,single_train,single,non-extractive
71272,single_train,single,image-span
135041,single_train,single,multi-span
135043,single_train,single,image-span
135047,single_train,single,question-span
135040,single_train,single,question-span
135046,single_train,single,image-span
135039,single_train,single,image-span
135044,single_train,single,multi-span
135049,single_train,single,non-extractive
135045,single_train,single,non-extractive
74129,single_train,single,question-span
74133,single_train,single,non-extractive
74135,single_train,single,question-span
74137,single_train,single,non-extractive
74132,single_train,single,image-span
74130,single_train,single,multi-span
74131,single_train,single,non-extractive
74136,single_train,single,multi-span
74128,single_train,single,image-span
20850,single_train,single,multi-span
20846,single_train,single,multi-span
20847,single_train,single,non-extractive
20851,single_train,single,non-extractive
20854,single_train,single,non-extractive
20848,single_train,single,image-span
20849,single_train,single,question-span
20845,single_train,single,question-span
20844,single_train,single,image-span
3057,single_train,single,image-span
3051,single_train,single,image-span
3056,single_train,single,multi-span
3055,single_train,single,question-span
3060,single_train,single,non-extractive
3054,single_train,single,image-span
7529,single_train,single,question-span
7527,single_train,single,non-extractive
7530,single_train,single,multi-span
7531,single_train,single,non-extractive
7533,single_train,single,question-span
7532,single_train,single,image-span
7534,single_train,single,multi-span
7528,single_train,single,image-span
61486,single_train,single,non-extractive
61485,single_train,single,non-extractive
61482,single_train,single,question-span
61483,single_train,single,question-span
23563,single_train,single,multi-span
23561,single_train,single,image-span
23564,single_train,single,non-extractive
23565,single_train,single,question-span
23562,single_train,single,question-span
23568,single_train,single,non-extractive
67149,single_train,single,non-extractive
67146,single_train,single,image-span
67152,single_train,single,non-extractive
67147,single_train,single,question-span
67148,single_train,single,multi-span
148371,single_train,single,question-span
148373,single_train,single,non-extractive
148372,single_train,single,multi-span
148374,single_train,single,image-span
148370,single_train,single,image-span
148379,single_train,single,non-extractive
90016,single_train,single,non-extractive
90012,single_train,single,question-span
90009,single_train,single,multi-span
90015,single_train,single,image-span
90008,single_train,single,multi-span
90011,single_train,single,question-span
90013,single_train,single,image-span
90014,single_train,single,image-span
90010,single_train,single,question-span
90007,single_train,single,multi-span
47035,single_train,single,question-span
47032,single_train,single,multi-span
47038,single_train,single,image-span
47037,single_train,single,question-span
47036,single_train,single,question-span
47034,single_train,single,multi-span
47033,single_train,single,multi-span
47039,single_train,single,image-span
47042,single_train,single,non-extractive
135614,single_train,single,image-span
135608,single_train,single,multi-span
135605,single_train,single,non-extractive
135609,single_train,single,non-extractive
135611,single_train,single,question-span
135604,single_train,single,multi-span
135610,single_train,single,image-span
135607,single_train,single,question-span
135606,single_train,single,image-span
97171,single_train,single,image-span
97176,single_train,single,non-extractive
97173,single_train,single,image-span
97172,single_train,single,image-span
97175,single_train,single,non-extractive
139804,single_train,single,image-span
139808,single_train,single,multi-span
139806,single_train,single,non-extractive
139800,single_train,single,non-extractive
139805,single_train,single,multi-span
139801,single_train,single,image-span
139807,single_train,single,image-span
65607,single_train,single,image-span
65609,single_train,single,multi-span
65604,single_train,single,question-span
65603,single_train,single,image-span
65608,single_train,single,question-span
65606,single_train,single,non-extractive
65605,single_train,single,multi-span
51194,single_train,single,image-span
51193,single_train,single,image-span
51192,single_train,single,question-span
51189,single_train,single,multi-span
51191,single_train,single,question-span
51188,single_train,single,multi-span
51197,single_train,single,non-extractive
147092,single_train,single,multi-span
147100,single_train,single,non-extractive
147099,single_train,single,multi-span
147090,single_train,single,image-span
147098,single_train,single,question-span
147096,single_train,single,non-extractive
147097,single_train,single,image-span
147091,single_train,single,question-span
147094,single_train,single,question-span
147095,single_train,single,multi-span
147093,single_train,single,non-extractive
103896,single_train,single,image-span
103900,single_train,single,image-span
103898,single_train,single,multi-span
103897,single_train,single,question-span
103902,single_train,single,multi-span
103899,single_train,single,non-extractive
103901,single_train,single,question-span
108460,single_train,single,non-extractive
108467,single_train,single,multi-span
108462,single_train,single,question-span
108464,single_train,single,non-extractive
108457,single_train,single,image-span
108468,single_train,single,non-extractive
108461,single_train,single,image-span
108459,single_train,single,multi-span
108463,single_train,single,multi-span
126179,single_train,single,multi-span
126182,single_train,single,question-span
126177,single_train,single,image-span
126178,single_train,single,question-span
126180,single_train,single,non-extractive
126183,single_train,single,multi-span
126181,single_train,single,image-span
50487,single_train,single,question-span
50486,single_train,single,multi-span
50490,single_train,single,image-span
50489,single_train,single,question-span
50488,single_train,single,question-span
50491,single_train,single,image-span
50485,single_train,single,multi-span
50484,single_train,single,multi-span
123768,single_train,single,image-span
123765,single_train,single,question-span
123766,single_train,single,image-span
123764,single_train,single,question-span
123767,single_train,single,image-span
123761,single_train,single,multi-span
92469,single_train,single,question-span
92466,single_train,single,multi-span
92468,single_train,single,question-span
92465,single_train,single,multi-span
92467,single_train,single,multi-span
92472,single_train,single,image-span
92471,single_train,single,image-span
91101,single_train,single,multi-span
91102,single_train,single,multi-span
91103,single_train,single,multi-span
91104,single_train,single,question-span
91105,single_train,single,question-span
91107,single_train,single,image-span
91108,single_train,single,image-span
91106,single_train,single,image-span
150130,single_train,single,multi-span
150128,single_train,single,non-extractive
150129,single_train,single,image-span
150131,single_train,single,image-span
150132,single_train,single,question-span
152179,single_train,single,image-span
152180,single_train,single,question-span
152185,single_train,single,non-extractive
152176,single_train,single,question-span
152181,single_train,single,non-extractive
152178,single_train,single,non-extractive
152182,single_train,single,image-span
152177,single_train,single,multi-span
110634,single_train,single,non-extractive
110629,single_train,single,multi-span
110630,single_train,single,non-extractive
110628,single_train,single,question-span
119828,single_train,single,multi-span
119831,single_train,single,question-span
119836,single_train,single,non-extractive
119834,single_train,single,image-span
119826,single_train,single,multi-span
119832,single_train,single,image-span
119829,single_train,single,question-span
119833,single_train,single,image-span
119827,single_train,single,multi-span
119830,single_train,single,question-span
124353,single_train,single,multi-span
124358,single_train,single,question-span
124361,single_train,single,non-extractive
124354,single_train,single,multi-span
124357,single_train,single,question-span
124359,single_train,single,image-span
124356,single_train,single,question-span
90875,single_train,single,image-span
90874,single_train,single,image-span
90873,single_train,single,image-span
90872,single_train,single,question-span
90877,single_train,single,non-extractive
90869,single_train,single,multi-span
90870,single_train,single,multi-span
90871,single_train,single,multi-span
90876,single_train,single,non-extractive
81625,single_train,single,multi-span
81623,single_train,single,image-span
81626,single_train,single,non-extractive
81624,single_train,single,question-span
78766,single_train,single,multi-span
78764,single_train,single,image-span
78767,single_train,single,non-extractive
78765,single_train,single,question-span
78769,single_train,single,non-extractive
78768,single_train,single,image-span
116356,single_train,single,non-extractive
116358,single_train,single,non-extractive
116359,single_train,single,multi-span
116354,single_train,single,image-span
116361,single_train,single,image-span
116355,single_train,single,multi-span
116360,single_train,single,non-extractive
116357,single_train,single,multi-span
90211,single_train,single,question-span
90216,single_train,single,image-span
90213,single_train,single,question-span
90217,single_train,single,non-extractive
90218,single_train,single,non-extractive
90210,single_train,single,multi-span
90214,single_train,single,image-span
90215,single_train,single,image-span
90209,single_train,single,multi-span
68407,single_train,single,image-span
68417,single_train,single,question-span
68414,single_train,single,multi-span
68408,single_train,single,question-span
68412,single_train,single,multi-span
68413,single_train,single,question-span
68411,single_train,single,question-span
75913,single_train,single,image-span
75915,single_train,single,multi-span
75918,single_train,single,question-span
75920,single_train,single,non-extractive
75914,single_train,single,question-span
75909,single_train,single,image-span
75919,single_train,single,multi-span
75911,single_train,single,multi-span
75916,single_train,single,non-extractive
75912,single_train,single,non-extractive
75910,single_train,single,question-span
11726,single_train,single,image-span
11731,single_train,single,multi-span
11729,single_train,single,non-extractive
11730,single_train,single,question-span
11727,single_train,single,question-span
11732,single_train,single,non-extractive
11728,single_train,single,multi-span
26426,single_train,single,multi-span
26428,single_train,single,image-span
26424,single_train,single,image-span
26427,single_train,single,non-extractive
26425,single_train,single,question-span
72186,single_train,single,question-span
72187,single_train,single,multi-span
72185,single_train,single,image-span
72188,single_train,single,non-extractive
109474,single_train,single,question-span
109475,single_train,single,multi-span
109473,single_train,single,image-span
109476,single_train,single,non-extractive
109477,single_train,single,question-span
109478,single_train,single,multi-span
96247,single_train,single,multi-span
96255,single_train,single,non-extractive
96251,single_train,single,question-span
96249,single_train,single,question-span
96253,single_train,single,image-span
96250,single_train,single,question-span
96246,single_train,single,multi-span
96252,single_train,single,image-span
96254,single_train,single,image-span
61388,single_train,single,non-extractive
61386,single_train,single,image-span
61384,single_train,single,question-span
61382,single_train,single,multi-span
61387,single_train,single,image-span
61383,single_train,single,multi-span
61385,single_train,single,question-span
61389,single_train,single,non-extractive
96830,single_train,single,question-span
96835,single_train,single,image-span
96827,single_train,single,multi-span
96836,single_train,single,non-extractive
96826,single_train,single,multi-span
96829,single_train,single,question-span
106145,single_train,single,non-extractive
106144,single_train,single,multi-span
106143,single_train,single,question-span
106142,single_train,single,image-span
53748,single_train,single,question-span
53752,single_train,single,non-extractive
53751,single_train,single,non-extractive
53746,single_train,single,multi-span
53749,single_train,single,question-span
53745,single_train,single,multi-span
53750,single_train,single,image-span
53747,single_train,single,question-span
159058,single_train,single,image-span
159055,single_train,single,question-span
159059,single_train,single,non-extractive
159054,single_train,single,image-span
159056,single_train,single,multi-span
159063,single_train,single,non-extractive
159057,single_train,single,non-extractive
89037,single_train,single,multi-span
89040,single_train,single,question-span
89041,single_train,single,question-span
89036,single_train,single,multi-span
89042,single_train,single,image-span
89038,single_train,single,multi-span
89043,single_train,single,image-span
89044,single_train,single,non-extractive
89039,single_train,single,question-span
106349,single_train,single,image-span
106353,single_train,single,image-span
106351,single_train,single,multi-span
106350,single_train,single,question-span
106352,single_train,single,non-extractive
106354,single_train,single,question-span
124305,single_train,single,question-span
124307,single_train,single,image-span
124306,single_train,single,question-span
124310,single_train,single,image-span
124308,single_train,single,image-span
124304,single_train,single,question-span
124309,single_train,single,image-span
124303,single_train,single,multi-span
58461,single_train,single,multi-span
58465,single_train,single,non-extractive
58462,single_train,single,question-span
58464,single_train,single,image-span
58463,single_train,single,image-span
9703,single_train,single,non-extractive
9709,single_train,single,non-extractive
9708,single_train,single,multi-span
9707,single_train,single,question-span
9705,single_train,single,question-span
9706,single_train,single,multi-span
9702,single_train,single,multi-span
9704,single_train,single,image-span
100652,single_train,single,image-span
100645,single_train,single,question-span
100649,single_train,single,question-span
100650,single_train,single,multi-span
100653,single_train,single,question-span
100651,single_train,single,non-extractive
43831,single_train,single,non-extractive
43829,single_train,single,question-span
43832,single_train,single,question-span
43833,single_train,single,multi-span
43830,single_train,single,multi-span
152396,single_train,single,multi-span
152402,single_train,single,question-span
152398,single_train,single,image-span
152401,single_train,single,image-span
152403,single_train,single,multi-span
152394,single_train,single,image-span
152400,single_train,single,multi-span
152399,single_train,single,question-span
152395,single_train,single,question-span
152404,single_train,single,non-extractive
152397,single_train,single,non-extractive
52271,single_train,single,image-span
52270,single_train,single,image-span
52267,single_train,single,multi-span
52268,single_train,single,question-span
52272,single_train,single,non-extractive
52269,single_train,single,question-span
154587,single_train,single,multi-span
154592,single_train,single,non-extractive
154586,single_train,single,question-span
154589,single_train,single,image-span
154588,single_train,single,non-extractive
154585,single_train,single,image-span
50999,single_train,single,multi-span
51002,single_train,single,question-span
51004,single_train,single,image-span
50997,single_train,single,multi-span
51000,single_train,single,question-span
51003,single_train,single,image-span
50998,single_train,single,multi-span
51006,single_train,single,non-extractive
51001,single_train,single,question-span
10604,single_train,single,question-span
10603,single_train,single,image-span
10605,single_train,single,multi-span
10602,single_train,single,non-extractive
10601,single_train,single,multi-span
10599,single_train,single,image-span
10606,single_train,single,non-extractive
160472,single_train,single,image-span
160478,single_train,single,multi-span
160479,single_train,single,non-extractive
160476,single_train,single,image-span
160477,single_train,single,question-span
46363,single_train,single,image-span
46364,single_train,single,question-span
46371,single_train,single,question-span
46367,single_train,single,image-span
46373,single_train,single,non-extractive
46369,single_train,single,non-extractive
108577,single_train,single,non-extractive
108576,single_train,single,multi-span
108574,single_train,single,image-span
108580,single_train,single,non-extractive
14302,single_train,single,image-span
14304,single_train,single,multi-span
14307,single_train,single,question-span
14309,single_train,single,image-span
14308,single_train,single,non-extractive
14306,single_train,single,image-span
14303,single_train,single,question-span
73991,single_train,single,image-span
73987,single_train,single,image-span
73993,single_train,single,non-extractive
73989,single_train,single,multi-span
73990,single_train,single,non-extractive
117971,single_train,single,multi-span
117972,single_train,single,multi-span
117973,single_train,single,multi-span
117980,single_train,single,non-extractive
117975,single_train,single,question-span
117976,single_train,single,image-span
117977,single_train,single,image-span
25916,single_train,single,image-span
25918,single_train,single,multi-span
25919,single_train,single,non-extractive
25923,single_train,single,image-span
25917,single_train,single,question-span
25920,single_train,single,image-span
25922,single_train,single,non-extractive
25926,single_train,single,non-extractive
25925,single_train,single,multi-span
25921,single_train,single,multi-span
25924,single_train,single,question-span
156651,single_train,single,non-extractive
156650,single_train,single,multi-span
156657,single_train,single,multi-span
156656,single_train,single,question-span
156648,single_train,single,image-span
156655,single_train,single,image-span
156652,single_train,single,image-span
20135,single_train,single,non-extractive
20133,single_train,single,question-span
20130,single_train,single,multi-span
20134,single_train,single,multi-span
20129,single_train,single,question-span
20132,single_train,single,image-span
20128,single_train,single,image-span
111439,single_train,single,multi-span
111445,single_train,single,question-span
111440,single_train,single,non-extractive
111442,single_train,single,multi-span
111443,single_train,single,non-extractive
111437,single_train,single,image-span
111444,single_train,single,image-span
111441,single_train,single,question-span
47486,single_train,single,question-span
47484,single_train,single,multi-span
47487,single_train,single,image-span
47488,single_train,single,image-span
47485,single_train,single,multi-span
125667,single_train,single,image-span
125669,single_train,single,multi-span
125670,single_train,single,non-extractive
125671,single_train,single,image-span
125673,single_train,single,non-extractive
125668,single_train,single,question-span
125672,single_train,single,question-span
142442,single_train,single,multi-span
142440,single_train,single,image-span
142446,single_train,single,multi-span
142444,single_train,single,image-span
142448,single_train,single,image-span
142452,single_train,single,image-span
142443,single_train,single,non-extractive
142451,single_train,single,non-extractive
142447,single_train,single,non-extractive
142453,single_train,single,question-span
142454,single_train,single,multi-span
142441,single_train,single,question-span
142445,single_train,single,question-span
142450,single_train,single,multi-span
142449,single_train,single,question-span
17006,single_train,single,question-span
17009,single_train,single,question-span
17010,single_train,single,multi-span
17005,single_train,single,image-span
17011,single_train,single,non-extractive
17007,single_train,single,multi-span
17008,single_train,single,non-extractive
123878,single_train,single,image-span
123876,single_train,single,question-span
123880,single_train,single,non-extractive
123877,single_train,single,question-span
123873,single_train,single,multi-span
123881,single_train,single,non-extractive
123875,single_train,single,question-span
123874,single_train,single,multi-span
114046,single_train,single,non-extractive
114041,single_train,single,multi-span
114042,single_train,single,non-extractive
114040,single_train,single,question-span
114043,single_train,single,image-span
114039,single_train,single,image-span
53896,single_train,single,image-span
53894,single_train,single,question-span
53891,single_train,single,multi-span
53890,single_train,single,multi-span
53892,single_train,single,question-span
53898,single_train,single,non-extractive
53895,single_train,single,image-span
53897,single_train,single,non-extractive
53893,single_train,single,question-span
163244,single_train,single,non-extractive
163241,single_train,single,image-span
10840,single_train,single,question-span
10842,single_train,single,non-extractive
10844,single_train,single,multi-span
10843,single_train,single,question-span
10841,single_train,single,multi-span
10845,single_train,single,non-extractive
161446,single_train,single,image-span
161449,single_train,single,image-span
161447,single_train,single,multi-span
161448,single_train,single,non-extractive
161451,single_train,single,multi-span
161450,single_train,single,question-span
161452,single_train,single,non-extractive
109166,single_train,single,non-extractive
109163,single_train,single,non-extractive
109168,single_train,single,non-extractive
109164,single_train,single,image-span
109162,single_train,single,multi-span
109165,single_train,single,multi-span
82922,single_train,single,question-span
82924,single_train,single,non-extractive
82925,single_train,single,image-span
82926,single_train,single,question-span
82921,single_train,single,image-span
82923,single_train,single,multi-span
82928,single_train,single,non-extractive
78724,single_train,single,multi-span
78725,single_train,single,non-extractive
78729,single_train,single,non-extractive
78723,single_train,single,question-span
21367,single_train,single,image-span
21372,single_train,single,image-span
21369,single_train,single,non-extractive
21371,single_train,single,multi-span
21366,single_train,single,non-extractive
21365,single_train,single,multi-span
21370,single_train,single,question-span
21368,single_train,single,multi-span
21364,single_train,single,image-span
104163,single_train,single,question-span
104167,single_train,single,question-span
104168,single_train,single,multi-span
104169,single_train,single,non-extractive
59814,single_train,single,question-span
59819,single_train,single,non-extractive
59815,single_train,single,image-span
59813,single_train,single,question-span
59820,single_train,single,non-extractive
59818,single_train,single,non-extractive
59810,single_train,single,multi-span
59812,single_train,single,question-span
59816,single_train,single,image-span
59811,single_train,single,multi-span
93373,single_train,single,multi-span
93375,single_train,single,question-span
93376,single_train,single,question-span
93379,single_train,single,non-extractive
93378,single_train,single,image-span
93380,single_train,single,non-extractive
93377,single_train,single,image-span
93381,single_train,single,non-extractive
93374,single_train,single,multi-span
124759,single_train,single,image-span
124757,single_train,single,question-span
124756,single_train,single,question-span
124762,single_train,single,non-extractive
124753,single_train,single,multi-span
124761,single_train,single,non-extractive
124755,single_train,single,question-span
124760,single_train,single,image-span
124752,single_train,single,multi-span
124754,single_train,single,multi-span
53714,single_train,single,non-extractive
53713,single_train,single,image-span
53710,single_train,single,multi-span
53716,single_train,single,non-extractive
53711,single_train,single,question-span
53712,single_train,single,image-span
139704,single_train,single,non-extractive
139693,single_train,single,image-span
139698,single_train,single,question-span
139696,single_train,single,non-extractive
139695,single_train,single,multi-span
139702,single_train,single,question-span
139700,single_train,single,non-extractive
139703,single_train,single,multi-span
139697,single_train,single,image-span
139699,single_train,single,multi-span
45653,single_train,single,question-span
45659,single_train,single,question-span
45655,single_train,single,non-extractive
45656,single_train,single,image-span
45652,single_train,single,image-span
45657,single_train,single,question-span
45658,single_train,single,non-extractive
45661,single_train,single,non-extractive
45654,single_train,single,multi-span
162869,single_train,single,image-span
162871,single_train,single,multi-span
162876,single_train,single,non-extractive
162870,single_train,single,question-span
58910,single_train,single,multi-span
58914,single_train,single,image-span
58911,single_train,single,multi-span
58912,single_train,single,question-span
58913,single_train,single,question-span
60072,single_train,single,question-span
60070,single_train,single,multi-span
60071,single_train,single,question-span
60078,single_train,single,non-extractive
60075,single_train,single,image-span
60074,single_train,single,image-span
60073,single_train,single,question-span
60069,single_train,single,multi-span
59584,single_train,single,question-span
59583,single_train,single,question-span
59587,single_train,single,image-span
59586,single_train,single,image-span
59582,single_train,single,multi-span
59585,single_train,single,image-span
124286,single_train,single,image-span
124284,single_train,single,question-span
124287,single_train,single,image-span
124285,single_train,single,question-span
124278,single_train,single,multi-span
124289,single_train,single,image-span
124283,single_train,single,question-span
124290,single_train,single,non-extractive
124282,single_train,single,question-span
124280,single_train,single,multi-span
124279,single_train,single,multi-span
124288,single_train,single,image-span
53787,single_train,single,non-extractive
53786,single_train,single,non-extractive
53785,single_train,single,image-span
53783,single_train,single,question-span
53788,single_train,single,non-extractive
53780,single_train,single,multi-span
53781,single_train,single,question-span
53779,single_train,single,multi-span
53784,single_train,single,image-span
53782,single_train,single,question-span
111433,single_train,single,non-extractive
111434,single_train,single,question-span
111432,single_train,single,multi-span
111436,single_train,single,non-extractive
111431,single_train,single,image-span
111435,single_train,single,multi-span
146449,single_train,single,multi-span
146453,single_train,single,non-extractive
146459,single_train,single,non-extractive
146458,single_train,single,question-span
146454,single_train,single,image-span
146450,single_train,single,non-extractive
146451,single_train,single,image-span
146456,single_train,single,multi-span
146447,single_train,single,image-span
146452,single_train,single,question-span
146448,single_train,single,question-span
166394,single_train,single,multi-span
166399,single_train,single,question-span
166393,single_train,single,image-span
166401,single_train,single,non-extractive
166395,single_train,single,non-extractive
166396,single_train,single,image-span
126291,single_train,single,question-span
126290,single_train,single,image-span
126298,single_train,single,image-span
126299,single_train,single,question-span
126300,single_train,single,multi-span
126302,single_train,single,question-span
126292,single_train,single,multi-span
126293,single_train,single,non-extractive
55666,single_train,single,question-span
55668,single_train,single,image-span
55671,single_train,single,non-extractive
55667,single_train,single,image-span
55665,single_train,single,multi-span
55664,single_train,single,multi-span
72370,single_train,single,question-span
72369,single_train,single,image-span
72371,single_train,single,multi-span
72374,single_train,single,multi-span
72372,single_train,single,non-extractive
72373,single_train,single,question-span
65484,single_train,single,image-span
65491,single_train,single,image-span
65488,single_train,single,image-span
65490,single_train,single,non-extractive
65492,single_train,single,question-span
65485,single_train,single,question-span
65487,single_train,single,non-extractive
141143,single_train,single,multi-span
141141,single_train,single,image-span
141139,single_train,single,multi-span
141144,single_train,single,non-extractive
141145,single_train,single,image-span
141146,single_train,single,question-span
141137,single_train,single,image-span
141142,single_train,single,question-span
141140,single_train,single,non-extractive
141138,single_train,single,question-span
1491,single_train,single,image-span
1492,single_train,single,question-span
1493,single_train,single,multi-span
1495,single_train,single,image-span
1496,single_train,single,multi-span
1497,single_train,single,non-extractive
158693,single_train,single,question-span
158695,single_train,single,non-extractive
158694,single_train,single,multi-span
158699,single_train,single,non-extractive
158692,single_train,single,image-span
158697,single_train,single,question-span
158698,single_train,single,non-extractive
158696,single_train,single,image-span
8481,single_train,single,multi-span
8489,single_train,single,non-extractive
8483,single_train,single,image-span
8482,single_train,single,non-extractive
8487,single_train,single,question-span
8484,single_train,single,question-span
8480,single_train,single,question-span
34457,single_train,single,question-span
34456,single_train,single,image-span
34466,single_train,single,multi-span
34460,single_train,single,image-span
34463,single_train,single,non-extractive
34458,single_train,single,multi-span
34467,single_train,single,non-extractive
34464,single_train,single,image-span
34461,single_train,single,question-span
34462,single_train,single,multi-span
34459,single_train,single,non-extractive
34468,single_train,single,image-span
79584,single_train,single,question-span
79579,single_train,single,image-span
79575,single_train,single,image-span
79582,single_train,single,non-extractive
79580,single_train,single,question-span
79585,single_train,single,multi-span
79576,single_train,single,question-span
111390,single_train,single,image-span
111389,single_train,single,non-extractive
111388,single_train,single,multi-span
111386,single_train,single,image-span
111393,single_train,single,non-extractive
144239,single_train,single,non-extractive
144238,single_train,single,multi-span
144236,single_train,single,image-span
144234,single_train,single,multi-span
144237,single_train,single,question-span
144228,single_train,single,image-span
144235,single_train,single,non-extractive
144230,single_train,single,multi-span
144229,single_train,single,question-span
152965,single_train,single,image-span
152967,single_train,single,multi-span
152962,single_train,single,image-span
152964,single_train,single,non-extractive
152971,single_train,single,non-extractive
152963,single_train,single,multi-span
152968,single_train,single,image-span
152966,single_train,single,question-span
29061,single_train,single,multi-span
29058,single_train,single,non-extractive
29063,single_train,single,question-span
29062,single_train,single,image-span
29059,single_train,single,image-span
29055,single_train,single,image-span
29060,single_train,single,question-span
29057,single_train,single,multi-span
29056,single_train,single,question-span
39596,single_train,single,multi-span
39595,single_train,single,question-span
39603,single_train,single,multi-span
39594,single_train,single,image-span
39597,single_train,single,non-extractive
39598,single_train,single,image-span
39600,single_train,single,multi-span
39602,single_train,single,image-span
39599,single_train,single,question-span
57705,single_train,single,multi-span
57709,single_train,single,question-span
57706,single_train,single,multi-span
57708,single_train,single,multi-span
57707,single_train,single,multi-span
32226,single_train,single,non-extractive
32223,single_train,single,image-span
32227,single_train,single,multi-span
32224,single_train,single,question-span
32230,single_train,single,question-span
32228,single_train,single,non-extractive
32232,single_train,single,non-extractive
158159,single_train,single,multi-span
158158,single_train,single,image-span
158161,single_train,single,question-span
158162,single_train,single,multi-span
158154,single_train,single,image-span
36722,single_train,single,question-span
36723,single_train,single,multi-span
36724,single_train,single,non-extractive
36727,single_train,single,non-extractive
36726,single_train,single,multi-span
36725,single_train,single,image-span
36730,single_train,single,non-extractive
36721,single_train,single,image-span
18891,single_train,single,image-span
18892,single_train,single,question-span
18893,single_train,single,multi-span
18888,single_train,single,question-span
18887,single_train,single,image-span
18894,single_train,single,non-extractive
18889,single_train,single,multi-span
89882,single_train,single,image-span
89877,single_train,single,multi-span
89879,single_train,single,question-span
89878,single_train,single,multi-span
89881,single_train,single,question-span
89876,single_train,single,multi-span
89880,single_train,single,question-span
89883,single_train,single,image-span
65649,single_train,single,question-span
65648,single_train,single,image-span
65646,single_train,single,multi-span
65644,single_train,single,image-span
65647,single_train,single,non-extractive
65650,single_train,single,non-extractive
65645,single_train,single,question-span
44165,single_train,single,question-span
44166,single_train,single,multi-span
44170,single_train,single,image-span
44172,single_train,single,multi-span
44173,single_train,single,multi-span
44169,single_train,single,multi-span
44164,single_train,single,image-span
44167,single_train,single,non-extractive
44168,single_train,single,image-span
82606,single_train,single,image-span
82609,single_train,single,non-extractive
82613,single_train,single,image-span
82614,single_train,single,question-span
82615,single_train,single,non-extractive
82611,single_train,single,question-span
82608,single_train,single,multi-span
82612,single_train,single,non-extractive
82610,single_train,single,image-span
82607,single_train,single,question-span
46014,single_train,single,image-span
46010,single_train,single,image-span
46012,single_train,single,multi-span
46019,single_train,single,question-span
46016,single_train,single,multi-span
46018,single_train,single,image-span
46017,single_train,single,non-extractive
46015,single_train,single,question-span
46011,single_train,single,question-span
46013,single_train,single,non-extractive
136545,single_train,single,image-span
136549,single_train,single,image-span
136557,single_train,single,image-span
136550,single_train,single,question-span
136547,single_train,single,multi-span
136548,single_train,single,non-extractive
136551,single_train,single,multi-span
136556,single_train,single,non-extractive
136554,single_train,single,question-span
121557,single_train,single,question-span
121555,single_train,single,multi-span
121553,single_train,single,multi-span
121556,single_train,single,question-span
121554,single_train,single,multi-span
121558,single_train,single,question-span
121563,single_train,single,non-extractive
121560,single_train,single,image-span
121559,single_train,single,image-span
78212,single_train,single,non-extractive
78216,single_train,single,non-extractive
78213,single_train,single,image-span
78211,single_train,single,multi-span
114781,single_train,single,non-extractive
114777,single_train,single,multi-span
114776,single_train,single,question-span
49779,single_train,single,multi-span
49782,single_train,single,question-span
49785,single_train,single,image-span
49784,single_train,single,image-span
49780,single_train,single,question-span
49783,single_train,single,image-span
65162,single_train,single,multi-span
65153,single_train,single,question-span
65160,single_train,single,image-span
65154,single_train,single,multi-span
65161,single_train,single,question-span
65164,single_train,single,question-span
65165,single_train,single,multi-span
65156,single_train,single,image-span
65166,single_train,single,non-extractive
65158,single_train,single,multi-span
65152,single_train,single,image-span
65155,single_train,single,non-extractive
65159,single_train,single,non-extractive
75100,single_train,single,multi-span
75102,single_train,single,image-span
75103,single_train,single,question-span
75099,single_train,single,question-span
75101,single_train,single,non-extractive
75098,single_train,single,image-span
37990,single_train,single,question-span
37992,single_train,single,non-extractive
37996,single_train,single,image-span
37994,single_train,single,multi-span
37991,single_train,single,multi-span
37989,single_train,single,image-span
37995,single_train,single,non-extractive
37488,single_train,single,question-span
37487,single_train,single,image-span
37480,single_train,single,image-span
37481,single_train,single,question-span
37489,single_train,single,multi-span
37482,single_train,single,multi-span
37485,single_train,single,multi-span
37490,single_train,single,non-extractive
37484,single_train,single,question-span
154084,single_train,single,question-span
154087,single_train,single,image-span
154083,single_train,single,image-span
154085,single_train,single,multi-span
154086,single_train,single,non-extractive
154088,single_train,single,question-span
33111,single_train,single,multi-span
33109,single_train,single,image-span
33110,single_train,single,question-span
33119,single_train,single,non-extractive
33113,single_train,single,question-span
33115,single_train,single,non-extractive
131301,single_train,single,multi-span
131300,single_train,single,question-span
131302,single_train,single,non-extractive
131303,single_train,single,image-span
131308,single_train,single,non-extractive
131307,single_train,single,question-span
131299,single_train,single,image-span
2227,single_train,single,image-span
2221,single_train,single,image-span
2222,single_train,single,question-span
2225,single_train,single,image-span
2231,single_train,single,question-span
2230,single_train,single,image-span
2226,single_train,single,non-extractive
2224,single_train,single,non-extractive
2223,single_train,single,multi-span
2228,single_train,single,question-span
2229,single_train,single,non-extractive
25739,single_train,single,image-span
25738,single_train,single,non-extractive
25741,single_train,single,multi-span
25736,single_train,single,question-span
25740,single_train,single,question-span
25737,single_train,single,multi-span
25742,single_train,single,non-extractive
84450,single_train,single,image-span
84446,single_train,single,multi-span
84445,single_train,single,multi-span
84451,single_train,single,image-span
84447,single_train,single,question-span
84453,single_train,single,non-extractive
84448,single_train,single,question-span
42077,single_train,single,image-span
42081,single_train,single,image-span
42086,single_train,single,non-extractive
42082,single_train,single,question-span
42084,single_train,single,image-span
42083,single_train,single,multi-span
42079,single_train,single,multi-span
42078,single_train,single,question-span
42080,single_train,single,non-extractive
81816,single_train,single,multi-span
81815,single_train,single,question-span
81814,single_train,single,image-span
136642,single_train,single,multi-span
136643,single_train,single,non-extractive
136637,single_train,single,image-span
136647,single_train,single,non-extractive
136639,single_train,single,multi-span
136638,single_train,single,question-span
136644,single_train,single,image-span
136640,single_train,single,non-extractive
46789,single_train,single,image-span
46784,single_train,single,multi-span
46788,single_train,single,question-span
46786,single_train,single,question-span
46785,single_train,single,multi-span
46792,single_train,single,non-extractive
46790,single_train,single,image-span
50265,single_train,single,question-span
50264,single_train,single,multi-span
50271,single_train,single,non-extractive
50263,single_train,single,multi-span
50268,single_train,single,image-span
50270,single_train,single,non-extractive
50269,single_train,single,image-span
50267,single_train,single,question-span
50266,single_train,single,question-span
146096,single_train,single,image-span
146094,single_train,single,image-span
146098,single_train,single,multi-span
146102,single_train,single,non-extractive
146097,single_train,single,question-span
146100,single_train,single,image-span
146099,single_train,single,non-extractive
146095,single_train,single,non-extractive
162292,single_train,single,multi-span
162291,single_train,single,question-span
162290,single_train,single,image-span
162295,single_train,single,question-span
162293,single_train,single,non-extractive
51170,single_train,single,multi-span
51172,single_train,single,question-span
51174,single_train,single,question-span
51175,single_train,single,image-span
51171,single_train,single,multi-span
51176,single_train,single,image-span
51173,single_train,single,question-span
136917,single_train,single,question-span
136913,single_train,single,image-span
136905,single_train,single,image-span
136910,single_train,single,question-span
136909,single_train,single,image-span
136907,single_train,single,multi-span
136908,single_train,single,non-extractive
136911,single_train,single,multi-span
136912,single_train,single,non-extractive
136916,single_train,single,image-span
136914,single_train,single,question-span
136915,single_train,single,non-extractive
103951,single_train,single,question-span
103947,single_train,single,image-span
103948,single_train,single,question-span
103952,single_train,single,multi-span
103949,single_train,single,non-extractive
35818,single_train,single,multi-span
35813,single_train,single,multi-span
35814,single_train,single,non-extractive
35812,single_train,single,question-span
35815,single_train,single,question-span
107749,single_train,single,image-span
107747,single_train,single,question-span
107748,single_train,single,multi-span
107742,single_train,single,image-span
107745,single_train,single,non-extractive
107750,single_train,single,question-span
107752,single_train,single,non-extractive
107746,single_train,single,image-span
107744,single_train,single,multi-span
107743,single_train,single,question-span
158780,single_train,single,multi-span
158779,single_train,single,image-span
158781,single_train,single,non-extractive
130246,single_train,single,multi-span
130247,single_train,single,non-extractive
130251,single_train,single,non-extractive
130255,single_train,single,non-extractive
130248,single_train,single,image-span
130250,single_train,single,multi-span
130244,single_train,single,image-span
113413,single_train,single,multi-span
113411,single_train,single,image-span
113414,single_train,single,non-extractive
113415,single_train,single,non-extractive
113419,single_train,single,non-extractive
6343,single_train,single,multi-span
6351,single_train,single,non-extractive
6345,single_train,single,image-span
6347,single_train,single,multi-span
6344,single_train,single,non-extractive
6342,single_train,single,question-span
6346,single_train,single,question-span
59784,single_train,single,multi-span
59789,single_train,single,image-span
59788,single_train,single,image-span
59785,single_train,single,multi-span
59786,single_train,single,question-span
59787,single_train,single,question-span
131753,single_train,single,multi-span
131747,single_train,single,image-span
131750,single_train,single,non-extractive
131744,single_train,single,question-span
131754,single_train,single,non-extractive
131746,single_train,single,non-extractive
131748,single_train,single,question-span
131749,single_train,single,multi-span
131743,single_train,single,image-span
152303,single_train,single,multi-span
152310,single_train,single,non-extractive
152305,single_train,single,question-span
152307,single_train,single,image-span
152306,single_train,single,multi-span
152304,single_train,single,non-extractive
152302,single_train,single,question-span
152301,single_train,single,image-span
4814,single_train,single,non-extractive
4816,single_train,single,question-span
4813,single_train,single,multi-span
4818,single_train,single,non-extractive
4812,single_train,single,question-span
4822,single_train,single,non-extractive
4817,single_train,single,multi-span
4820,single_train,single,question-span
4815,single_train,single,image-span
133811,single_train,single,non-extractive
133809,single_train,single,question-span
133804,single_train,single,image-span
133808,single_train,single,image-span
133807,single_train,single,non-extractive
133814,single_train,single,multi-span
133815,single_train,single,non-extractive
133813,single_train,single,question-span
133805,single_train,single,question-span
133806,single_train,single,multi-span
133812,single_train,single,image-span
133810,single_train,single,multi-span
29289,single_train,single,non-extractive
29288,single_train,single,multi-span
29287,single_train,single,question-span
29295,single_train,single,non-extractive
29291,single_train,single,non-extractive
29286,single_train,single,image-span
29290,single_train,single,question-span
58026,single_train,single,non-extractive
58023,single_train,single,image-span
58024,single_train,single,image-span
58022,single_train,single,multi-span
58021,single_train,single,multi-span
136424,single_train,single,image-span
136427,single_train,single,non-extractive
136430,single_train,single,question-span
136428,single_train,single,multi-span
136433,single_train,single,image-span
136432,single_train,single,non-extractive
136425,single_train,single,question-span
136429,single_train,single,non-extractive
136426,single_train,single,multi-span
85394,single_train,single,image-span
85392,single_train,single,image-span
85388,single_train,single,multi-span
85389,single_train,single,question-span
85390,single_train,single,question-span
85393,single_train,single,image-span
16974,single_train,single,image-span
16977,single_train,single,non-extractive
16980,single_train,single,multi-span
16978,single_train,single,image-span
16979,single_train,single,question-span
16976,single_train,single,multi-span
16975,single_train,single,question-span
147431,single_train,single,question-span
147430,single_train,single,image-span
147433,single_train,single,non-extractive
147432,single_train,single,multi-span
146340,single_train,single,multi-span
146339,single_train,single,question-span
146344,single_train,single,non-extractive
146346,single_train,single,non-extractive
146341,single_train,single,non-extractive
146338,single_train,single,image-span
62966,single_train,single,image-span
62971,single_train,single,question-span
62967,single_train,single,question-span
62969,single_train,single,non-extractive
62968,single_train,single,multi-span
62970,single_train,single,image-span
62972,single_train,single,multi-span
62973,single_train,single,non-extractive
84714,single_train,single,multi-span
84717,single_train,single,image-span
84715,single_train,single,question-span
84719,single_train,single,non-extractive
84718,single_train,single,image-span
84716,single_train,single,question-span
84712,single_train,single,multi-span
84713,single_train,single,multi-span
51714,single_train,single,question-span
51711,single_train,single,multi-span
51715,single_train,single,image-span
51712,single_train,single,question-span
51713,single_train,single,question-span
51709,single_train,single,multi-span
51716,single_train,single,image-span
51710,single_train,single,multi-span
126729,single_train,single,multi-span
126728,single_train,single,question-span
126734,single_train,single,non-extractive
126730,single_train,single,non-extractive
126731,single_train,single,image-span
126727,single_train,single,image-span
116681,single_train,single,non-extractive
116674,single_train,single,non-extractive
116675,single_train,single,question-span
116672,single_train,single,question-span
116676,single_train,single,multi-span
116673,single_train,single,multi-span
116671,single_train,single,image-span
116680,single_train,single,multi-span
116677,single_train,single,non-extractive
139209,single_train,single,image-span
139210,single_train,single,question-span
139215,single_train,single,non-extractive
139211,single_train,single,multi-span
139214,single_train,single,multi-span
139218,single_train,single,non-extractive
139213,single_train,single,question-span
139212,single_train,single,non-extractive
139216,single_train,single,image-span
56911,single_train,single,image-span
56912,single_train,single,non-extractive
56910,single_train,single,question-span
56909,single_train,single,multi-span
56908,single_train,single,multi-span
85691,single_train,single,question-span
85688,single_train,single,multi-span
85693,single_train,single,image-span
85694,single_train,single,image-span
85684,single_train,single,multi-span
85685,single_train,single,multi-span
85686,single_train,single,multi-span
85692,single_train,single,question-span
85687,single_train,single,multi-span
85690,single_train,single,question-span
85689,single_train,single,question-span
120373,single_train,single,question-span
120372,single_train,single,question-span
120375,single_train,single,image-span
120374,single_train,single,image-span
120370,single_train,single,multi-span
120371,single_train,single,multi-span
61060,single_train,single,multi-span
61064,single_train,single,question-span
61063,single_train,single,question-span
61062,single_train,single,multi-span
61066,single_train,single,image-span
61065,single_train,single,question-span
61061,single_train,single,multi-span
704,single_train,single,non-extractive
693,single_train,single,multi-span
697,single_train,single,image-span
698,single_train,single,image-span
695,single_train,single,image-span
696,single_train,single,multi-span
694,single_train,single,non-extractive
692,single_train,single,question-span
700,single_train,single,non-extractive
34224,single_train,single,multi-span
34222,single_train,single,image-span
34229,single_train,single,non-extractive
34223,single_train,single,question-span
34226,single_train,single,image-span
146435,single_train,single,non-extractive
146446,single_train,single,non-extractive
146437,single_train,single,question-span
146434,single_train,single,multi-span
146439,single_train,single,non-extractive
146443,single_train,single,non-extractive
146444,single_train,single,image-span
146433,single_train,single,question-span
146432,single_train,single,image-span
146438,single_train,single,multi-span
146445,single_train,single,question-span
146436,single_train,single,image-span
146442,single_train,single,multi-span
21285,single_train,single,image-span
21288,single_train,single,image-span
21286,single_train,single,question-span
21289,single_train,single,multi-span
21287,single_train,single,multi-span
165091,single_train,single,image-span
165098,single_train,single,question-span
165096,single_train,single,multi-span
165099,single_train,single,multi-span
165094,single_train,single,non-extractive
165095,single_train,single,image-span
165097,single_train,single,image-span
54299,single_train,single,image-span
54301,single_train,single,non-extractive
54298,single_train,single,image-span
54300,single_train,single,image-span
54296,single_train,single,question-span
54303,single_train,single,non-extractive
54295,single_train,single,question-span
54302,single_train,single,non-extractive
54293,single_train,single,multi-span
54297,single_train,single,question-span
54294,single_train,single,multi-span
84567,single_train,single,non-extractive
84565,single_train,single,image-span
84561,single_train,single,multi-span
84566,single_train,single,non-extractive
84562,single_train,single,question-span
84563,single_train,single,image-span
84568,single_train,single,non-extractive
84564,single_train,single,image-span
146551,single_train,single,non-extractive
146544,single_train,single,image-span
146546,single_train,single,multi-span
146553,single_train,single,question-span
146540,single_train,single,image-span
146550,single_train,single,multi-span
146542,single_train,single,multi-span
146543,single_train,single,non-extractive
146548,single_train,single,image-span
146545,single_train,single,question-span
36363,single_train,single,image-span
36359,single_train,single,image-span
36365,single_train,single,multi-span
36360,single_train,single,question-span
36361,single_train,single,multi-span
36362,single_train,single,non-extractive
36364,single_train,single,question-span
117580,single_train,single,non-extractive
117582,single_train,single,question-span
117585,single_train,single,image-span
117583,single_train,single,multi-span
117578,single_train,single,image-span
117586,single_train,single,non-extractive
117579,single_train,single,multi-span
117581,single_train,single,image-span
117584,single_train,single,non-extractive
93477,single_train,single,non-extractive
93473,single_train,single,question-span
93469,single_train,single,multi-span
93470,single_train,single,multi-span
93474,single_train,single,image-span
93475,single_train,single,non-extractive
93472,single_train,single,question-span
93476,single_train,single,non-extractive
17756,single_train,single,non-extractive
17750,single_train,single,question-span
17759,single_train,single,non-extractive
17752,single_train,single,non-extractive
17754,single_train,single,question-span
17753,single_train,single,image-span
17755,single_train,single,multi-span
17751,single_train,single,multi-span
166060,single_train,single,multi-span
166055,single_train,single,image-span
166058,single_train,single,image-span
166057,single_train,single,multi-span
166061,single_train,single,non-extractive
166059,single_train,single,question-span
78563,single_train,single,image-span
78566,single_train,single,non-extractive
78560,single_train,single,image-span
78568,single_train,single,non-extractive
78564,single_train,single,question-span
78565,single_train,single,multi-span
66691,single_train,single,multi-span
66690,single_train,single,question-span
66694,single_train,single,multi-span
66685,single_train,single,image-span
66688,single_train,single,non-extractive
66689,single_train,single,image-span
66692,single_train,single,non-extractive
66687,single_train,single,multi-span
66686,single_train,single,question-span
66693,single_train,single,image-span
40728,single_train,single,non-extractive
40729,single_train,single,image-span
40736,single_train,single,non-extractive
40732,single_train,single,non-extractive
40727,single_train,single,multi-span
40726,single_train,single,image-span
40730,single_train,single,question-span
40731,single_train,single,multi-span
55762,single_train,single,multi-span
55761,single_train,single,multi-span
55764,single_train,single,question-span
55763,single_train,single,question-span
55760,single_train,single,multi-span
55766,single_train,single,image-span
55767,single_train,single,image-span
55765,single_train,single,question-span
140356,single_train,single,question-span
140351,single_train,single,non-extractive
140348,single_train,single,image-span
140353,single_train,single,multi-span
140358,single_train,single,non-extractive
140355,single_train,single,image-span
140361,single_train,single,multi-span
140362,single_train,single,non-extractive
140350,single_train,single,multi-span
140357,single_train,single,multi-span
140359,single_train,single,image-span
140352,single_train,single,question-span
140360,single_train,single,question-span
140354,single_train,single,non-extractive
30563,single_train,single,multi-span
30561,single_train,single,non-extractive
30562,single_train,single,image-span
30559,single_train,single,question-span
30558,single_train,single,image-span
30560,single_train,single,multi-span
30564,single_train,single,non-extractive
30566,single_train,single,non-extractive
103319,single_train,single,non-extractive
103315,single_train,single,question-span
27054,single_train,single,multi-span
27049,single_train,single,question-span
27059,single_train,single,non-extractive
27053,single_train,single,question-span
27052,single_train,single,image-span
27056,single_train,single,image-span
27051,single_train,single,non-extractive
27050,single_train,single,multi-span
27057,single_train,single,question-span
27058,single_train,single,multi-span
47841,single_train,single,image-span
47838,single_train,single,multi-span
47839,single_train,single,question-span
47837,single_train,single,multi-span
47840,single_train,single,question-span
96286,single_train,single,multi-span
96288,single_train,single,question-span
96291,single_train,single,image-span
96290,single_train,single,image-span
96287,single_train,single,question-span
96289,single_train,single,question-span
96284,single_train,single,multi-span
118560,single_train,single,question-span
118558,single_train,single,question-span
118561,single_train,single,image-span
118554,single_train,single,multi-span
118563,single_train,single,image-span
118557,single_train,single,question-span
118562,single_train,single,image-span
118564,single_train,single,image-span
118555,single_train,single,multi-span
118556,single_train,single,multi-span
38277,single_train,single,multi-span
38272,single_train,single,question-span
38271,single_train,single,image-span
38275,single_train,single,image-span
38274,single_train,single,non-extractive
38276,single_train,single,question-span
38278,single_train,single,non-extractive
38273,single_train,single,multi-span
114551,single_train,single,image-span
114553,single_train,single,multi-span
114552,single_train,single,question-span
27011,single_train,single,image-span
27015,single_train,single,image-span
27012,single_train,single,question-span
27010,single_train,single,non-extractive
27007,single_train,single,image-span
27014,single_train,single,non-extractive
27013,single_train,single,multi-span
27008,single_train,single,question-span
27009,single_train,single,multi-span
33509,single_train,single,image-span
33511,single_train,single,multi-span
33516,single_train,single,multi-span
33514,single_train,single,multi-span
33513,single_train,single,question-span
33510,single_train,single,question-span
33515,single_train,single,non-extractive
140147,single_train,single,question-span
140145,single_train,single,non-extractive
140150,single_train,single,question-span
140148,single_train,single,multi-span
140143,single_train,single,question-span
140146,single_train,single,image-span
79489,single_train,single,non-extractive
79483,single_train,single,multi-span
79482,single_train,single,question-span
79486,single_train,single,question-span
79485,single_train,single,image-span
79484,single_train,single,non-extractive
79481,single_train,single,image-span
79487,single_train,single,multi-span
79488,single_train,single,non-extractive
112020,single_train,single,question-span
112025,single_train,single,non-extractive
112018,single_train,single,multi-span
112017,single_train,single,question-span
112024,single_train,single,multi-span
55059,single_train,single,multi-span
55058,single_train,single,multi-span
55064,single_train,single,image-span
55063,single_train,single,image-span
55060,single_train,single,question-span
55061,single_train,single,question-span
55065,single_train,single,image-span
55807,single_train,single,non-extractive
55802,single_train,single,multi-span
55804,single_train,single,question-span
55803,single_train,single,question-span
55805,single_train,single,non-extractive
62859,single_train,single,multi-span
62860,single_train,single,non-extractive
62856,single_train,single,non-extractive
62861,single_train,single,image-span
62855,single_train,single,multi-span
62858,single_train,single,question-span
62863,single_train,single,multi-span
62857,single_train,single,image-span
62854,single_train,single,question-span
62853,single_train,single,image-span
139677,single_train,single,image-span
139680,single_train,single,multi-span
139670,single_train,single,image-span
139673,single_train,single,non-extractive
139676,single_train,single,multi-span
139674,single_train,single,image-span
139678,single_train,single,non-extractive
139679,single_train,single,image-span
139675,single_train,single,question-span
139671,single_train,single,question-span
147416,single_train,single,non-extractive
147411,single_train,single,image-span
147412,single_train,single,multi-span
147413,single_train,single,non-extractive
147408,single_train,single,question-span
15153,single_train,single,multi-span
15155,single_train,single,question-span
15151,single_train,single,non-extractive
15149,single_train,single,image-span
15157,single_train,single,non-extractive
15150,single_train,single,multi-span
15152,single_train,single,question-span
142499,single_train,single,multi-span
142490,single_train,single,image-span
142491,single_train,single,question-span
142498,single_train,single,question-span
142495,single_train,single,question-span
142500,single_train,single,non-extractive
142496,single_train,single,multi-span
142494,single_train,single,image-span
51415,single_train,single,question-span
51416,single_train,single,question-span
51418,single_train,single,image-span
51420,single_train,single,image-span
51414,single_train,single,multi-span
51417,single_train,single,question-span
51423,single_train,single,non-extractive
51413,single_train,single,multi-span
51419,single_train,single,image-span
101147,single_train,single,question-span
101145,single_train,single,non-extractive
101146,single_train,single,image-span
101143,single_train,single,image-span
101144,single_train,single,multi-span
31180,single_train,single,multi-span
31182,single_train,single,image-span
31187,single_train,single,non-extractive
31186,single_train,single,question-span
31178,single_train,single,image-span
31184,single_train,single,non-extractive
31179,single_train,single,question-span
31183,single_train,single,multi-span
31185,single_train,single,image-span
31181,single_train,single,non-extractive
24747,single_train,single,multi-span
24743,single_train,single,multi-span
24755,single_train,single,non-extractive
24749,single_train,single,image-span
24742,single_train,single,question-span
24748,single_train,single,non-extractive
24746,single_train,single,question-span
24750,single_train,single,multi-span
24745,single_train,single,image-span
24741,single_train,single,image-span
24751,single_train,single,non-extractive
27120,single_train,single,multi-span
27127,single_train,single,question-span
27125,single_train,single,non-extractive
27124,single_train,single,multi-span
27122,single_train,single,image-span
27119,single_train,single,question-span
27118,single_train,single,image-span
27126,single_train,single,image-span
27121,single_train,single,non-extractive
27123,single_train,single,question-span
113268,single_train,single,image-span
113271,single_train,single,image-span
113269,single_train,single,question-span
113274,single_train,single,non-extractive
68995,single_train,single,image-span
68999,single_train,single,image-span
68994,single_train,single,non-extractive
68996,single_train,single,question-span
69000,single_train,single,question-span
68992,single_train,single,question-span
69004,single_train,single,multi-span
69003,single_train,single,question-span
68997,single_train,single,multi-span
68991,single_train,single,image-span
68998,single_train,single,non-extractive
69002,single_train,single,non-extractive
68993,single_train,single,multi-span
69001,single_train,single,multi-span
56179,single_train,single,question-span
56181,single_train,single,image-span
56183,single_train,single,non-extractive
56182,single_train,single,image-span
56184,single_train,single,non-extractive
56180,single_train,single,question-span
69160,single_train,single,question-span
69161,single_train,single,multi-span
69162,single_train,single,non-extractive
69164,single_train,single,non-extractive
69159,single_train,single,image-span
77930,single_train,single,multi-span
77935,single_train,single,non-extractive
77934,single_train,single,multi-span
77933,single_train,single,question-span
77931,single_train,single,non-extractive
77928,single_train,single,image-span
77929,single_train,single,question-span
77926,single_train,single,multi-span
77927,single_train,single,non-extractive
77925,single_train,single,question-span
77924,single_train,single,image-span
48284,single_train,single,image-span
48280,single_train,single,question-span
48279,single_train,single,multi-span
48286,single_train,single,non-extractive
48283,single_train,single,image-span
48278,single_train,single,multi-span
48287,single_train,single,non-extractive
48281,single_train,single,question-span
48282,single_train,single,image-span
88901,single_train,single,image-span
88902,single_train,single,non-extractive
88900,single_train,single,image-span
88897,single_train,single,question-span
88898,single_train,single,question-span
88899,single_train,single,image-span
127663,single_train,single,image-span
127665,single_train,single,multi-span
127666,single_train,single,non-extractive
127664,single_train,single,question-span
127669,single_train,single,non-extractive
100827,single_train,single,non-extractive
100824,single_train,single,image-span
100826,single_train,single,multi-span
100825,single_train,single,question-span
100821,single_train,single,question-span
102146,single_train,single,question-span
102145,single_train,single,image-span
102148,single_train,single,non-extractive
102141,single_train,single,image-span
102143,single_train,single,multi-span
102144,single_train,single,non-extractive
102142,single_train,single,question-span
163185,single_train,single,non-extractive
163180,single_train,single,multi-span
163174,single_train,single,non-extractive
163181,single_train,single,non-extractive
163173,single_train,single,multi-span
163171,single_train,single,image-span
163172,single_train,single,question-span
163178,single_train,single,image-span
163177,single_train,single,non-extractive
163179,single_train,single,question-span
163175,single_train,single,image-span
92642,single_train,single,question-span
92644,single_train,single,image-span
92640,single_train,single,question-span
92637,single_train,single,multi-span
92638,single_train,single,multi-span
92643,single_train,single,image-span
92641,single_train,single,question-span
92639,single_train,single,multi-span
92645,single_train,single,image-span
92648,single_train,single,non-extractive
92647,single_train,single,non-extractive
92646,single_train,single,non-extractive
76511,single_train,single,multi-span
76510,single_train,single,question-span
76520,single_train,single,non-extractive
76513,single_train,single,image-span
76515,single_train,single,multi-span
76512,single_train,single,non-extractive
76516,single_train,single,non-extractive
76509,single_train,single,image-span
76514,single_train,single,question-span
101794,single_train,single,multi-span
101795,single_train,single,non-extractive
101792,single_train,single,non-extractive
101789,single_train,single,image-span
101790,single_train,single,question-span
101791,single_train,single,multi-span
81200,single_train,single,multi-span
81201,single_train,single,non-extractive
81199,single_train,single,image-span
56529,single_train,single,multi-span
56531,single_train,single,question-span
56530,single_train,single,question-span
56535,single_train,single,image-span
56532,single_train,single,question-span
56533,single_train,single,image-span
56534,single_train,single,image-span
37162,single_train,single,image-span
37160,single_train,single,multi-span
37159,single_train,single,question-span
37169,single_train,single,non-extractive
37163,single_train,single,question-span
37165,single_train,single,non-extractive
37158,single_train,single,image-span
37161,single_train,single,non-extractive
37164,single_train,single,multi-span
37166,single_train,single,image-span
125647,single_train,single,non-extractive
125655,single_train,single,non-extractive
125645,single_train,single,question-span
125651,single_train,single,non-extractive
125650,single_train,single,multi-span
125646,single_train,single,multi-span
125648,single_train,single,image-span
125649,single_train,single,question-span
125653,single_train,single,question-span
125654,single_train,single,multi-span
123701,single_train,single,image-span
123699,single_train,single,image-span
123694,single_train,single,multi-span
123695,single_train,single,multi-span
123698,single_train,single,question-span
123700,single_train,single,image-span
69875,single_train,single,multi-span
69871,single_train,single,multi-span
69877,single_train,single,image-span
69876,single_train,single,non-extractive
69872,single_train,single,non-extractive
69873,single_train,single,image-span
69870,single_train,single,question-span
69880,single_train,single,non-extractive
69869,single_train,single,image-span
69874,single_train,single,question-span
60184,single_train,single,question-span
60189,single_train,single,non-extractive
60185,single_train,single,question-span
60182,single_train,single,multi-span
60187,single_train,single,image-span
60183,single_train,single,multi-span
60188,single_train,single,image-span
60181,single_train,single,multi-span
60186,single_train,single,question-span
154578,single_train,single,non-extractive
154577,single_train,single,multi-span
154584,single_train,single,multi-span
154580,single_train,single,multi-span
154583,single_train,single,question-span
154575,single_train,single,image-span
154579,single_train,single,question-span
154581,single_train,single,non-extractive
150244,single_train,single,multi-span
150250,single_train,single,non-extractive
150247,single_train,single,multi-span
150243,single_train,single,question-span
150239,single_train,single,image-span
150245,single_train,single,non-extractive
150246,single_train,single,question-span
150241,single_train,single,multi-span
150242,single_train,single,non-extractive
150240,single_train,single,question-span
69736,single_train,single,question-span
69732,single_train,single,question-span
69739,single_train,single,image-span
69735,single_train,single,image-span
69738,single_train,single,non-extractive
69734,single_train,single,non-extractive
69733,single_train,single,multi-span
69743,single_train,single,question-span
69741,single_train,single,multi-span
69745,single_train,single,non-extractive
69740,single_train,single,question-span
69742,single_train,single,non-extractive
69737,single_train,single,multi-span
69731,single_train,single,image-span
137050,single_train,single,multi-span
137046,single_train,single,image-span
137049,single_train,single,image-span
137052,single_train,single,image-span
137048,single_train,single,multi-span
137051,single_train,single,non-extractive
151846,single_train,single,multi-span
151844,single_train,single,image-span
151845,single_train,single,question-span
151848,single_train,single,image-span
151849,single_train,single,question-span
151847,single_train,single,non-extractive
151853,single_train,single,non-extractive
151978,single_train,single,image-span
151980,single_train,single,multi-span
151975,single_train,single,question-span
151974,single_train,single,image-span
151976,single_train,single,multi-span
151979,single_train,single,question-span
151981,single_train,single,non-extractive
151977,single_train,single,non-extractive
102750,single_train,single,multi-span
102746,single_train,single,multi-span
102754,single_train,single,non-extractive
102745,single_train,single,question-span
102747,single_train,single,non-extractive
102752,single_train,single,question-span
102748,single_train,single,image-span
102749,single_train,single,question-span
102751,single_train,single,image-span
85488,single_train,single,question-span
85483,single_train,single,multi-span
85492,single_train,single,image-span
85485,single_train,single,question-span
85489,single_train,single,image-span
85491,single_train,single,image-span
85493,single_train,single,non-extractive
85482,single_train,single,multi-span
85486,single_train,single,question-span
85484,single_train,single,multi-span
85490,single_train,single,image-span
85494,single_train,single,non-extractive
22430,single_train,single,image-span
22423,single_train,single,question-span
22422,single_train,single,image-span
22428,single_train,single,multi-span
22429,single_train,single,non-extractive
22427,single_train,single,question-span
22424,single_train,single,multi-span
22425,single_train,single,non-extractive
22426,single_train,single,image-span
18910,single_train,single,multi-span
18915,single_train,single,non-extractive
18914,single_train,single,multi-span
18911,single_train,single,non-extractive
18909,single_train,single,question-span
59874,single_train,single,question-span
59878,single_train,single,non-extractive
59873,single_train,single,question-span
59872,single_train,single,multi-span
59875,single_train,single,question-span
59871,single_train,single,multi-span
95727,single_train,single,non-extractive
95721,single_train,single,question-span
95723,single_train,single,question-span
95728,single_train,single,non-extractive
95722,single_train,single,question-span
119103,single_train,single,question-span
119105,single_train,single,question-span
119104,single_train,single,question-span
119100,single_train,single,multi-span
119101,single_train,single,multi-span
109138,single_train,single,question-span
109139,single_train,single,multi-span
109136,single_train,single,non-extractive
109135,single_train,single,multi-span
109132,single_train,single,non-extractive
82108,single_train,single,question-span
82105,single_train,single,multi-span
82111,single_train,single,question-span
82104,single_train,single,question-span
126892,single_train,single,multi-span
126891,single_train,single,question-span
126889,single_train,single,multi-span
126885,single_train,single,multi-span
126884,single_train,single,question-span
126888,single_train,single,question-span
126886,single_train,single,non-extractive
50443,single_train,single,non-extractive
50444,single_train,single,non-extractive
50438,single_train,single,question-span
50439,single_train,single,question-span
50437,single_train,single,multi-span
50440,single_train,single,question-span
117927,single_train,single,question-span
117926,single_train,single,question-span
117925,single_train,single,multi-span
117924,single_train,single,multi-span
117923,single_train,single,multi-span
75585,single_train,single,multi-span
75586,single_train,single,non-extractive
75588,single_train,single,question-span
75589,single_train,single,multi-span
75590,single_train,single,non-extractive
113504,single_train,single,non-extractive
113495,single_train,single,question-span
113498,single_train,single,question-span
113497,single_train,single,non-extractive
41250,single_train,single,non-extractive
41253,single_train,single,non-extractive
64398,single_train,single,question-span
64390,single_train,single,non-extractive
64388,single_train,single,question-span
7992,single_train,single,non-extractive
7985,single_train,single,non-extractive
7989,single_train,single,non-extractive
7983,single_train,single,question-span
7987,single_train,single,question-span
4352,single_train,single,non-extractive
4343,single_train,single,question-span
4348,single_train,single,non-extractive
4345,single_train,single,non-extractive
54274,single_train,single,non-extractive
54267,single_train,single,question-span
54266,single_train,single,question-span
134214,single_train,single,question-span
134210,single_train,single,question-span
134212,single_train,single,non-extractive
3047,single_train,single,non-extractive
3045,single_train,single,question-span
49029,single_train,single,question-span
49028,single_train,single,question-span
83117,single_train,single,question-span
83123,single_train,single,non-extractive
83114,single_train,single,question-span
83116,single_train,single,non-extractive
83119,single_train,single,non-extractive
83121,single_train,single,question-span
110622,single_train,single,non-extractive
110626,single_train,single,non-extractive
110624,single_train,single,question-span
53729,single_train,single,question-span
53735,single_train,single,non-extractive
53730,single_train,single,question-span
53734,single_train,single,non-extractive
53736,single_train,single,non-extractive
53728,single_train,single,question-span
46818,single_train,single,non-extractive
46816,single_train,single,question-span
134961,single_train,single,non-extractive
134957,single_train,single,non-extractive
96366,single_train,single,non-extractive
8922,single_train,single,non-extractive
125258,single_train,single,non-extractive
157324,single_train,single,non-extractive
248,single_train,single,non-extractive
256,single_train,single,non-extractive
252,single_train,single,non-extractive
70052,single_train,single,non-extractive
119063,single_train,single,non-extractive
28518,single_train,single,non-extractive
28521,single_train,single,non-extractive
67101,single_train,single,non-extractive
67104,single_train,single,non-extractive
160442,single_train,single,non-extractive
160444,single_train,single,non-extractive
160438,single_train,single,non-extractive
113172,single_train,single,non-extractive
113176,single_train,single,non-extractive
51793,single_train,single,non-extractive
108087,single_train,single,non-extractive
108090,single_train,single,non-extractive
118977,single_train,single,non-extractive
10697,single_train,single,non-extractive
10705,single_train,single,non-extractive
43243,single_train,single,non-extractive
43247,single_train,single,non-extractive
126656,single_train,single,non-extractive
126660,single_train,single,non-extractive
106944,single_train,single,non-extractive
106940,single_train,single,non-extractive
143918,single_train,single,non-extractive
143922,single_train,single,non-extractive
33574,single_train,single,non-extractive
33578,single_train,single,non-extractive
44106,single_train,single,non-extractive
44102,single_train,single,non-extractive
90883,single_train,single,non-extractive
90885,single_train,single,non-extractive
41554,single_train,single,non-extractive
41560,single_train,single,non-extractive
30937,single_train,single,non-extractive
49518,single_train,single,non-extractive
152611,single_train,single,non-extractive
152615,single_train,single,non-extractive
131283,single_train,single,non-extractive
131280,single_train,single,non-extractive
131286,single_train,single,non-extractive
109851,single_train,single,non-extractive
109855,single_train,single,non-extractive
109847,single_train,single,non-extractive
52774,single_train,single,non-extractive
52773,single_train,single,non-extractive
115277,single_train,single,non-extractive
115278,single_train,single,non-extractive
38776,single_train,single,non-extractive
38780,single_train,single,non-extractive
38773,single_train,single,non-extractive
94578,single_train,single,non-extractive
165103,single_train,single,non-extractive
56721,single_train,single,non-extractive
56719,single_train,single,non-extractive
56720,single_train,single,non-extractive
9510,single_train,single,non-extractive
9503,single_train,single,non-extractive
9506,single_train,single,non-extractive
87691,single_train,single,non-extractive
87692,single_train,single,non-extractive
87693,single_train,single,non-extractive
27243,single_train,single,non-extractive
27240,single_train,single,non-extractive
82218,single_train,single,non-extractive
82221,single_train,single,non-extractive
82224,single_train,single,non-extractive
62796,single_train,single,non-extractive
62793,single_train,single,non-extractive
60961,single_train,single,non-extractive
27173,single_train,single,non-extractive
166443,single_train,single,non-extractive
126668,single_train,single,non-extractive
126671,single_train,single,non-extractive
56449,single_train,single,non-extractive
56450,single_train,single,non-extractive
6142,single_train,single,non-extractive
6138,single_train,single,non-extractive
60137,single_train,single,non-extractive
60139,single_train,single,non-extractive
73318,single_train,single,non-extractive
73311,single_train,single,non-extractive
70258,single_train,single,non-extractive
129395,single_train,single,non-extractive
129391,single_train,single,non-extractive
105742,single_train,single,non-extractive
109581,single_train,single,non-extractive
109585,single_train,single,non-extractive
29547,single_train,single,non-extractive
29550,single_train,single,non-extractive
61512,single_train,single,non-extractive
61511,single_train,single,non-extractive
10007,single_train,single,non-extractive
10009,single_train,single,non-extractive
10013,single_train,single,non-extractive
48133,single_train,single,non-extractive
44535,single_train,single,non-extractive
44542,single_train,single,non-extractive
44539,single_train,single,non-extractive
107710,single_train,single,non-extractive
107707,single_train,single,non-extractive
161029,single_train,single,non-extractive
57076,single_train,single,non-extractive
69479,single_train,single,non-extractive
69485,single_train,single,non-extractive
122917,single_train,single,non-extractive
7235,single_train,single,non-extractive
52060,single_train,single,non-extractive
114445,single_train,single,non-extractive
114449,single_train,single,non-extractive
81727,single_train,single,non-extractive
40209,single_train,single,non-extractive
40206,single_train,single,non-extractive
125047,single_train,single,non-extractive
145536,single_train,single,non-extractive
145529,single_train,single,non-extractive
145533,single_train,single,non-extractive
15517,single_train,single,non-extractive
15521,single_train,single,non-extractive
41974,single_train,single,non-extractive
67898,single_train,single,non-extractive
67894,single_train,single,non-extractive
67890,single_train,single,non-extractive
59781,single_train,single,non-extractive
59783,single_train,single,non-extractive
59782,single_train,single,non-extractive
46057,single_train,single,non-extractive
46060,single_train,single,non-extractive
60529,single_train,single,non-extractive
119464,single_train,single,non-extractive
82285,single_train,single,non-extractive
82289,single_train,single,non-extractive
82293,single_train,single,non-extractive
82296,single_train,single,non-extractive
58973,single_train,single,non-extractive
58975,single_train,single,non-extractive
71596,single_train,single,non-extractive
71593,single_train,single,non-extractive
71600,single_train,single,non-extractive
109396,single_train,single,non-extractive
145518,single_train,single,non-extractive
145514,single_train,single,non-extractive
36773,single_train,single,non-extractive
36777,single_train,single,non-extractive
36781,single_train,single,non-extractive
101741,single_train,single,non-extractive
101738,single_train,single,non-extractive
115533,single_train,single,non-extractive
115536,single_train,single,non-extractive
40396,single_train,single,non-extractive
157567,single_train,single,non-extractive
134981,single_train,single,non-extractive
134986,single_train,single,non-extractive
134984,single_train,single,non-extractive
134978,single_train,single,non-extractive
11440,single_train,single,non-extractive
11442,single_train,single,non-extractive
81434,single_train,single,non-extractive
81437,single_train,single,multi-span
81433,single_train,single,multi-span
81430,single_train,single,multi-span
81431,single_train,single,image-span
81438,single_train,single,non-extractive
81429,single_train,single,question-span
111705,single_train,single,question-span
111706,single_train,single,multi-span
111704,single_train,single,image-span
111708,single_train,single,non-extractive
22594,single_train,single,image-span
22596,single_train,single,multi-span
31423,single_train,single,question-span
31427,single_train,single,non-extractive
31421,single_train,single,multi-span
31420,single_train,single,question-span
31419,single_train,single,image-span
31422,single_train,single,image-span
22498,single_train,single,non-extractive
22496,single_train,single,question-span
22497,single_train,single,multi-span
22499,single_train,single,image-span
22500,single_train,single,multi-span
22501,single_train,single,non-extractive
144896,single_train,single,multi-span
144889,single_train,single,question-span
144895,single_train,single,question-span
144890,single_train,single,multi-span
144888,single_train,single,image-span
10953,single_train,single,non-extractive
10952,single_train,single,multi-span
10951,single_train,single,image-span
10948,single_train,single,image-span
10957,single_train,single,image-span
10955,single_train,single,question-span
10949,single_train,single,question-span
10950,single_train,single,multi-span
10956,single_train,single,multi-span
10954,single_train,single,image-span
149397,single_train,single,non-extractive
149393,single_train,single,image-span
149390,single_train,single,question-span
149396,single_train,single,non-extractive
149395,single_train,single,multi-span
93963,single_train,single,question-span
93962,single_train,single,multi-span
93965,single_train,single,image-span
93964,single_train,single,question-span
93960,single_train,single,multi-span
93961,single_train,single,multi-span
111741,single_train,single,non-extractive
111732,single_train,single,image-span
111736,single_train,single,multi-span
162676,single_train,single,non-extractive
162675,single_train,single,image-span
162671,single_train,single,image-span
162673,single_train,single,multi-span
162672,single_train,single,question-span
162674,single_train,single,non-extractive
66291,single_train,single,multi-span
66293,single_train,single,image-span
66292,single_train,single,non-extractive
66290,single_train,single,question-span
41171,single_train,single,question-span
41168,single_train,single,question-span
41167,single_train,single,image-span
41170,single_train,single,image-span
41175,single_train,single,non-extractive
41169,single_train,single,multi-span
138402,single_train,single,image-span
138405,single_train,single,multi-span
138406,single_train,single,non-extractive
138403,single_train,single,multi-span
138404,single_train,single,non-extractive
134093,single_train,single,multi-span
134090,single_train,single,multi-span
134092,single_train,single,image-span
134091,single_train,single,non-extractive
134094,single_train,single,non-extractive
134095,single_train,single,image-span
134088,single_train,single,image-span
13124,single_train,single,image-span
13122,single_train,single,multi-span
13123,single_train,single,non-extractive
13121,single_train,single,question-span
13120,single_train,single,image-span
40196,single_train,single,image-span
40198,single_train,single,multi-span
40199,single_train,single,non-extractive
40197,single_train,single,question-span
40202,single_train,single,non-extractive
40200,single_train,single,image-span
120653,single_train,single,image-span
120651,single_train,single,question-span
120656,single_train,single,non-extractive
120649,single_train,single,question-span
120652,single_train,single,image-span
120654,single_train,single,image-span
136670,single_train,single,non-extractive
136673,single_train,single,non-extractive
136675,single_train,single,question-span
136666,single_train,single,multi-span
136664,single_train,single,image-span
136669,single_train,single,multi-span
136667,single_train,single,non-extractive
136665,single_train,single,question-span
136668,single_train,single,image-span
136672,single_train,single,multi-span
80866,single_train,single,non-extractive
80867,single_train,single,image-span
80861,single_train,single,multi-span
80864,single_train,single,question-span
80859,single_train,single,image-span
80865,single_train,single,multi-span
80872,single_train,single,non-extractive
80869,single_train,single,image-span
80862,single_train,single,non-extractive
80868,single_train,single,question-span
80863,single_train,single,image-span
112320,single_train,single,image-span
112319,single_train,single,question-span
112317,single_train,single,non-extractive
112321,single_train,single,question-span
112314,single_train,single,image-span
112315,single_train,single,question-span
112316,single_train,single,multi-span
112318,single_train,single,image-span
44881,single_train,single,multi-span
44875,single_train,single,non-extractive
44872,single_train,single,image-span
44873,single_train,single,question-span
44874,single_train,single,multi-span
44879,single_train,single,non-extractive
44878,single_train,single,multi-span
44877,single_train,single,question-span
44876,single_train,single,image-span
114876,single_train,single,non-extractive
114881,single_train,single,multi-span
114878,single_train,single,non-extractive
114875,single_train,single,multi-span
114879,single_train,single,image-span
114877,single_train,single,question-span
114874,single_train,single,question-span
114873,single_train,single,image-span
114880,single_train,single,question-span
138530,single_train,single,non-extractive
138532,single_train,single,question-span
138533,single_train,single,non-extractive
138535,single_train,single,non-extractive
138531,single_train,single,image-span
114667,single_train,single,non-extractive
114662,single_train,single,question-span
114663,single_train,single,multi-span
161833,single_train,single,question-span
161827,single_train,single,question-span
161831,single_train,single,multi-span
161832,single_train,single,non-extractive
161830,single_train,single,image-span
161829,single_train,single,non-extractive
161826,single_train,single,image-span
161834,single_train,single,multi-span
161828,single_train,single,multi-span
158450,single_train,single,image-span
158452,single_train,single,multi-span
158457,single_train,single,non-extractive
158460,single_train,single,non-extractive
158456,single_train,single,multi-span
158453,single_train,single,non-extractive
93914,single_train,single,question-span
93917,single_train,single,non-extractive
93911,single_train,single,multi-span
93910,single_train,single,multi-span
93912,single_train,single,question-span
93913,single_train,single,question-span
93915,single_train,single,image-span
93916,single_train,single,image-span
71634,single_train,single,image-span
71633,single_train,single,non-extractive
71632,single_train,single,multi-span
71630,single_train,single,image-span
71631,single_train,single,question-span
155791,single_train,single,non-extractive
155788,single_train,single,non-extractive
155786,single_train,single,question-span
155787,single_train,single,multi-span
155789,single_train,single,image-span
155790,single_train,single,question-span
155785,single_train,single,image-span
27156,single_train,single,multi-span
27165,single_train,single,multi-span
27159,single_train,single,multi-span
27161,single_train,single,question-span
27163,single_train,single,image-span
27162,single_train,single,non-extractive
27158,single_train,single,image-span
27166,single_train,single,non-extractive
27164,single_train,single,question-span
27154,single_train,single,image-span
27160,single_train,single,non-extractive
27155,single_train,single,question-span
27157,single_train,single,non-extractive
26711,single_train,single,multi-span
26708,single_train,single,multi-span
26712,single_train,single,question-span
26709,single_train,single,non-extractive
26710,single_train,single,question-span
26707,single_train,single,image-span
26713,single_train,single,non-extractive
109992,single_train,single,multi-span
109993,single_train,single,non-extractive
109997,single_train,single,non-extractive
109991,single_train,single,image-span
109989,single_train,single,multi-span
109990,single_train,single,non-extractive
109995,single_train,single,question-span
109996,single_train,single,multi-span
122297,single_train,single,multi-span
122303,single_train,single,image-span
122302,single_train,single,image-span
122304,single_train,single,image-span
122305,single_train,single,non-extractive
122300,single_train,single,question-span
122301,single_train,single,image-span
122299,single_train,single,question-span
122306,single_train,single,non-extractive
122298,single_train,single,question-span
122296,single_train,single,multi-span
29040,single_train,single,multi-span
29047,single_train,single,question-span
29044,single_train,single,multi-span
29048,single_train,single,multi-span
29038,single_train,single,image-span
29045,single_train,single,non-extractive
29046,single_train,single,image-span
29039,single_train,single,question-span
29043,single_train,single,question-span
29041,single_train,single,non-extractive
29042,single_train,single,image-span
29049,single_train,single,non-extractive
88738,single_train,single,question-span
88735,single_train,single,multi-span
88741,single_train,single,non-extractive
88734,single_train,single,multi-span
88736,single_train,single,question-span
88737,single_train,single,question-span
88733,single_train,single,multi-span
6012,single_train,single,non-extractive
6007,single_train,single,non-extractive
6004,single_train,single,image-span
6005,single_train,single,question-span
6006,single_train,single,multi-span
6009,single_train,single,non-extractive
104286,single_train,single,non-extractive
92659,single_train,single,image-span
92650,single_train,single,multi-span
92652,single_train,single,question-span
92660,single_train,single,non-extractive
92657,single_train,single,image-span
92655,single_train,single,question-span
92653,single_train,single,question-span
92651,single_train,single,multi-span
92658,single_train,single,image-span
92656,single_train,single,image-span
92654,single_train,single,question-span
92649,single_train,single,multi-span
156742,single_train,single,multi-span
156749,single_train,single,non-extractive
156744,single_train,single,image-span
156743,single_train,single,non-extractive
156745,single_train,single,question-span
63986,single_train,single,non-extractive
63980,single_train,single,question-span
63982,single_train,single,non-extractive
63985,single_train,single,multi-span
63984,single_train,single,question-span
63979,single_train,single,image-span
63983,single_train,single,image-span
63981,single_train,single,multi-span
63989,single_train,single,non-extractive
63988,single_train,single,multi-span
99475,single_train,single,image-span
99481,single_train,single,question-span
99482,single_train,single,multi-span
99477,single_train,single,multi-span
99478,single_train,single,non-extractive
99480,single_train,single,multi-span
99476,single_train,single,question-span
99483,single_train,single,non-extractive
13976,single_train,single,non-extractive
13972,single_train,single,multi-span
13971,single_train,single,question-span
13974,single_train,single,image-span
13970,single_train,single,image-span
122441,single_train,single,multi-span
122448,single_train,single,non-extractive
122440,single_train,single,multi-span
122442,single_train,single,multi-span
122443,single_train,single,question-span
122445,single_train,single,image-span
122447,single_train,single,image-span
122449,single_train,single,non-extractive
122444,single_train,single,question-span
126844,single_train,single,image-span
126853,single_train,single,multi-span
126845,single_train,single,question-span
126846,single_train,single,multi-span
126850,single_train,single,non-extractive
126848,single_train,single,question-span
126851,single_train,single,image-span
126849,single_train,single,multi-span
126847,single_train,single,non-extractive
164592,single_train,single,non-extractive
164590,single_train,single,non-extractive
164588,single_train,single,question-span
164589,single_train,single,multi-span
41229,single_train,single,question-span
41221,single_train,single,image-span
41227,single_train,single,non-extractive
41225,single_train,single,image-span
41224,single_train,single,non-extractive
41222,single_train,single,question-span
41230,single_train,single,non-extractive
41223,single_train,single,multi-span
41226,single_train,single,multi-span
41228,single_train,single,image-span
92980,single_train,single,image-span
92976,single_train,single,question-span
92979,single_train,single,image-span
92975,single_train,single,question-span
92972,single_train,single,multi-span
92974,single_train,single,multi-span
92977,single_train,single,question-span
92981,single_train,single,image-span
92978,single_train,single,question-span
92982,single_train,single,non-extractive
92973,single_train,single,multi-span
100279,single_train,single,non-extractive
100275,single_train,single,non-extractive
100272,single_train,single,image-span
100277,single_train,single,question-span
100278,single_train,single,multi-span
100274,single_train,single,multi-span
100276,single_train,single,image-span
152155,single_train,single,image-span
152152,single_train,single,image-span
152156,single_train,single,non-extractive
152154,single_train,single,multi-span
152153,single_train,single,question-span
29128,single_train,single,image-span
29127,single_train,single,non-extractive
29125,single_train,single,question-span
29132,single_train,single,image-span
29126,single_train,single,multi-span
29124,single_train,single,image-span
29130,single_train,single,multi-span
44213,single_train,single,non-extractive
44209,single_train,single,non-extractive
44207,single_train,single,non-extractive
44212,single_train,single,multi-span
44211,single_train,single,question-span
44205,single_train,single,question-span
44208,single_train,single,question-span
44206,single_train,single,multi-span
44204,single_train,single,image-span
14077,single_train,single,question-span
14078,single_train,single,multi-span
14072,single_train,single,image-span
14080,single_train,single,question-span
14079,single_train,single,image-span
14076,single_train,single,image-span
14073,single_train,single,question-span
14075,single_train,single,non-extractive
14074,single_train,single,multi-span
74696,single_train,single,question-span
74698,single_train,single,non-extractive
74695,single_train,single,image-span
74700,single_train,single,multi-span
74701,single_train,single,non-extractive
74697,single_train,single,multi-span
74699,single_train,single,question-span
73579,single_train,single,image-span
73581,single_train,single,multi-span
73580,single_train,single,question-span
73576,single_train,single,question-span
73577,single_train,single,multi-span
73582,single_train,single,non-extractive
73575,single_train,single,image-span
73578,single_train,single,non-extractive
4868,single_train,single,non-extractive
4863,single_train,single,question-span
4865,single_train,single,non-extractive
4864,single_train,single,multi-span
93196,single_train,single,non-extractive
93189,single_train,single,multi-span
93194,single_train,single,image-span
93191,single_train,single,question-span
93195,single_train,single,image-span
93190,single_train,single,multi-span
93193,single_train,single,question-span
93192,single_train,single,question-span
93197,single_train,single,non-extractive
102416,single_train,single,non-extractive
102415,single_train,single,multi-span
102418,single_train,single,question-span
102417,single_train,single,image-span
102414,single_train,single,image-span
154209,single_train,single,question-span
154208,single_train,single,image-span
154211,single_train,single,non-extractive
154213,single_train,single,question-span
154215,single_train,single,non-extractive
154212,single_train,single,image-span
154214,single_train,single,multi-span
34058,single_train,single,question-span
34059,single_train,single,multi-span
34057,single_train,single,image-span
34053,single_train,single,image-span
34055,single_train,single,multi-span
34060,single_train,single,image-span
34054,single_train,single,question-span
34056,single_train,single,non-extractive
20227,single_train,single,multi-span
20222,single_train,single,question-span
20229,single_train,single,non-extractive
20223,single_train,single,multi-span
20228,single_train,single,non-extractive
20221,single_train,single,image-span
20226,single_train,single,question-span
20225,single_train,single,image-span
20224,single_train,single,non-extractive
28903,single_train,single,image-span
28905,single_train,single,multi-span
28908,single_train,single,multi-span
28904,single_train,single,question-span
28906,single_train,single,non-extractive
28907,single_train,single,question-span
13127,single_train,single,question-span
13130,single_train,single,image-span
13136,single_train,single,non-extractive
13132,single_train,single,non-extractive
13131,single_train,single,multi-span
13133,single_train,single,image-span
13126,single_train,single,image-span
13135,single_train,single,multi-span
13128,single_train,single,multi-span
13129,single_train,single,non-extractive
87694,single_train,single,multi-span
87699,single_train,single,image-span
87695,single_train,single,question-span
87698,single_train,single,image-span
87700,single_train,single,non-extractive
87696,single_train,single,question-span
87701,single_train,single,non-extractive
87697,single_train,single,image-span
121432,single_train,single,multi-span
121431,single_train,single,multi-span
121440,single_train,single,non-extractive
121433,single_train,single,multi-span
121439,single_train,single,image-span
121442,single_train,single,non-extractive
121438,single_train,single,image-span
121434,single_train,single,question-span
121437,single_train,single,image-span
91300,single_train,single,image-span
91303,single_train,single,non-extractive
91294,single_train,single,multi-span
91302,single_train,single,non-extractive
91299,single_train,single,image-span
91296,single_train,single,question-span
91293,single_train,single,multi-span
91295,single_train,single,multi-span
91298,single_train,single,question-span
91301,single_train,single,image-span
91297,single_train,single,question-span
98327,single_train,single,image-span
98324,single_train,single,image-span
98333,single_train,single,non-extractive
98326,single_train,single,multi-span
106136,single_train,single,non-extractive
106141,single_train,single,non-extractive
106139,single_train,single,question-span
106138,single_train,single,image-span
106140,single_train,single,multi-span
133298,single_train,single,image-span
133296,single_train,single,question-span
133295,single_train,single,image-span
133297,single_train,single,multi-span
133301,single_train,single,non-extractive
99773,single_train,single,image-span
99777,single_train,single,non-extractive
99776,single_train,single,question-span
99775,single_train,single,multi-span
99774,single_train,single,question-span
68846,single_train,single,image-span
68847,single_train,single,multi-span
68844,single_train,single,multi-span
68842,single_train,single,image-span
68843,single_train,single,question-span
68848,single_train,single,non-extractive
68851,single_train,single,multi-span
106006,single_train,single,non-extractive
106004,single_train,single,image-span
106002,single_train,single,question-span
106003,single_train,single,non-extractive
106001,single_train,single,image-span
106007,single_train,single,image-span
106005,single_train,single,question-span
138193,single_train,single,multi-span
138194,single_train,single,non-extractive
138197,single_train,single,non-extractive
138192,single_train,single,image-span
11829,single_train,single,question-span
11828,single_train,single,image-span
11825,single_train,single,question-span
11826,single_train,single,multi-span
11827,single_train,single,non-extractive
11830,single_train,single,multi-span
11834,single_train,single,multi-span
11824,single_train,single,image-span
11831,single_train,single,non-extractive
19905,single_train,single,non-extractive
19899,single_train,single,image-span
19902,single_train,single,non-extractive
19901,single_train,single,multi-span
92772,single_train,single,question-span
92778,single_train,single,non-extractive
92773,single_train,single,question-span
92776,single_train,single,image-span
92779,single_train,single,non-extractive
92777,single_train,single,non-extractive
92775,single_train,single,image-span
104484,single_train,single,image-span
104485,single_train,single,question-span
104487,single_train,single,non-extractive
104490,single_train,single,multi-span
104495,single_train,single,non-extractive
104489,single_train,single,question-span
104492,single_train,single,image-span
104491,single_train,single,non-extractive
104494,single_train,single,multi-span
104488,single_train,single,image-span
104493,single_train,single,question-span
104486,single_train,single,multi-span
31906,single_train,single,non-extractive
31904,single_train,single,question-span
31913,single_train,single,non-extractive
31908,single_train,single,multi-span
31903,single_train,single,image-span
31905,single_train,single,multi-span
31909,single_train,single,non-extractive
31907,single_train,single,image-span
154955,single_train,single,non-extractive
154952,single_train,single,image-span
154954,single_train,single,multi-span
154957,single_train,single,question-span
154958,single_train,single,multi-span
25482,single_train,single,multi-span
25486,single_train,single,non-extractive
25485,single_train,single,multi-span
25489,single_train,single,non-extractive
25483,single_train,single,non-extractive
25484,single_train,single,question-span
25480,single_train,single,image-span
25487,single_train,single,image-span
25488,single_train,single,question-span
10513,single_train,single,image-span
10514,single_train,single,question-span
10519,single_train,single,multi-span
10520,single_train,single,non-extractive
10517,single_train,single,image-span
10515,single_train,single,multi-span
10516,single_train,single,non-extractive
10518,single_train,single,question-span
93921,single_train,single,question-span
93922,single_train,single,image-span
93919,single_train,single,question-span
93918,single_train,single,multi-span
93920,single_train,single,question-span
93924,single_train,single,non-extractive
146886,single_train,single,image-span
146884,single_train,single,multi-span
146888,single_train,single,non-extractive
146883,single_train,single,image-span
146885,single_train,single,non-extractive
146879,single_train,single,image-span
146880,single_train,single,question-span
146887,single_train,single,multi-span
146882,single_train,single,non-extractive
146881,single_train,single,multi-span
128120,single_train,single,image-span
128123,single_train,single,non-extractive
160028,single_train,single,question-span
160030,single_train,single,multi-span
160025,single_train,single,image-span
160029,single_train,single,multi-span
160027,single_train,single,non-extractive
160026,single_train,single,multi-span
125940,single_train,single,image-span
125941,single_train,single,multi-span
125942,single_train,single,image-span
125944,single_train,single,multi-span
125936,single_train,single,image-span
125938,single_train,single,multi-span
125943,single_train,single,question-span
125939,single_train,single,non-extractive
125946,single_train,single,question-span
110976,single_train,single,non-extractive
110975,single_train,single,multi-span
110969,single_train,single,image-span
110970,single_train,single,question-span
110974,single_train,single,question-span
110980,single_train,single,non-extractive
110972,single_train,single,non-extractive
102448,single_train,single,multi-span
102447,single_train,single,question-span
102449,single_train,single,non-extractive
102450,single_train,single,image-span
21665,single_train,single,question-span
21668,single_train,single,image-span
21670,single_train,single,multi-span
21667,single_train,single,non-extractive
21669,single_train,single,question-span
21671,single_train,single,non-extractive
21675,single_train,single,non-extractive
21664,single_train,single,image-span
21666,single_train,single,multi-span
131832,single_train,single,multi-span
131834,single_train,single,non-extractive
131826,single_train,single,image-span
131830,single_train,single,image-span
131833,single_train,single,image-span
78338,single_train,single,non-extractive
78334,single_train,single,non-extractive
78333,single_train,single,question-span
78331,single_train,single,non-extractive
78335,single_train,single,image-span
78332,single_train,single,image-span
78329,single_train,single,question-span
78328,single_train,single,image-span
78330,single_train,single,multi-span
78337,single_train,single,multi-span
156762,single_train,single,non-extractive
156763,single_train,single,question-span
156765,single_train,single,image-span
156761,single_train,single,multi-span
156759,single_train,single,image-span
156764,single_train,single,multi-span
156768,single_train,single,non-extractive
102224,single_train,single,question-span
102218,single_train,single,multi-span
102217,single_train,single,question-span
102223,single_train,single,image-span
102216,single_train,single,image-span
102225,single_train,single,multi-span
102222,single_train,single,non-extractive
103405,single_train,single,image-span
103402,single_train,single,question-span
103400,single_train,single,non-extractive
103406,single_train,single,question-span
103403,single_train,single,multi-span
103401,single_train,single,image-span
103399,single_train,single,multi-span
103398,single_train,single,question-span
103404,single_train,single,non-extractive
103408,single_train,single,non-extractive
81730,single_train,single,image-span
81738,single_train,single,question-span
81735,single_train,single,question-span
81737,single_train,single,image-span
81733,single_train,single,non-extractive
81739,single_train,single,multi-span
81736,single_train,single,multi-span
81732,single_train,single,multi-span
81740,single_train,single,non-extractive
81734,single_train,single,image-span
81731,single_train,single,question-span
146894,single_train,single,image-span
146897,single_train,single,image-span
146898,single_train,single,question-span
146895,single_train,single,multi-span
146896,single_train,single,non-extractive
102278,single_train,single,image-span
102281,single_train,single,non-extractive
160947,single_train,single,question-span
160945,single_train,single,non-extractive
160946,single_train,single,image-span
160948,single_train,single,multi-span
160943,single_train,single,question-span
160942,single_train,single,image-span
160944,single_train,single,multi-span
21975,single_train,single,image-span
21981,single_train,single,non-extractive
21984,single_train,single,multi-span
21976,single_train,single,question-span
21977,single_train,single,multi-span
21980,single_train,single,question-span
21978,single_train,single,non-extractive
21979,single_train,single,image-span
127968,single_train,single,question-span
127969,single_train,single,multi-span
127970,single_train,single,non-extractive
127973,single_train,single,non-extractive
96748,single_train,single,multi-span
96752,single_train,single,image-span
96753,single_train,single,image-span
96751,single_train,single,question-span
42578,single_train,single,question-span
42580,single_train,single,non-extractive
42581,single_train,single,image-span
42585,single_train,single,multi-span
42583,single_train,single,non-extractive
42579,single_train,single,multi-span
42577,single_train,single,image-span
42586,single_train,single,non-extractive
42582,single_train,single,multi-span
42584,single_train,single,image-span
111568,single_train,single,question-span
111573,single_train,single,non-extractive
111570,single_train,single,non-extractive
111569,single_train,single,multi-span
111567,single_train,single,image-span
111571,single_train,single,image-span
69857,single_train,single,image-span
69860,single_train,single,image-span
69862,single_train,single,non-extractive
69856,single_train,single,non-extractive
69854,single_train,single,image-span
69855,single_train,single,multi-span
69861,single_train,single,question-span
68472,single_train,single,image-span
68473,single_train,single,question-span
68470,single_train,single,multi-span
68468,single_train,single,image-span
68471,single_train,single,non-extractive
68477,single_train,single,question-span
68469,single_train,single,question-span
68479,single_train,single,non-extractive
68475,single_train,single,non-extractive
68474,single_train,single,multi-span
24717,single_train,single,multi-span
24718,single_train,single,non-extractive
24719,single_train,single,question-span
24716,single_train,single,question-span
24715,single_train,single,image-span
107716,single_train,single,non-extractive
107713,single_train,single,image-span
107715,single_train,single,multi-span
107718,single_train,single,question-span
107714,single_train,single,question-span
107720,single_train,single,non-extractive
89404,single_train,single,image-span
89407,single_train,single,non-extractive
89400,single_train,single,multi-span
89401,single_train,single,question-span
89406,single_train,single,image-span
89399,single_train,single,multi-span
89402,single_train,single,question-span
89398,single_train,single,multi-span
89405,single_train,single,image-span
89403,single_train,single,question-span
3474,single_train,single,non-extractive
3467,single_train,single,multi-span
3469,single_train,single,image-span
3472,single_train,single,question-span
3471,single_train,single,non-extractive
3470,single_train,single,multi-span
3468,single_train,single,non-extractive
3465,single_train,single,image-span
3466,single_train,single,question-span
75080,single_train,single,non-extractive
75073,single_train,single,multi-span
75072,single_train,single,question-span
75077,single_train,single,non-extractive
75074,single_train,single,non-extractive
75076,single_train,single,multi-span
75078,single_train,single,image-span
75075,single_train,single,image-span
75079,single_train,single,multi-span
156307,single_train,single,non-extractive
156312,single_train,single,image-span
156311,single_train,single,non-extractive
156309,single_train,single,question-span
156304,single_train,single,image-span
156308,single_train,single,image-span
156313,single_train,single,multi-span
156305,single_train,single,question-span
156310,single_train,single,multi-span
127471,single_train,single,question-span
127473,single_train,single,non-extractive
127470,single_train,single,image-span
127467,single_train,single,question-span
127468,single_train,single,multi-span
127466,single_train,single,image-span
127472,single_train,single,multi-span
127469,single_train,single,non-extractive
127477,single_train,single,non-extractive
124877,single_train,single,question-span
124881,single_train,single,image-span
124878,single_train,single,question-span
124880,single_train,single,image-span
124882,single_train,single,image-span
124875,single_train,single,multi-span
124879,single_train,single,question-span
124876,single_train,single,multi-span
88621,single_train,single,question-span
88620,single_train,single,multi-span
88623,single_train,single,image-span
153992,single_train,single,image-span
153998,single_train,single,non-extractive
153993,single_train,single,multi-span
153997,single_train,single,multi-span
153996,single_train,single,question-span
153994,single_train,single,non-extractive
153995,single_train,single,image-span
97906,single_train,single,question-span
97907,single_train,single,multi-span
97902,single_train,single,question-span
97901,single_train,single,image-span
97911,single_train,single,multi-span
97905,single_train,single,image-span
97903,single_train,single,multi-span
159620,single_train,single,multi-span
159616,single_train,single,multi-span
159619,single_train,single,question-span
159618,single_train,single,image-span
159614,single_train,single,image-span
159615,single_train,single,question-span
159617,single_train,single,non-extractive
28489,single_train,single,question-span
28490,single_train,single,non-extractive
28488,single_train,single,image-span
28485,single_train,single,question-span
28486,single_train,single,multi-span
28487,single_train,single,non-extractive
28484,single_train,single,image-span
23229,single_train,single,multi-span
23233,single_train,single,multi-span
23228,single_train,single,image-span
23232,single_train,single,question-span
23230,single_train,single,non-extractive
23234,single_train,single,non-extractive
91053,single_train,single,multi-span
91051,single_train,single,multi-span
91054,single_train,single,question-span
91058,single_train,single,image-span
91059,single_train,single,image-span
91060,single_train,single,non-extractive
91062,single_train,single,non-extractive
91052,single_train,single,multi-span
91056,single_train,single,question-span
91061,single_train,single,non-extractive
91057,single_train,single,image-span
91055,single_train,single,question-span
145269,single_train,single,image-span
145278,single_train,single,non-extractive
145270,single_train,single,question-span
145273,single_train,single,image-span
145274,single_train,single,non-extractive
145272,single_train,single,non-extractive
145271,single_train,single,multi-span
153183,single_train,single,multi-span
153176,single_train,single,question-span
153177,single_train,single,multi-span
153178,single_train,single,non-extractive
153175,single_train,single,image-span
153181,single_train,single,non-extractive
153179,single_train,single,image-span
153180,single_train,single,question-span
153182,single_train,single,question-span
153184,single_train,single,question-span
15770,single_train,single,question-span
15771,single_train,single,multi-span
15769,single_train,single,image-span
15773,single_train,single,image-span
112378,single_train,single,question-span
112382,single_train,single,question-span
112381,single_train,single,image-span
112383,single_train,single,non-extractive
112377,single_train,single,image-span
112379,single_train,single,multi-span
153208,single_train,single,question-span
153207,single_train,single,image-span
153210,single_train,single,non-extractive
153211,single_train,single,multi-span
153212,single_train,single,non-extractive
153209,single_train,single,multi-span
88817,single_train,single,question-span
88816,single_train,single,question-span
88818,single_train,single,question-span
88821,single_train,single,image-span
88815,single_train,single,multi-span
13176,single_train,single,image-span
13172,single_train,single,image-span
13178,single_train,single,multi-span
13177,single_train,single,question-span
13181,single_train,single,question-span
13173,single_train,single,question-span
74808,single_train,single,question-span
74812,single_train,single,non-extractive
74807,single_train,single,image-span
74813,single_train,single,image-span
74809,single_train,single,multi-span
74810,single_train,single,non-extractive
74811,single_train,single,image-span
74792,single_train,single,image-span
74789,single_train,single,image-span
74794,single_train,single,multi-span
74790,single_train,single,multi-span
74795,single_train,single,non-extractive
74791,single_train,single,non-extractive
74793,single_train,single,question-span
151013,single_train,single,question-span
151012,single_train,single,image-span
151014,single_train,single,multi-span
151015,single_train,single,non-extractive
151019,single_train,single,non-extractive
151017,single_train,single,question-span
28556,single_train,single,non-extractive
28551,single_train,single,non-extractive
28549,single_train,single,question-span
28550,single_train,single,multi-span
28548,single_train,single,image-span
15376,single_train,single,question-span
15373,single_train,single,multi-span
15368,single_train,single,question-span
15377,single_train,single,multi-span
15369,single_train,single,multi-span
15370,single_train,single,non-extractive
15371,single_train,single,image-span
15374,single_train,single,non-extractive
15378,single_train,single,non-extractive
15367,single_train,single,image-span
156778,single_train,single,image-span
156781,single_train,single,multi-span
156782,single_train,single,image-span
156780,single_train,single,question-span
66945,single_train,single,non-extractive
66943,single_train,single,question-span
66949,single_train,single,non-extractive
66942,single_train,single,image-span
104593,single_train,single,non-extractive
104588,single_train,single,question-span
104589,single_train,single,multi-span
104587,single_train,single,image-span
104591,single_train,single,question-span
147896,single_train,single,non-extractive
147900,single_train,single,non-extractive
147894,single_train,single,question-span
147895,single_train,single,multi-span
147893,single_train,single,image-span
32677,single_train,single,question-span
32681,single_train,single,question-span
32684,single_train,single,question-span
32676,single_train,single,image-span
32678,single_train,single,multi-span
32679,single_train,single,non-extractive
32682,single_train,single,multi-span
32680,single_train,single,image-span
32685,single_train,single,multi-span
142787,single_train,single,image-span
142785,single_train,single,multi-span
142788,single_train,single,multi-span
142790,single_train,single,image-span
142786,single_train,single,non-extractive
142784,single_train,single,question-span
142795,single_train,single,multi-span
142793,single_train,single,image-span
142783,single_train,single,image-span
142791,single_train,single,question-span
142794,single_train,single,question-span
142792,single_train,single,multi-span
142789,single_train,single,non-extractive
23720,single_train,single,non-extractive
23717,single_train,single,image-span
23727,single_train,single,image-span
23726,single_train,single,multi-span
23722,single_train,single,question-span
23724,single_train,single,non-extractive
23721,single_train,single,image-span
23719,single_train,single,multi-span
35308,single_train,single,multi-span
35304,single_train,single,question-span
35307,single_train,single,image-span
35305,single_train,single,multi-span
35309,single_train,single,non-extractive
35311,single_train,single,non-extractive
35303,single_train,single,image-span
35306,single_train,single,non-extractive
35310,single_train,single,question-span
114744,single_train,single,non-extractive
114741,single_train,single,image-span
114739,single_train,single,question-span
114747,single_train,single,multi-span
114740,single_train,single,multi-span
114742,single_train,single,question-span
114746,single_train,single,question-span
114745,single_train,single,image-span
114743,single_train,single,multi-span
114738,single_train,single,image-span
155370,single_train,single,image-span
155368,single_train,single,multi-span
155367,single_train,single,question-span
155371,single_train,single,multi-span
155369,single_train,single,non-extractive
155372,single_train,single,image-span
72817,single_train,single,image-span
72823,single_train,single,multi-span
72821,single_train,single,image-span
72819,single_train,single,multi-span
72818,single_train,single,question-span
72820,single_train,single,non-extractive
72824,single_train,single,non-extractive
157822,single_train,single,question-span
157817,single_train,single,non-extractive
157825,single_train,single,image-span
157823,single_train,single,multi-span
157820,single_train,single,multi-span
157819,single_train,single,question-span
157821,single_train,single,image-span
157815,single_train,single,image-span
157826,single_train,single,question-span
157824,single_train,single,non-extractive
157816,single_train,single,multi-span
4518,single_train,single,multi-span
4515,single_train,single,image-span
4516,single_train,single,question-span
4517,single_train,single,question-span
4513,single_train,single,multi-span
4511,single_train,single,image-span
4514,single_train,single,non-extractive
4512,single_train,single,question-span
111193,single_train,single,question-span
111195,single_train,single,non-extractive
121998,single_train,single,question-span
121993,single_train,single,multi-span
121999,single_train,single,image-span
121997,single_train,single,question-span
122001,single_train,single,non-extractive
121996,single_train,single,question-span
121994,single_train,single,multi-span
121995,single_train,single,multi-span
119991,single_train,single,multi-span
119996,single_train,single,image-span
119997,single_train,single,image-span
119995,single_train,single,image-span
119992,single_train,single,question-span
119989,single_train,single,multi-span
119994,single_train,single,question-span
119990,single_train,single,multi-span
15309,single_train,single,image-span
15316,single_train,single,non-extractive
15314,single_train,single,question-span
15310,single_train,single,question-span
15313,single_train,single,image-span
15312,single_train,single,non-extractive
15311,single_train,single,multi-span
152432,single_train,single,non-extractive
152429,single_train,single,image-span
152425,single_train,single,image-span
152426,single_train,single,question-span
152428,single_train,single,non-extractive
152427,single_train,single,multi-span
69890,single_train,single,non-extractive
69889,single_train,single,multi-span
69892,single_train,single,non-extractive
69888,single_train,single,question-span
130148,single_train,single,image-span
130146,single_train,single,image-span
130141,single_train,single,multi-span
130149,single_train,single,question-span
130140,single_train,single,image-span
130142,single_train,single,non-extractive
130144,single_train,single,question-span
130147,single_train,single,question-span
34114,single_train,single,multi-span
34116,single_train,single,image-span
34112,single_train,single,image-span
34113,single_train,single,question-span
34117,single_train,single,question-span
34115,single_train,single,non-extractive
34118,single_train,single,multi-span
4610,single_train,single,question-span
4611,single_train,single,multi-span
4609,single_train,single,image-span
4614,single_train,single,question-span
161495,single_train,single,multi-span
161496,single_train,single,non-extractive
161493,single_train,single,non-extractive
161490,single_train,single,image-span
161494,single_train,single,image-span
159292,single_train,single,non-extractive
159291,single_train,single,multi-span
159289,single_train,single,image-span
11903,single_train,single,non-extractive
11901,single_train,single,question-span
11902,single_train,single,multi-span
11900,single_train,single,image-span
16804,single_train,single,multi-span
16803,single_train,single,question-span
16809,single_train,single,image-span
16802,single_train,single,image-span
16806,single_train,single,image-span
16805,single_train,single,non-extractive
16808,single_train,single,non-extractive
16812,single_train,single,non-extractive
75764,single_train,single,non-extractive
75759,single_train,single,question-span
75762,single_train,single,image-span
75761,single_train,single,non-extractive
75758,single_train,single,image-span
75760,single_train,single,multi-span
75357,single_train,single,question-span
75356,single_train,single,multi-span
75354,single_train,single,image-span
75358,single_train,single,non-extractive
75352,single_train,single,multi-span
75351,single_train,single,image-span
75355,single_train,single,question-span
75353,single_train,single,non-extractive
152754,single_train,single,multi-span
152752,single_train,single,image-span
152758,single_train,single,non-extractive
152753,single_train,single,question-span
152756,single_train,single,question-span
152755,single_train,single,non-extractive
97033,single_train,single,question-span
97030,single_train,single,multi-span
97031,single_train,single,multi-span
97036,single_train,single,image-span
97032,single_train,single,question-span
97029,single_train,single,multi-span
159638,single_train,single,non-extractive
159634,single_train,single,question-span
159635,single_train,single,image-span
159629,single_train,single,image-span
115281,single_train,single,question-span
115285,single_train,single,non-extractive
115288,single_train,single,multi-span
115287,single_train,single,question-span
115280,single_train,single,image-span
115282,single_train,single,multi-span
104887,single_train,single,multi-span
138313,single_train,single,question-span
138310,single_train,single,multi-span
138309,single_train,single,question-span
138312,single_train,single,image-span
138308,single_train,single,image-span
138314,single_train,single,multi-span
138315,single_train,single,non-extractive
138311,single_train,single,non-extractive
33795,single_train,single,non-extractive
33790,single_train,single,multi-span
33789,single_train,single,question-span
33788,single_train,single,image-span
72712,single_train,single,multi-span
72719,single_train,single,non-extractive
72715,single_train,single,multi-span
72714,single_train,single,image-span
72713,single_train,single,non-extractive
72718,single_train,single,multi-span
72717,single_train,single,image-span
72716,single_train,single,non-extractive
104388,single_train,single,image-span
104382,single_train,single,multi-span
104389,single_train,single,question-span
104386,single_train,single,multi-span
104384,single_train,single,image-span
104387,single_train,single,non-extractive
104381,single_train,single,image-span
104383,single_train,single,non-extractive
164452,single_train,single,image-span
164457,single_train,single,non-extractive
164455,single_train,single,non-extractive
164454,single_train,single,multi-span
164456,single_train,single,image-span
163622,single_train,single,non-extractive
163624,single_train,single,question-span
163620,single_train,single,question-span
163621,single_train,single,multi-span
163625,single_train,single,non-extractive
163627,single_train,single,question-span
163623,single_train,single,image-span
163619,single_train,single,image-span
163628,single_train,single,multi-span
163629,single_train,single,non-extractive
6941,single_train,single,non-extractive
6938,single_train,single,image-span
6945,single_train,single,non-extractive
6934,single_train,single,image-span
6940,single_train,single,multi-span
6939,single_train,single,question-span
6944,single_train,single,multi-span
6935,single_train,single,question-span
6936,single_train,single,multi-span
6937,single_train,single,non-extractive
15122,single_train,single,non-extractive
15111,single_train,single,image-span
15119,single_train,single,image-span
15116,single_train,single,question-span
15114,single_train,single,non-extractive
15112,single_train,single,question-span
15118,single_train,single,non-extractive
15115,single_train,single,image-span
15120,single_train,single,question-span
15121,single_train,single,multi-span
15113,single_train,single,multi-span
124247,single_train,single,image-span
124242,single_train,single,multi-span
124243,single_train,single,multi-span
124246,single_train,single,image-span
124245,single_train,single,question-span
124241,single_train,single,multi-span
124248,single_train,single,image-span
124244,single_train,single,question-span
35030,single_train,single,non-extractive
35029,single_train,single,multi-span
35033,single_train,single,image-span
35031,single_train,single,image-span
35027,single_train,single,image-span
35032,single_train,single,non-extractive
35028,single_train,single,question-span
17888,single_train,single,image-span
17887,single_train,single,multi-span
17886,single_train,single,question-span
102957,single_train,single,question-span
102960,single_train,single,image-span
102963,single_train,single,non-extractive
102959,single_train,single,non-extractive
102962,single_train,single,multi-span
102954,single_train,single,question-span
102953,single_train,single,image-span
119484,single_train,single,multi-span
119487,single_train,single,question-span
119486,single_train,single,question-span
119488,single_train,single,image-span
119483,single_train,single,multi-span
119485,single_train,single,question-span
31295,single_train,single,question-span
31292,single_train,single,question-span
31291,single_train,single,image-span
31294,single_train,single,image-span
31293,single_train,single,multi-span
119607,single_train,single,multi-span
119606,single_train,single,multi-span
119608,single_train,single,multi-span
119609,single_train,single,question-span
119610,single_train,single,image-span
143752,single_train,single,non-extractive
143754,single_train,single,question-span
143746,single_train,single,question-span
143755,single_train,single,multi-span
143750,single_train,single,question-span
143747,single_train,single,multi-span
143756,single_train,single,non-extractive
143753,single_train,single,image-span
143751,single_train,single,multi-span
43653,single_train,single,question-span
43651,single_train,single,non-extractive
43650,single_train,single,multi-span
43647,single_train,single,multi-span
43649,single_train,single,question-span
43645,single_train,single,image-span
43654,single_train,single,multi-span
43648,single_train,single,non-extractive
43646,single_train,single,question-span
42290,single_train,single,image-span
42292,single_train,single,multi-span
42296,single_train,single,multi-span
42297,single_train,single,non-extractive
42294,single_train,single,image-span
42293,single_train,single,non-extractive
42291,single_train,single,question-span
158100,single_train,single,image-span
158105,single_train,single,multi-span
158106,single_train,single,non-extractive
158108,single_train,single,question-span
158101,single_train,single,question-span
158109,single_train,single,multi-span
158107,single_train,single,image-span
158104,single_train,single,question-span
109043,single_train,single,image-span
109044,single_train,single,multi-span
109041,single_train,single,multi-span
109045,single_train,single,non-extractive
109042,single_train,single,non-extractive
153378,single_train,single,non-extractive
153377,single_train,single,question-span
153366,single_train,single,multi-span
153376,single_train,single,image-span
153371,single_train,single,non-extractive
153372,single_train,single,image-span
153368,single_train,single,image-span
153365,single_train,single,question-span
153367,single_train,single,non-extractive
153375,single_train,single,non-extractive
153373,single_train,single,question-span
153374,single_train,single,multi-span
153369,single_train,single,question-span
153370,single_train,single,multi-span
153364,single_train,single,image-span
125691,single_train,single,multi-span
125692,single_train,single,non-extractive
81853,single_train,single,image-span
81854,single_train,single,multi-span
81851,single_train,single,question-span
81858,single_train,single,multi-span
81859,single_train,single,non-extractive
81850,single_train,single,image-span
81857,single_train,single,question-span
81171,single_train,single,non-extractive
81170,single_train,single,question-span
81168,single_train,single,non-extractive
81172,single_train,single,image-span
81169,single_train,single,image-span
81167,single_train,single,multi-span
81165,single_train,single,image-span
67590,single_train,single,question-span
67591,single_train,single,multi-span
67594,single_train,single,multi-span
67593,single_train,single,question-span
67595,single_train,single,non-extractive
67592,single_train,single,non-extractive
67589,single_train,single,image-span
12096,single_train,single,non-extractive
12097,single_train,single,question-span
12099,single_train,single,question-span
12098,single_train,single,image-span
12100,single_train,single,multi-span
12093,single_train,single,image-span
12102,single_train,single,image-span
12103,single_train,single,non-extractive
12101,single_train,single,non-extractive
12094,single_train,single,question-span
12095,single_train,single,multi-span
16715,single_train,single,non-extractive
16716,single_train,single,image-span
16712,single_train,single,non-extractive
16711,single_train,single,multi-span
16714,single_train,single,multi-span
16710,single_train,single,question-span
16709,single_train,single,image-span
16719,single_train,single,non-extractive
81252,single_train,single,non-extractive
81246,single_train,single,image-span
81248,single_train,single,non-extractive
81247,single_train,single,multi-span
107142,single_train,single,question-span
107144,single_train,single,non-extractive
107146,single_train,single,multi-span
107148,single_train,single,image-span
107147,single_train,single,non-extractive
107141,single_train,single,image-span
107145,single_train,single,question-span
107149,single_train,single,question-span
107151,single_train,single,non-extractive
107143,single_train,single,multi-span
24671,single_train,single,multi-span
24670,single_train,single,question-span
24673,single_train,single,question-span
24677,single_train,single,non-extractive
24674,single_train,single,multi-span
24678,single_train,single,image-span
24680,single_train,single,non-extractive
24679,single_train,single,question-span
24676,single_train,single,multi-span
24669,single_train,single,image-span
24672,single_train,single,non-extractive
24675,single_train,single,non-extractive
163983,single_train,single,question-span
163982,single_train,single,multi-span
163979,single_train,single,multi-span
163980,single_train,single,non-extractive
163984,single_train,single,multi-span
163981,single_train,single,image-span
77199,single_train,single,image-span
77201,single_train,single,multi-span
77202,single_train,single,non-extractive
77206,single_train,single,non-extractive
77200,single_train,single,question-span
156320,single_train,single,question-span
156321,single_train,single,multi-span
156317,single_train,single,multi-span
156322,single_train,single,non-extractive
156315,single_train,single,image-span
156319,single_train,single,image-span
156318,single_train,single,non-extractive
66838,single_train,single,question-span
66847,single_train,single,non-extractive
66837,single_train,single,image-span
66840,single_train,single,non-extractive
66845,single_train,single,question-span
66841,single_train,single,question-span
66842,single_train,single,multi-span
66843,single_train,single,non-extractive
66839,single_train,single,multi-span
11035,single_train,single,question-span
11042,single_train,single,non-extractive
11036,single_train,single,multi-span
11038,single_train,single,non-extractive
11041,single_train,single,multi-span
11034,single_train,single,image-span
11037,single_train,single,question-span
93741,single_train,single,image-span
93737,single_train,single,question-span
93740,single_train,single,image-span
93733,single_train,single,multi-span
93732,single_train,single,multi-span
93734,single_train,single,multi-span
93736,single_train,single,question-span
93738,single_train,single,question-span
28452,single_train,single,multi-span
28457,single_train,single,non-extractive
28450,single_train,single,non-extractive
28454,single_train,single,image-span
28449,single_train,single,multi-span
28451,single_train,single,image-span
28453,single_train,single,non-extractive
28447,single_train,single,image-span
12497,single_train,single,question-span
12500,single_train,single,image-span
12502,single_train,single,multi-span
12503,single_train,single,non-extractive
12496,single_train,single,image-span
12498,single_train,single,multi-span
12499,single_train,single,non-extractive
74586,single_train,single,image-span
74582,single_train,single,image-span
74585,single_train,single,non-extractive
74583,single_train,single,question-span
74587,single_train,single,non-extractive
74584,single_train,single,multi-span
150633,single_train,single,image-span
150634,single_train,single,question-span
150629,single_train,single,image-span
150640,single_train,single,non-extractive
150630,single_train,single,question-span
150635,single_train,single,multi-span
150638,single_train,single,question-span
38908,single_train,single,non-extractive
38904,single_train,single,question-span
38905,single_train,single,multi-span
38903,single_train,single,image-span
38906,single_train,single,non-extractive
148354,single_train,single,image-span
148356,single_train,single,multi-span
148351,single_train,single,question-span
148355,single_train,single,question-span
148350,single_train,single,image-span
148352,single_train,single,multi-span
148357,single_train,single,image-span
148353,single_train,single,non-extractive
78327,single_train,single,multi-span
78321,single_train,single,non-extractive
78323,single_train,single,question-span
78320,single_train,single,multi-span
78318,single_train,single,image-span
78325,single_train,single,image-span
78324,single_train,single,non-extractive
78322,single_train,single,image-span
78319,single_train,single,question-span
144065,single_train,single,image-span
144067,single_train,single,multi-span
144074,single_train,single,question-span
144072,single_train,single,non-extractive
144075,single_train,single,multi-span
144073,single_train,single,image-span
144066,single_train,single,question-span
8025,single_train,single,multi-span
8022,single_train,single,multi-span
8028,single_train,single,non-extractive
8023,single_train,single,non-extractive
8020,single_train,single,image-span
8026,single_train,single,question-span
8024,single_train,single,question-span
8021,single_train,single,question-span
68296,single_train,single,multi-span
68301,single_train,single,non-extractive
68298,single_train,single,image-span
126345,single_train,single,image-span
126346,single_train,single,multi-span
126342,single_train,single,question-span
126344,single_train,single,non-extractive
126341,single_train,single,image-span
126347,single_train,single,non-extractive
126343,single_train,single,multi-span
128281,single_train,single,image-span
128282,single_train,single,question-span
128278,single_train,single,question-span
128277,single_train,single,non-extractive
128279,single_train,single,multi-span
128276,single_train,single,multi-span
128283,single_train,single,multi-span
128275,single_train,single,question-span
128274,single_train,single,image-span
127960,single_train,single,image-span
127961,single_train,single,question-span
127962,single_train,single,multi-span
127959,single_train,single,non-extractive
127963,single_train,single,non-extractive
127958,single_train,single,multi-span
3900,single_train,single,non-extractive
3903,single_train,single,non-extractive
3901,single_train,single,image-span
3897,single_train,single,image-span
3898,single_train,single,question-span
3902,single_train,single,multi-span
150546,single_train,single,image-span
150547,single_train,single,question-span
150552,single_train,single,non-extractive
150549,single_train,single,non-extractive
150548,single_train,single,multi-span
125208,single_train,single,question-span
125210,single_train,single,image-span
125209,single_train,single,image-span
125205,single_train,single,multi-span
125211,single_train,single,image-span
125212,single_train,single,non-extractive
125207,single_train,single,question-span
125206,single_train,single,multi-span
99699,single_train,single,image-span
99701,single_train,single,multi-span
99703,single_train,single,image-span
99702,single_train,single,non-extractive
99704,single_train,single,non-extractive
99700,single_train,single,question-span
34779,single_train,single,question-span
34781,single_train,single,non-extractive
34777,single_train,single,non-extractive
34774,single_train,single,image-span
34778,single_train,single,image-span
34776,single_train,single,multi-span
34775,single_train,single,question-span
34780,single_train,single,multi-span
66938,single_train,single,non-extractive
66936,single_train,single,question-span
66940,single_train,single,question-span
66939,single_train,single,image-span
66935,single_train,single,image-span
66941,single_train,single,multi-span
18701,single_train,single,question-span
18702,single_train,single,multi-span
74989,single_train,single,non-extractive
74992,single_train,single,non-extractive
74987,single_train,single,question-span
74988,single_train,single,multi-span
74986,single_train,single,image-span
131383,single_train,single,non-extractive
131385,single_train,single,question-span
131382,single_train,single,multi-span
131388,single_train,single,image-span
131381,single_train,single,image-span
131387,single_train,single,non-extractive
131386,single_train,single,multi-span
131384,single_train,single,image-span
137865,single_train,single,non-extractive
137860,single_train,single,multi-span
137864,single_train,single,multi-span
137862,single_train,single,image-span
137861,single_train,single,non-extractive
137869,single_train,single,non-extractive
137868,single_train,single,multi-span
137859,single_train,single,question-span
137858,single_train,single,image-span
137867,single_train,single,question-span
137866,single_train,single,image-span
137863,single_train,single,question-span
79838,single_train,single,multi-span
79841,single_train,single,question-span
79837,single_train,single,image-span
79842,single_train,single,non-extractive
79839,single_train,single,non-extractive
79840,single_train,single,image-span
100017,single_train,single,multi-span
100020,single_train,single,multi-span
100019,single_train,single,question-span
100021,single_train,single,image-span
100012,single_train,single,image-span
100013,single_train,single,multi-span
100018,single_train,single,image-span
58012,single_train,single,image-span
58009,single_train,single,question-span
58008,single_train,single,multi-span
58006,single_train,single,multi-span
58010,single_train,single,question-span
58007,single_train,single,multi-span
58011,single_train,single,image-span
58013,single_train,single,image-span
94034,single_train,single,non-extractive
94030,single_train,single,question-span
94029,single_train,single,multi-span
94033,single_train,single,image-span
94035,single_train,single,non-extractive
94032,single_train,single,image-span
64150,single_train,single,non-extractive
64151,single_train,single,multi-span
64148,single_train,single,question-span
64147,single_train,single,image-span
64149,single_train,single,multi-span
101069,single_train,single,multi-span
101071,single_train,single,question-span
101070,single_train,single,non-extractive
141067,single_train,single,question-span
141066,single_train,single,image-span
141069,single_train,single,image-span
141073,single_train,single,multi-span
141068,single_train,single,multi-span
141070,single_train,single,question-span
141071,single_train,single,multi-span
141072,single_train,single,non-extractive
21947,single_train,single,non-extractive
21941,single_train,single,image-span
21946,single_train,single,multi-span
21943,single_train,single,non-extractive
21942,single_train,single,multi-span
97928,single_train,single,image-span
97933,single_train,single,non-extractive
97927,single_train,single,non-extractive
97929,single_train,single,question-span
23262,single_train,single,non-extractive
23260,single_train,single,non-extractive
23257,single_train,single,multi-span
23258,single_train,single,non-extractive
23256,single_train,single,question-span
23261,single_train,single,question-span
23255,single_train,single,image-span
23259,single_train,single,question-span
12377,single_train,single,image-span
12381,single_train,single,image-span
12378,single_train,single,question-span
12382,single_train,single,question-span
12379,single_train,single,multi-span
12383,single_train,single,multi-span
71645,single_train,single,non-extractive
71643,single_train,single,question-span
71642,single_train,single,image-span
71644,single_train,single,multi-span
18293,single_train,single,question-span
18290,single_train,single,multi-span
18289,single_train,single,question-span
18291,single_train,single,non-extractive
18288,single_train,single,image-span
18294,single_train,single,multi-span
148509,single_train,single,non-extractive
148505,single_train,single,non-extractive
148514,single_train,single,question-span
148504,single_train,single,multi-span
148516,single_train,single,non-extractive
148510,single_train,single,image-span
148508,single_train,single,multi-span
148512,single_train,single,multi-span
148506,single_train,single,image-span
148503,single_train,single,question-span
148502,single_train,single,image-span
148515,single_train,single,multi-span
148511,single_train,single,question-span
148507,single_train,single,question-span
97365,single_train,single,image-span
97357,single_train,single,non-extractive
97356,single_train,single,multi-span
97361,single_train,single,non-extractive
97364,single_train,single,multi-span
97363,single_train,single,question-span
30266,single_train,single,image-span
30265,single_train,single,non-extractive
30262,single_train,single,image-span
30269,single_train,single,non-extractive
30267,single_train,single,question-span
30264,single_train,single,multi-span
30263,single_train,single,question-span
30268,single_train,single,multi-span
151235,single_train,single,question-span
151238,single_train,single,question-span
151239,single_train,single,multi-span
151234,single_train,single,image-span
151237,single_train,single,non-extractive
151240,single_train,single,non-extractive
151236,single_train,single,multi-span
97749,single_train,single,question-span
97751,single_train,single,non-extractive
97744,single_train,single,image-span
97750,single_train,single,multi-span
97746,single_train,single,multi-span
97748,single_train,single,image-span
119759,single_train,single,question-span
119756,single_train,single,multi-span
119760,single_train,single,image-span
119755,single_train,single,multi-span
119762,single_train,single,image-span
119761,single_train,single,image-span
119757,single_train,single,question-span
119764,single_train,single,non-extractive
119758,single_train,single,question-span
75166,single_train,single,image-span
75171,single_train,single,multi-span
75170,single_train,single,question-span
75167,single_train,single,question-span
75168,single_train,single,multi-span
72899,single_train,single,multi-span
72900,single_train,single,non-extractive
72903,single_train,single,non-extractive
72904,single_train,single,image-span
72905,single_train,single,question-span
72906,single_train,single,multi-span
72901,single_train,single,image-span
124113,single_train,single,multi-span
124117,single_train,single,image-span
124112,single_train,single,multi-span
124118,single_train,single,image-span
124120,single_train,single,image-span
124122,single_train,single,non-extractive
124123,single_train,single,non-extractive
124114,single_train,single,question-span
124116,single_train,single,question-span
124111,single_train,single,multi-span
124115,single_train,single,question-span
124121,single_train,single,non-extractive
124119,single_train,single,image-span
133864,single_train,single,non-extractive
133858,single_train,single,question-span
133867,single_train,single,non-extractive
133860,single_train,single,non-extractive
133861,single_train,single,image-span
133857,single_train,single,image-span
133866,single_train,single,multi-span
133859,single_train,single,multi-span
133862,single_train,single,question-span
133863,single_train,single,multi-span
88716,single_train,single,non-extractive
88715,single_train,single,non-extractive
88709,single_train,single,multi-span
88713,single_train,single,image-span
88708,single_train,single,multi-span
88710,single_train,single,question-span
88714,single_train,single,image-span
32131,single_train,single,image-span
32134,single_train,single,image-span
32132,single_train,single,question-span
32130,single_train,single,non-extractive
32135,single_train,single,question-span
32137,single_train,single,non-extractive
32133,single_train,single,non-extractive
32129,single_train,single,multi-span
100797,single_train,single,image-span
100800,single_train,single,image-span
100799,single_train,single,non-extractive
100798,single_train,single,multi-span
127272,single_train,single,multi-span
127273,single_train,single,non-extractive
127274,single_train,single,image-span
127270,single_train,single,image-span
127271,single_train,single,question-span
127277,single_train,single,image-span
156882,single_train,single,question-span
156881,single_train,single,image-span
156884,single_train,single,non-extractive
156883,single_train,single,multi-span
30152,single_train,single,question-span
30147,single_train,single,non-extractive
30149,single_train,single,question-span
30145,single_train,single,question-span
30154,single_train,single,non-extractive
30148,single_train,single,image-span
30153,single_train,single,multi-span
30151,single_train,single,image-span
30146,single_train,single,multi-span
30150,single_train,single,multi-span
30144,single_train,single,image-span
101864,single_train,single,image-span
101863,single_train,single,non-extractive
101862,single_train,single,multi-span
101861,single_train,single,question-span
101869,single_train,single,non-extractive
156620,single_train,single,multi-span
156624,single_train,single,non-extractive
156615,single_train,single,question-span
156616,single_train,single,multi-span
156614,single_train,single,image-span
156619,single_train,single,question-span
156618,single_train,single,image-span
110553,single_train,single,question-span
110550,single_train,single,multi-span
110549,single_train,single,question-span
110551,single_train,single,non-extractive
110555,single_train,single,non-extractive
34716,single_train,single,non-extractive
34708,single_train,single,question-span
34707,single_train,single,image-span
34711,single_train,single,image-span
34710,single_train,single,non-extractive
34713,single_train,single,image-span
34712,single_train,single,non-extractive
107027,single_train,single,image-span
107033,single_train,single,multi-span
107034,single_train,single,non-extractive
107030,single_train,single,non-extractive
107028,single_train,single,question-span
163730,single_train,single,non-extractive
163727,single_train,single,image-span
163729,single_train,single,multi-span
163731,single_train,single,image-span
163728,single_train,single,question-span
163732,single_train,single,multi-span
112281,single_train,single,image-span
112277,single_train,single,image-span
112283,single_train,single,non-extractive
112278,single_train,single,question-span
112279,single_train,single,multi-span
112280,single_train,single,non-extractive
112285,single_train,single,multi-span
112282,single_train,single,question-span
112284,single_train,single,question-span
140755,single_train,single,image-span
140756,single_train,single,question-span
140750,single_train,single,non-extractive
140751,single_train,single,image-span
140757,single_train,single,multi-span
140753,single_train,single,multi-span
140749,single_train,single,multi-span
140758,single_train,single,image-span
140748,single_train,single,question-span
140752,single_train,single,question-span
140754,single_train,single,non-extractive
140747,single_train,single,image-span
98212,single_train,single,non-extractive
98207,single_train,single,image-span
98209,single_train,single,non-extractive
98203,single_train,single,image-span
98208,single_train,single,question-span
98206,single_train,single,non-extractive
98205,single_train,single,multi-span
93263,single_train,single,question-span
93265,single_train,single,image-span
93261,single_train,single,multi-span
93267,single_train,single,image-span
93266,single_train,single,image-span
93264,single_train,single,question-span
93262,single_train,single,multi-span
93260,single_train,single,multi-span
155678,single_train,single,question-span
155681,single_train,single,question-span
155677,single_train,single,image-span
155679,single_train,single,multi-span
155680,single_train,single,image-span
155674,single_train,single,question-span
155683,single_train,single,non-extractive
155673,single_train,single,image-span
38693,single_train,single,multi-span
38690,single_train,single,non-extractive
38688,single_train,single,question-span
38683,single_train,single,image-span
38694,single_train,single,non-extractive
38697,single_train,single,multi-span
38684,single_train,single,question-span
38686,single_train,single,non-extractive
38689,single_train,single,multi-span
38692,single_train,single,question-span
38685,single_train,single,multi-span
38691,single_train,single,image-span
38687,single_train,single,image-span
162618,single_train,single,question-span
162614,single_train,single,question-span
162615,single_train,single,multi-span
162619,single_train,single,multi-span
162616,single_train,single,non-extractive
162613,single_train,single,image-span
162617,single_train,single,image-span
97128,single_train,single,multi-span
97127,single_train,single,multi-span
97129,single_train,single,multi-span
79859,single_train,single,non-extractive
79866,single_train,single,non-extractive
79861,single_train,single,question-span
79865,single_train,single,question-span
79860,single_train,single,image-span
79863,single_train,single,non-extractive
79862,single_train,single,multi-span
79857,single_train,single,image-span
79864,single_train,single,image-span
129240,single_train,single,question-span
129246,single_train,single,non-extractive
129242,single_train,single,non-extractive
129241,single_train,single,multi-span
129236,single_train,single,question-span
129244,single_train,single,question-span
129239,single_train,single,image-span
74740,single_train,single,question-span
74733,single_train,single,image-span
74736,single_train,single,non-extractive
74737,single_train,single,image-span
74741,single_train,single,non-extractive
74734,single_train,single,question-span
74738,single_train,single,question-span
74735,single_train,single,multi-span
74506,single_train,single,non-extractive
74501,single_train,single,multi-span
74499,single_train,single,multi-span
74504,single_train,single,question-span
74502,single_train,single,non-extractive
158049,single_train,single,image-span
158057,single_train,single,multi-span
158058,single_train,single,non-extractive
158053,single_train,single,image-span
158051,single_train,single,multi-span
158052,single_train,single,non-extractive
158055,single_train,single,image-span
158054,single_train,single,question-span
12880,single_train,single,non-extractive
12884,single_train,single,non-extractive
12877,single_train,single,image-span
12879,single_train,single,multi-span
12881,single_train,single,image-span
12878,single_train,single,question-span
100124,single_train,single,image-span
100127,single_train,single,non-extractive
100133,single_train,single,question-span
100134,single_train,single,multi-span
100129,single_train,single,question-span
100130,single_train,single,multi-span
100135,single_train,single,non-extractive
100131,single_train,single,non-extractive
21229,single_train,single,non-extractive
21231,single_train,single,multi-span
21228,single_train,single,question-span
21227,single_train,single,image-span
151162,single_train,single,question-span
151160,single_train,single,multi-span
151163,single_train,single,multi-span
151159,single_train,single,image-span
161889,single_train,single,image-span
161891,single_train,single,multi-span
161886,single_train,single,question-span
161885,single_train,single,image-span
161888,single_train,single,non-extractive
161895,single_train,single,non-extractive
161890,single_train,single,question-span
161892,single_train,single,non-extractive
161887,single_train,single,multi-span
74315,single_train,single,multi-span
74316,single_train,single,non-extractive
74317,single_train,single,image-span
74313,single_train,single,image-span
74314,single_train,single,question-span
14298,single_train,single,non-extractive
14293,single_train,single,question-span
14297,single_train,single,question-span
14300,single_train,single,question-span
14296,single_train,single,image-span
14294,single_train,single,multi-span
14295,single_train,single,non-extractive
14289,single_train,single,question-span
14288,single_train,single,image-span
14291,single_train,single,non-extractive
14299,single_train,single,image-span
14292,single_train,single,image-span
63195,single_train,single,multi-span
63193,single_train,single,multi-span
63196,single_train,single,non-extractive
63192,single_train,single,question-span
63199,single_train,single,multi-span
63191,single_train,single,image-span
63198,single_train,single,question-span
105198,single_train,single,question-span
105201,single_train,single,multi-span
105204,single_train,single,multi-span
105200,single_train,single,image-span
105202,single_train,single,non-extractive
105199,single_train,single,multi-span
159463,single_train,single,image-span
159461,single_train,single,multi-span
159462,single_train,single,non-extractive
159460,single_train,single,question-span
23337,single_train,single,non-extractive
23335,single_train,single,question-span
23336,single_train,single,multi-span
23334,single_train,single,image-span
124397,single_train,single,image-span
124395,single_train,single,question-span
124391,single_train,single,multi-span
124392,single_train,single,multi-span
124393,single_train,single,question-span
124399,single_train,single,non-extractive
124396,single_train,single,image-span
124390,single_train,single,multi-span
124398,single_train,single,image-span
35242,single_train,single,image-span
35247,single_train,single,question-span
35244,single_train,single,multi-span
35249,single_train,single,non-extractive
35245,single_train,single,non-extractive
35243,single_train,single,question-span
35246,single_train,single,image-span
23197,single_train,single,image-span
23202,single_train,single,multi-span
23204,single_train,single,image-span
23201,single_train,single,image-span
23199,single_train,single,multi-span
23198,single_train,single,question-span
23206,single_train,single,multi-span
23207,single_train,single,non-extractive
23200,single_train,single,non-extractive
23203,single_train,single,non-extractive
71054,single_train,single,question-span
71057,single_train,single,image-span
71055,single_train,single,multi-span
71053,single_train,single,image-span
71058,single_train,single,non-extractive
133058,single_train,single,question-span
133062,single_train,single,question-span
133061,single_train,single,image-span
133064,single_train,single,non-extractive
133065,single_train,single,image-span
133063,single_train,single,multi-span
133059,single_train,single,multi-span
133066,single_train,single,multi-span
133060,single_train,single,non-extractive
133057,single_train,single,image-span
76193,single_train,single,non-extractive
76191,single_train,single,image-span
76192,single_train,single,question-span
76187,single_train,single,image-span
76189,single_train,single,multi-span
76188,single_train,single,question-span
67432,single_train,single,non-extractive
67433,single_train,single,question-span
67431,single_train,single,multi-span
67429,single_train,single,image-span
67434,single_train,single,non-extractive
67430,single_train,single,question-span
24853,single_train,single,image-span
24855,single_train,single,multi-span
24857,single_train,single,image-span
24860,single_train,single,non-extractive
24859,single_train,single,multi-span
24854,single_train,single,question-span
24858,single_train,single,question-span
27986,single_train,single,non-extractive
27983,single_train,single,image-span
27991,single_train,single,non-extractive
27985,single_train,single,multi-span
27989,single_train,single,multi-span
27987,single_train,single,image-span
27990,single_train,single,non-extractive
102732,single_train,single,multi-span
102733,single_train,single,non-extractive
102731,single_train,single,question-span
102730,single_train,single,non-extractive
102728,single_train,single,image-span
102726,single_train,single,multi-span
102725,single_train,single,question-span
102724,single_train,single,image-span
83429,single_train,single,question-span
83427,single_train,single,multi-span
83428,single_train,single,multi-span
83434,single_train,single,image-span
83430,single_train,single,question-span
83432,single_train,single,image-span
83433,single_train,single,image-span
83431,single_train,single,question-span
83435,single_train,single,non-extractive
122819,single_train,single,image-span
122817,single_train,single,image-span
122812,single_train,single,multi-span
122813,single_train,single,multi-span
122822,single_train,single,non-extractive
122811,single_train,single,multi-span
122818,single_train,single,image-span
141500,single_train,single,question-span
141504,single_train,single,multi-span
141502,single_train,single,non-extractive
141503,single_train,single,image-span
141506,single_train,single,image-span
141499,single_train,single,image-span
141498,single_train,single,non-extractive
141496,single_train,single,image-span
141501,single_train,single,multi-span
141505,single_train,single,non-extractive
72760,single_train,single,image-span
72767,single_train,single,question-span
72764,single_train,single,multi-span
72763,single_train,single,question-span
72762,single_train,single,multi-span
72765,single_train,single,non-extractive
72761,single_train,single,question-span
87071,single_train,single,multi-span
87069,single_train,single,multi-span
87075,single_train,single,image-span
87070,single_train,single,multi-span
87073,single_train,single,question-span
87076,single_train,single,image-span
87072,single_train,single,question-span
163240,single_train,single,non-extractive
163238,single_train,single,question-span
163237,single_train,single,non-extractive
163236,single_train,single,multi-span
163239,single_train,single,multi-span
163235,single_train,single,image-span
161525,single_train,single,non-extractive
161518,single_train,single,image-span
161517,single_train,single,non-extractive
161516,single_train,single,multi-span
161519,single_train,single,question-span
161520,single_train,single,multi-span
161514,single_train,single,image-span
161515,single_train,single,question-span
161521,single_train,single,non-extractive
152875,single_train,single,non-extractive
152869,single_train,single,multi-span
152873,single_train,single,non-extractive
152868,single_train,single,question-span
152867,single_train,single,image-span
152870,single_train,single,non-extractive
152871,single_train,single,question-span
152872,single_train,single,multi-span
152874,single_train,single,question-span
125910,single_train,single,image-span
125911,single_train,single,question-span
125912,single_train,single,multi-span
125916,single_train,single,image-span
125917,single_train,single,question-span
125914,single_train,single,image-span
125918,single_train,single,multi-span
125915,single_train,single,question-span
125913,single_train,single,non-extractive
5061,single_train,single,non-extractive
5058,single_train,single,image-span
5059,single_train,single,question-span
5062,single_train,single,image-span
5063,single_train,single,question-span
5060,single_train,single,multi-span
5065,single_train,single,non-extractive
5064,single_train,single,multi-span
74292,single_train,single,question-span
74284,single_train,single,image-span
74289,single_train,single,question-span
74290,single_train,single,multi-span
74285,single_train,single,question-span
74287,single_train,single,non-extractive
74291,single_train,single,non-extractive
74286,single_train,single,multi-span
74288,single_train,single,image-span
87499,single_train,single,image-span
87498,single_train,single,image-span
87497,single_train,single,image-span
87494,single_train,single,multi-span
87493,single_train,single,multi-span
87501,single_train,single,non-extractive
87502,single_train,single,non-extractive
87496,single_train,single,question-span
87500,single_train,single,non-extractive
87495,single_train,single,question-span
130965,single_train,single,image-span
130966,single_train,single,multi-span
130970,single_train,single,non-extractive
130967,single_train,single,non-extractive
130968,single_train,single,image-span
46212,single_train,single,image-span
46217,single_train,single,question-span
46219,single_train,single,non-extractive
46225,single_train,single,non-extractive
46215,single_train,single,non-extractive
46216,single_train,single,image-span
46226,single_train,single,image-span
46213,single_train,single,question-span
46214,single_train,single,multi-span
46220,single_train,single,image-span
46218,single_train,single,multi-span
46222,single_train,single,non-extractive
46221,single_train,single,question-span
46223,single_train,single,image-span
94321,single_train,single,image-span
94315,single_train,single,multi-span
94320,single_train,single,image-span
7062,single_train,single,non-extractive
7057,single_train,single,multi-span
7055,single_train,single,image-span
7061,single_train,single,multi-span
7056,single_train,single,question-span
7059,single_train,single,image-span
7058,single_train,single,non-extractive
7060,single_train,single,question-span
7066,single_train,single,non-extractive
147912,single_train,single,question-span
147909,single_train,single,multi-span
147911,single_train,single,image-span
147917,single_train,single,non-extractive
147908,single_train,single,question-span
147915,single_train,single,image-span
147914,single_train,single,non-extractive
125328,single_train,single,image-span
125315,single_train,single,multi-span
125322,single_train,single,question-span
125316,single_train,single,multi-span
125323,single_train,single,question-span
125325,single_train,single,image-span
125326,single_train,single,image-span
125320,single_train,single,question-span
125327,single_train,single,image-span
125324,single_train,single,question-span
125319,single_train,single,multi-span
100493,single_train,single,image-span
100494,single_train,single,question-span
100492,single_train,single,non-extractive
100496,single_train,single,non-extractive
100491,single_train,single,multi-span
100489,single_train,single,image-span
104241,single_train,single,non-extractive
104238,single_train,single,question-span
104233,single_train,single,image-span
68019,single_train,single,multi-span
68017,single_train,single,image-span
68013,single_train,single,image-span
68022,single_train,single,multi-span
68023,single_train,single,non-extractive
68016,single_train,single,non-extractive
68020,single_train,single,non-extractive
68021,single_train,single,question-span
68015,single_train,single,multi-span
68018,single_train,single,question-span
68014,single_train,single,question-span
147647,single_train,single,non-extractive
147644,single_train,single,image-span
147648,single_train,single,image-span
147645,single_train,single,question-span
147646,single_train,single,multi-span
90815,single_train,single,non-extractive
90816,single_train,single,non-extractive
90811,single_train,single,image-span
90813,single_train,single,image-span
90814,single_train,single,non-extractive
90809,single_train,single,question-span
90812,single_train,single,image-span
90810,single_train,single,question-span
91290,single_train,single,image-span
91288,single_train,single,multi-span
91291,single_train,single,non-extractive
91287,single_train,single,multi-span
91289,single_train,single,question-span
17077,single_train,single,non-extractive
17078,single_train,single,multi-span
17074,single_train,single,image-span
17075,single_train,single,question-span
17076,single_train,single,multi-span
17079,single_train,single,non-extractive
40664,single_train,single,image-span
40662,single_train,single,multi-span
40659,single_train,single,question-span
40663,single_train,single,non-extractive
40666,single_train,single,non-extractive
40660,single_train,single,multi-span
40661,single_train,single,non-extractive
40658,single_train,single,image-span
40665,single_train,single,multi-span
98668,single_train,single,image-span
98670,single_train,single,multi-span
98669,single_train,single,question-span
98675,single_train,single,image-span
98674,single_train,single,non-extractive
98672,single_train,single,image-span
98673,single_train,single,multi-span
98678,single_train,single,non-extractive
98671,single_train,single,non-extractive
103684,single_train,single,image-span
103687,single_train,single,non-extractive
103685,single_train,single,question-span
103686,single_train,single,multi-span
67317,single_train,single,image-span
67319,single_train,single,multi-span
67320,single_train,single,non-extractive
67318,single_train,single,question-span
67321,single_train,single,image-span
139057,single_train,single,image-span
139063,single_train,single,non-extractive
139059,single_train,single,non-extractive
139058,single_train,single,multi-span
139056,single_train,single,non-extractive
139060,single_train,single,image-span
82653,single_train,single,multi-span
82656,single_train,single,question-span
82662,single_train,single,non-extractive
82657,single_train,single,multi-span
82654,single_train,single,non-extractive
82651,single_train,single,image-span
82655,single_train,single,image-span
137927,single_train,single,non-extractive
137926,single_train,single,question-span
137921,single_train,single,multi-span
137925,single_train,single,image-span
137920,single_train,single,question-span
106954,single_train,single,question-span
106956,single_train,single,non-extractive
106950,single_train,single,question-span
106946,single_train,single,question-span
106952,single_train,single,non-extractive
106945,single_train,single,image-span
97505,single_train,single,image-span
97498,single_train,single,image-span
97500,single_train,single,multi-span
97501,single_train,single,non-extractive
97499,single_train,single,question-span
97503,single_train,single,question-span
97502,single_train,single,image-span
74612,single_train,single,image-span
74617,single_train,single,multi-span
74618,single_train,single,non-extractive
74614,single_train,single,non-extractive
74613,single_train,single,multi-span
74616,single_train,single,question-span
74619,single_train,single,image-span
79745,single_train,single,image-span
79752,single_train,single,non-extractive
79751,single_train,single,multi-span
79750,single_train,single,question-span
79746,single_train,single,question-span
133972,single_train,single,question-span
133967,single_train,single,image-span
133969,single_train,single,multi-span
133968,single_train,single,question-span
133973,single_train,single,multi-span
133970,single_train,single,non-extractive
133974,single_train,single,non-extractive
133978,single_train,single,non-extractive
133971,single_train,single,image-span
82812,single_train,single,non-extractive
82807,single_train,single,multi-span
82806,single_train,single,question-span
82808,single_train,single,non-extractive
82805,single_train,single,image-span
128904,single_train,single,non-extractive
128902,single_train,single,question-span
128899,single_train,single,question-span
128898,single_train,single,image-span
128894,single_train,single,image-span
128897,single_train,single,non-extractive
128903,single_train,single,multi-span
128895,single_train,single,question-span
128896,single_train,single,multi-span
128900,single_train,single,multi-span
163271,single_train,single,image-span
163273,single_train,single,non-extractive
163277,single_train,single,non-extractive
163269,single_train,single,image-span
163272,single_train,single,question-span
163270,single_train,single,non-extractive
149955,single_train,single,non-extractive
149952,single_train,single,image-span
149959,single_train,single,non-extractive
149957,single_train,single,question-span
149954,single_train,single,multi-span
149953,single_train,single,question-span
41341,single_train,single,multi-span
41340,single_train,single,question-span
41339,single_train,single,image-span
41342,single_train,single,non-extractive
41337,single_train,single,multi-span
41336,single_train,single,question-span
41335,single_train,single,image-span
41338,single_train,single,non-extractive
129549,single_train,single,non-extractive
129548,single_train,single,multi-span
129553,single_train,single,multi-span
129546,single_train,single,image-span
129551,single_train,single,multi-span
129550,single_train,single,image-span
129547,single_train,single,question-span
129554,single_train,single,non-extractive
41343,single_train,single,image-span
41345,single_train,single,multi-span
41347,single_train,single,image-span
41352,single_train,single,multi-span
41348,single_train,single,question-span
41350,single_train,single,non-extractive
41344,single_train,single,question-span
41346,single_train,single,non-extractive
41349,single_train,single,multi-span
132491,single_train,single,multi-span
132486,single_train,single,non-extractive
132484,single_train,single,question-span
132492,single_train,single,non-extractive
132489,single_train,single,non-extractive
132487,single_train,single,image-span
132483,single_train,single,image-span
132488,single_train,single,multi-span
132485,single_train,single,multi-span
132490,single_train,single,question-span
22547,single_train,single,question-span
22549,single_train,single,non-extractive
22546,single_train,single,image-span
22544,single_train,single,image-span
22545,single_train,single,multi-span
22553,single_train,single,non-extractive
120475,single_train,single,multi-span
120481,single_train,single,non-extractive
120477,single_train,single,question-span
126494,single_train,single,image-span
126498,single_train,single,image-span
126495,single_train,single,question-span
126496,single_train,single,multi-span
126499,single_train,single,question-span
126497,single_train,single,non-extractive
11017,single_train,single,non-extractive
11019,single_train,single,question-span
11016,single_train,single,multi-span
11014,single_train,single,non-extractive
11012,single_train,single,question-span
11013,single_train,single,multi-span
11011,single_train,single,image-span
11015,single_train,single,question-span
74748,single_train,single,multi-span
74746,single_train,single,image-span
74745,single_train,single,non-extractive
74742,single_train,single,image-span
74744,single_train,single,multi-span
74743,single_train,single,question-span
128383,single_train,single,multi-span
128385,single_train,single,image-span
128387,single_train,single,multi-span
128386,single_train,single,question-span
128384,single_train,single,non-extractive
128390,single_train,single,question-span
128388,single_train,single,non-extractive
128389,single_train,single,image-span
128382,single_train,single,question-span
104056,single_train,single,non-extractive
104055,single_train,single,multi-span
104053,single_train,single,image-span
104060,single_train,single,non-extractive
143524,single_train,single,non-extractive
143523,single_train,single,multi-span
143521,single_train,single,image-span
143514,single_train,single,multi-span
143513,single_train,single,question-span
143520,single_train,single,multi-span
143515,single_train,single,non-extractive
143518,single_train,single,image-span
143525,single_train,single,image-span
8630,single_train,single,question-span
8628,single_train,single,non-extractive
8625,single_train,single,image-span
8632,single_train,single,non-extractive
8627,single_train,single,multi-span
8629,single_train,single,image-span
12421,single_train,single,image-span
12427,single_train,single,non-extractive
12426,single_train,single,multi-span
12425,single_train,single,image-span
12424,single_train,single,non-extractive
12422,single_train,single,question-span
12423,single_train,single,multi-span
21906,single_train,single,non-extractive
21901,single_train,single,question-span
21903,single_train,single,non-extractive
21907,single_train,single,image-span
21904,single_train,single,image-span
21902,single_train,single,multi-span
21900,single_train,single,image-span
18728,single_train,single,question-span
18724,single_train,single,question-span
18732,single_train,single,multi-span
18726,single_train,single,non-extractive
18725,single_train,single,multi-span
18727,single_train,single,image-span
18731,single_train,single,question-span
18730,single_train,single,image-span
18729,single_train,single,multi-span
97789,single_train,single,multi-span
97791,single_train,single,image-span
97788,single_train,single,question-span
97787,single_train,single,image-span
97792,single_train,single,non-extractive
97793,single_train,single,image-span
97790,single_train,single,non-extractive
26526,single_train,single,image-span
26527,single_train,single,question-span
26532,single_train,single,multi-span
26530,single_train,single,image-span
26528,single_train,single,multi-span
26529,single_train,single,non-extractive
26531,single_train,single,question-span
110483,single_train,single,non-extractive
110478,single_train,single,multi-span
110481,single_train,single,question-span
110477,single_train,single,question-span
110476,single_train,single,image-span
110480,single_train,single,image-span
110479,single_train,single,non-extractive
110482,single_train,single,multi-span
43703,single_train,single,question-span
43708,single_train,single,non-extractive
43705,single_train,single,non-extractive
43707,single_train,single,multi-span
43706,single_train,single,question-span
43704,single_train,single,multi-span
43702,single_train,single,image-span
109698,single_train,single,question-span
109704,single_train,single,non-extractive
109701,single_train,single,image-span
109703,single_train,single,multi-span
109707,single_train,single,non-extractive
109697,single_train,single,image-span
19290,single_train,single,image-span
19288,single_train,single,multi-span
19287,single_train,single,question-span
19286,single_train,single,image-span
19284,single_train,single,multi-span
19292,single_train,single,multi-span
19283,single_train,single,image-span
19289,single_train,single,non-extractive
19285,single_train,single,non-extractive
19291,single_train,single,question-span
27082,single_train,single,question-span
27081,single_train,single,image-span
27086,single_train,single,non-extractive
27085,single_train,single,multi-span
27084,single_train,single,image-span
27083,single_train,single,non-extractive
73080,single_train,single,question-span
73082,single_train,single,non-extractive
73077,single_train,single,image-span
73081,single_train,single,multi-span
73079,single_train,single,non-extractive
73078,single_train,single,multi-span
7108,single_train,single,non-extractive
7102,single_train,single,image-span
7103,single_train,single,question-span
7101,single_train,single,non-extractive
7107,single_train,single,multi-span
7098,single_train,single,image-span
7100,single_train,single,multi-span
7105,single_train,single,image-span
7106,single_train,single,question-span
7099,single_train,single,question-span
7104,single_train,single,non-extractive
139930,single_train,single,question-span
139936,single_train,single,multi-span
139935,single_train,single,image-span
139934,single_train,single,non-extractive
139928,single_train,single,non-extractive
139926,single_train,single,image-span
117632,single_train,single,multi-span
117630,single_train,single,image-span
117625,single_train,single,non-extractive
117633,single_train,single,non-extractive
117626,single_train,single,image-span
117624,single_train,single,multi-span
117631,single_train,single,question-span
117629,single_train,single,non-extractive
117628,single_train,single,multi-span
117627,single_train,single,question-span
30603,single_train,single,image-span
30605,single_train,single,multi-span
30604,single_train,single,question-span
30607,single_train,single,image-span
30606,single_train,single,non-extractive
30610,single_train,single,non-extractive
140034,single_train,single,image-span
140032,single_train,single,multi-span
140035,single_train,single,question-span
140033,single_train,single,non-extractive
140030,single_train,single,image-span
150237,single_train,single,multi-span
150234,single_train,single,multi-span
150228,single_train,single,non-extractive
150229,single_train,single,image-span
150236,single_train,single,question-span
150233,single_train,single,question-span
150227,single_train,single,multi-span
150226,single_train,single,question-span
150232,single_train,single,image-span
150225,single_train,single,image-span
150230,single_train,single,multi-span
150235,single_train,single,image-span
150238,single_train,single,non-extractive
134393,single_train,single,non-extractive
134385,single_train,single,multi-span
134384,single_train,single,question-span
134383,single_train,single,image-span
134389,single_train,single,multi-span
134386,single_train,single,non-extractive
134387,single_train,single,image-span
134388,single_train,single,question-span
158376,single_train,single,multi-span
158374,single_train,single,image-span
158377,single_train,single,non-extractive
158366,single_train,single,image-span
158370,single_train,single,image-span
158368,single_train,single,multi-span
158373,single_train,single,non-extractive
158372,single_train,single,multi-span
158369,single_train,single,non-extractive
98967,single_train,single,non-extractive
98965,single_train,single,question-span
98964,single_train,single,image-span
98974,single_train,single,non-extractive
98972,single_train,single,question-span
98969,single_train,single,multi-span
98970,single_train,single,non-extractive
98968,single_train,single,question-span
98966,single_train,single,multi-span
88230,single_train,single,non-extractive
88228,single_train,single,image-span
88226,single_train,single,multi-span
88229,single_train,single,image-span
36329,single_train,single,non-extractive
36327,single_train,single,question-span
36325,single_train,single,non-extractive
36322,single_train,single,image-span
36324,single_train,single,multi-span
36326,single_train,single,image-span
36323,single_train,single,question-span
36328,single_train,single,multi-span
30580,single_train,single,multi-span
30582,single_train,single,non-extractive
30578,single_train,single,image-span
120892,single_train,single,question-span
120896,single_train,single,image-span
120889,single_train,single,multi-span
120893,single_train,single,question-span
120894,single_train,single,image-span
120890,single_train,single,multi-span
120897,single_train,single,non-extractive
120898,single_train,single,non-extractive
120895,single_train,single,image-span
120891,single_train,single,question-span
120888,single_train,single,multi-span
150336,single_train,single,question-span
150337,single_train,single,multi-span
150341,single_train,single,non-extractive
150343,single_train,single,non-extractive
150338,single_train,single,non-extractive
150340,single_train,single,multi-span
150339,single_train,single,image-span
22208,single_train,single,multi-span
22209,single_train,single,non-extractive
22204,single_train,single,question-span
22203,single_train,single,image-span
22206,single_train,single,non-extractive
22205,single_train,single,multi-span
165506,single_train,single,non-extractive
165504,single_train,single,image-span
165508,single_train,single,image-span
165509,single_train,single,non-extractive
165507,single_train,single,question-span
165505,single_train,single,question-span
157099,single_train,single,question-span
157104,single_train,single,question-span
157098,single_train,single,image-span
76697,single_train,single,image-span
76698,single_train,single,question-span
76704,single_train,single,non-extractive
76699,single_train,single,multi-span
62735,single_train,single,multi-span
62733,single_train,single,multi-span
62724,single_train,single,question-span
62731,single_train,single,image-span
62723,single_train,single,image-span
62727,single_train,single,image-span
62728,single_train,single,question-span
62730,single_train,single,non-extractive
62729,single_train,single,multi-span
62726,single_train,single,non-extractive
128455,single_train,single,non-extractive
128457,single_train,single,question-span
128454,single_train,single,multi-span
128458,single_train,single,multi-span
128462,single_train,single,non-extractive
128456,single_train,single,image-span
128460,single_train,single,image-span
128459,single_train,single,non-extractive
99711,single_train,single,image-span
99713,single_train,single,multi-span
99721,single_train,single,non-extractive
99712,single_train,single,question-span
99714,single_train,single,non-extractive
99716,single_train,single,multi-span
99719,single_train,single,question-span
99717,single_train,single,non-extractive
99715,single_train,single,question-span
89098,single_train,single,question-span
89100,single_train,single,non-extractive
89096,single_train,single,multi-span
89101,single_train,single,non-extractive
89097,single_train,single,question-span
159802,single_train,single,question-span
159798,single_train,single,image-span
159804,single_train,single,non-extractive
159801,single_train,single,image-span
159799,single_train,single,multi-span
159803,single_train,single,multi-span
159796,single_train,single,multi-span
159795,single_train,single,image-span
159797,single_train,single,non-extractive
142553,single_train,single,multi-span
142548,single_train,single,question-span
142551,single_train,single,image-span
142547,single_train,single,image-span
142550,single_train,single,non-extractive
142552,single_train,single,question-span
106848,single_train,single,question-span
106851,single_train,single,image-span
106845,single_train,single,multi-span
106852,single_train,single,question-span
106849,single_train,single,multi-span
106850,single_train,single,non-extractive
106854,single_train,single,non-extractive
106843,single_train,single,image-span
106847,single_train,single,image-span
106846,single_train,single,non-extractive
148866,single_train,single,multi-span
148861,single_train,single,question-span
148867,single_train,single,non-extractive
148864,single_train,single,image-span
148863,single_train,single,non-extractive
148868,single_train,single,image-span
148860,single_train,single,image-span
148871,single_train,single,non-extractive
148869,single_train,single,question-span
148862,single_train,single,multi-span
148865,single_train,single,question-span
138955,single_train,single,non-extractive
138952,single_train,single,non-extractive
138956,single_train,single,non-extractive
138950,single_train,single,question-span
138954,single_train,single,multi-span
138953,single_train,single,image-span
138951,single_train,single,multi-span
138949,single_train,single,image-span
17937,single_train,single,non-extractive
17933,single_train,single,question-span
17932,single_train,single,image-span
17935,single_train,single,non-extractive
17934,single_train,single,multi-span
97828,single_train,single,image-span
97833,single_train,single,multi-span
97827,single_train,single,non-extractive
97831,single_train,single,image-span
97824,single_train,single,image-span
97829,single_train,single,question-span
97830,single_train,single,multi-span
97826,single_train,single,multi-span
97832,single_train,single,question-span
97825,single_train,single,question-span
28717,single_train,single,non-extractive
28712,single_train,single,multi-span
28720,single_train,single,multi-span
28713,single_train,single,non-extractive
28711,single_train,single,image-span
28721,single_train,single,non-extractive
28714,single_train,single,image-span
28716,single_train,single,multi-span
28719,single_train,single,question-span
137596,single_train,single,non-extractive
137591,single_train,single,multi-span
137586,single_train,single,image-span
137590,single_train,single,image-span
137588,single_train,single,multi-span
137593,single_train,single,image-span
137592,single_train,single,non-extractive
137587,single_train,single,question-span
137595,single_train,single,multi-span
137589,single_train,single,non-extractive
153353,single_train,single,image-span
153354,single_train,single,question-span
153349,single_train,single,image-span
153351,single_train,single,multi-span
153350,single_train,single,question-span
153352,single_train,single,non-extractive
119021,single_train,single,image-span
119020,single_train,single,image-span
119018,single_train,single,multi-span
119017,single_train,single,multi-span
119022,single_train,single,image-span
119019,single_train,single,question-span
119023,single_train,single,non-extractive
99824,single_train,single,image-span
99828,single_train,single,image-span
99826,single_train,single,multi-span
99833,single_train,single,non-extractive
99830,single_train,single,multi-span
99827,single_train,single,non-extractive
99825,single_train,single,question-span
99829,single_train,single,question-span
13138,single_train,single,question-span
13142,single_train,single,question-span
13146,single_train,single,question-span
13145,single_train,single,image-span
13137,single_train,single,image-span
13148,single_train,single,non-extractive
13139,single_train,single,multi-span
13144,single_train,single,non-extractive
13147,single_train,single,multi-span
13140,single_train,single,non-extractive
13143,single_train,single,multi-span
13141,single_train,single,image-span
42661,single_train,single,image-span
42659,single_train,single,multi-span
42660,single_train,single,non-extractive
42658,single_train,single,image-span
42662,single_train,single,question-span
101261,single_train,single,image-span
101260,single_train,single,non-extractive
101265,single_train,single,question-span
101263,single_train,single,multi-span
101264,single_train,single,image-span
101267,single_train,single,multi-span
101257,single_train,single,image-span
109111,single_train,single,non-extractive
109109,single_train,single,question-span
109108,single_train,single,image-span
109114,single_train,single,non-extractive
109110,single_train,single,multi-span
37956,single_train,single,multi-span
37961,single_train,single,non-extractive
37951,single_train,single,image-span
37952,single_train,single,question-span
37955,single_train,single,question-span
37957,single_train,single,non-extractive
37953,single_train,single,multi-span
37954,single_train,single,non-extractive
11369,single_train,single,image-span
11378,single_train,single,non-extractive
11373,single_train,single,image-span
11367,single_train,single,multi-span
11376,single_train,single,question-span
11368,single_train,single,non-extractive
11370,single_train,single,question-span
11372,single_train,single,non-extractive
11365,single_train,single,image-span
11374,single_train,single,multi-span
11366,single_train,single,question-span
11371,single_train,single,multi-span
11377,single_train,single,multi-span
89410,single_train,single,question-span
89411,single_train,single,question-span
89408,single_train,single,multi-span
89414,single_train,single,non-extractive
89409,single_train,single,multi-span
118186,single_train,single,multi-span
118189,single_train,single,question-span
118191,single_train,single,image-span
118190,single_train,single,image-span
118188,single_train,single,question-span
118185,single_train,single,multi-span
118187,single_train,single,multi-span
5086,single_train,single,non-extractive
5083,single_train,single,image-span
5080,single_train,single,question-span
5085,single_train,single,multi-span
5087,single_train,single,image-span
5084,single_train,single,question-span
5081,single_train,single,multi-span
5082,single_train,single,non-extractive
26822,single_train,single,multi-span
26816,single_train,single,image-span
26819,single_train,single,non-extractive
26821,single_train,single,question-span
26818,single_train,single,multi-span
26817,single_train,single,question-span
26823,single_train,single,non-extractive
26820,single_train,single,image-span
46153,single_train,single,image-span
46160,single_train,single,image-span
46154,single_train,single,question-span
46158,single_train,single,question-span
46159,single_train,single,multi-span
46156,single_train,single,non-extractive
46157,single_train,single,image-span
46155,single_train,single,multi-span
46162,single_train,single,non-extractive
159016,single_train,single,question-span
159018,single_train,single,non-extractive
159012,single_train,single,question-span
159014,single_train,single,non-extractive
159017,single_train,single,multi-span
159013,single_train,single,multi-span
159020,single_train,single,multi-span
49492,single_train,single,multi-span
49497,single_train,single,image-span
49495,single_train,single,question-span
49498,single_train,single,non-extractive
49496,single_train,single,question-span
49494,single_train,single,multi-span
49499,single_train,single,non-extractive
162425,single_train,single,image-span
162422,single_train,single,image-span
162424,single_train,single,multi-span
162418,single_train,single,non-extractive
162419,single_train,single,image-span
162416,single_train,single,question-span
162421,single_train,single,multi-span
162415,single_train,single,image-span
162417,single_train,single,multi-span
162420,single_train,single,question-span
96566,single_train,single,image-span
96561,single_train,single,question-span
96558,single_train,single,multi-span
96565,single_train,single,image-span
96567,single_train,single,image-span
96557,single_train,single,multi-span
96560,single_train,single,question-span
96564,single_train,single,image-span
96556,single_train,single,multi-span
124695,single_train,single,multi-span
124700,single_train,single,image-span
124698,single_train,single,question-span
124701,single_train,single,image-span
124697,single_train,single,question-span
124694,single_train,single,multi-span
14477,single_train,single,non-extractive
14473,single_train,single,question-span
14476,single_train,single,question-span
14472,single_train,single,image-span
14479,single_train,single,multi-span
14475,single_train,single,image-span
14474,single_train,single,non-extractive
14480,single_train,single,non-extractive
40001,single_train,single,question-span
39996,single_train,single,multi-span
39999,single_train,single,non-extractive
39997,single_train,single,non-extractive
39995,single_train,single,question-span
40000,single_train,single,image-span
39994,single_train,single,image-span
164224,single_train,single,question-span
164226,single_train,single,non-extractive
164218,single_train,single,question-span
164217,single_train,single,image-span
164221,single_train,single,image-span
164220,single_train,single,non-extractive
9754,single_train,single,question-span
9759,single_train,single,non-extractive
9760,single_train,single,question-span
9762,single_train,single,non-extractive
9758,single_train,single,multi-span
9753,single_train,single,image-span
9757,single_train,single,question-span
9755,single_train,single,multi-span
9756,single_train,single,non-extractive
32846,single_train,single,question-span
32848,single_train,single,question-span
32847,single_train,single,non-extractive
32845,single_train,single,image-span
32849,single_train,single,question-span
156088,single_train,single,multi-span
156087,single_train,single,question-span
156086,single_train,single,image-span
34632,single_train,single,multi-span
34631,single_train,single,image-span
34629,single_train,single,question-span
34628,single_train,single,non-extractive
34625,single_train,single,image-span
34626,single_train,single,question-span
34633,single_train,single,question-span
34627,single_train,single,multi-span
63210,single_train,single,question-span
63220,single_train,single,non-extractive
63212,single_train,single,non-extractive
63215,single_train,single,multi-span
63213,single_train,single,image-span
63209,single_train,single,image-span
63216,single_train,single,non-extractive
63218,single_train,single,question-span
63214,single_train,single,question-span
105817,single_train,single,multi-span
105820,single_train,single,non-extractive
105818,single_train,single,non-extractive
105815,single_train,single,image-span
105816,single_train,single,question-span
14082,single_train,single,image-span
14091,single_train,single,non-extractive
14083,single_train,single,question-span
14086,single_train,single,question-span
14085,single_train,single,non-extractive
154038,single_train,single,question-span
154041,single_train,single,multi-span
154039,single_train,single,multi-span
154040,single_train,single,non-extractive
63696,single_train,single,multi-span
63701,single_train,single,image-span
63707,single_train,single,multi-span
63706,single_train,single,question-span
63700,single_train,single,non-extractive
63703,single_train,single,multi-span
63698,single_train,single,image-span
63702,single_train,single,question-span
63705,single_train,single,image-span
63697,single_train,single,non-extractive
63704,single_train,single,non-extractive
63695,single_train,single,image-span
100365,single_train,single,image-span
100368,single_train,single,question-span
100370,single_train,single,non-extractive
100369,single_train,single,multi-span
100367,single_train,single,non-extractive
100374,single_train,single,non-extractive
100366,single_train,single,question-span
1809,single_train,single,multi-span
1803,single_train,single,image-span
1813,single_train,single,multi-span
1807,single_train,single,image-span
1814,single_train,single,non-extractive
1804,single_train,single,question-span
1810,single_train,single,non-extractive
1806,single_train,single,non-extractive
98320,single_train,single,non-extractive
98319,single_train,single,multi-span
98318,single_train,single,question-span
98317,single_train,single,image-span
98323,single_train,single,multi-span
44059,single_train,single,image-span
44065,single_train,single,multi-span
44061,single_train,single,multi-span
44067,single_train,single,non-extractive
44064,single_train,single,question-span
44062,single_train,single,non-extractive
44063,single_train,single,image-span
44066,single_train,single,image-span
44060,single_train,single,question-span
16018,single_train,single,multi-span
16025,single_train,single,multi-span
16026,single_train,single,non-extractive
16023,single_train,single,non-extractive
16022,single_train,single,multi-span
16019,single_train,single,non-extractive
16020,single_train,single,image-span
16024,single_train,single,image-span
16021,single_train,single,question-span
16017,single_train,single,question-span
16016,single_train,single,image-span
30801,single_train,single,non-extractive
30797,single_train,single,question-span
30798,single_train,single,multi-span
30799,single_train,single,non-extractive
30796,single_train,single,image-span
30804,single_train,single,non-extractive
30800,single_train,single,multi-span
30803,single_train,single,multi-span
91891,single_train,single,question-span
91895,single_train,single,image-span
91898,single_train,single,non-extractive
91890,single_train,single,multi-span
91894,single_train,single,image-span
91896,single_train,single,image-span
91892,single_train,single,question-span
91889,single_train,single,multi-span
91893,single_train,single,image-span
91897,single_train,single,non-extractive
91888,single_train,single,multi-span
15006,single_train,single,multi-span
14998,single_train,single,question-span
15005,single_train,single,question-span
15001,single_train,single,image-span
15004,single_train,single,image-span
15000,single_train,single,non-extractive
14999,single_train,single,multi-span
15002,single_train,single,question-span
15009,single_train,single,question-span
15011,single_train,single,non-extractive
135179,single_train,single,multi-span
135177,single_train,single,image-span
135180,single_train,single,image-span
135183,single_train,single,non-extractive
135178,single_train,single,question-span
135182,single_train,single,multi-span
142775,single_train,single,image-span
142772,single_train,single,question-span
142776,single_train,single,question-span
142777,single_train,single,multi-span
142771,single_train,single,image-span
142773,single_train,single,multi-span
142782,single_train,single,non-extractive
142774,single_train,single,non-extractive
148344,single_train,single,image-span
148346,single_train,single,multi-span
148343,single_train,single,non-extractive
148342,single_train,single,multi-span
148341,single_train,single,question-span
148338,single_train,single,question-span
148345,single_train,single,question-span
148340,single_train,single,image-span
163546,single_train,single,image-span
163547,single_train,single,question-span
163553,single_train,single,image-span
105390,single_train,single,image-span
105393,single_train,single,non-extractive
105386,single_train,single,image-span
105389,single_train,single,non-extractive
105388,single_train,single,multi-span
164327,single_train,single,question-span
164326,single_train,single,image-span
164329,single_train,single,non-extractive
164328,single_train,single,multi-span
164331,single_train,single,question-span
164333,single_train,single,non-extractive
90527,single_train,single,multi-span
90530,single_train,single,question-span
90528,single_train,single,multi-span
90532,single_train,single,image-span
90534,single_train,single,non-extractive
90533,single_train,single,non-extractive
90529,single_train,single,question-span
90531,single_train,single,question-span
75045,single_train,single,question-span
75048,single_train,single,image-span
75044,single_train,single,image-span
75046,single_train,single,multi-span
75047,single_train,single,non-extractive
75049,single_train,single,multi-span
103079,single_train,single,image-span
103080,single_train,single,question-span
103075,single_train,single,image-span
103076,single_train,single,question-span
103078,single_train,single,non-extractive
22742,single_train,single,question-span
22741,single_train,single,image-span
22739,single_train,single,multi-span
22737,single_train,single,image-span
22738,single_train,single,question-span
9914,single_train,single,non-extractive
9913,single_train,single,multi-span
9910,single_train,single,multi-span
9911,single_train,single,non-extractive
9909,single_train,single,question-span
9912,single_train,single,image-span
9908,single_train,single,image-span
75570,single_train,single,question-span
75564,single_train,single,question-span
75563,single_train,single,image-span
75569,single_train,single,image-span
75568,single_train,single,non-extractive
75567,single_train,single,multi-span
75571,single_train,single,non-extractive
160489,single_train,single,question-span
160490,single_train,single,multi-span
160488,single_train,single,image-span
131509,single_train,single,multi-span
131508,single_train,single,question-span
131517,single_train,single,non-extractive
131511,single_train,single,image-span
131513,single_train,single,multi-span
131507,single_train,single,image-span
131514,single_train,single,non-extractive
131512,single_train,single,question-span
39805,single_train,single,question-span
39807,single_train,single,non-extractive
39808,single_train,single,image-span
39806,single_train,single,multi-span
39811,single_train,single,non-extractive
39804,single_train,single,image-span
137544,single_train,single,non-extractive
137543,single_train,single,multi-span
137545,single_train,single,image-span
137548,single_train,single,non-extractive
137542,single_train,single,question-span
137546,single_train,single,question-span
137550,single_train,single,non-extractive
3215,single_train,single,multi-span
3216,single_train,single,non-extractive
3207,single_train,single,question-span
3211,single_train,single,question-span
3213,single_train,single,non-extractive
3210,single_train,single,image-span
3208,single_train,single,multi-span
3209,single_train,single,non-extractive
74719,single_train,single,non-extractive
74718,single_train,single,multi-span
74721,single_train,single,question-span
74724,single_train,single,multi-span
74717,single_train,single,question-span
74720,single_train,single,image-span
74723,single_train,single,question-span
154224,single_train,single,non-extractive
154219,single_train,single,non-extractive
154217,single_train,single,question-span
154221,single_train,single,question-span
154218,single_train,single,multi-span
154222,single_train,single,non-extractive
154216,single_train,single,image-span
154220,single_train,single,image-span
147280,single_train,single,multi-span
147281,single_train,single,non-extractive
147278,single_train,single,image-span
147276,single_train,single,multi-span
147272,single_train,single,multi-span
147277,single_train,single,non-extractive
147271,single_train,single,image-span
147273,single_train,single,non-extractive
147274,single_train,single,image-span
147279,single_train,single,question-span
106239,single_train,single,question-span
106236,single_train,single,multi-span
106240,single_train,single,multi-span
106244,single_train,single,multi-span
106245,single_train,single,non-extractive
106242,single_train,single,image-span
106238,single_train,single,image-span
106243,single_train,single,question-span
106235,single_train,single,question-span
106241,single_train,single,non-extractive
106234,single_train,single,image-span
8061,single_train,single,image-span
8057,single_train,single,multi-span
8065,single_train,single,multi-span
8055,single_train,single,image-span
8060,single_train,single,multi-span
8059,single_train,single,image-span
8062,single_train,single,question-span
8058,single_train,single,non-extractive
8056,single_train,single,question-span
8066,single_train,single,non-extractive
39455,single_train,single,question-span
39456,single_train,single,multi-span
39454,single_train,single,image-span
39453,single_train,single,non-extractive
39452,single_train,single,multi-span
39450,single_train,single,image-span
39451,single_train,single,question-span
69956,single_train,single,non-extractive
69958,single_train,single,question-span
69955,single_train,single,multi-span
69953,single_train,single,image-span
69954,single_train,single,question-span
116997,single_train,single,image-span
116991,single_train,single,image-span
116993,single_train,single,multi-span
116994,single_train,single,image-span
116996,single_train,single,non-extractive
116995,single_train,single,question-span
116992,single_train,single,question-span
164153,single_train,single,image-span
164149,single_train,single,image-span
164151,single_train,single,multi-span
164154,single_train,single,question-span
164152,single_train,single,non-extractive
164156,single_train,single,non-extractive
164155,single_train,single,multi-span
149294,single_train,single,multi-span
149301,single_train,single,multi-span
149297,single_train,single,question-span
149296,single_train,single,image-span
149302,single_train,single,non-extractive
149300,single_train,single,image-span
149295,single_train,single,non-extractive
149299,single_train,single,non-extractive
149292,single_train,single,image-span
149293,single_train,single,question-span
149298,single_train,single,multi-span
2862,single_train,single,image-span
2861,single_train,single,non-extractive
2864,single_train,single,multi-span
2859,single_train,single,question-span
2863,single_train,single,question-span
2860,single_train,single,multi-span
2858,single_train,single,image-span
2867,single_train,single,question-span
2868,single_train,single,multi-span
2865,single_train,single,non-extractive
124208,single_train,single,image-span
124202,single_train,single,multi-span
124210,single_train,single,image-span
124205,single_train,single,question-span
124209,single_train,single,image-span
124207,single_train,single,question-span
124203,single_train,single,multi-span
124206,single_train,single,question-span
139651,single_train,single,image-span
139655,single_train,single,image-span
139652,single_train,single,question-span
139657,single_train,single,multi-span
139654,single_train,single,non-extractive
139650,single_train,single,non-extractive
139653,single_train,single,multi-span
139659,single_train,single,question-span
139658,single_train,single,non-extractive
139649,single_train,single,multi-span
132675,single_train,single,non-extractive
132677,single_train,single,non-extractive
132673,single_train,single,question-span
132672,single_train,single,image-span
132674,single_train,single,multi-span
149321,single_train,single,question-span
149328,single_train,single,question-span
149331,single_train,single,multi-span
149325,single_train,single,multi-span
149323,single_train,single,image-span
149326,single_train,single,non-extractive
149327,single_train,single,image-span
149322,single_train,single,non-extractive
149329,single_train,single,multi-span
149330,single_train,single,image-span
117910,single_train,single,non-extractive
117905,single_train,single,question-span
117902,single_train,single,multi-span
117903,single_train,single,multi-span
117907,single_train,single,image-span
117904,single_train,single,question-span
117908,single_train,single,image-span
117906,single_train,single,image-span
117909,single_train,single,non-extractive
1602,single_train,single,question-span
1607,single_train,single,multi-span
1604,single_train,single,non-extractive
1608,single_train,single,image-span
1606,single_train,single,question-span
1601,single_train,single,image-span
13454,single_train,single,multi-span
13450,single_train,single,multi-span
13448,single_train,single,image-span
13449,single_train,single,question-span
13455,single_train,single,non-extractive
13452,single_train,single,image-span
13451,single_train,single,non-extractive
13453,single_train,single,question-span
160829,single_train,single,question-span
160828,single_train,single,image-span
160835,single_train,single,question-span
160833,single_train,single,multi-span
160831,single_train,single,non-extractive
160826,single_train,single,multi-span
160825,single_train,single,question-span
160832,single_train,single,image-span
160830,single_train,single,multi-span
160827,single_train,single,non-extractive
160834,single_train,single,image-span
90357,single_train,single,multi-span
90362,single_train,single,non-extractive
90359,single_train,single,image-span
90364,single_train,single,non-extractive
90363,single_train,single,non-extractive
90356,single_train,single,multi-span
96308,single_train,single,image-span
96307,single_train,single,image-span
96302,single_train,single,multi-span
96312,single_train,single,non-extractive
96311,single_train,single,non-extractive
96303,single_train,single,multi-span
44286,single_train,single,image-span
44289,single_train,single,non-extractive
44287,single_train,single,question-span
44291,single_train,single,non-extractive
44288,single_train,single,multi-span
44290,single_train,single,multi-span
90203,single_train,single,question-span
90201,single_train,single,multi-span
90207,single_train,single,non-extractive
90206,single_train,single,non-extractive
90204,single_train,single,question-span
90202,single_train,single,multi-span
90205,single_train,single,image-span
21134,single_train,single,multi-span
21131,single_train,single,multi-span
21135,single_train,single,non-extractive
21133,single_train,single,image-span
21130,single_train,single,question-span
21129,single_train,single,image-span
21137,single_train,single,non-extractive
76616,single_train,single,question-span
76612,single_train,single,question-span
76619,single_train,single,image-span
76614,single_train,single,non-extractive
76611,single_train,single,image-span
76617,single_train,single,multi-span
76618,single_train,single,non-extractive
76615,single_train,single,image-span
76613,single_train,single,multi-span
137970,single_train,single,non-extractive
137967,single_train,single,non-extractive
137969,single_train,single,multi-span
30391,single_train,single,question-span
30396,single_train,single,multi-span
30390,single_train,single,image-span
30394,single_train,single,image-span
30395,single_train,single,question-span
30397,single_train,single,non-extractive
30392,single_train,single,multi-span
49746,single_train,single,question-span
49749,single_train,single,image-span
49744,single_train,single,multi-span
49748,single_train,single,image-span
49747,single_train,single,question-span
49745,single_train,single,question-span
49743,single_train,single,multi-span
86004,single_train,single,question-span
86001,single_train,single,multi-span
86005,single_train,single,question-span
86000,single_train,single,multi-span
86003,single_train,single,question-span
86002,single_train,single,multi-span
73216,single_train,single,multi-span
73215,single_train,single,question-span
73217,single_train,single,non-extractive
73219,single_train,single,multi-span
73220,single_train,single,non-extractive
67608,single_train,single,non-extractive
67606,single_train,single,question-span
67607,single_train,single,multi-span
138009,single_train,single,multi-span
138010,single_train,single,non-extractive
138008,single_train,single,question-span
103732,single_train,single,non-extractive
44439,single_train,single,question-span
44437,single_train,single,non-extractive
121174,single_train,single,question-span
121175,single_train,single,question-span
64312,single_train,single,non-extractive
64308,single_train,single,non-extractive
64310,single_train,single,question-span
64314,single_train,single,question-span
64316,single_train,single,non-extractive
64306,single_train,single,question-span
134862,single_train,single,non-extractive
134864,single_train,single,question-span
22087,single_train,single,non-extractive
22090,single_train,single,non-extractive
22081,single_train,single,question-span
22083,single_train,single,non-extractive
22085,single_train,single,question-span
21554,single_train,single,non-extractive
21558,single_train,single,non-extractive
117319,single_train,single,non-extractive
117323,single_train,single,non-extractive
117327,single_train,single,non-extractive
149404,single_train,single,non-extractive
149401,single_train,single,non-extractive
162002,single_train,single,non-extractive
114028,single_train,single,non-extractive
114020,single_train,single,non-extractive
114024,single_train,single,non-extractive
15015,single_train,single,non-extractive
15019,single_train,single,non-extractive
106503,single_train,single,non-extractive
133669,single_train,single,non-extractive
133663,single_train,single,non-extractive
36039,single_train,single,non-extractive
165328,single_train,single,non-extractive
165334,single_train,single,non-extractive
101844,single_train,single,non-extractive
101840,single_train,single,non-extractive
43604,single_train,single,non-extractive
76921,single_train,single,non-extractive
76923,single_train,single,non-extractive
76917,single_train,single,non-extractive
13489,single_train,single,non-extractive
108937,single_train,single,non-extractive
108934,single_train,single,non-extractive
40316,single_train,single,non-extractive
65740,single_train,single,non-extractive
65736,single_train,single,non-extractive
89633,single_train,single,non-extractive
89632,single_train,single,non-extractive
130854,single_train,single,non-extractive
130850,single_train,single,non-extractive
130847,single_train,single,non-extractive
130726,single_train,single,non-extractive
25708,single_train,single,non-extractive
25712,single_train,single,non-extractive
25704,single_train,single,non-extractive
15939,single_train,single,non-extractive
15943,single_train,single,non-extractive
30973,single_train,single,non-extractive
30976,single_train,single,non-extractive
64710,single_train,single,non-extractive
26003,single_train,single,non-extractive
42779,single_train,single,non-extractive
73462,single_train,single,non-extractive
73458,single_train,single,non-extractive
76858,single_train,single,non-extractive
76855,single_train,single,non-extractive
110567,single_train,single,non-extractive
78689,single_train,single,non-extractive
118532,single_train,single,non-extractive
118531,single_train,single,non-extractive
28317,single_train,single,non-extractive
28314,single_train,single,non-extractive
47438,single_test,single,multi-span
47445,single_test,single,non-extractive
47441,single_test,single,image-span
47443,single_test,single,image-span
47442,single_test,single,image-span
47444,single_test,single,non-extractive
47439,single_test,single,question-span
47440,single_test,single,question-span
47437,single_test,single,multi-span
55001,single_test,single,non-extractive
54995,single_test,single,multi-span
54993,single_test,single,multi-span
54994,single_test,single,multi-span
55000,single_test,single,image-span
54998,single_test,single,question-span
54997,single_test,single,question-span
54999,single_test,single,image-span
54996,single_test,single,question-span
102806,single_test,single,image-span
161917,single_test,single,non-extractive
161920,single_test,single,question-span
161915,single_test,single,question-span
161916,single_test,single,multi-span
161919,single_test,single,non-extractive
79659,single_test,single,image-span
79660,single_test,single,question-span
79664,single_test,single,image-span
79662,single_test,single,question-span
79661,single_test,single,multi-span
79663,single_test,single,non-extractive
88442,single_test,single,image-span
88441,single_test,single,image-span
88436,single_test,single,multi-span
88440,single_test,single,question-span
88437,single_test,single,multi-span
88443,single_test,single,non-extractive
88439,single_test,single,question-span
81513,single_test,single,image-span
81516,single_test,single,non-extractive
81515,single_test,single,multi-span
120750,single_test,single,question-span
120753,single_test,single,non-extractive
120749,single_test,single,question-span
120748,single_test,single,multi-span
120752,single_test,single,image-span
120751,single_test,single,image-span
127352,single_test,single,image-span
127354,single_test,single,multi-span
127359,single_test,single,non-extractive
127356,single_test,single,image-span
127353,single_test,single,question-span
127362,single_test,single,multi-span
127357,single_test,single,question-span
127358,single_test,single,multi-span
127363,single_test,single,non-extractive
127355,single_test,single,non-extractive
127360,single_test,single,image-span
127361,single_test,single,question-span
59892,single_test,single,non-extractive
59889,single_test,single,question-span
59888,single_test,single,question-span
59890,single_test,single,image-span
59894,single_test,single,non-extractive
59886,single_test,single,multi-span
59891,single_test,single,image-span
59887,single_test,single,question-span
116506,single_test,single,question-span
116500,single_test,single,multi-span
116505,single_test,single,image-span
116502,single_test,single,image-span
116496,single_test,single,image-span
116499,single_test,single,non-extractive
116504,single_test,single,non-extractive
116501,single_test,single,non-extractive
116503,single_test,single,question-span
116497,single_test,single,question-span
116498,single_test,single,multi-span
77788,single_test,single,image-span
77789,single_test,single,question-span
77790,single_test,single,multi-span
77791,single_test,single,non-extractive
77795,single_test,single,non-extractive
128683,single_test,single,question-span
128686,single_test,single,image-span
128689,single_test,single,non-extractive
128684,single_test,single,multi-span
128681,single_test,single,non-extractive
128685,single_test,single,non-extractive
128682,single_test,single,image-span
128679,single_test,single,question-span
128680,single_test,single,multi-span
128678,single_test,single,image-span
110883,single_test,single,non-extractive
110886,single_test,single,multi-span
110882,single_test,single,multi-span
110881,single_test,single,question-span
110885,single_test,single,question-span
110887,single_test,single,non-extractive
110880,single_test,single,image-span
60662,single_test,single,non-extractive
60656,single_test,single,multi-span
60659,single_test,single,image-span
60657,single_test,single,question-span
60658,single_test,single,question-span
134204,single_test,single,non-extractive
134203,single_test,single,multi-span
134202,single_test,single,question-span
57662,single_test,single,non-extractive
57656,single_test,single,multi-span
57657,single_test,single,multi-span
57663,single_test,single,non-extractive
57658,single_test,single,multi-span
57659,single_test,single,question-span
57660,single_test,single,question-span
57661,single_test,single,question-span
60170,single_test,single,image-span
60168,single_test,single,question-span
60167,single_test,single,question-span
60169,single_test,single,image-span
60165,single_test,single,multi-span
60166,single_test,single,question-span
60171,single_test,single,non-extractive
53581,single_test,single,image-span
53575,single_test,single,multi-span
53580,single_test,single,image-span
53579,single_test,single,question-span
53582,single_test,single,non-extractive
53577,single_test,single,question-span
53576,single_test,single,multi-span
53578,single_test,single,question-span
101551,single_test,single,image-span
101552,single_test,single,question-span
101557,single_test,single,non-extractive
101547,single_test,single,image-span
101550,single_test,single,non-extractive
101556,single_test,single,question-span
101549,single_test,single,multi-span
25782,single_test,single,non-extractive
25779,single_test,single,image-span
25780,single_test,single,question-span
25781,single_test,single,multi-span
25785,single_test,single,multi-span
25786,single_test,single,non-extractive
3297,single_test,single,question-span
3300,single_test,single,question-span
3293,single_test,single,question-span
3301,single_test,single,multi-span
3294,single_test,single,multi-span
3296,single_test,single,image-span
3295,single_test,single,non-extractive
3302,single_test,single,non-extractive
3298,single_test,single,multi-span
3292,single_test,single,image-span
129880,single_test,single,image-span
129881,single_test,single,multi-span
129889,single_test,single,multi-span
129883,single_test,single,image-span
129884,single_test,single,question-span
129882,single_test,single,non-extractive
129890,single_test,single,non-extractive
129886,single_test,single,non-extractive
129885,single_test,single,multi-span
121876,single_test,single,multi-span
121881,single_test,single,question-span
121879,single_test,single,question-span
121884,single_test,single,image-span
121877,single_test,single,multi-span
121885,single_test,single,non-extractive
121880,single_test,single,question-span
121882,single_test,single,image-span
121883,single_test,single,image-span
8565,single_test,single,image-span
8568,single_test,single,image-span
8570,single_test,single,question-span
8569,single_test,single,question-span
8567,single_test,single,non-extractive
8571,single_test,single,non-extractive
8566,single_test,single,multi-span
123250,single_test,single,question-span
123253,single_test,single,non-extractive
123249,single_test,single,question-span
123248,single_test,single,multi-span
123251,single_test,single,image-span
123252,single_test,single,image-span
74213,single_test,single,non-extractive
74210,single_test,single,image-span
74216,single_test,single,non-extractive
74212,single_test,single,multi-span
74211,single_test,single,question-span
105916,single_test,single,question-span
105914,single_test,single,non-extractive
105911,single_test,single,image-span
105915,single_test,single,image-span
105917,single_test,single,multi-span
105913,single_test,single,multi-span
79724,single_test,single,non-extractive
79731,single_test,single,image-span
79726,single_test,single,question-span
79732,single_test,single,question-span
79725,single_test,single,image-span
79727,single_test,single,non-extractive
79722,single_test,single,question-span
79728,single_test,single,question-span
79721,single_test,single,image-span
79730,single_test,single,non-extractive
79729,single_test,single,multi-span
79723,single_test,single,multi-span
49111,single_test,single,question-span
49110,single_test,single,multi-span
49114,single_test,single,image-span
49115,single_test,single,image-span
49113,single_test,single,image-span
49109,single_test,single,multi-span
49112,single_test,single,question-span
149176,single_test,single,image-span
149172,single_test,single,non-extractive
149173,single_test,single,image-span
149171,single_test,single,multi-span
149168,single_test,single,multi-span
149166,single_test,single,image-span
149170,single_test,single,image-span
149174,single_test,single,question-span
149169,single_test,single,non-extractive
149178,single_test,single,multi-span
149179,single_test,single,non-extractive
149175,single_test,single,multi-span
149177,single_test,single,question-span
66170,single_test,single,non-extractive
66167,single_test,single,image-span
66171,single_test,single,image-span
66175,single_test,single,question-span
66173,single_test,single,non-extractive
66177,single_test,single,non-extractive
66168,single_test,single,question-span
66169,single_test,single,multi-span
66172,single_test,single,question-span
62174,single_test,single,non-extractive
62170,single_test,single,image-span
62173,single_test,single,multi-span
62166,single_test,single,image-span
62169,single_test,single,non-extractive
62168,single_test,single,multi-span
62171,single_test,single,multi-span
62167,single_test,single,question-span
78120,single_test,single,non-extractive
78119,single_test,single,multi-span
78122,single_test,single,question-span
78118,single_test,single,question-span
78117,single_test,single,image-span
78123,single_test,single,multi-span
62150,single_test,single,question-span
62147,single_test,single,non-extractive
62144,single_test,single,image-span
62149,single_test,single,image-span
62148,single_test,single,non-extractive
62151,single_test,single,multi-span
62146,single_test,single,multi-span
62145,single_test,single,question-span
106871,single_test,single,non-extractive
106870,single_test,single,multi-span
106865,single_test,single,image-span
106866,single_test,single,multi-span
106867,single_test,single,non-extractive
106869,single_test,single,question-span
58688,single_test,single,non-extractive
58684,single_test,single,question-span
58683,single_test,single,multi-span
58681,single_test,single,multi-span
58687,single_test,single,image-span
58685,single_test,single,question-span
58686,single_test,single,question-span
22376,single_test,single,question-span
22375,single_test,single,image-span
22372,single_test,single,question-span
22373,single_test,single,multi-span
22374,single_test,single,non-extractive
22377,single_test,single,multi-span
22371,single_test,single,image-span
22378,single_test,single,image-span
22379,single_test,single,question-span
46346,single_test,single,question-span
46344,single_test,single,non-extractive
46350,single_test,single,question-span
46341,single_test,single,image-span
46352,single_test,single,non-extractive
46345,single_test,single,image-span
46351,single_test,single,multi-span
46348,single_test,single,non-extractive
46342,single_test,single,question-span
46349,single_test,single,image-span
146759,single_test,single,question-span
146760,single_test,single,multi-span
146755,single_test,single,image-span
146763,single_test,single,non-extractive
146766,single_test,single,non-extractive
146758,single_test,single,image-span
146757,single_test,single,non-extractive
146761,single_test,single,non-extractive
146762,single_test,single,image-span
148798,single_test,single,multi-span
148804,single_test,single,image-span
148799,single_test,single,non-extractive
148802,single_test,single,multi-span
148803,single_test,single,non-extractive
148805,single_test,single,question-span
148797,single_test,single,image-span
148801,single_test,single,question-span
112837,single_test,single,multi-span
112843,single_test,single,question-span
112842,single_test,single,image-span
112835,single_test,single,image-span
112844,single_test,single,multi-span
112839,single_test,single,question-span
112841,single_test,single,non-extractive
112836,single_test,single,question-span
112838,single_test,single,non-extractive
112840,single_test,single,multi-span
91757,single_test,single,non-extractive
91752,single_test,single,question-span
91756,single_test,single,image-span
91754,single_test,single,question-span
91753,single_test,single,question-span
91755,single_test,single,image-span
91751,single_test,single,multi-span
146480,single_test,single,multi-span
146484,single_test,single,multi-span
146483,single_test,single,question-span
146488,single_test,single,non-extractive
146482,single_test,single,image-span
146479,single_test,single,image-span
146485,single_test,single,non-extractive
146481,single_test,single,non-extractive
91024,single_test,single,multi-span
91030,single_test,single,non-extractive
91026,single_test,single,question-span
91029,single_test,single,image-span
91028,single_test,single,image-span
91023,single_test,single,multi-span
91025,single_test,single,question-span
52072,single_test,single,image-span
52071,single_test,single,image-span
52068,single_test,single,multi-span
52070,single_test,single,question-span
19967,single_test,single,question-span
19969,single_test,single,non-extractive
19971,single_test,single,question-span
19973,single_test,single,non-extractive
19968,single_test,single,multi-span
19972,single_test,single,multi-span
19966,single_test,single,image-span
90613,single_test,single,multi-span
90619,single_test,single,non-extractive
90614,single_test,single,multi-span
90621,single_test,single,non-extractive
90612,single_test,single,multi-span
90617,single_test,single,image-span
90615,single_test,single,question-span
90616,single_test,single,image-span
90618,single_test,single,image-span
90620,single_test,single,non-extractive
32561,single_test,single,image-span
32560,single_test,single,non-extractive
32558,single_test,single,question-span
32559,single_test,single,multi-span
32557,single_test,single,image-span
86402,single_test,single,multi-span
86410,single_test,single,image-span
86408,single_test,single,image-span
86409,single_test,single,image-span
86405,single_test,single,question-span
86403,single_test,single,multi-span
86406,single_test,single,question-span
86404,single_test,single,multi-span
82439,single_test,single,question-span
82437,single_test,single,multi-span
82438,single_test,single,non-extractive
82440,single_test,single,multi-span
82436,single_test,single,question-span
82441,single_test,single,image-span
82435,single_test,single,image-span
37818,single_test,single,multi-span
37812,single_test,single,image-span
37813,single_test,single,question-span
37814,single_test,single,multi-span
37815,single_test,single,non-extractive
37819,single_test,single,non-extractive
37816,single_test,single,image-span
37817,single_test,single,question-span
37822,single_test,single,non-extractive
161038,single_test,single,multi-span
161036,single_test,single,multi-span
161034,single_test,single,image-span
161039,single_test,single,image-span
161042,single_test,single,non-extractive
161037,single_test,single,non-extractive
161035,single_test,single,question-span
124257,single_test,single,image-span
124251,single_test,single,multi-span
124252,single_test,single,multi-span
124250,single_test,single,multi-span
124253,single_test,single,question-span
124254,single_test,single,question-span
124258,single_test,single,image-span
124259,single_test,single,non-extractive
31166,single_test,single,non-extractive
31164,single_test,single,question-span
31160,single_test,single,question-span
31162,single_test,single,non-extractive
31168,single_test,single,question-span
31165,single_test,single,multi-span
31169,single_test,single,multi-span
31161,single_test,single,multi-span
31159,single_test,single,image-span
151821,single_test,single,multi-span
151817,single_test,single,question-span
151816,single_test,single,image-span
151819,single_test,single,image-span
151818,single_test,single,multi-span
151820,single_test,single,question-span
81076,single_test,single,question-span
81073,single_test,single,multi-span
81070,single_test,single,non-extractive
81068,single_test,single,image-span
81071,single_test,single,image-span
81069,single_test,single,multi-span
81072,single_test,single,question-span
45353,single_test,single,multi-span
45350,single_test,single,multi-span
45349,single_test,single,question-span
45354,single_test,single,non-extractive
45351,single_test,single,non-extractive
45352,single_test,single,image-span
4155,single_test,single,image-span
4158,single_test,single,non-extractive
4160,single_test,single,multi-span
4162,single_test,single,multi-span
4161,single_test,single,image-span
29470,single_test,single,multi-span
29471,single_test,single,non-extractive
29475,single_test,single,non-extractive
29474,single_test,single,multi-span
29473,single_test,single,question-span
29472,single_test,single,image-span
29468,single_test,single,image-span
29479,single_test,single,non-extractive
115437,single_test,single,question-span
115438,single_test,single,multi-span
115441,single_test,single,question-span
115439,single_test,single,non-extractive
115434,single_test,single,image-span
115443,single_test,single,non-extractive
115436,single_test,single,non-extractive
115440,single_test,single,image-span
115442,single_test,single,multi-span
115435,single_test,single,multi-span
44216,single_test,single,multi-span
44219,single_test,single,question-span
44214,single_test,single,image-span
44220,single_test,single,non-extractive
44217,single_test,single,non-extractive
44215,single_test,single,question-span
154933,single_test,single,image-span
154934,single_test,single,question-span
154939,single_test,single,multi-span
109918,single_test,single,image-span
109914,single_test,single,question-span
109913,single_test,single,image-span
109916,single_test,single,non-extractive
109915,single_test,single,multi-span
105234,single_test,single,non-extractive
105236,single_test,single,question-span
105235,single_test,single,image-span
105227,single_test,single,image-span
105233,single_test,single,multi-span
130070,single_test,single,multi-span
130069,single_test,single,question-span
130063,single_test,single,multi-span
130066,single_test,single,multi-span
130064,single_test,single,image-span
130068,single_test,single,image-span
130067,single_test,single,non-extractive
130062,single_test,single,image-span
106758,single_test,single,multi-span
106764,single_test,single,image-span
106760,single_test,single,image-span
106763,single_test,single,non-extractive
106759,single_test,single,non-extractive
106762,single_test,single,multi-span
106756,single_test,single,image-span
106765,single_test,single,multi-span
106761,single_test,single,question-span
106757,single_test,single,question-span
96320,single_test,single,non-extractive
96313,single_test,single,multi-span
96314,single_test,single,multi-span
96321,single_test,single,non-extractive
30064,single_test,single,question-span
30059,single_test,single,image-span
30060,single_test,single,question-span
30061,single_test,single,multi-span
30063,single_test,single,image-span
56947,single_test,single,non-extractive
56945,single_test,single,image-span
56942,single_test,single,multi-span
56944,single_test,single,question-span
56943,single_test,single,multi-span
56946,single_test,single,image-span
150712,single_test,single,non-extractive
150706,single_test,single,image-span
150710,single_test,single,question-span
150703,single_test,single,image-span
150707,single_test,single,multi-span
150705,single_test,single,non-extractive
150708,single_test,single,non-extractive
150704,single_test,single,multi-span
132240,single_test,single,image-span
132238,single_test,single,multi-span
132236,single_test,single,image-span
132241,single_test,single,question-span
132244,single_test,single,image-span
132237,single_test,single,question-span
132243,single_test,single,non-extractive
132246,single_test,single,multi-span
132239,single_test,single,non-extractive
8873,single_test,single,non-extractive
8878,single_test,single,multi-span
8877,single_test,single,non-extractive
8871,single_test,single,question-span
8879,single_test,single,non-extractive
8872,single_test,single,multi-span
8875,single_test,single,question-span
8876,single_test,single,multi-span
114906,single_test,single,non-extractive
114904,single_test,single,question-span
114899,single_test,single,image-span
114902,single_test,single,non-extractive
114900,single_test,single,question-span
114903,single_test,single,image-span
114901,single_test,single,multi-span
6625,single_test,single,question-span
6628,single_test,single,image-span
6630,single_test,single,non-extractive
6627,single_test,single,non-extractive
6626,single_test,single,multi-span
6624,single_test,single,image-span
6632,single_test,single,multi-span
6633,single_test,single,non-extractive
6629,single_test,single,multi-span
650,single_test,single,image-span
648,single_test,single,question-span
651,single_test,single,question-span
647,single_test,single,image-span
653,single_test,single,non-extractive
649,single_test,single,non-extractive
3950,single_test,single,multi-span
3949,single_test,single,image-span
3956,single_test,single,image-span
3952,single_test,single,image-span
3954,single_test,single,multi-span
3955,single_test,single,non-extractive
3953,single_test,single,question-span
3951,single_test,single,non-extractive
74070,single_test,single,multi-span
74066,single_test,single,multi-span
74068,single_test,single,image-span
74065,single_test,single,question-span
74067,single_test,single,non-extractive
74064,single_test,single,image-span
74069,single_test,single,question-span
54103,single_test,single,multi-span
54102,single_test,single,multi-span
54105,single_test,single,question-span
54110,single_test,single,non-extractive
54109,single_test,single,image-span
54108,single_test,single,image-span
54104,single_test,single,question-span
54101,single_test,single,multi-span
54106,single_test,single,question-span
54107,single_test,single,image-span
3478,single_test,single,image-span
3475,single_test,single,image-span
3484,single_test,single,non-extractive
3480,single_test,single,non-extractive
3479,single_test,single,multi-span
3477,single_test,single,non-extractive
13562,single_test,single,non-extractive
13558,single_test,single,non-extractive
13557,single_test,single,multi-span
13555,single_test,single,non-extractive
13552,single_test,single,image-span
13560,single_test,single,question-span
13554,single_test,single,multi-span
13553,single_test,single,question-span
13556,single_test,single,question-span
13559,single_test,single,image-span
149690,single_test,single,image-span
149692,single_test,single,non-extractive
149686,single_test,single,image-span
149684,single_test,single,question-span
149691,single_test,single,multi-span
149689,single_test,single,non-extractive
149688,single_test,single,multi-span
149685,single_test,single,non-extractive
20590,single_test,single,non-extractive
20580,single_test,single,image-span
20592,single_test,single,multi-span
20581,single_test,single,multi-span
20584,single_test,single,question-span
20585,single_test,single,multi-span
20591,single_test,single,image-span
20586,single_test,single,non-extractive
20587,single_test,single,image-span
20582,single_test,single,non-extractive
20588,single_test,single,question-span
20589,single_test,single,multi-span
122482,single_test,single,question-span
122488,single_test,single,non-extractive
122484,single_test,single,image-span
122479,single_test,single,multi-span
122487,single_test,single,non-extractive
122480,single_test,single,question-span
122485,single_test,single,image-span
122483,single_test,single,image-span
122477,single_test,single,multi-span
122481,single_test,single,question-span
53956,single_test,single,image-span
53952,single_test,single,multi-span
53957,single_test,single,non-extractive
53953,single_test,single,question-span
53951,single_test,single,multi-span
53954,single_test,single,question-span
53955,single_test,single,question-span
53959,single_test,single,non-extractive
84406,single_test,single,multi-span
84409,single_test,single,question-span
84412,single_test,single,image-span
84411,single_test,single,image-span
84415,single_test,single,non-extractive
84408,single_test,single,multi-span
84413,single_test,single,non-extractive
84410,single_test,single,question-span
84414,single_test,single,non-extractive
84407,single_test,single,multi-span
56227,single_test,single,question-span
56228,single_test,single,image-span
56224,single_test,single,multi-span
56232,single_test,single,non-extractive
56225,single_test,single,question-span
56229,single_test,single,image-span
56226,single_test,single,question-span
53060,single_test,single,question-span
53063,single_test,single,non-extractive
53059,single_test,single,multi-span
53062,single_test,single,image-span
53061,single_test,single,question-span
11027,single_test,single,question-span
11029,single_test,single,image-span
11023,single_test,single,question-span
11024,single_test,single,multi-span
11022,single_test,single,image-span
11025,single_test,single,non-extractive
11031,single_test,single,non-extractive
11028,single_test,single,multi-span
11033,single_test,single,multi-span
11030,single_test,single,multi-span
11026,single_test,single,image-span
35856,single_test,single,non-extractive
35855,single_test,single,multi-span
35862,single_test,single,question-span
35854,single_test,single,question-span
35859,single_test,single,multi-span
35860,single_test,single,non-extractive
35853,single_test,single,image-span
35857,single_test,single,image-span
35858,single_test,single,question-span
35861,single_test,single,image-span
145739,single_test,single,non-extractive
145735,single_test,single,multi-span
145740,single_test,single,image-span
145736,single_test,single,non-extractive
145733,single_test,single,image-span
38243,single_test,single,question-span
38245,single_test,single,non-extractive
38241,single_test,single,non-extractive
38239,single_test,single,question-span
38248,single_test,single,multi-span
38247,single_test,single,question-span
38238,single_test,single,image-span
38244,single_test,single,multi-span
38240,single_test,single,multi-span
38242,single_test,single,image-span
38246,single_test,single,image-span
113055,single_test,single,multi-span
113056,single_test,single,non-extractive
113051,single_test,single,non-extractive
113052,single_test,single,question-span
113048,single_test,single,image-span
113053,single_test,single,multi-span
113050,single_test,single,multi-span
113054,single_test,single,image-span
18818,single_test,single,image-span
18825,single_test,single,non-extractive
18819,single_test,single,question-span
18820,single_test,single,multi-span
18824,single_test,single,multi-span
18821,single_test,single,non-extractive
18822,single_test,single,image-span
109930,single_test,single,image-span
109931,single_test,single,question-span
109932,single_test,single,multi-span
109928,single_test,single,multi-span
109929,single_test,single,non-extractive
109926,single_test,single,image-span
109934,single_test,single,image-span
109927,single_test,single,question-span
109933,single_test,single,non-extractive
109935,single_test,single,question-span
47313,single_test,single,question-span
47314,single_test,single,image-span
47318,single_test,single,non-extractive
47311,single_test,single,multi-span
47310,single_test,single,multi-span
47315,single_test,single,image-span
47312,single_test,single,question-span
49561,single_test,single,image-span
49562,single_test,single,image-span
49557,single_test,single,multi-span
49558,single_test,single,multi-span
49559,single_test,single,question-span
65697,single_test,single,question-span
65704,single_test,single,non-extractive
65699,single_test,single,non-extractive
65702,single_test,single,non-extractive
65700,single_test,single,image-span
65703,single_test,single,image-span
65698,single_test,single,multi-span
65696,single_test,single,image-span
65701,single_test,single,multi-span
83266,single_test,single,non-extractive
83262,single_test,single,multi-span
83265,single_test,single,multi-span
83261,single_test,single,question-span
83269,single_test,single,multi-span
83264,single_test,single,question-span
83263,single_test,single,non-extractive
83260,single_test,single,image-span
83268,single_test,single,question-span
59113,single_test,single,image-span
59112,single_test,single,question-span
59109,single_test,single,multi-span
59111,single_test,single,question-span
59110,single_test,single,multi-span
92064,single_test,single,question-span
92060,single_test,single,multi-span
92065,single_test,single,question-span
92068,single_test,single,image-span
92069,single_test,single,image-span
92058,single_test,single,multi-span
92057,single_test,single,multi-span
92066,single_test,single,question-span
92061,single_test,single,multi-span
92062,single_test,single,question-span
92070,single_test,single,image-span
92059,single_test,single,multi-span
52632,single_test,single,image-span
52634,single_test,single,non-extractive
52631,single_test,single,image-span
52628,single_test,single,multi-span
52629,single_test,single,question-span
52630,single_test,single,question-span
75839,single_test,single,question-span
75843,single_test,single,question-span
75841,single_test,single,non-extractive
75838,single_test,single,image-span
75840,single_test,single,multi-span
75842,single_test,single,image-span
113230,single_test,single,question-span
113231,single_test,single,multi-span
113232,single_test,single,image-span
113226,single_test,single,image-span
113233,single_test,single,question-span
113234,single_test,single,multi-span
113229,single_test,single,non-extractive
113228,single_test,single,multi-span
146080,single_test,single,multi-span
146079,single_test,single,question-span
146083,single_test,single,question-span
146078,single_test,single,image-span
146082,single_test,single,image-span
146081,single_test,single,non-extractive
139162,single_test,single,non-extractive
139156,single_test,single,question-span
139159,single_test,single,image-span
139164,single_test,single,question-span
139163,single_test,single,image-span
139166,single_test,single,question-span
139165,single_test,single,non-extractive
139160,single_test,single,question-span
139155,single_test,single,image-span
139161,single_test,single,multi-span
7295,single_test,single,question-span
7298,single_test,single,image-span
7299,single_test,single,question-span
7300,single_test,single,multi-span
7294,single_test,single,image-span
7296,single_test,single,multi-span
130529,single_test,single,image-span
130531,single_test,single,multi-span
130537,single_test,single,multi-span
130528,single_test,single,non-extractive
130525,single_test,single,image-span
130535,single_test,single,image-span
130538,single_test,single,non-extractive
130534,single_test,single,non-extractive
130532,single_test,single,non-extractive
130527,single_test,single,multi-span
130533,single_test,single,question-span
130530,single_test,single,question-span
130536,single_test,single,question-span
102888,single_test,single,image-span
102889,single_test,single,question-span
102894,single_test,single,non-extractive
102891,single_test,single,non-extractive
102890,single_test,single,multi-span
102893,single_test,single,multi-span
150435,single_test,single,image-span
150439,single_test,single,image-span
150438,single_test,single,non-extractive
20620,single_test,single,image-span
20619,single_test,single,multi-span
20618,single_test,single,question-span
20630,single_test,single,non-extractive
20621,single_test,single,question-span
20625,single_test,single,multi-span
20624,single_test,single,question-span
20623,single_test,single,image-span
20617,single_test,single,image-span
97820,single_test,single,non-extractive
97822,single_test,single,question-span
97817,single_test,single,image-span
97819,single_test,single,multi-span
97818,single_test,single,question-span
9343,single_test,single,multi-span
9340,single_test,single,image-span
9333,single_test,single,image-span
9342,single_test,single,non-extractive
9334,single_test,single,question-span
9339,single_test,single,non-extractive
9335,single_test,single,multi-span
9336,single_test,single,non-extractive
16568,single_test,single,multi-span
16566,single_test,single,image-span
16570,single_test,single,image-span
16569,single_test,single,non-extractive
16564,single_test,single,multi-span
16563,single_test,single,question-span
16572,single_test,single,non-extractive
16562,single_test,single,image-span
16565,single_test,single,non-extractive
16567,single_test,single,question-span
16574,single_test,single,non-extractive
16573,single_test,single,image-span
57257,single_test,single,multi-span
57261,single_test,single,image-span
57255,single_test,single,multi-span
57259,single_test,single,question-span
57256,single_test,single,multi-span
57260,single_test,single,question-span
57263,single_test,single,non-extractive
57258,single_test,single,question-span
10618,single_test,single,image-span
10609,single_test,single,multi-span
10615,single_test,single,image-span
10611,single_test,single,image-span
10608,single_test,single,image-span
10616,single_test,single,question-span
10617,single_test,single,multi-span
10610,single_test,single,non-extractive
60988,single_test,single,image-span
60985,single_test,single,question-span
60990,single_test,single,non-extractive
60987,single_test,single,image-span
60989,single_test,single,image-span
60986,single_test,single,question-span
60984,single_test,single,multi-span
60982,single_test,single,multi-span
60983,single_test,single,multi-span
115241,single_test,single,image-span
115239,single_test,single,image-span
115244,single_test,single,non-extractive
115235,single_test,single,image-span
115237,single_test,single,multi-span
115236,single_test,single,question-span
115238,single_test,single,non-extractive
115240,single_test,single,non-extractive
4115,single_test,single,image-span
4112,single_test,single,question-span
4118,single_test,single,non-extractive
4114,single_test,single,non-extractive
4116,single_test,single,question-span
4120,single_test,single,question-span
4113,single_test,single,multi-span
152585,single_test,single,non-extractive
152588,single_test,single,image-span
152591,single_test,single,non-extractive
152584,single_test,single,multi-span
152582,single_test,single,image-span
152583,single_test,single,question-span
152589,single_test,single,question-span
152586,single_test,single,image-span
150577,single_test,single,question-span
150573,single_test,single,image-span
150572,single_test,single,non-extractive
150570,single_test,single,question-span
150580,single_test,single,image-span
150576,single_test,single,non-extractive
150571,single_test,single,multi-span
150569,single_test,single,image-span
150578,single_test,single,multi-span
150581,single_test,single,question-span
150579,single_test,single,non-extractive
150574,single_test,single,question-span
51270,single_test,single,question-span
51272,single_test,single,image-span
51273,single_test,single,image-span
51269,single_test,single,multi-span
51271,single_test,single,question-span
62322,single_test,single,image-span
62333,single_test,single,non-extractive
62330,single_test,single,image-span
62325,single_test,single,non-extractive
62323,single_test,single,question-span
62327,single_test,single,question-span
62324,single_test,single,multi-span
62328,single_test,single,multi-span
62326,single_test,single,image-span
62329,single_test,single,non-extractive
112139,single_test,single,question-span
112141,single_test,single,non-extractive
112144,single_test,single,multi-span
112142,single_test,single,image-span
112143,single_test,single,question-span
112145,single_test,single,non-extractive
112140,single_test,single,multi-span
112149,single_test,single,non-extractive
112138,single_test,single,image-span
112148,single_test,single,multi-span
128103,single_test,single,image-span
128105,single_test,single,multi-span
128107,single_test,single,image-span
128106,single_test,single,non-extractive
128104,single_test,single,question-span
49203,single_test,single,question-span
49204,single_test,single,question-span
49200,single_test,single,multi-span
49201,single_test,single,multi-span
49207,single_test,single,non-extractive
49205,single_test,single,image-span
49206,single_test,single,image-span
49202,single_test,single,multi-span
99970,single_test,single,multi-span
99967,single_test,single,question-span
99966,single_test,single,image-span
99973,single_test,single,non-extractive
99969,single_test,single,image-span
99971,single_test,single,non-extractive
99968,single_test,single,multi-span
154797,single_test,single,image-span
154798,single_test,single,question-span
154801,single_test,single,image-span
154802,single_test,single,question-span
154800,single_test,single,non-extractive
154799,single_test,single,multi-span
154803,single_test,single,multi-span
81807,single_test,single,question-span
81806,single_test,single,image-span
81803,single_test,single,image-span
81808,single_test,single,multi-span
81805,single_test,single,multi-span
81804,single_test,single,question-span
4209,single_test,single,non-extractive
4213,single_test,single,non-extractive
4208,single_test,single,multi-span
4210,single_test,single,image-span
4205,single_test,single,non-extractive
4204,single_test,single,multi-span
4202,single_test,single,image-span
4211,single_test,single,question-span
4212,single_test,single,multi-span
4206,single_test,single,image-span
166382,single_test,single,non-extractive
166379,single_test,single,non-extractive
166378,single_test,single,multi-span
166376,single_test,single,image-span
69547,single_test,single,non-extractive
69544,single_test,single,image-span
69545,single_test,single,question-span
69550,single_test,single,non-extractive
69546,single_test,single,multi-span
69548,single_test,single,image-span
108002,single_test,single,non-extractive
108001,single_test,single,multi-span
108000,single_test,single,non-extractive
108003,single_test,single,image-span
107997,single_test,single,image-span
107998,single_test,single,question-span
127092,single_test,single,question-span
127089,single_test,single,multi-span
127087,single_test,single,image-span
127088,single_test,single,question-span
127090,single_test,single,non-extractive
127096,single_test,single,question-span
127094,single_test,single,non-extractive
127095,single_test,single,image-span
127091,single_test,single,image-span
127093,single_test,single,multi-span
160843,single_test,single,question-span
160842,single_test,single,image-span
160837,single_test,single,image-span
160847,single_test,single,non-extractive
160841,single_test,single,multi-span
160839,single_test,single,image-span
75086,single_test,single,multi-span
75083,single_test,single,multi-span
75087,single_test,single,non-extractive
75082,single_test,single,question-span
75081,single_test,single,image-span
75084,single_test,single,non-extractive
75085,single_test,single,question-span
126950,single_test,single,question-span
126946,single_test,single,question-span
126949,single_test,single,image-span
126948,single_test,single,non-extractive
126951,single_test,single,multi-span
126945,single_test,single,image-span
126947,single_test,single,multi-span
109609,single_test,single,non-extractive
109617,single_test,single,non-extractive
109613,single_test,single,non-extractive
90103,single_test,single,non-extractive
90104,single_test,single,non-extractive
15358,single_test,single,non-extractive
15366,single_test,single,non-extractive
15362,single_test,single,non-extractive
144974,single_test,single,non-extractive
115183,single_test,single,non-extractive
115187,single_test,single,non-extractive
91540,single_test,single,multi-span
91537,single_test,single,multi-span
91546,single_test,single,image-span
91542,single_test,single,question-span
91548,single_test,single,non-extractive
91541,single_test,single,question-span
91544,single_test,single,question-span
91547,single_test,single,image-span
91545,single_test,single,image-span
91539,single_test,single,multi-span
125687,single_test,single,question-span
125688,single_test,single,multi-span
125682,single_test,single,image-span
125685,single_test,single,non-extractive
125684,single_test,single,multi-span
125683,single_test,single,question-span
125689,single_test,single,non-extractive
95015,single_test,single,question-span
95012,single_test,single,multi-span
95017,single_test,single,image-span
95011,single_test,single,multi-span
95016,single_test,single,image-span
127867,single_test,single,image-span
127874,single_test,single,non-extractive
127869,single_test,single,multi-span
127870,single_test,single,non-extractive
68922,single_test,single,question-span
68926,single_test,single,multi-span
68933,single_test,single,multi-span
68924,single_test,single,image-span
68929,single_test,single,question-span
68921,single_test,single,image-span
68930,single_test,single,non-extractive
68928,single_test,single,image-span
68932,single_test,single,question-span
68923,single_test,single,non-extractive
68931,single_test,single,image-span
68927,single_test,single,non-extractive
83003,single_test,single,non-extractive
82999,single_test,single,non-extractive
83002,single_test,single,multi-span
82997,single_test,single,question-span
83000,single_test,single,image-span
83006,single_test,single,non-extractive
83004,single_test,single,question-span
83005,single_test,single,multi-span
83001,single_test,single,question-span
82996,single_test,single,image-span
83008,single_test,single,question-span
83007,single_test,single,image-span
82998,single_test,single,multi-span
145215,single_test,single,non-extractive
145213,single_test,single,image-span
145214,single_test,single,multi-span
145216,single_test,single,question-span
5764,single_test,single,multi-span
5766,single_test,single,image-span
5765,single_test,single,non-extractive
5756,single_test,single,question-span
5761,single_test,single,non-extractive
5762,single_test,single,image-span
5760,single_test,single,multi-span
5755,single_test,single,image-span
5757,single_test,single,multi-span
5763,single_test,single,question-span
5759,single_test,single,image-span
5758,single_test,single,non-extractive
5768,single_test,single,non-extractive
15270,single_test,single,image-span
15275,single_test,single,question-span
15276,single_test,single,multi-span
15272,single_test,single,multi-span
15273,single_test,single,non-extractive
15274,single_test,single,image-span
15271,single_test,single,question-span
15279,single_test,single,non-extractive
158979,single_test,single,question-span
158980,single_test,single,non-extractive
158974,single_test,single,image-span
158975,single_test,single,question-span
164374,single_test,single,question-span
164373,single_test,single,image-span
164378,single_test,single,question-span
164380,single_test,single,non-extractive
164377,single_test,single,image-span
164375,single_test,single,multi-span
164386,single_test,single,non-extractive
164376,single_test,single,non-extractive
164382,single_test,single,non-extractive
164379,single_test,single,multi-span
81186,single_test,single,multi-span
81184,single_test,single,image-span
81185,single_test,single,question-span
81187,single_test,single,non-extractive
164747,single_test,single,multi-span
163024,single_test,single,multi-span
163022,single_test,single,image-span
163026,single_test,single,question-span
163025,single_test,single,multi-span
163027,single_test,single,multi-span
163023,single_test,single,question-span
163029,single_test,single,image-span
163028,single_test,single,non-extractive
163020,single_test,single,multi-span
163021,single_test,single,non-extractive
163018,single_test,single,image-span
163019,single_test,single,question-span
15333,single_test,single,non-extractive
15327,single_test,single,non-extractive
15325,single_test,single,question-span
15328,single_test,single,multi-span
15329,single_test,single,non-extractive
15324,single_test,single,image-span
11090,single_test,single,multi-span
11093,single_test,single,non-extractive
11086,single_test,single,question-span
11092,single_test,single,image-span
11085,single_test,single,image-span
11091,single_test,single,non-extractive
11087,single_test,single,multi-span
11088,single_test,single,non-extractive
143107,single_test,single,image-span
143103,single_test,single,image-span
143104,single_test,single,question-span
143105,single_test,single,multi-span
72805,single_test,single,question-span
72806,single_test,single,multi-span
72807,single_test,single,non-extractive
72810,single_test,single,non-extractive
72808,single_test,single,image-span
44184,single_test,single,image-span
44187,single_test,single,non-extractive
44192,single_test,single,multi-span
44188,single_test,single,image-span
44181,single_test,single,image-span
44183,single_test,single,multi-span
44182,single_test,single,question-span
44190,single_test,single,multi-span
44189,single_test,single,question-span
44193,single_test,single,non-extractive
44186,single_test,single,multi-span
141909,single_test,single,non-extractive
141913,single_test,single,non-extractive
141910,single_test,single,image-span
141911,single_test,single,non-extractive
141916,single_test,single,multi-span
141912,single_test,single,multi-span
141907,single_test,single,question-span
141906,single_test,single,image-span
141908,single_test,single,multi-span
141914,single_test,single,image-span
141915,single_test,single,question-span
118057,single_test,single,non-extractive
118053,single_test,single,question-span
118054,single_test,single,image-span
118050,single_test,single,multi-span
118052,single_test,single,question-span
118056,single_test,single,non-extractive
118051,single_test,single,multi-span
112688,single_test,single,image-span
112686,single_test,single,multi-span
112685,single_test,single,question-span
112687,single_test,single,non-extractive
112689,single_test,single,question-span
112684,single_test,single,image-span
112690,single_test,single,non-extractive
6270,single_test,single,multi-span
6266,single_test,single,image-span
6265,single_test,single,non-extractive
6271,single_test,single,non-extractive
6268,single_test,single,non-extractive
6263,single_test,single,image-span
6269,single_test,single,question-span
6264,single_test,single,multi-span
6267,single_test,single,question-span
73907,single_test,single,image-span
73910,single_test,single,non-extractive
73913,single_test,single,multi-span
73909,single_test,single,multi-span
73912,single_test,single,question-span
73908,single_test,single,question-span
88874,single_test,single,image-span
88871,single_test,single,question-span
88866,single_test,single,multi-span
88873,single_test,single,image-span
88867,single_test,single,multi-span
88870,single_test,single,question-span
88876,single_test,single,image-span
88872,single_test,single,question-span
88875,single_test,single,image-span
158810,single_test,single,non-extractive
158811,single_test,single,image-span
158809,single_test,single,multi-span
158816,single_test,single,non-extractive
158815,single_test,single,multi-span
158807,single_test,single,image-span
158812,single_test,single,multi-span
158808,single_test,single,question-span
112627,single_test,single,multi-span
112624,single_test,single,non-extractive
112626,single_test,single,question-span
112620,single_test,single,multi-span
112623,single_test,single,multi-span
112621,single_test,single,image-span
112619,single_test,single,question-span
112622,single_test,single,question-span
112618,single_test,single,image-span
2732,single_test,single,non-extractive
2725,single_test,single,image-span
2728,single_test,single,non-extractive
2729,single_test,single,image-span
2727,single_test,single,multi-span
2735,single_test,single,non-extractive
2731,single_test,single,multi-span
2726,single_test,single,question-span
2733,single_test,single,question-span
2730,single_test,single,question-span
63799,single_test,single,multi-span
63800,single_test,single,non-extractive
63798,single_test,single,question-span
63797,single_test,single,image-span
63803,single_test,single,multi-span
63804,single_test,single,non-extractive
63802,single_test,single,question-span
64966,single_test,single,question-span
64967,single_test,single,multi-span
64968,single_test,single,non-extractive
64965,single_test,single,image-span
64969,single_test,single,image-span
82867,single_test,single,question-span
82871,single_test,single,image-span
82874,single_test,single,non-extractive
82873,single_test,single,multi-span
82872,single_test,single,question-span
82866,single_test,single,image-span
82868,single_test,single,multi-span
82870,single_test,single,question-span
82869,single_test,single,non-extractive
64925,single_test,single,multi-span
64923,single_test,single,image-span
64926,single_test,single,non-extractive
64932,single_test,single,non-extractive
64924,single_test,single,question-span
64928,single_test,single,multi-span
43353,single_test,single,non-extractive
43348,single_test,single,question-span
43342,single_test,single,multi-span
43352,single_test,single,multi-span
43341,single_test,single,question-span
43343,single_test,single,non-extractive
43346,single_test,single,non-extractive
43340,single_test,single,image-span
43345,single_test,single,multi-span
43344,single_test,single,question-span
43351,single_test,single,question-span
43350,single_test,single,non-extractive
43349,single_test,single,multi-span
165704,single_test,single,image-span
165708,single_test,single,question-span
165706,single_test,single,multi-span
94417,single_test,single,image-span
94415,single_test,single,question-span
94413,single_test,single,question-span
36970,single_test,single,image-span
36977,single_test,single,non-extractive
36967,single_test,single,image-span
36975,single_test,single,question-span
36969,single_test,single,non-extractive
36976,single_test,single,multi-span
36974,single_test,single,image-span
36972,single_test,single,multi-span
36973,single_test,single,non-extractive
36968,single_test,single,multi-span
23254,single_test,single,non-extractive
23246,single_test,single,non-extractive
23250,single_test,single,non-extractive
23249,single_test,single,multi-span
23245,single_test,single,multi-span
23247,single_test,single,image-span
23248,single_test,single,question-span
23244,single_test,single,question-span
23243,single_test,single,image-span
147135,single_test,single,image-span
147130,single_test,single,non-extractive
147138,single_test,single,non-extractive
147134,single_test,single,non-extractive
147131,single_test,single,image-span
147133,single_test,single,multi-span
147137,single_test,single,multi-span
147136,single_test,single,question-span
104326,single_test,single,multi-span
104329,single_test,single,question-span
104327,single_test,single,non-extractive
104324,single_test,single,image-span
69518,single_test,single,image-span
69514,single_test,single,image-span
69515,single_test,single,question-span
69516,single_test,single,multi-span
69517,single_test,single,non-extractive
69521,single_test,single,non-extractive
98882,single_test,single,non-extractive
98879,single_test,single,image-span
16609,single_test,single,question-span
16605,single_test,single,image-span
16604,single_test,single,non-extractive
16607,single_test,single,multi-span
16601,single_test,single,image-span
16603,single_test,single,multi-span
16602,single_test,single,question-span
16611,single_test,single,non-extractive
100592,single_test,single,non-extractive
100590,single_test,single,question-span
35396,single_test,single,non-extractive
35400,single_test,single,non-extractive
5260,single_test,single,non-extractive
5256,single_test,single,non-extractive
82233,single_test,single,non-extractive
82237,single_test,single,non-extractive
82230,single_test,single,non-extractive
16188,single_test,single,non-extractive
16192,single_test,single,non-extractive
76965,single_test,single,non-extractive
76968,single_test,single,non-extractive
80469,single_test,single,non-extractive
80477,single_test,single,non-extractive
158279,single_test,single,non-extractive
158282,single_test,single,non-extractive
5560,multi_train,multi,Cross-Image Synthesis
5561,multi_train,multi,Non-Span
5562,multi_train,multi,Non-Span
5563,multi_train,multi,Multi-Image Spans
5564,multi_train,multi,Cross-Image Synthesis
181,multi_train,multi,Multi-Image Spans
182,multi_train,multi,Multi-Image Spans
183,multi_train,multi,Multi-Image Spans
185,multi_train,multi,Non-Span
184,multi_train,multi,Multi-Image Spans
8087,multi_train,multi,Non-Span
8088,multi_train,multi,Cross-Image Synthesis
8089,multi_train,multi,Multi-Image Spans
8090,multi_train,multi,Multi-Image Spans
8937,multi_train,multi,Multi-Image Spans
8938,multi_train,multi,Multi-Image Spans
7367,multi_train,multi,Multi-Image Spans
7368,multi_train,multi,Multi-Image Spans
7369,multi_train,multi,Non-Span
7798,multi_train,multi,Multi-Image Spans
7799,multi_train,multi,Multi-Image Spans
7800,multi_train,multi,Non-Span
8284,multi_train,multi,Multi-Image Spans
8286,multi_train,multi,Multi-Image Spans
1080,multi_train,multi,Multi-Image Spans
1961,multi_train,multi,Multi-Image Spans
1962,multi_train,multi,Multi-Image Spans
1964,multi_train,multi,Non-Span
1965,multi_train,multi,Multi-Image Spans
7659,multi_train,multi,Multi-Image Spans
4346,multi_train,multi,Multi-Image Spans
4347,multi_train,multi,Multi-Image Spans
9509,multi_train,multi,Cross-Image Synthesis
9512,multi_train,multi,Multi-Image Spans
9510,multi_train,multi,Cross-Image Synthesis
9511,multi_train,multi,Non-Span
4828,multi_train,multi,Cross-Image Synthesis
4830,multi_train,multi,Multi-Image Spans
4831,multi_train,multi,Multi-Image Spans
4832,multi_train,multi,Non-Span
4833,multi_train,multi,Multi-Image Spans
4838,multi_train,multi,Multi-Image Spans
4834,multi_train,multi,Multi-Image Spans
4835,multi_train,multi,Multi-Image Spans
6421,multi_train,multi,Multi-Image Spans
6422,multi_train,multi,Cross-Image Synthesis
6423,multi_train,multi,Multi-Image Spans
345,multi_train,multi,Non-Span
348,multi_train,multi,Multi-Image Spans
349,multi_train,multi,Multi-Image Spans
350,multi_train,multi,Non-Span
351,multi_train,multi,Multi-Image Spans
354,multi_train,multi,Multi-Image Spans
671,multi_train,multi,Multi-Image Spans
670,multi_train,multi,Non-Span
665,multi_train,multi,Multi-Image Spans
666,multi_train,multi,Multi-Image Spans
667,multi_train,multi,Cross-Image Synthesis
668,multi_train,multi,Non-Span
662,multi_train,multi,Multi-Image Spans
664,multi_train,multi,Multi-Image Spans
661,multi_train,multi,Non-Span
663,multi_train,multi,Cross-Image Synthesis
8518,multi_train,multi,Non-Span
8519,multi_train,multi,Non-Span
8520,multi_train,multi,Multi-Image Spans
8521,multi_train,multi,Multi-Image Spans
8522,multi_train,multi,Multi-Image Spans
8523,multi_train,multi,Non-Span
8524,multi_train,multi,Cross-Image Synthesis
8525,multi_train,multi,Multi-Image Spans
8526,multi_train,multi,Multi-Image Spans
8515,multi_train,multi,Cross-Image Synthesis
8517,multi_train,multi,Multi-Image Spans
577,multi_train,multi,Multi-Image Spans
579,multi_train,multi,Multi-Image Spans
572,multi_train,multi,Multi-Image Spans
573,multi_train,multi,Multi-Image Spans
574,multi_train,multi,Multi-Image Spans
575,multi_train,multi,Non-Span
576,multi_train,multi,Multi-Image Spans
7579,multi_train,multi,Non-Span
7580,multi_train,multi,Multi-Image Spans
4418,multi_train,multi,Non-Span
4419,multi_train,multi,Non-Span
4420,multi_train,multi,Cross-Image Synthesis
4422,multi_train,multi,Cross-Image Synthesis
5515,multi_train,multi,Non-Span
5516,multi_train,multi,Multi-Image Spans
5517,multi_train,multi,Cross-Image Synthesis
5518,multi_train,multi,Non-Span
5519,multi_train,multi,Multi-Image Spans
5520,multi_train,multi,Non-Span
4217,multi_train,multi,Multi-Image Spans
4218,multi_train,multi,Non-Span
4219,multi_train,multi,Multi-Image Spans
4213,multi_train,multi,Multi-Image Spans
4207,multi_train,multi,Multi-Image Spans
4211,multi_train,multi,Multi-Image Spans
840,multi_train,multi,Multi-Image Spans
836,multi_train,multi,Non-Span
837,multi_train,multi,Non-Span
838,multi_train,multi,Cross-Image Synthesis
839,multi_train,multi,Multi-Image Spans
2575,multi_train,multi,Non-Span
2576,multi_train,multi,Cross-Image Synthesis
2578,multi_train,multi,Multi-Image Spans
2570,multi_train,multi,Cross-Image Synthesis
2572,multi_train,multi,Cross-Image Synthesis
2573,multi_train,multi,Multi-Image Spans
2574,multi_train,multi,Non-Span
8604,multi_train,multi,Cross-Image Synthesis
8605,multi_train,multi,Cross-Image Synthesis
8606,multi_train,multi,Multi-Image Spans
8607,multi_train,multi,Non-Span
7031,multi_train,multi,Multi-Image Spans
5328,multi_train,multi,Multi-Image Spans
5329,multi_train,multi,Multi-Image Spans
9389,multi_train,multi,Cross-Image Synthesis
9390,multi_train,multi,Non-Span
9391,multi_train,multi,Multi-Image Spans
9392,multi_train,multi,Multi-Image Spans
9393,multi_train,multi,Cross-Image Synthesis
8299,multi_train,multi,Non-Span
5972,multi_train,multi,Multi-Image Spans
5974,multi_train,multi,Multi-Image Spans
5969,multi_train,multi,Non-Span
5965,multi_train,multi,Multi-Image Spans
8887,multi_train,multi,Multi-Image Spans
8885,multi_train,multi,Multi-Image Spans
4327,multi_train,multi,Multi-Image Spans
4328,multi_train,multi,Multi-Image Spans
4329,multi_train,multi,Non-Span
4330,multi_train,multi,Multi-Image Spans
12,multi_train,multi,Non-Span
13,multi_train,multi,Multi-Image Spans
15,multi_train,multi,Multi-Image Spans
17,multi_train,multi,Multi-Image Spans
14,multi_train,multi,Non-Span
16,multi_train,multi,Multi-Image Spans
4337,multi_train,multi,Non-Span
4338,multi_train,multi,Multi-Image Spans
4339,multi_train,multi,Non-Span
4340,multi_train,multi,Multi-Image Spans
7513,multi_train,multi,Multi-Image Spans
4275,multi_train,multi,Non-Span
4276,multi_train,multi,Multi-Image Spans
4277,multi_train,multi,Cross-Image Synthesis
4278,multi_train,multi,Non-Span
4279,multi_train,multi,Non-Span
4271,multi_train,multi,Non-Span
4272,multi_train,multi,Multi-Image Spans
4273,multi_train,multi,Cross-Image Synthesis
4274,multi_train,multi,Cross-Image Synthesis
1255,multi_train,multi,Multi-Image Spans
1257,multi_train,multi,Multi-Image Spans
7664,multi_train,multi,Non-Span
8065,multi_train,multi,Multi-Image Spans
7525,multi_train,multi,Non-Span
7526,multi_train,multi,Non-Span
7527,multi_train,multi,Multi-Image Spans
3710,multi_train,multi,Multi-Image Spans
3711,multi_train,multi,Multi-Image Spans
3712,multi_train,multi,Cross-Image Synthesis
3714,multi_train,multi,Cross-Image Synthesis
3715,multi_train,multi,Cross-Image Synthesis
2862,multi_train,multi,Non-Span
2863,multi_train,multi,Cross-Image Synthesis
2868,multi_train,multi,Multi-Image Spans
2869,multi_train,multi,Non-Span
2870,multi_train,multi,Multi-Image Spans
2871,multi_train,multi,Multi-Image Spans
2872,multi_train,multi,Non-Span
2866,multi_train,multi,Multi-Image Spans
2867,multi_train,multi,Multi-Image Spans
567,multi_train,multi,Multi-Image Spans
571,multi_train,multi,Non-Span
284,multi_train,multi,Multi-Image Spans
285,multi_train,multi,Multi-Image Spans
8207,multi_train,multi,Multi-Image Spans
694,multi_train,multi,Multi-Image Spans
695,multi_train,multi,Multi-Image Spans
685,multi_train,multi,Multi-Image Spans
686,multi_train,multi,Multi-Image Spans
687,multi_train,multi,Multi-Image Spans
688,multi_train,multi,Multi-Image Spans
689,multi_train,multi,Multi-Image Spans
690,multi_train,multi,Multi-Image Spans
692,multi_train,multi,Multi-Image Spans
693,multi_train,multi,Multi-Image Spans
7180,multi_train,multi,Non-Span
7182,multi_train,multi,Multi-Image Spans
5544,multi_train,multi,Multi-Image Spans
2647,multi_train,multi,Multi-Image Spans
2651,multi_train,multi,Multi-Image Spans
2652,multi_train,multi,Multi-Image Spans
8665,multi_train,multi,Multi-Image Spans
8666,multi_train,multi,Cross-Image Synthesis
3057,multi_train,multi,Cross-Image Synthesis
3058,multi_train,multi,Cross-Image Synthesis
3059,multi_train,multi,Multi-Image Spans
3060,multi_train,multi,Cross-Image Synthesis
3061,multi_train,multi,Non-Span
3062,multi_train,multi,Non-Span
3063,multi_train,multi,Multi-Image Spans
3064,multi_train,multi,Multi-Image Spans
3065,multi_train,multi,Multi-Image Spans
3066,multi_train,multi,Non-Span
3068,multi_train,multi,Multi-Image Spans
3798,multi_train,multi,Multi-Image Spans
3799,multi_train,multi,Non-Span
3800,multi_train,multi,Multi-Image Spans
3794,multi_train,multi,Multi-Image Spans
3795,multi_train,multi,Non-Span
3797,multi_train,multi,Multi-Image Spans
650,multi_train,multi,Non-Span
651,multi_train,multi,Cross-Image Synthesis
652,multi_train,multi,Multi-Image Spans
653,multi_train,multi,Cross-Image Synthesis
654,multi_train,multi,Cross-Image Synthesis
655,multi_train,multi,Non-Span
656,multi_train,multi,Multi-Image Spans
658,multi_train,multi,Cross-Image Synthesis
659,multi_train,multi,Non-Span
660,multi_train,multi,Multi-Image Spans
6383,multi_train,multi,Non-Span
6384,multi_train,multi,Cross-Image Synthesis
6385,multi_train,multi,Cross-Image Synthesis
5278,multi_train,multi,Non-Span
5279,multi_train,multi,Cross-Image Synthesis
5280,multi_train,multi,Cross-Image Synthesis
1913,multi_train,multi,Non-Span
1914,multi_train,multi,Multi-Image Spans
1915,multi_train,multi,Multi-Image Spans
2805,multi_train,multi,Non-Span
2806,multi_train,multi,Cross-Image Synthesis
2807,multi_train,multi,Non-Span
2808,multi_train,multi,Cross-Image Synthesis
2809,multi_train,multi,Multi-Image Spans
2810,multi_train,multi,Non-Span
2812,multi_train,multi,Cross-Image Synthesis
2321,multi_train,multi,Non-Span
2323,multi_train,multi,Multi-Image Spans
7249,multi_train,multi,Cross-Image Synthesis
7250,multi_train,multi,Multi-Image Spans
7254,multi_train,multi,Multi-Image Spans
7255,multi_train,multi,Multi-Image Spans
3184,multi_train,multi,Non-Span
3185,multi_train,multi,Multi-Image Spans
3181,multi_train,multi,Multi-Image Spans
3182,multi_train,multi,Multi-Image Spans
4028,multi_train,multi,Multi-Image Spans
8256,multi_train,multi,Cross-Image Synthesis
8257,multi_train,multi,Non-Span
8258,multi_train,multi,Cross-Image Synthesis
8259,multi_train,multi,Cross-Image Synthesis
8260,multi_train,multi,Multi-Image Spans
392,multi_train,multi,Non-Span
393,multi_train,multi,Cross-Image Synthesis
394,multi_train,multi,Multi-Image Spans
395,multi_train,multi,Non-Span
702,multi_train,multi,Multi-Image Spans
703,multi_train,multi,Non-Span
704,multi_train,multi,Multi-Image Spans
705,multi_train,multi,Non-Span
706,multi_train,multi,Non-Span
696,multi_train,multi,Multi-Image Spans
699,multi_train,multi,Non-Span
700,multi_train,multi,Multi-Image Spans
701,multi_train,multi,Non-Span
709,multi_train,multi,Multi-Image Spans
57,multi_train,multi,Non-Span
59,multi_train,multi,Non-Span
60,multi_train,multi,Multi-Image Spans
56,multi_train,multi,Cross-Image Synthesis
58,multi_train,multi,Non-Span
3001,multi_train,multi,Multi-Image Spans
2992,multi_train,multi,Cross-Image Synthesis
2993,multi_train,multi,Multi-Image Spans
2994,multi_train,multi,Non-Span
2995,multi_train,multi,Multi-Image Spans
2997,multi_train,multi,Cross-Image Synthesis
7907,multi_train,multi,Non-Span
9456,multi_train,multi,Non-Span
9457,multi_train,multi,Non-Span
9458,multi_train,multi,Multi-Image Spans
9452,multi_train,multi,Cross-Image Synthesis
9453,multi_train,multi,Multi-Image Spans
9454,multi_train,multi,Non-Span
9455,multi_train,multi,Multi-Image Spans
9459,multi_train,multi,Non-Span
9460,multi_train,multi,Non-Span
7634,multi_train,multi,Multi-Image Spans
7635,multi_train,multi,Multi-Image Spans
7636,multi_train,multi,Non-Span
7637,multi_train,multi,Cross-Image Synthesis
8184,multi_train,multi,Non-Span
4616,multi_train,multi,Multi-Image Spans
4617,multi_train,multi,Non-Span
4618,multi_train,multi,Cross-Image Synthesis
5084,multi_train,multi,Cross-Image Synthesis
5086,multi_train,multi,Multi-Image Spans
5087,multi_train,multi,Non-Span
5088,multi_train,multi,Multi-Image Spans
5076,multi_train,multi,Cross-Image Synthesis
5077,multi_train,multi,Non-Span
5078,multi_train,multi,Non-Span
5079,multi_train,multi,Multi-Image Spans
5080,multi_train,multi,Non-Span
5081,multi_train,multi,Multi-Image Spans
5082,multi_train,multi,Cross-Image Synthesis
5869,multi_train,multi,Multi-Image Spans
5870,multi_train,multi,Non-Span
5872,multi_train,multi,Multi-Image Spans
5873,multi_train,multi,Multi-Image Spans
5874,multi_train,multi,Multi-Image Spans
5875,multi_train,multi,Non-Span
8336,multi_train,multi,Cross-Image Synthesis
8337,multi_train,multi,Non-Span
1500,multi_train,multi,Non-Span
1501,multi_train,multi,Cross-Image Synthesis
1502,multi_train,multi,Multi-Image Spans
7598,multi_train,multi,Multi-Image Spans
7599,multi_train,multi,Multi-Image Spans
7600,multi_train,multi,Non-Span
7601,multi_train,multi,Cross-Image Synthesis
7602,multi_train,multi,Multi-Image Spans
3623,multi_train,multi,Cross-Image Synthesis
3624,multi_train,multi,Cross-Image Synthesis
3625,multi_train,multi,Multi-Image Spans
3628,multi_train,multi,Cross-Image Synthesis
3629,multi_train,multi,Non-Span
3630,multi_train,multi,Multi-Image Spans
3632,multi_train,multi,Multi-Image Spans
4230,multi_train,multi,Multi-Image Spans
4231,multi_train,multi,Multi-Image Spans
4232,multi_train,multi,Non-Span
4234,multi_train,multi,Cross-Image Synthesis
4221,multi_train,multi,Multi-Image Spans
4222,multi_train,multi,Non-Span
4223,multi_train,multi,Non-Span
4225,multi_train,multi,Multi-Image Spans
4227,multi_train,multi,Cross-Image Synthesis
4229,multi_train,multi,Non-Span
1055,multi_train,multi,Cross-Image Synthesis
1056,multi_train,multi,Non-Span
1057,multi_train,multi,Multi-Image Spans
1388,multi_train,multi,Multi-Image Spans
1389,multi_train,multi,Multi-Image Spans
4489,multi_train,multi,Multi-Image Spans
4490,multi_train,multi,Non-Span
4491,multi_train,multi,Multi-Image Spans
4488,multi_train,multi,Non-Span
5196,multi_train,multi,Non-Span
5197,multi_train,multi,Multi-Image Spans
5198,multi_train,multi,Multi-Image Spans
8948,multi_train,multi,Multi-Image Spans
8949,multi_train,multi,Non-Span
8950,multi_train,multi,Multi-Image Spans
8951,multi_train,multi,Non-Span
8953,multi_train,multi,Multi-Image Spans
8956,multi_train,multi,Cross-Image Synthesis
8957,multi_train,multi,Cross-Image Synthesis
8958,multi_train,multi,Multi-Image Spans
8954,multi_train,multi,Non-Span
8903,multi_train,multi,Multi-Image Spans
8901,multi_train,multi,Multi-Image Spans
8902,multi_train,multi,Cross-Image Synthesis
8904,multi_train,multi,Non-Span
8905,multi_train,multi,Multi-Image Spans
8906,multi_train,multi,Cross-Image Synthesis
8907,multi_train,multi,Non-Span
1627,multi_train,multi,Multi-Image Spans
1629,multi_train,multi,Multi-Image Spans
1630,multi_train,multi,Multi-Image Spans
6571,multi_train,multi,Multi-Image Spans
6572,multi_train,multi,Non-Span
6573,multi_train,multi,Cross-Image Synthesis
6574,multi_train,multi,Multi-Image Spans
148,multi_train,multi,Multi-Image Spans
149,multi_train,multi,Non-Span
150,multi_train,multi,Multi-Image Spans
151,multi_train,multi,Multi-Image Spans
152,multi_train,multi,Multi-Image Spans
8327,multi_train,multi,Multi-Image Spans
8328,multi_train,multi,Cross-Image Synthesis
8329,multi_train,multi,Non-Span
8331,multi_train,multi,Multi-Image Spans
9560,multi_train,multi,Multi-Image Spans
9561,multi_train,multi,Cross-Image Synthesis
9562,multi_train,multi,Non-Span
9563,multi_train,multi,Cross-Image Synthesis
7221,multi_train,multi,Non-Span
7222,multi_train,multi,Multi-Image Spans
7216,multi_train,multi,Multi-Image Spans
7217,multi_train,multi,Non-Span
7218,multi_train,multi,Non-Span
7219,multi_train,multi,Multi-Image Spans
7224,multi_train,multi,Multi-Image Spans
6742,multi_train,multi,Multi-Image Spans
4447,multi_train,multi,Cross-Image Synthesis
4448,multi_train,multi,Multi-Image Spans
7184,multi_train,multi,Non-Span
7185,multi_train,multi,Multi-Image Spans
6850,multi_train,multi,Multi-Image Spans
1396,multi_train,multi,Multi-Image Spans
3467,multi_train,multi,Multi-Image Spans
3468,multi_train,multi,Cross-Image Synthesis
3469,multi_train,multi,Non-Span
3470,multi_train,multi,Multi-Image Spans
3476,multi_train,multi,Non-Span
3477,multi_train,multi,Cross-Image Synthesis
3478,multi_train,multi,Multi-Image Spans
3471,multi_train,multi,Cross-Image Synthesis
3472,multi_train,multi,Multi-Image Spans
3473,multi_train,multi,Cross-Image Synthesis
3474,multi_train,multi,Non-Span
3475,multi_train,multi,Multi-Image Spans
9352,multi_train,multi,Multi-Image Spans
9354,multi_train,multi,Multi-Image Spans
9342,multi_train,multi,Non-Span
9343,multi_train,multi,Multi-Image Spans
9344,multi_train,multi,Multi-Image Spans
9346,multi_train,multi,Multi-Image Spans
9347,multi_train,multi,Multi-Image Spans
9350,multi_train,multi,Multi-Image Spans
9351,multi_train,multi,Non-Span
247,multi_train,multi,Multi-Image Spans
249,multi_train,multi,Non-Span
245,multi_train,multi,Multi-Image Spans
246,multi_train,multi,Non-Span
248,multi_train,multi,Non-Span
250,multi_train,multi,Cross-Image Synthesis
2290,multi_train,multi,Multi-Image Spans
4643,multi_train,multi,Multi-Image Spans
4644,multi_train,multi,Multi-Image Spans
4645,multi_train,multi,Multi-Image Spans
4646,multi_train,multi,Non-Span
6942,multi_train,multi,Multi-Image Spans
113,multi_train,multi,Multi-Image Spans
115,multi_train,multi,Multi-Image Spans
6872,multi_train,multi,Non-Span
6873,multi_train,multi,Multi-Image Spans
4647,multi_train,multi,Multi-Image Spans
4648,multi_train,multi,Multi-Image Spans
4649,multi_train,multi,Multi-Image Spans
1904,multi_train,multi,Multi-Image Spans
1905,multi_train,multi,Non-Span
1906,multi_train,multi,Non-Span
7861,multi_train,multi,Multi-Image Spans
7863,multi_train,multi,Non-Span
1146,multi_train,multi,Multi-Image Spans
1149,multi_train,multi,Non-Span
8235,multi_train,multi,Multi-Image Spans
8236,multi_train,multi,Non-Span
8237,multi_train,multi,Non-Span
6550,multi_train,multi,Multi-Image Spans
1828,multi_train,multi,Cross-Image Synthesis
1829,multi_train,multi,Multi-Image Spans
1830,multi_train,multi,Non-Span
1831,multi_train,multi,Non-Span
1832,multi_train,multi,Cross-Image Synthesis
8499,multi_train,multi,Non-Span
8500,multi_train,multi,Multi-Image Spans
8505,multi_train,multi,Multi-Image Spans
8507,multi_train,multi,Non-Span
8501,multi_train,multi,Multi-Image Spans
8502,multi_train,multi,Non-Span
8503,multi_train,multi,Cross-Image Synthesis
8504,multi_train,multi,Non-Span
3520,multi_train,multi,Non-Span
3521,multi_train,multi,Multi-Image Spans
3522,multi_train,multi,Multi-Image Spans
3523,multi_train,multi,Multi-Image Spans
3524,multi_train,multi,Multi-Image Spans
3528,multi_train,multi,Multi-Image Spans
3530,multi_train,multi,Non-Span
7631,multi_train,multi,Multi-Image Spans
7632,multi_train,multi,Non-Span
7633,multi_train,multi,Cross-Image Synthesis
5330,multi_train,multi,Multi-Image Spans
5331,multi_train,multi,Multi-Image Spans
5332,multi_train,multi,Non-Span
6461,multi_train,multi,Cross-Image Synthesis
6463,multi_train,multi,Cross-Image Synthesis
3702,multi_train,multi,Multi-Image Spans
3704,multi_train,multi,Non-Span
3705,multi_train,multi,Multi-Image Spans
7212,multi_train,multi,Non-Span
7209,multi_train,multi,Non-Span
6968,multi_train,multi,Non-Span
4193,multi_train,multi,Multi-Image Spans
5527,multi_train,multi,Non-Span
5528,multi_train,multi,Cross-Image Synthesis
5529,multi_train,multi,Cross-Image Synthesis
5530,multi_train,multi,Multi-Image Spans
9436,multi_train,multi,Non-Span
9437,multi_train,multi,Multi-Image Spans
9432,multi_train,multi,Cross-Image Synthesis
9434,multi_train,multi,Non-Span
9426,multi_train,multi,Non-Span
9427,multi_train,multi,Cross-Image Synthesis
9428,multi_train,multi,Multi-Image Spans
9429,multi_train,multi,Non-Span
9430,multi_train,multi,Non-Span
9431,multi_train,multi,Non-Span
390,multi_train,multi,Multi-Image Spans
391,multi_train,multi,Multi-Image Spans
8060,multi_train,multi,Multi-Image Spans
8061,multi_train,multi,Non-Span
8062,multi_train,multi,Multi-Image Spans
6842,multi_train,multi,Non-Span
9264,multi_train,multi,Multi-Image Spans
9265,multi_train,multi,Cross-Image Synthesis
9266,multi_train,multi,Cross-Image Synthesis
9267,multi_train,multi,Cross-Image Synthesis
9268,multi_train,multi,Cross-Image Synthesis
8683,multi_train,multi,Non-Span
8684,multi_train,multi,Cross-Image Synthesis
8686,multi_train,multi,Multi-Image Spans
8687,multi_train,multi,Multi-Image Spans
953,multi_train,multi,Non-Span
954,multi_train,multi,Multi-Image Spans
955,multi_train,multi,Cross-Image Synthesis
6437,multi_train,multi,Cross-Image Synthesis
6439,multi_train,multi,Multi-Image Spans
4456,multi_train,multi,Multi-Image Spans
4457,multi_train,multi,Cross-Image Synthesis
4458,multi_train,multi,Non-Span
4459,multi_train,multi,Multi-Image Spans
6399,multi_train,multi,Multi-Image Spans
6308,multi_train,multi,Multi-Image Spans
6646,multi_train,multi,Non-Span
6647,multi_train,multi,Multi-Image Spans
1371,multi_train,multi,Non-Span
1372,multi_train,multi,Multi-Image Spans
1373,multi_train,multi,Multi-Image Spans
1374,multi_train,multi,Multi-Image Spans
5598,multi_train,multi,Non-Span
5599,multi_train,multi,Multi-Image Spans
5600,multi_train,multi,Multi-Image Spans
5601,multi_train,multi,Multi-Image Spans
1197,multi_train,multi,Multi-Image Spans
1195,multi_train,multi,Cross-Image Synthesis
1196,multi_train,multi,Multi-Image Spans
1198,multi_train,multi,Multi-Image Spans
1267,multi_train,multi,Multi-Image Spans
1268,multi_train,multi,Multi-Image Spans
1269,multi_train,multi,Multi-Image Spans
1270,multi_train,multi,Multi-Image Spans
5366,multi_train,multi,Multi-Image Spans
5371,multi_train,multi,Non-Span
9327,multi_train,multi,Cross-Image Synthesis
9329,multi_train,multi,Non-Span
9330,multi_train,multi,Multi-Image Spans
9331,multi_train,multi,Non-Span
6076,multi_train,multi,Multi-Image Spans
6077,multi_train,multi,Multi-Image Spans
6078,multi_train,multi,Cross-Image Synthesis
6240,multi_train,multi,Multi-Image Spans
6242,multi_train,multi,Non-Span
9262,multi_train,multi,Non-Span
9263,multi_train,multi,Multi-Image Spans
6372,multi_train,multi,Multi-Image Spans
6373,multi_train,multi,Non-Span
6374,multi_train,multi,Multi-Image Spans
4844,multi_train,multi,Multi-Image Spans
4845,multi_train,multi,Cross-Image Synthesis
4846,multi_train,multi,Multi-Image Spans
4847,multi_train,multi,Multi-Image Spans
4848,multi_train,multi,Non-Span
4849,multi_train,multi,Multi-Image Spans
6336,multi_train,multi,Non-Span
6337,multi_train,multi,Multi-Image Spans
6338,multi_train,multi,Cross-Image Synthesis
7967,multi_train,multi,Multi-Image Spans
7968,multi_train,multi,Cross-Image Synthesis
7969,multi_train,multi,Multi-Image Spans
7970,multi_train,multi,Non-Span
7971,multi_train,multi,Non-Span
7972,multi_train,multi,Multi-Image Spans
1517,multi_train,multi,Non-Span
1519,multi_train,multi,Multi-Image Spans
1520,multi_train,multi,Multi-Image Spans
1521,multi_train,multi,Multi-Image Spans
976,multi_train,multi,Multi-Image Spans
977,multi_train,multi,Non-Span
978,multi_train,multi,Multi-Image Spans
979,multi_train,multi,Multi-Image Spans
2292,multi_train,multi,Multi-Image Spans
2293,multi_train,multi,Multi-Image Spans
2294,multi_train,multi,Non-Span
2295,multi_train,multi,Multi-Image Spans
5668,multi_train,multi,Multi-Image Spans
5669,multi_train,multi,Multi-Image Spans
5671,multi_train,multi,Multi-Image Spans
5672,multi_train,multi,Cross-Image Synthesis
5670,multi_train,multi,Non-Span
4763,multi_train,multi,Cross-Image Synthesis
4764,multi_train,multi,Cross-Image Synthesis
4765,multi_train,multi,Multi-Image Spans
4766,multi_train,multi,Non-Span
4767,multi_train,multi,Multi-Image Spans
1840,multi_train,multi,Multi-Image Spans
1841,multi_train,multi,Multi-Image Spans
1842,multi_train,multi,Non-Span
1843,multi_train,multi,Non-Span
7691,multi_train,multi,Multi-Image Spans
7692,multi_train,multi,Non-Span
7693,multi_train,multi,Cross-Image Synthesis
7694,multi_train,multi,Non-Span
5429,multi_train,multi,Cross-Image Synthesis
5430,multi_train,multi,Multi-Image Spans
5431,multi_train,multi,Non-Span
5432,multi_train,multi,Multi-Image Spans
6889,multi_train,multi,Non-Span
6890,multi_train,multi,Multi-Image Spans
4302,multi_train,multi,Multi-Image Spans
5994,multi_train,multi,Multi-Image Spans
5996,multi_train,multi,Non-Span
5997,multi_train,multi,Multi-Image Spans
5998,multi_train,multi,Cross-Image Synthesis
5999,multi_train,multi,Non-Span
6000,multi_train,multi,Non-Span
5589,multi_train,multi,Cross-Image Synthesis
5590,multi_train,multi,Multi-Image Spans
5591,multi_train,multi,Non-Span
7673,multi_train,multi,Multi-Image Spans
7675,multi_train,multi,Multi-Image Spans
7676,multi_train,multi,Non-Span
9038,multi_train,multi,Non-Span
9039,multi_train,multi,Multi-Image Spans
9040,multi_train,multi,Cross-Image Synthesis
9041,multi_train,multi,Multi-Image Spans
9042,multi_train,multi,Cross-Image Synthesis
9036,multi_train,multi,Multi-Image Spans
9037,multi_train,multi,Multi-Image Spans
9043,multi_train,multi,Multi-Image Spans
9044,multi_train,multi,Non-Span
9045,multi_train,multi,Cross-Image Synthesis
9046,multi_train,multi,Multi-Image Spans
8586,multi_train,multi,Multi-Image Spans
8587,multi_train,multi,Cross-Image Synthesis
8590,multi_train,multi,Cross-Image Synthesis
8591,multi_train,multi,Multi-Image Spans
8592,multi_train,multi,Non-Span
8593,multi_train,multi,Multi-Image Spans
8594,multi_train,multi,Multi-Image Spans
8596,multi_train,multi,Multi-Image Spans
7774,multi_train,multi,Multi-Image Spans
7775,multi_train,multi,Non-Span
7776,multi_train,multi,Multi-Image Spans
5941,multi_train,multi,Non-Span
5942,multi_train,multi,Cross-Image Synthesis
5943,multi_train,multi,Multi-Image Spans
8339,multi_train,multi,Multi-Image Spans
8340,multi_train,multi,Cross-Image Synthesis
1951,multi_train,multi,Non-Span
1952,multi_train,multi,Multi-Image Spans
1953,multi_train,multi,Multi-Image Spans
1584,multi_train,multi,Multi-Image Spans
2981,multi_train,multi,Multi-Image Spans
2983,multi_train,multi,Multi-Image Spans
2984,multi_train,multi,Non-Span
2975,multi_train,multi,Multi-Image Spans
2978,multi_train,multi,Cross-Image Synthesis
2988,multi_train,multi,Multi-Image Spans
4884,multi_train,multi,Cross-Image Synthesis
4886,multi_train,multi,Multi-Image Spans
4878,multi_train,multi,Multi-Image Spans
4879,multi_train,multi,Cross-Image Synthesis
4880,multi_train,multi,Multi-Image Spans
4882,multi_train,multi,Cross-Image Synthesis
4883,multi_train,multi,Cross-Image Synthesis
4887,multi_train,multi,Multi-Image Spans
4889,multi_train,multi,Non-Span
4890,multi_train,multi,Non-Span
4891,multi_train,multi,Multi-Image Spans
4892,multi_train,multi,Cross-Image Synthesis
3731,multi_train,multi,Multi-Image Spans
3732,multi_train,multi,Multi-Image Spans
3733,multi_train,multi,Non-Span
4825,multi_train,multi,Cross-Image Synthesis
4826,multi_train,multi,Non-Span
4827,multi_train,multi,Multi-Image Spans
1770,multi_train,multi,Multi-Image Spans
1771,multi_train,multi,Non-Span
1772,multi_train,multi,Cross-Image Synthesis
4015,multi_train,multi,Multi-Image Spans
4016,multi_train,multi,Cross-Image Synthesis
4017,multi_train,multi,Non-Span
4018,multi_train,multi,Non-Span
4019,multi_train,multi,Multi-Image Spans
6992,multi_train,multi,Non-Span
779,multi_train,multi,Cross-Image Synthesis
780,multi_train,multi,Multi-Image Spans
781,multi_train,multi,Multi-Image Spans
782,multi_train,multi,Non-Span
783,multi_train,multi,Cross-Image Synthesis
784,multi_train,multi,Multi-Image Spans
776,multi_train,multi,Non-Span
777,multi_train,multi,Cross-Image Synthesis
778,multi_train,multi,Multi-Image Spans
2966,multi_train,multi,Multi-Image Spans
2967,multi_train,multi,Non-Span
2969,multi_train,multi,Multi-Image Spans
2971,multi_train,multi,Multi-Image Spans
2972,multi_train,multi,Non-Span
982,multi_train,multi,Non-Span
983,multi_train,multi,Multi-Image Spans
984,multi_train,multi,Multi-Image Spans
6836,multi_train,multi,Multi-Image Spans
6837,multi_train,multi,Non-Span
6839,multi_train,multi,Multi-Image Spans
6840,multi_train,multi,Multi-Image Spans
1787,multi_train,multi,Multi-Image Spans
1788,multi_train,multi,Non-Span
1789,multi_train,multi,Multi-Image Spans
318,multi_train,multi,Multi-Image Spans
319,multi_train,multi,Multi-Image Spans
5022,multi_train,multi,Multi-Image Spans
5023,multi_train,multi,Non-Span
5024,multi_train,multi,Multi-Image Spans
5025,multi_train,multi,Cross-Image Synthesis
5026,multi_train,multi,Non-Span
5027,multi_train,multi,Non-Span
5019,multi_train,multi,Non-Span
5020,multi_train,multi,Cross-Image Synthesis
5021,multi_train,multi,Multi-Image Spans
5013,multi_train,multi,Cross-Image Synthesis
5014,multi_train,multi,Multi-Image Spans
5015,multi_train,multi,Non-Span
5016,multi_train,multi,Multi-Image Spans
5017,multi_train,multi,Cross-Image Synthesis
5018,multi_train,multi,Non-Span
2766,multi_train,multi,Cross-Image Synthesis
2767,multi_train,multi,Multi-Image Spans
2768,multi_train,multi,Non-Span
2769,multi_train,multi,Cross-Image Synthesis
2760,multi_train,multi,Multi-Image Spans
2761,multi_train,multi,Multi-Image Spans
2763,multi_train,multi,Non-Span
2765,multi_train,multi,Cross-Image Synthesis
1901,multi_train,multi,Cross-Image Synthesis
1902,multi_train,multi,Multi-Image Spans
1903,multi_train,multi,Multi-Image Spans
7751,multi_train,multi,Multi-Image Spans
7753,multi_train,multi,Multi-Image Spans
8882,multi_train,multi,Multi-Image Spans
8884,multi_train,multi,Multi-Image Spans
221,multi_train,multi,Cross-Image Synthesis
223,multi_train,multi,Multi-Image Spans
224,multi_train,multi,Non-Span
225,multi_train,multi,Non-Span
4429,multi_train,multi,Multi-Image Spans
1247,multi_train,multi,Multi-Image Spans
1248,multi_train,multi,Multi-Image Spans
5433,multi_train,multi,Non-Span
5435,multi_train,multi,Multi-Image Spans
5436,multi_train,multi,Cross-Image Synthesis
8199,multi_train,multi,Non-Span
8200,multi_train,multi,Non-Span
2060,multi_train,multi,Non-Span
8544,multi_train,multi,Non-Span
8545,multi_train,multi,Cross-Image Synthesis
8546,multi_train,multi,Cross-Image Synthesis
8547,multi_train,multi,Multi-Image Spans
8548,multi_train,multi,Non-Span
8549,multi_train,multi,Multi-Image Spans
8551,multi_train,multi,Multi-Image Spans
930,multi_train,multi,Multi-Image Spans
933,multi_train,multi,Non-Span
3682,multi_train,multi,Multi-Image Spans
3683,multi_train,multi,Multi-Image Spans
3684,multi_train,multi,Non-Span
3685,multi_train,multi,Multi-Image Spans
875,multi_train,multi,Multi-Image Spans
876,multi_train,multi,Multi-Image Spans
2457,multi_train,multi,Non-Span
2459,multi_train,multi,Multi-Image Spans
2466,multi_train,multi,Cross-Image Synthesis
2467,multi_train,multi,Multi-Image Spans
2468,multi_train,multi,Non-Span
2462,multi_train,multi,Non-Span
2463,multi_train,multi,Cross-Image Synthesis
2465,multi_train,multi,Multi-Image Spans
1348,multi_train,multi,Multi-Image Spans
1349,multi_train,multi,Non-Span
1350,multi_train,multi,Multi-Image Spans
7025,multi_train,multi,Multi-Image Spans
7026,multi_train,multi,Multi-Image Spans
4687,multi_train,multi,Multi-Image Spans
4688,multi_train,multi,Multi-Image Spans
2553,multi_train,multi,Cross-Image Synthesis
2556,multi_train,multi,Cross-Image Synthesis
2557,multi_train,multi,Multi-Image Spans
2549,multi_train,multi,Multi-Image Spans
2550,multi_train,multi,Cross-Image Synthesis
2551,multi_train,multi,Multi-Image Spans
2552,multi_train,multi,Non-Span
4963,multi_train,multi,Multi-Image Spans
4964,multi_train,multi,Multi-Image Spans
4965,multi_train,multi,Non-Span
4966,multi_train,multi,Multi-Image Spans
4967,multi_train,multi,Non-Span
4958,multi_train,multi,Multi-Image Spans
4960,multi_train,multi,Multi-Image Spans
4961,multi_train,multi,Cross-Image Synthesis
4962,multi_train,multi,Cross-Image Synthesis
2873,multi_train,multi,Non-Span
2874,multi_train,multi,Multi-Image Spans
2875,multi_train,multi,Non-Span
2879,multi_train,multi,Cross-Image Synthesis
2880,multi_train,multi,Cross-Image Synthesis
2881,multi_train,multi,Multi-Image Spans
2882,multi_train,multi,Non-Span
2876,multi_train,multi,Multi-Image Spans
2877,multi_train,multi,Non-Span
2878,multi_train,multi,Multi-Image Spans
6354,multi_train,multi,Multi-Image Spans
6357,multi_train,multi,Cross-Image Synthesis
1531,multi_train,multi,Non-Span
1532,multi_train,multi,Multi-Image Spans
1534,multi_train,multi,Non-Span
1535,multi_train,multi,Multi-Image Spans
1533,multi_train,multi,Multi-Image Spans
6116,multi_train,multi,Cross-Image Synthesis
1158,multi_train,multi,Multi-Image Spans
1157,multi_train,multi,Multi-Image Spans
1159,multi_train,multi,Multi-Image Spans
5946,multi_train,multi,Multi-Image Spans
5947,multi_train,multi,Multi-Image Spans
5944,multi_train,multi,Multi-Image Spans
5945,multi_train,multi,Multi-Image Spans
8027,multi_train,multi,Non-Span
1720,multi_train,multi,Non-Span
1723,multi_train,multi,Multi-Image Spans
1724,multi_train,multi,Non-Span
9142,multi_train,multi,Cross-Image Synthesis
9143,multi_train,multi,Multi-Image Spans
9144,multi_train,multi,Cross-Image Synthesis
9146,multi_train,multi,Cross-Image Synthesis
9147,multi_train,multi,Cross-Image Synthesis
9148,multi_train,multi,Multi-Image Spans
9149,multi_train,multi,Non-Span
9150,multi_train,multi,Non-Span
9140,multi_train,multi,Non-Span
9141,multi_train,multi,Multi-Image Spans
9139,multi_train,multi,Cross-Image Synthesis
6531,multi_train,multi,Multi-Image Spans
6532,multi_train,multi,Multi-Image Spans
3186,multi_train,multi,Multi-Image Spans
3187,multi_train,multi,Non-Span
3190,multi_train,multi,Multi-Image Spans
3191,multi_train,multi,Cross-Image Synthesis
3193,multi_train,multi,Multi-Image Spans
3196,multi_train,multi,Multi-Image Spans
3127,multi_train,multi,Cross-Image Synthesis
3128,multi_train,multi,Multi-Image Spans
3129,multi_train,multi,Multi-Image Spans
3130,multi_train,multi,Non-Span
3124,multi_train,multi,Multi-Image Spans
3120,multi_train,multi,Multi-Image Spans
3123,multi_train,multi,Multi-Image Spans
5222,multi_train,multi,Non-Span
5223,multi_train,multi,Multi-Image Spans
5224,multi_train,multi,Multi-Image Spans
5225,multi_train,multi,Multi-Image Spans
5226,multi_train,multi,Multi-Image Spans
6645,multi_train,multi,Multi-Image Spans
7894,multi_train,multi,Cross-Image Synthesis
7896,multi_train,multi,Multi-Image Spans
849,multi_train,multi,Multi-Image Spans
850,multi_train,multi,Multi-Image Spans
851,multi_train,multi,Multi-Image Spans
4298,multi_train,multi,Multi-Image Spans
4299,multi_train,multi,Multi-Image Spans
4300,multi_train,multi,Non-Span
6829,multi_train,multi,Multi-Image Spans
2787,multi_train,multi,Multi-Image Spans
2788,multi_train,multi,Non-Span
2790,multi_train,multi,Non-Span
2791,multi_train,multi,Multi-Image Spans
2792,multi_train,multi,Non-Span
2793,multi_train,multi,Cross-Image Synthesis
2782,multi_train,multi,Cross-Image Synthesis
2783,multi_train,multi,Cross-Image Synthesis
2785,multi_train,multi,Cross-Image Synthesis
2786,multi_train,multi,Multi-Image Spans
4011,multi_train,multi,Multi-Image Spans
4012,multi_train,multi,Non-Span
3848,multi_train,multi,Cross-Image Synthesis
3849,multi_train,multi,Cross-Image Synthesis
3850,multi_train,multi,Multi-Image Spans
3851,multi_train,multi,Non-Span
3855,multi_train,multi,Multi-Image Spans
3845,multi_train,multi,Multi-Image Spans
3847,multi_train,multi,Multi-Image Spans
7544,multi_train,multi,Non-Span
7545,multi_train,multi,Cross-Image Synthesis
7546,multi_train,multi,Multi-Image Spans
3928,multi_train,multi,Non-Span
3929,multi_train,multi,Multi-Image Spans
8764,multi_train,multi,Non-Span
8765,multi_train,multi,Multi-Image Spans
8766,multi_train,multi,Cross-Image Synthesis
8761,multi_train,multi,Non-Span
8762,multi_train,multi,Non-Span
8763,multi_train,multi,Multi-Image Spans
8847,multi_train,multi,Multi-Image Spans
8848,multi_train,multi,Non-Span
8849,multi_train,multi,Multi-Image Spans
8842,multi_train,multi,Non-Span
8843,multi_train,multi,Cross-Image Synthesis
8844,multi_train,multi,Multi-Image Spans
8845,multi_train,multi,Cross-Image Synthesis
5856,multi_train,multi,Multi-Image Spans
5857,multi_train,multi,Multi-Image Spans
5858,multi_train,multi,Non-Span
4054,multi_train,multi,Non-Span
4056,multi_train,multi,Cross-Image Synthesis
4057,multi_train,multi,Multi-Image Spans
8211,multi_train,multi,Multi-Image Spans
8212,multi_train,multi,Multi-Image Spans
8213,multi_train,multi,Non-Span
5537,multi_train,multi,Non-Span
5538,multi_train,multi,Multi-Image Spans
5540,multi_train,multi,Multi-Image Spans
4351,multi_train,multi,Non-Span
4352,multi_train,multi,Multi-Image Spans
1495,multi_train,multi,Multi-Image Spans
6708,multi_train,multi,Non-Span
1631,multi_train,multi,Multi-Image Spans
1632,multi_train,multi,Non-Span
1633,multi_train,multi,Non-Span
1634,multi_train,multi,Multi-Image Spans
1635,multi_train,multi,Multi-Image Spans
1636,multi_train,multi,Multi-Image Spans
1117,multi_train,multi,Multi-Image Spans
1118,multi_train,multi,Non-Span
1119,multi_train,multi,Multi-Image Spans
7829,multi_train,multi,Cross-Image Synthesis
7830,multi_train,multi,Multi-Image Spans
7831,multi_train,multi,Non-Span
7832,multi_train,multi,Multi-Image Spans
7833,multi_train,multi,Multi-Image Spans
1818,multi_train,multi,Multi-Image Spans
1820,multi_train,multi,Non-Span
1821,multi_train,multi,Non-Span
6859,multi_train,multi,Non-Span
6860,multi_train,multi,Multi-Image Spans
6861,multi_train,multi,Multi-Image Spans
1048,multi_train,multi,Multi-Image Spans
5258,multi_train,multi,Cross-Image Synthesis
5259,multi_train,multi,Multi-Image Spans
5260,multi_train,multi,Multi-Image Spans
5261,multi_train,multi,Cross-Image Synthesis
5262,multi_train,multi,Non-Span
3562,multi_train,multi,Multi-Image Spans
3563,multi_train,multi,Multi-Image Spans
3565,multi_train,multi,Multi-Image Spans
4079,multi_train,multi,Multi-Image Spans
6755,multi_train,multi,Non-Span
6756,multi_train,multi,Multi-Image Spans
9030,multi_train,multi,Non-Span
9031,multi_train,multi,Non-Span
9032,multi_train,multi,Multi-Image Spans
9033,multi_train,multi,Non-Span
9034,multi_train,multi,Multi-Image Spans
9035,multi_train,multi,Cross-Image Synthesis
9025,multi_train,multi,Multi-Image Spans
9026,multi_train,multi,Multi-Image Spans
9027,multi_train,multi,Non-Span
9028,multi_train,multi,Non-Span
9029,multi_train,multi,Non-Span
2274,multi_train,multi,Multi-Image Spans
2276,multi_train,multi,Non-Span
2277,multi_train,multi,Multi-Image Spans
2278,multi_train,multi,Multi-Image Spans
2064,multi_train,multi,Cross-Image Synthesis
2065,multi_train,multi,Cross-Image Synthesis
2066,multi_train,multi,Non-Span
9015,multi_train,multi,Non-Span
9017,multi_train,multi,Non-Span
9018,multi_train,multi,Multi-Image Spans
9019,multi_train,multi,Multi-Image Spans
9011,multi_train,multi,Multi-Image Spans
9014,multi_train,multi,Multi-Image Spans
8066,multi_train,multi,Cross-Image Synthesis
8067,multi_train,multi,Multi-Image Spans
8068,multi_train,multi,Non-Span
5707,multi_train,multi,Multi-Image Spans
5708,multi_train,multi,Multi-Image Spans
4521,multi_train,multi,Cross-Image Synthesis
4522,multi_train,multi,Multi-Image Spans
3708,multi_train,multi,Multi-Image Spans
8654,multi_train,multi,Multi-Image Spans
8655,multi_train,multi,Non-Span
8657,multi_train,multi,Multi-Image Spans
4937,multi_train,multi,Non-Span
4939,multi_train,multi,Non-Span
4940,multi_train,multi,Multi-Image Spans
4941,multi_train,multi,Multi-Image Spans
4942,multi_train,multi,Multi-Image Spans
4037,multi_train,multi,Multi-Image Spans
4038,multi_train,multi,Cross-Image Synthesis
4039,multi_train,multi,Cross-Image Synthesis
4040,multi_train,multi,Non-Span
4041,multi_train,multi,Non-Span
3670,multi_train,multi,Multi-Image Spans
3671,multi_train,multi,Multi-Image Spans
3672,multi_train,multi,Cross-Image Synthesis
3036,multi_train,multi,Multi-Image Spans
3039,multi_train,multi,Non-Span
3041,multi_train,multi,Multi-Image Spans
3028,multi_train,multi,Multi-Image Spans
3029,multi_train,multi,Multi-Image Spans
3031,multi_train,multi,Multi-Image Spans
3033,multi_train,multi,Multi-Image Spans
3034,multi_train,multi,Non-Span
3035,multi_train,multi,Cross-Image Synthesis
6729,multi_train,multi,Multi-Image Spans
6732,multi_train,multi,Multi-Image Spans
6733,multi_train,multi,Multi-Image Spans
1858,multi_train,multi,Multi-Image Spans
1859,multi_train,multi,Cross-Image Synthesis
1860,multi_train,multi,Non-Span
1861,multi_train,multi,Multi-Image Spans
7765,multi_train,multi,Cross-Image Synthesis
4750,multi_train,multi,Multi-Image Spans
4751,multi_train,multi,Cross-Image Synthesis
4752,multi_train,multi,Non-Span
9079,multi_train,multi,Cross-Image Synthesis
9080,multi_train,multi,Cross-Image Synthesis
9081,multi_train,multi,Multi-Image Spans
9082,multi_train,multi,Non-Span
9083,multi_train,multi,Non-Span
9084,multi_train,multi,Non-Span
9085,multi_train,multi,Multi-Image Spans
9087,multi_train,multi,Multi-Image Spans
9088,multi_train,multi,Cross-Image Synthesis
9089,multi_train,multi,Multi-Image Spans
9090,multi_train,multi,Non-Span
9091,multi_train,multi,Non-Span
1135,multi_train,multi,Multi-Image Spans
1137,multi_train,multi,Multi-Image Spans
1138,multi_train,multi,Multi-Image Spans
6133,multi_train,multi,Multi-Image Spans
6134,multi_train,multi,Cross-Image Synthesis
3964,multi_train,multi,Non-Span
3966,multi_train,multi,Multi-Image Spans
3967,multi_train,multi,Multi-Image Spans
8153,multi_train,multi,Non-Span
8154,multi_train,multi,Multi-Image Spans
8155,multi_train,multi,Cross-Image Synthesis
4777,multi_train,multi,Cross-Image Synthesis
4778,multi_train,multi,Non-Span
4779,multi_train,multi,Multi-Image Spans
6284,multi_train,multi,Multi-Image Spans
6285,multi_train,multi,Non-Span
6286,multi_train,multi,Multi-Image Spans
6329,multi_train,multi,Multi-Image Spans
6330,multi_train,multi,Non-Span
6331,multi_train,multi,Multi-Image Spans
1180,multi_train,multi,Multi-Image Spans
3920,multi_train,multi,Multi-Image Spans
2336,multi_train,multi,Multi-Image Spans
2337,multi_train,multi,Non-Span
7500,multi_train,multi,Non-Span
7501,multi_train,multi,Multi-Image Spans
7502,multi_train,multi,Multi-Image Spans
6737,multi_train,multi,Multi-Image Spans
6738,multi_train,multi,Multi-Image Spans
2020,multi_train,multi,Multi-Image Spans
2021,multi_train,multi,Multi-Image Spans
903,multi_train,multi,Multi-Image Spans
905,multi_train,multi,Multi-Image Spans
906,multi_train,multi,Multi-Image Spans
5687,multi_train,multi,Multi-Image Spans
1967,multi_train,multi,Multi-Image Spans
1968,multi_train,multi,Cross-Image Synthesis
6109,multi_train,multi,Non-Span
6110,multi_train,multi,Non-Span
6111,multi_train,multi,Multi-Image Spans
5071,multi_train,multi,Non-Span
5072,multi_train,multi,Multi-Image Spans
5074,multi_train,multi,Multi-Image Spans
7496,multi_train,multi,Multi-Image Spans
7497,multi_train,multi,Cross-Image Synthesis
7499,multi_train,multi,Non-Span
6296,multi_train,multi,Multi-Image Spans
6297,multi_train,multi,Multi-Image Spans
6298,multi_train,multi,Multi-Image Spans
3198,multi_train,multi,Multi-Image Spans
3199,multi_train,multi,Multi-Image Spans
3200,multi_train,multi,Non-Span
1806,multi_train,multi,Multi-Image Spans
5384,multi_train,multi,Multi-Image Spans
5386,multi_train,multi,Cross-Image Synthesis
3884,multi_train,multi,Multi-Image Spans
3885,multi_train,multi,Cross-Image Synthesis
3886,multi_train,multi,Cross-Image Synthesis
3887,multi_train,multi,Multi-Image Spans
3888,multi_train,multi,Multi-Image Spans
3881,multi_train,multi,Non-Span
3883,multi_train,multi,Multi-Image Spans
3877,multi_train,multi,Multi-Image Spans
3879,multi_train,multi,Non-Span
6302,multi_train,multi,Non-Span
1109,multi_train,multi,Multi-Image Spans
1112,multi_train,multi,Cross-Image Synthesis
1113,multi_train,multi,Non-Span
8135,multi_train,multi,Multi-Image Spans
8136,multi_train,multi,Non-Span
8137,multi_train,multi,Cross-Image Synthesis
5479,multi_train,multi,Cross-Image Synthesis
4094,multi_train,multi,Multi-Image Spans
4095,multi_train,multi,Multi-Image Spans
4096,multi_train,multi,Cross-Image Synthesis
4097,multi_train,multi,Cross-Image Synthesis
4107,multi_train,multi,Non-Span
4109,multi_train,multi,Cross-Image Synthesis
4111,multi_train,multi,Cross-Image Synthesis
9297,multi_train,multi,Multi-Image Spans
9298,multi_train,multi,Cross-Image Synthesis
9299,multi_train,multi,Non-Span
9300,multi_train,multi,Non-Span
9301,multi_train,multi,Multi-Image Spans
9302,multi_train,multi,Multi-Image Spans
9303,multi_train,multi,Cross-Image Synthesis
9304,multi_train,multi,Non-Span
1397,multi_train,multi,Multi-Image Spans
1399,multi_train,multi,Multi-Image Spans
2476,multi_train,multi,Multi-Image Spans
2477,multi_train,multi,Non-Span
2478,multi_train,multi,Non-Span
2479,multi_train,multi,Cross-Image Synthesis
2480,multi_train,multi,Multi-Image Spans
6316,multi_train,multi,Multi-Image Spans
6318,multi_train,multi,Multi-Image Spans
7898,multi_train,multi,Multi-Image Spans
7900,multi_train,multi,Cross-Image Synthesis
4510,multi_train,multi,Cross-Image Synthesis
4511,multi_train,multi,Cross-Image Synthesis
4512,multi_train,multi,Multi-Image Spans
4513,multi_train,multi,Multi-Image Spans
4514,multi_train,multi,Non-Span
8909,multi_train,multi,Multi-Image Spans
8912,multi_train,multi,Multi-Image Spans
8913,multi_train,multi,Multi-Image Spans
8039,multi_train,multi,Non-Span
8041,multi_train,multi,Cross-Image Synthesis
8043,multi_train,multi,Non-Span
8045,multi_train,multi,Cross-Image Synthesis
8046,multi_train,multi,Multi-Image Spans
1792,multi_train,multi,Multi-Image Spans
1793,multi_train,multi,Cross-Image Synthesis
1794,multi_train,multi,Multi-Image Spans
1795,multi_train,multi,Non-Span
1797,multi_train,multi,Multi-Image Spans
6970,multi_train,multi,Multi-Image Spans
6971,multi_train,multi,Multi-Image Spans
6972,multi_train,multi,Non-Span
6973,multi_train,multi,Non-Span
1292,multi_train,multi,Multi-Image Spans
1294,multi_train,multi,Non-Span
1295,multi_train,multi,Non-Span
1969,multi_train,multi,Cross-Image Synthesis
1970,multi_train,multi,Multi-Image Spans
1971,multi_train,multi,Non-Span
1972,multi_train,multi,Multi-Image Spans
4136,multi_train,multi,Non-Span
1412,multi_train,multi,Multi-Image Spans
1413,multi_train,multi,Multi-Image Spans
1414,multi_train,multi,Multi-Image Spans
1415,multi_train,multi,Cross-Image Synthesis
1417,multi_train,multi,Multi-Image Spans
1154,multi_train,multi,Multi-Image Spans
1155,multi_train,multi,Multi-Image Spans
1156,multi_train,multi,Non-Span
3051,multi_train,multi,Multi-Image Spans
3056,multi_train,multi,Cross-Image Synthesis
3043,multi_train,multi,Non-Span
3044,multi_train,multi,Multi-Image Spans
3045,multi_train,multi,Multi-Image Spans
3046,multi_train,multi,Multi-Image Spans
3047,multi_train,multi,Non-Span
3048,multi_train,multi,Cross-Image Synthesis
3049,multi_train,multi,Multi-Image Spans
3050,multi_train,multi,Non-Span
9225,multi_train,multi,Non-Span
9226,multi_train,multi,Multi-Image Spans
9227,multi_train,multi,Multi-Image Spans
9219,multi_train,multi,Multi-Image Spans
9220,multi_train,multi,Cross-Image Synthesis
9222,multi_train,multi,Multi-Image Spans
9224,multi_train,multi,Cross-Image Synthesis
4492,multi_train,multi,Non-Span
4493,multi_train,multi,Multi-Image Spans
5760,multi_train,multi,Multi-Image Spans
5761,multi_train,multi,Multi-Image Spans
5762,multi_train,multi,Non-Span
5763,multi_train,multi,Non-Span
5756,multi_train,multi,Non-Span
5757,multi_train,multi,Cross-Image Synthesis
5758,multi_train,multi,Multi-Image Spans
5759,multi_train,multi,Cross-Image Synthesis
5753,multi_train,multi,Cross-Image Synthesis
5754,multi_train,multi,Multi-Image Spans
6865,multi_train,multi,Non-Span
6866,multi_train,multi,Cross-Image Synthesis
6867,multi_train,multi,Multi-Image Spans
6900,multi_train,multi,Non-Span
6901,multi_train,multi,Multi-Image Spans
6902,multi_train,multi,Multi-Image Spans
6903,multi_train,multi,Multi-Image Spans
6904,multi_train,multi,Multi-Image Spans
7949,multi_train,multi,Cross-Image Synthesis
7950,multi_train,multi,Multi-Image Spans
7951,multi_train,multi,Non-Span
7952,multi_train,multi,Non-Span
7953,multi_train,multi,Multi-Image Spans
7954,multi_train,multi,Multi-Image Spans
7685,multi_train,multi,Multi-Image Spans
7027,multi_train,multi,Non-Span
7029,multi_train,multi,Multi-Image Spans
7030,multi_train,multi,Cross-Image Synthesis
7034,multi_train,multi,Multi-Image Spans
7036,multi_train,multi,Multi-Image Spans
7037,multi_train,multi,Cross-Image Synthesis
5310,multi_train,multi,Non-Span
4409,multi_train,multi,Multi-Image Spans
4410,multi_train,multi,Non-Span
4411,multi_train,multi,Multi-Image Spans
9322,multi_train,multi,Multi-Image Spans
9323,multi_train,multi,Multi-Image Spans
9324,multi_train,multi,Cross-Image Synthesis
9325,multi_train,multi,Non-Span
9326,multi_train,multi,Multi-Image Spans
9318,multi_train,multi,Multi-Image Spans
9319,multi_train,multi,Non-Span
9320,multi_train,multi,Multi-Image Spans
6678,multi_train,multi,Multi-Image Spans
6679,multi_train,multi,Non-Span
6681,multi_train,multi,Multi-Image Spans
2224,multi_train,multi,Multi-Image Spans
2339,multi_train,multi,Cross-Image Synthesis
2340,multi_train,multi,Multi-Image Spans
2341,multi_train,multi,Non-Span
2342,multi_train,multi,Cross-Image Synthesis
2343,multi_train,multi,Multi-Image Spans
2344,multi_train,multi,Non-Span
1878,multi_train,multi,Multi-Image Spans
1879,multi_train,multi,Multi-Image Spans
7356,multi_train,multi,Cross-Image Synthesis
7357,multi_train,multi,Multi-Image Spans
269,multi_train,multi,Multi-Image Spans
270,multi_train,multi,Cross-Image Synthesis
271,multi_train,multi,Non-Span
272,multi_train,multi,Multi-Image Spans
273,multi_train,multi,Cross-Image Synthesis
8803,multi_train,multi,Multi-Image Spans
8806,multi_train,multi,Multi-Image Spans
8807,multi_train,multi,Multi-Image Spans
8810,multi_train,multi,Multi-Image Spans
8812,multi_train,multi,Multi-Image Spans
8813,multi_train,multi,Non-Span
5165,multi_train,multi,Cross-Image Synthesis
5169,multi_train,multi,Multi-Image Spans
4007,multi_train,multi,Cross-Image Synthesis
4010,multi_train,multi,Multi-Image Spans
7328,multi_train,multi,Non-Span
7329,multi_train,multi,Non-Span
7330,multi_train,multi,Multi-Image Spans
7331,multi_train,multi,Non-Span
915,multi_train,multi,Multi-Image Spans
917,multi_train,multi,Cross-Image Synthesis
2374,multi_train,multi,Non-Span
2375,multi_train,multi,Multi-Image Spans
2376,multi_train,multi,Cross-Image Synthesis
7984,multi_train,multi,Cross-Image Synthesis
7985,multi_train,multi,Cross-Image Synthesis
7987,multi_train,multi,Multi-Image Spans
7988,multi_train,multi,Multi-Image Spans
1869,multi_train,multi,Multi-Image Spans
1870,multi_train,multi,Non-Span
1871,multi_train,multi,Non-Span
1872,multi_train,multi,Multi-Image Spans
1873,multi_train,multi,Multi-Image Spans
5702,multi_train,multi,Cross-Image Synthesis
5703,multi_train,multi,Non-Span
5704,multi_train,multi,Cross-Image Synthesis
4783,multi_train,multi,Multi-Image Spans
19,multi_train,multi,Non-Span
20,multi_train,multi,Multi-Image Spans
18,multi_train,multi,Multi-Image Spans
4656,multi_train,multi,Multi-Image Spans
4657,multi_train,multi,Multi-Image Spans
4658,multi_train,multi,Non-Span
4659,multi_train,multi,Multi-Image Spans
4660,multi_train,multi,Multi-Image Spans
3464,multi_train,multi,Non-Span
3465,multi_train,multi,Cross-Image Synthesis
3466,multi_train,multi,Multi-Image Spans
7857,multi_train,multi,Multi-Image Spans
4053,multi_train,multi,Multi-Image Spans
3947,multi_train,multi,Non-Span
3949,multi_train,multi,Multi-Image Spans
1077,multi_train,multi,Non-Span
1079,multi_train,multi,Non-Span
1076,multi_train,multi,Multi-Image Spans
5227,multi_train,multi,Cross-Image Synthesis
5228,multi_train,multi,Multi-Image Spans
5229,multi_train,multi,Non-Span
5230,multi_train,multi,Multi-Image Spans
3461,multi_train,multi,Multi-Image Spans
3462,multi_train,multi,Cross-Image Synthesis
3460,multi_train,multi,Non-Span
8322,multi_train,multi,Non-Span
8323,multi_train,multi,Multi-Image Spans
8324,multi_train,multi,Cross-Image Synthesis
8325,multi_train,multi,Multi-Image Spans
8326,multi_train,multi,Non-Span
8315,multi_train,multi,Non-Span
8316,multi_train,multi,Multi-Image Spans
8317,multi_train,multi,Cross-Image Synthesis
8318,multi_train,multi,Cross-Image Synthesis
8319,multi_train,multi,Non-Span
8320,multi_train,multi,Multi-Image Spans
8321,multi_train,multi,Cross-Image Synthesis
7061,multi_train,multi,Multi-Image Spans
7063,multi_train,multi,Multi-Image Spans
7056,multi_train,multi,Multi-Image Spans
7057,multi_train,multi,Multi-Image Spans
7059,multi_train,multi,Non-Span
7052,multi_train,multi,Non-Span
7053,multi_train,multi,Multi-Image Spans
7054,multi_train,multi,Cross-Image Synthesis
5506,multi_train,multi,Non-Span
5507,multi_train,multi,Multi-Image Spans
5508,multi_train,multi,Cross-Image Synthesis
5036,multi_train,multi,Cross-Image Synthesis
5037,multi_train,multi,Non-Span
5038,multi_train,multi,Multi-Image Spans
5032,multi_train,multi,Non-Span
5034,multi_train,multi,Multi-Image Spans
5035,multi_train,multi,Multi-Image Spans
5028,multi_train,multi,Non-Span
5029,multi_train,multi,Multi-Image Spans
5030,multi_train,multi,Multi-Image Spans
5031,multi_train,multi,Cross-Image Synthesis
2318,multi_train,multi,Cross-Image Synthesis
2319,multi_train,multi,Non-Span
4188,multi_train,multi,Non-Span
4191,multi_train,multi,Multi-Image Spans
201,multi_train,multi,Multi-Image Spans
202,multi_train,multi,Non-Span
2535,multi_train,multi,Multi-Image Spans
2538,multi_train,multi,Multi-Image Spans
2540,multi_train,multi,Multi-Image Spans
2541,multi_train,multi,Multi-Image Spans
8058,multi_train,multi,Multi-Image Spans
8059,multi_train,multi,Non-Span
6927,multi_train,multi,Multi-Image Spans
6929,multi_train,multi,Multi-Image Spans
6930,multi_train,multi,Non-Span
1404,multi_train,multi,Multi-Image Spans
1402,multi_train,multi,Non-Span
1403,multi_train,multi,Multi-Image Spans
7503,multi_train,multi,Non-Span
7505,multi_train,multi,Multi-Image Spans
7506,multi_train,multi,Multi-Image Spans
4204,multi_train,multi,Multi-Image Spans
4205,multi_train,multi,Non-Span
8892,multi_train,multi,Multi-Image Spans
8893,multi_train,multi,Cross-Image Synthesis
8894,multi_train,multi,Non-Span
8895,multi_train,multi,Multi-Image Spans
8900,multi_train,multi,Multi-Image Spans
8896,multi_train,multi,Multi-Image Spans
8897,multi_train,multi,Multi-Image Spans
8898,multi_train,multi,Non-Span
2794,multi_train,multi,Multi-Image Spans
2796,multi_train,multi,Cross-Image Synthesis
1759,multi_train,multi,Cross-Image Synthesis
1762,multi_train,multi,Cross-Image Synthesis
1763,multi_train,multi,Multi-Image Spans
1849,multi_train,multi,Multi-Image Spans
1850,multi_train,multi,Multi-Image Spans
5240,multi_train,multi,Multi-Image Spans
5241,multi_train,multi,Multi-Image Spans
5556,multi_train,multi,Cross-Image Synthesis
5557,multi_train,multi,Multi-Image Spans
5558,multi_train,multi,Multi-Image Spans
5559,multi_train,multi,Non-Span
6815,multi_train,multi,Multi-Image Spans
6816,multi_train,multi,Cross-Image Synthesis
1219,multi_train,multi,Multi-Image Spans
1220,multi_train,multi,Multi-Image Spans
1221,multi_train,multi,Multi-Image Spans
1222,multi_train,multi,Multi-Image Spans
445,multi_train,multi,Multi-Image Spans
446,multi_train,multi,Non-Span
448,multi_train,multi,Multi-Image Spans
450,multi_train,multi,Cross-Image Synthesis
6790,multi_train,multi,Multi-Image Spans
6791,multi_train,multi,Multi-Image Spans
3837,multi_train,multi,Multi-Image Spans
3839,multi_train,multi,Non-Span
3840,multi_train,multi,Multi-Image Spans
3842,multi_train,multi,Multi-Image Spans
3843,multi_train,multi,Multi-Image Spans
3844,multi_train,multi,Non-Span
7117,multi_train,multi,Multi-Image Spans
6559,multi_train,multi,Multi-Image Spans
3784,multi_train,multi,Cross-Image Synthesis
3785,multi_train,multi,Multi-Image Spans
1615,multi_train,multi,Multi-Image Spans
1617,multi_train,multi,Multi-Image Spans
6563,multi_train,multi,Cross-Image Synthesis
6853,multi_train,multi,Multi-Image Spans
7749,multi_train,multi,Multi-Image Spans
6560,multi_train,multi,Non-Span
6561,multi_train,multi,Multi-Image Spans
6562,multi_train,multi,Non-Span
6767,multi_train,multi,Cross-Image Synthesis
5821,multi_train,multi,Multi-Image Spans
5822,multi_train,multi,Multi-Image Spans
5811,multi_train,multi,Multi-Image Spans
5812,multi_train,multi,Non-Span
5813,multi_train,multi,Multi-Image Spans
5814,multi_train,multi,Cross-Image Synthesis
5816,multi_train,multi,Multi-Image Spans
5817,multi_train,multi,Cross-Image Synthesis
5818,multi_train,multi,Non-Span
4316,multi_train,multi,Cross-Image Synthesis
4318,multi_train,multi,Cross-Image Synthesis
4319,multi_train,multi,Multi-Image Spans
4320,multi_train,multi,Multi-Image Spans
1150,multi_train,multi,Non-Span
1151,multi_train,multi,Multi-Image Spans
1152,multi_train,multi,Multi-Image Spans
1153,multi_train,multi,Multi-Image Spans
5690,multi_train,multi,Non-Span
5691,multi_train,multi,Cross-Image Synthesis
5692,multi_train,multi,Multi-Image Spans
4013,multi_train,multi,Non-Span
4014,multi_train,multi,Multi-Image Spans
9506,multi_train,multi,Multi-Image Spans
9507,multi_train,multi,Multi-Image Spans
9508,multi_train,multi,Multi-Image Spans
9504,multi_train,multi,Non-Span
9505,multi_train,multi,Non-Span
4799,multi_train,multi,Multi-Image Spans
4801,multi_train,multi,Multi-Image Spans
4463,multi_train,multi,Multi-Image Spans
4464,multi_train,multi,Cross-Image Synthesis
4465,multi_train,multi,Non-Span
5851,multi_train,multi,Multi-Image Spans
233,multi_train,multi,Multi-Image Spans
234,multi_train,multi,Multi-Image Spans
235,multi_train,multi,Non-Span
236,multi_train,multi,Multi-Image Spans
8876,multi_train,multi,Non-Span
8877,multi_train,multi,Multi-Image Spans
8878,multi_train,multi,Non-Span
8879,multi_train,multi,Multi-Image Spans
8880,multi_train,multi,Multi-Image Spans
8881,multi_train,multi,Cross-Image Synthesis
3690,multi_train,multi,Multi-Image Spans
3691,multi_train,multi,Non-Span
3692,multi_train,multi,Multi-Image Spans
3693,multi_train,multi,Multi-Image Spans
2307,multi_train,multi,Cross-Image Synthesis
2308,multi_train,multi,Multi-Image Spans
2309,multi_train,multi,Multi-Image Spans
2311,multi_train,multi,Cross-Image Synthesis
1944,multi_train,multi,Non-Span
1945,multi_train,multi,Multi-Image Spans
1947,multi_train,multi,Multi-Image Spans
1343,multi_train,multi,Non-Span
1345,multi_train,multi,Multi-Image Spans
1344,multi_train,multi,Non-Span
9076,multi_train,multi,Cross-Image Synthesis
9073,multi_train,multi,Multi-Image Spans
9074,multi_train,multi,Multi-Image Spans
9075,multi_train,multi,Non-Span
9071,multi_train,multi,Multi-Image Spans
9173,multi_train,multi,Non-Span
9176,multi_train,multi,Cross-Image Synthesis
9177,multi_train,multi,Multi-Image Spans
8268,multi_train,multi,Multi-Image Spans
3551,multi_train,multi,Multi-Image Spans
3553,multi_train,multi,Non-Span
3554,multi_train,multi,Multi-Image Spans
3555,multi_train,multi,Non-Span
3556,multi_train,multi,Multi-Image Spans
3557,multi_train,multi,Non-Span
8342,multi_train,multi,Cross-Image Synthesis
8343,multi_train,multi,Multi-Image Spans
8344,multi_train,multi,Cross-Image Synthesis
8345,multi_train,multi,Non-Span
9255,multi_train,multi,Multi-Image Spans
9252,multi_train,multi,Non-Span
9253,multi_train,multi,Multi-Image Spans
2860,multi_train,multi,Multi-Image Spans
2861,multi_train,multi,Non-Span
2856,multi_train,multi,Cross-Image Synthesis
2857,multi_train,multi,Non-Span
2858,multi_train,multi,Multi-Image Spans
7242,multi_train,multi,Multi-Image Spans
7246,multi_train,multi,Non-Span
7247,multi_train,multi,Multi-Image Spans
7243,multi_train,multi,Multi-Image Spans
7244,multi_train,multi,Non-Span
1790,multi_train,multi,Non-Span
1791,multi_train,multi,Multi-Image Spans
7086,multi_train,multi,Multi-Image Spans
7087,multi_train,multi,Multi-Image Spans
7152,multi_train,multi,Multi-Image Spans
7157,multi_train,multi,Cross-Image Synthesis
7158,multi_train,multi,Multi-Image Spans
7161,multi_train,multi,Multi-Image Spans
7164,multi_train,multi,Multi-Image Spans
1,multi_train,multi,Multi-Image Spans
2,multi_train,multi,Non-Span
3,multi_train,multi,Multi-Image Spans
4,multi_train,multi,Cross-Image Synthesis
7908,multi_train,multi,Multi-Image Spans
7910,multi_train,multi,Multi-Image Spans
460,multi_train,multi,Multi-Image Spans
5138,multi_train,multi,Cross-Image Synthesis
5139,multi_train,multi,Non-Span
5140,multi_train,multi,Multi-Image Spans
5141,multi_train,multi,Multi-Image Spans
5134,multi_train,multi,Multi-Image Spans
5135,multi_train,multi,Multi-Image Spans
5136,multi_train,multi,Non-Span
4032,multi_train,multi,Non-Span
7638,multi_train,multi,Multi-Image Spans
8078,multi_train,multi,Non-Span
8079,multi_train,multi,Multi-Image Spans
8080,multi_train,multi,Multi-Image Spans
4651,multi_train,multi,Multi-Image Spans
4652,multi_train,multi,Non-Span
4653,multi_train,multi,Non-Span
4654,multi_train,multi,Non-Span
4655,multi_train,multi,Multi-Image Spans
1279,multi_train,multi,Multi-Image Spans
1282,multi_train,multi,Multi-Image Spans
7474,multi_train,multi,Multi-Image Spans
7475,multi_train,multi,Cross-Image Synthesis
7476,multi_train,multi,Multi-Image Spans
2602,multi_train,multi,Multi-Image Spans
2605,multi_train,multi,Non-Span
2608,multi_train,multi,Cross-Image Synthesis
2610,multi_train,multi,Multi-Image Spans
2611,multi_train,multi,Cross-Image Synthesis
1552,multi_train,multi,Multi-Image Spans
1034,multi_train,multi,Multi-Image Spans
1035,multi_train,multi,Multi-Image Spans
1036,multi_train,multi,Non-Span
1037,multi_train,multi,Multi-Image Spans
6780,multi_train,multi,Multi-Image Spans
6782,multi_train,multi,Cross-Image Synthesis
5604,multi_train,multi,Cross-Image Synthesis
5606,multi_train,multi,Cross-Image Synthesis
5722,multi_train,multi,Cross-Image Synthesis
5723,multi_train,multi,Cross-Image Synthesis
5725,multi_train,multi,Multi-Image Spans
5726,multi_train,multi,Multi-Image Spans
3767,multi_train,multi,Multi-Image Spans
3768,multi_train,multi,Multi-Image Spans
3769,multi_train,multi,Non-Span
5397,multi_train,multi,Multi-Image Spans
5398,multi_train,multi,Cross-Image Synthesis
5399,multi_train,multi,Non-Span
5400,multi_train,multi,Multi-Image Spans
5175,multi_train,multi,Non-Span
5176,multi_train,multi,Multi-Image Spans
5177,multi_train,multi,Cross-Image Synthesis
5178,multi_train,multi,Non-Span
5179,multi_train,multi,Multi-Image Spans
5180,multi_train,multi,Multi-Image Spans
5709,multi_train,multi,Cross-Image Synthesis
5710,multi_train,multi,Non-Span
5711,multi_train,multi,Cross-Image Synthesis
5712,multi_train,multi,Multi-Image Spans
6094,multi_train,multi,Multi-Image Spans
6095,multi_train,multi,Non-Span
6096,multi_train,multi,Multi-Image Spans
5830,multi_train,multi,Cross-Image Synthesis
5826,multi_train,multi,Non-Span
5832,multi_train,multi,Multi-Image Spans
5677,multi_train,multi,Cross-Image Synthesis
5678,multi_train,multi,Cross-Image Synthesis
5679,multi_train,multi,Multi-Image Spans
5680,multi_train,multi,Non-Span
5681,multi_train,multi,Cross-Image Synthesis
5393,multi_train,multi,Non-Span
8608,multi_train,multi,Multi-Image Spans
8609,multi_train,multi,Multi-Image Spans
8610,multi_train,multi,Non-Span
8611,multi_train,multi,Multi-Image Spans
8613,multi_train,multi,Non-Span
8734,multi_train,multi,Cross-Image Synthesis
8735,multi_train,multi,Multi-Image Spans
8737,multi_train,multi,Cross-Image Synthesis
8730,multi_train,multi,Multi-Image Spans
8731,multi_train,multi,Multi-Image Spans
8732,multi_train,multi,Non-Span
8733,multi_train,multi,Cross-Image Synthesis
9375,multi_train,multi,Cross-Image Synthesis
9376,multi_train,multi,Non-Span
9379,multi_train,multi,Multi-Image Spans
9380,multi_train,multi,Cross-Image Synthesis
9381,multi_train,multi,Cross-Image Synthesis
9382,multi_train,multi,Cross-Image Synthesis
9383,multi_train,multi,Non-Span
9384,multi_train,multi,Multi-Image Spans
1979,multi_train,multi,Multi-Image Spans
1980,multi_train,multi,Cross-Image Synthesis
1981,multi_train,multi,Non-Span
1982,multi_train,multi,Multi-Image Spans
1983,multi_train,multi,Multi-Image Spans
1984,multi_train,multi,Multi-Image Spans
8658,multi_train,multi,Cross-Image Synthesis
8660,multi_train,multi,Multi-Image Spans
8661,multi_train,multi,Multi-Image Spans
8662,multi_train,multi,Non-Span
8663,multi_train,multi,Non-Span
3405,multi_train,multi,Multi-Image Spans
3406,multi_train,multi,Non-Span
3407,multi_train,multi,Cross-Image Synthesis
3408,multi_train,multi,Non-Span
3409,multi_train,multi,Cross-Image Synthesis
3410,multi_train,multi,Multi-Image Spans
3411,multi_train,multi,Non-Span
3412,multi_train,multi,Non-Span
9524,multi_train,multi,Non-Span
9525,multi_train,multi,Multi-Image Spans
9526,multi_train,multi,Cross-Image Synthesis
5503,multi_train,multi,Multi-Image Spans
5504,multi_train,multi,Non-Span
7414,multi_train,multi,Multi-Image Spans
1733,multi_train,multi,Multi-Image Spans
1734,multi_train,multi,Multi-Image Spans
1735,multi_train,multi,Non-Span
1736,multi_train,multi,Cross-Image Synthesis
6797,multi_train,multi,Multi-Image Spans
6798,multi_train,multi,Non-Span
4788,multi_train,multi,Non-Span
4789,multi_train,multi,Multi-Image Spans
4790,multi_train,multi,Cross-Image Synthesis
4791,multi_train,multi,Cross-Image Synthesis
468,multi_train,multi,Multi-Image Spans
4756,multi_train,multi,Cross-Image Synthesis
4757,multi_train,multi,Multi-Image Spans
4758,multi_train,multi,Non-Span
8743,multi_train,multi,Cross-Image Synthesis
8745,multi_train,multi,Multi-Image Spans
8746,multi_train,multi,Multi-Image Spans
8747,multi_train,multi,Multi-Image Spans
8748,multi_train,multi,Multi-Image Spans
8749,multi_train,multi,Multi-Image Spans
8750,multi_train,multi,Cross-Image Synthesis
8752,multi_train,multi,Cross-Image Synthesis
8753,multi_train,multi,Non-Span
8754,multi_train,multi,Cross-Image Synthesis
8755,multi_train,multi,Multi-Image Spans
42,multi_train,multi,Multi-Image Spans
43,multi_train,multi,Multi-Image Spans
44,multi_train,multi,Non-Span
7479,multi_train,multi,Cross-Image Synthesis
7480,multi_train,multi,Multi-Image Spans
7481,multi_train,multi,Multi-Image Spans
7483,multi_train,multi,Non-Span
173,multi_train,multi,Multi-Image Spans
174,multi_train,multi,Multi-Image Spans
175,multi_train,multi,Multi-Image Spans
176,multi_train,multi,Non-Span
7989,multi_train,multi,Multi-Image Spans
7990,multi_train,multi,Cross-Image Synthesis
7992,multi_train,multi,Multi-Image Spans
6403,multi_train,multi,Multi-Image Spans
5462,multi_train,multi,Multi-Image Spans
7865,multi_train,multi,Non-Span
7866,multi_train,multi,Multi-Image Spans
9258,multi_train,multi,Multi-Image Spans
5401,multi_train,multi,Multi-Image Spans
5403,multi_train,multi,Multi-Image Spans
2737,multi_train,multi,Multi-Image Spans
2739,multi_train,multi,Cross-Image Synthesis
2039,multi_train,multi,Multi-Image Spans
2040,multi_train,multi,Cross-Image Synthesis
2041,multi_train,multi,Non-Span
7465,multi_train,multi,Multi-Image Spans
7466,multi_train,multi,Multi-Image Spans
7467,multi_train,multi,Multi-Image Spans
7469,multi_train,multi,Multi-Image Spans
7470,multi_train,multi,Non-Span
5573,multi_train,multi,Non-Span
5574,multi_train,multi,Cross-Image Synthesis
5575,multi_train,multi,Multi-Image Spans
5576,multi_train,multi,Multi-Image Spans
5578,multi_train,multi,Multi-Image Spans
8646,multi_train,multi,Cross-Image Synthesis
8647,multi_train,multi,Multi-Image Spans
8648,multi_train,multi,Non-Span
8649,multi_train,multi,Multi-Image Spans
8640,multi_train,multi,Non-Span
8641,multi_train,multi,Multi-Image Spans
8642,multi_train,multi,Non-Span
8643,multi_train,multi,Cross-Image Synthesis
8645,multi_train,multi,Non-Span
8650,multi_train,multi,Multi-Image Spans
8651,multi_train,multi,Multi-Image Spans
8652,multi_train,multi,Multi-Image Spans
8653,multi_train,multi,Non-Span
4518,multi_train,multi,Cross-Image Synthesis
4519,multi_train,multi,Non-Span
4520,multi_train,multi,Multi-Image Spans
2599,multi_train,multi,Non-Span
2600,multi_train,multi,Multi-Image Spans
2601,multi_train,multi,Cross-Image Synthesis
2598,multi_train,multi,Cross-Image Synthesis
2591,multi_train,multi,Non-Span
2592,multi_train,multi,Multi-Image Spans
2593,multi_train,multi,Cross-Image Synthesis
2594,multi_train,multi,Non-Span
5339,multi_train,multi,Multi-Image Spans
1007,multi_train,multi,Multi-Image Spans
1008,multi_train,multi,Multi-Image Spans
5750,multi_train,multi,Multi-Image Spans
5751,multi_train,multi,Non-Span
5752,multi_train,multi,Multi-Image Spans
6178,multi_train,multi,Multi-Image Spans
6179,multi_train,multi,Non-Span
6180,multi_train,multi,Non-Span
6181,multi_train,multi,Multi-Image Spans
1973,multi_train,multi,Cross-Image Synthesis
1974,multi_train,multi,Multi-Image Spans
3142,multi_train,multi,Cross-Image Synthesis
3143,multi_train,multi,Multi-Image Spans
7436,multi_train,multi,Multi-Image Spans
7437,multi_train,multi,Non-Span
7439,multi_train,multi,Multi-Image Spans
7440,multi_train,multi,Cross-Image Synthesis
331,multi_train,multi,Multi-Image Spans
333,multi_train,multi,Multi-Image Spans
334,multi_train,multi,Multi-Image Spans
4453,multi_train,multi,Cross-Image Synthesis
1894,multi_train,multi,Non-Span
1895,multi_train,multi,Non-Span
1896,multi_train,multi,Non-Span
1897,multi_train,multi,Multi-Image Spans
1898,multi_train,multi,Cross-Image Synthesis
7956,multi_train,multi,Multi-Image Spans
7957,multi_train,multi,Non-Span
7958,multi_train,multi,Non-Span
7959,multi_train,multi,Non-Span
7960,multi_train,multi,Multi-Image Spans
841,multi_train,multi,Non-Span
842,multi_train,multi,Multi-Image Spans
843,multi_train,multi,Multi-Image Spans
8214,multi_train,multi,Non-Span
8215,multi_train,multi,Multi-Image Spans
8216,multi_train,multi,Cross-Image Synthesis
7507,multi_train,multi,Multi-Image Spans
7508,multi_train,multi,Non-Span
7509,multi_train,multi,Non-Span
7510,multi_train,multi,Multi-Image Spans
216,multi_train,multi,Multi-Image Spans
217,multi_train,multi,Non-Span
218,multi_train,multi,Multi-Image Spans
220,multi_train,multi,Multi-Image Spans
219,multi_train,multi,Non-Span
1862,multi_train,multi,Non-Span
1863,multi_train,multi,Cross-Image Synthesis
8280,multi_train,multi,Non-Span
8281,multi_train,multi,Non-Span
8282,multi_train,multi,Multi-Image Spans
8283,multi_train,multi,Cross-Image Synthesis
1529,multi_train,multi,Multi-Image Spans
5119,multi_train,multi,Multi-Image Spans
5120,multi_train,multi,Non-Span
5122,multi_train,multi,Cross-Image Synthesis
5123,multi_train,multi,Non-Span
5129,multi_train,multi,Non-Span
5132,multi_train,multi,Multi-Image Spans
5133,multi_train,multi,Multi-Image Spans
5124,multi_train,multi,Non-Span
5125,multi_train,multi,Multi-Image Spans
5127,multi_train,multi,Multi-Image Spans
5128,multi_train,multi,Multi-Image Spans
1207,multi_train,multi,Non-Span
1208,multi_train,multi,Multi-Image Spans
1209,multi_train,multi,Multi-Image Spans
1210,multi_train,multi,Multi-Image Spans
7390,multi_train,multi,Non-Span
7391,multi_train,multi,Multi-Image Spans
3110,multi_train,multi,Non-Span
3111,multi_train,multi,Cross-Image Synthesis
3112,multi_train,multi,Multi-Image Spans
943,multi_train,multi,Non-Span
942,multi_train,multi,Multi-Image Spans
4850,multi_train,multi,Non-Span
4851,multi_train,multi,Multi-Image Spans
4852,multi_train,multi,Multi-Image Spans
4592,multi_train,multi,Multi-Image Spans
7370,multi_train,multi,Multi-Image Spans
7371,multi_train,multi,Non-Span
7372,multi_train,multi,Non-Span
129,multi_train,multi,Multi-Image Spans
1637,multi_train,multi,Multi-Image Spans
1638,multi_train,multi,Multi-Image Spans
1639,multi_train,multi,Multi-Image Spans
1641,multi_train,multi,Non-Span
2954,multi_train,multi,Non-Span
2956,multi_train,multi,Multi-Image Spans
2957,multi_train,multi,Multi-Image Spans
2958,multi_train,multi,Multi-Image Spans
2963,multi_train,multi,Non-Span
2964,multi_train,multi,Multi-Image Spans
2965,multi_train,multi,Multi-Image Spans
2959,multi_train,multi,Cross-Image Synthesis
8871,multi_train,multi,Multi-Image Spans
8872,multi_train,multi,Multi-Image Spans
8873,multi_train,multi,Non-Span
8874,multi_train,multi,Multi-Image Spans
8875,multi_train,multi,Multi-Image Spans
9059,multi_train,multi,Non-Span
9060,multi_train,multi,Non-Span
9061,multi_train,multi,Multi-Image Spans
9057,multi_train,multi,Non-Span
9058,multi_train,multi,Cross-Image Synthesis
9066,multi_train,multi,Multi-Image Spans
9067,multi_train,multi,Cross-Image Synthesis
9068,multi_train,multi,Non-Span
9062,multi_train,multi,Non-Span
9063,multi_train,multi,Cross-Image Synthesis
9064,multi_train,multi,Multi-Image Spans
9065,multi_train,multi,Multi-Image Spans
9212,multi_train,multi,Non-Span
9214,multi_train,multi,Multi-Image Spans
9215,multi_train,multi,Cross-Image Synthesis
9209,multi_train,multi,Multi-Image Spans
9210,multi_train,multi,Multi-Image Spans
9202,multi_train,multi,Multi-Image Spans
9204,multi_train,multi,Multi-Image Spans
9205,multi_train,multi,Multi-Image Spans
4400,multi_train,multi,Multi-Image Spans
4401,multi_train,multi,Non-Span
4402,multi_train,multi,Cross-Image Synthesis
4403,multi_train,multi,Non-Span
4404,multi_train,multi,Multi-Image Spans
4742,multi_train,multi,Non-Span
4743,multi_train,multi,Cross-Image Synthesis
4744,multi_train,multi,Cross-Image Synthesis
4745,multi_train,multi,Multi-Image Spans
4746,multi_train,multi,Multi-Image Spans
7231,multi_train,multi,Multi-Image Spans
7226,multi_train,multi,Multi-Image Spans
7229,multi_train,multi,Multi-Image Spans
7236,multi_train,multi,Multi-Image Spans
7237,multi_train,multi,Multi-Image Spans
7238,multi_train,multi,Multi-Image Spans
7239,multi_train,multi,Non-Span
7240,multi_train,multi,Multi-Image Spans
6606,multi_train,multi,Multi-Image Spans
592,multi_train,multi,Multi-Image Spans
593,multi_train,multi,Non-Span
595,multi_train,multi,Multi-Image Spans
596,multi_train,multi,Multi-Image Spans
597,multi_train,multi,Non-Span
602,multi_train,multi,Non-Span
598,multi_train,multi,Multi-Image Spans
7993,multi_train,multi,Multi-Image Spans
7994,multi_train,multi,Multi-Image Spans
7996,multi_train,multi,Multi-Image Spans
387,multi_train,multi,Non-Span
388,multi_train,multi,Multi-Image Spans
389,multi_train,multi,Multi-Image Spans
3259,multi_train,multi,Cross-Image Synthesis
3260,multi_train,multi,Non-Span
3261,multi_train,multi,Multi-Image Spans
3262,multi_train,multi,Non-Span
3263,multi_train,multi,Multi-Image Spans
3265,multi_train,multi,Non-Span
3266,multi_train,multi,Multi-Image Spans
3267,multi_train,multi,Multi-Image Spans
3268,multi_train,multi,Non-Span
451,multi_train,multi,Non-Span
452,multi_train,multi,Multi-Image Spans
453,multi_train,multi,Non-Span
454,multi_train,multi,Cross-Image Synthesis
455,multi_train,multi,Non-Span
5454,multi_train,multi,Multi-Image Spans
5455,multi_train,multi,Multi-Image Spans
5456,multi_train,multi,Cross-Image Synthesis
5457,multi_train,multi,Non-Span
5458,multi_train,multi,Multi-Image Spans
3951,multi_train,multi,Non-Span
7891,multi_train,multi,Cross-Image Synthesis
5648,multi_train,multi,Multi-Image Spans
2000,multi_train,multi,Non-Span
2001,multi_train,multi,Multi-Image Spans
2002,multi_train,multi,Non-Span
1954,multi_train,multi,Cross-Image Synthesis
1955,multi_train,multi,Non-Span
1956,multi_train,multi,Multi-Image Spans
8018,multi_train,multi,Multi-Image Spans
8019,multi_train,multi,Non-Span
8021,multi_train,multi,Multi-Image Spans
4166,multi_train,multi,Multi-Image Spans
4167,multi_train,multi,Non-Span
4168,multi_train,multi,Multi-Image Spans
4169,multi_train,multi,Multi-Image Spans
2214,multi_train,multi,Multi-Image Spans
2215,multi_train,multi,Non-Span
2216,multi_train,multi,Multi-Image Spans
2217,multi_train,multi,Multi-Image Spans
4527,multi_train,multi,Cross-Image Synthesis
4528,multi_train,multi,Non-Span
4529,multi_train,multi,Multi-Image Spans
4530,multi_train,multi,Cross-Image Synthesis
4551,multi_train,multi,Multi-Image Spans
4553,multi_train,multi,Cross-Image Synthesis
1890,multi_train,multi,Non-Span
1892,multi_train,multi,Cross-Image Synthesis
1893,multi_train,multi,Multi-Image Spans
1593,multi_train,multi,Non-Span
1594,multi_train,multi,Multi-Image Spans
1595,multi_train,multi,Non-Span
7640,multi_train,multi,Multi-Image Spans
7641,multi_train,multi,Cross-Image Synthesis
7812,multi_train,multi,Multi-Image Spans
7813,multi_train,multi,Non-Span
7815,multi_train,multi,Multi-Image Spans
324,multi_train,multi,Cross-Image Synthesis
325,multi_train,multi,Multi-Image Spans
326,multi_train,multi,Non-Span
1462,multi_train,multi,Multi-Image Spans
1464,multi_train,multi,Multi-Image Spans
1985,multi_train,multi,Non-Span
1986,multi_train,multi,Multi-Image Spans
1987,multi_train,multi,Multi-Image Spans
1029,multi_train,multi,Multi-Image Spans
1026,multi_train,multi,Non-Span
1027,multi_train,multi,Multi-Image Spans
2487,multi_train,multi,Multi-Image Spans
2488,multi_train,multi,Non-Span
2489,multi_train,multi,Multi-Image Spans
7974,multi_train,multi,Multi-Image Spans
6544,multi_train,multi,Multi-Image Spans
6545,multi_train,multi,Multi-Image Spans
6546,multi_train,multi,Multi-Image Spans
4485,multi_train,multi,Multi-Image Spans
4486,multi_train,multi,Multi-Image Spans
1287,multi_train,multi,Multi-Image Spans
1288,multi_train,multi,Multi-Image Spans
1290,multi_train,multi,Multi-Image Spans
1291,multi_train,multi,Multi-Image Spans
1289,multi_train,multi,Non-Span
434,multi_train,multi,Multi-Image Spans
3744,multi_train,multi,Multi-Image Spans
3746,multi_train,multi,Non-Span
9020,multi_train,multi,Multi-Image Spans
9022,multi_train,multi,Multi-Image Spans
9023,multi_train,multi,Multi-Image Spans
1094,multi_train,multi,Cross-Image Synthesis
1096,multi_train,multi,Non-Span
1097,multi_train,multi,Multi-Image Spans
1095,multi_train,multi,Multi-Image Spans
5387,multi_train,multi,Multi-Image Spans
4070,multi_train,multi,Non-Span
4121,multi_train,multi,Multi-Image Spans
4122,multi_train,multi,Non-Span
4123,multi_train,multi,Multi-Image Spans
4124,multi_train,multi,Multi-Image Spans
2102,multi_train,multi,Multi-Image Spans
2103,multi_train,multi,Multi-Image Spans
6718,multi_train,multi,Multi-Image Spans
8512,multi_train,multi,Non-Span
8513,multi_train,multi,Cross-Image Synthesis
8514,multi_train,multi,Multi-Image Spans
8511,multi_train,multi,Cross-Image Synthesis
8508,multi_train,multi,Cross-Image Synthesis
8509,multi_train,multi,Non-Span
8510,multi_train,multi,Multi-Image Spans
7522,multi_train,multi,Non-Span
7523,multi_train,multi,Cross-Image Synthesis
4597,multi_train,multi,Non-Span
4598,multi_train,multi,Multi-Image Spans
4599,multi_train,multi,Multi-Image Spans
8069,multi_train,multi,Multi-Image Spans
8070,multi_train,multi,Non-Span
8072,multi_train,multi,Multi-Image Spans
8073,multi_train,multi,Multi-Image Spans
6712,multi_train,multi,Multi-Image Spans
6713,multi_train,multi,Cross-Image Synthesis
6715,multi_train,multi,Cross-Image Synthesis
6716,multi_train,multi,Multi-Image Spans
7552,multi_train,multi,Cross-Image Synthesis
362,multi_train,multi,Multi-Image Spans
361,multi_train,multi,Multi-Image Spans
363,multi_train,multi,Non-Span
8016,multi_train,multi,Multi-Image Spans
8017,multi_train,multi,Cross-Image Synthesis
5472,multi_train,multi,Cross-Image Synthesis
5473,multi_train,multi,Non-Span
5474,multi_train,multi,Multi-Image Spans
6499,multi_train,multi,Multi-Image Spans
7399,multi_train,multi,Multi-Image Spans
7400,multi_train,multi,Multi-Image Spans
7401,multi_train,multi,Cross-Image Synthesis
6769,multi_train,multi,Multi-Image Spans
6770,multi_train,multi,Non-Span
8831,multi_train,multi,Multi-Image Spans
8832,multi_train,multi,Multi-Image Spans
8833,multi_train,multi,Non-Span
8834,multi_train,multi,Cross-Image Synthesis
8836,multi_train,multi,Multi-Image Spans
8837,multi_train,multi,Cross-Image Synthesis
8838,multi_train,multi,Multi-Image Spans
7654,multi_train,multi,Multi-Image Spans
7655,multi_train,multi,Multi-Image Spans
7656,multi_train,multi,Cross-Image Synthesis
7657,multi_train,multi,Non-Span
7658,multi_train,multi,Multi-Image Spans
6252,multi_train,multi,Multi-Image Spans
6253,multi_train,multi,Non-Span
6254,multi_train,multi,Non-Span
6255,multi_train,multi,Cross-Image Synthesis
1929,multi_train,multi,Multi-Image Spans
1930,multi_train,multi,Cross-Image Synthesis
1931,multi_train,multi,Non-Span
295,multi_train,multi,Multi-Image Spans
297,multi_train,multi,Non-Span
299,multi_train,multi,Multi-Image Spans
6985,multi_train,multi,Non-Span
6986,multi_train,multi,Multi-Image Spans
945,multi_train,multi,Non-Span
946,multi_train,multi,Multi-Image Spans
947,multi_train,multi,Multi-Image Spans
990,multi_train,multi,Cross-Image Synthesis
992,multi_train,multi,Multi-Image Spans
993,multi_train,multi,Multi-Image Spans
994,multi_train,multi,Non-Span
995,multi_train,multi,Multi-Image Spans
5186,multi_train,multi,Non-Span
5187,multi_train,multi,Non-Span
5188,multi_train,multi,Cross-Image Synthesis
5189,multi_train,multi,Multi-Image Spans
6205,multi_train,multi,Multi-Image Spans
1334,multi_train,multi,Multi-Image Spans
1335,multi_train,multi,Multi-Image Spans
1336,multi_train,multi,Multi-Image Spans
1337,multi_train,multi,Multi-Image Spans
8405,multi_train,multi,Multi-Image Spans
8406,multi_train,multi,Cross-Image Synthesis
8407,multi_train,multi,Multi-Image Spans
8408,multi_train,multi,Multi-Image Spans
8410,multi_train,multi,Cross-Image Synthesis
8414,multi_train,multi,Multi-Image Spans
8415,multi_train,multi,Non-Span
8416,multi_train,multi,Cross-Image Synthesis
8417,multi_train,multi,Multi-Image Spans
8411,multi_train,multi,Multi-Image Spans
8412,multi_train,multi,Non-Span
2135,multi_train,multi,Multi-Image Spans
2138,multi_train,multi,Multi-Image Spans
2139,multi_train,multi,Multi-Image Spans
1899,multi_train,multi,Multi-Image Spans
6802,multi_train,multi,Non-Span
1546,multi_train,multi,Non-Span
1548,multi_train,multi,Multi-Image Spans
170,multi_train,multi,Non-Span
171,multi_train,multi,Multi-Image Spans
5298,multi_train,multi,Multi-Image Spans
5299,multi_train,multi,Cross-Image Synthesis
5300,multi_train,multi,Multi-Image Spans
5302,multi_train,multi,Multi-Image Spans
123,multi_train,multi,Non-Span
5442,multi_train,multi,Non-Span
5443,multi_train,multi,Cross-Image Synthesis
5444,multi_train,multi,Multi-Image Spans
1575,multi_train,multi,Multi-Image Spans
1576,multi_train,multi,Multi-Image Spans
1578,multi_train,multi,Non-Span
1579,multi_train,multi,Multi-Image Spans
1574,multi_train,multi,Non-Span
922,multi_train,multi,Cross-Image Synthesis
2185,multi_train,multi,Cross-Image Synthesis
8960,multi_train,multi,Non-Span
8961,multi_train,multi,Multi-Image Spans
8962,multi_train,multi,Multi-Image Spans
8963,multi_train,multi,Multi-Image Spans
8965,multi_train,multi,Multi-Image Spans
8967,multi_train,multi,Non-Span
397,multi_train,multi,Multi-Image Spans
398,multi_train,multi,Multi-Image Spans
399,multi_train,multi,Multi-Image Spans
400,multi_train,multi,Multi-Image Spans
2148,multi_train,multi,Multi-Image Spans
2149,multi_train,multi,Non-Span
355,multi_train,multi,Non-Span
356,multi_train,multi,Multi-Image Spans
357,multi_train,multi,Multi-Image Spans
358,multi_train,multi,Non-Span
359,multi_train,multi,Multi-Image Spans
360,multi_train,multi,Multi-Image Spans
6924,multi_train,multi,Non-Span
6925,multi_train,multi,Multi-Image Spans
6926,multi_train,multi,Non-Span
5769,multi_train,multi,Multi-Image Spans
5771,multi_train,multi,Cross-Image Synthesis
5772,multi_train,multi,Non-Span
5773,multi_train,multi,Cross-Image Synthesis
5775,multi_train,multi,Cross-Image Synthesis
1274,multi_train,multi,Non-Span
1276,multi_train,multi,Non-Span
1277,multi_train,multi,Multi-Image Spans
1278,multi_train,multi,Cross-Image Synthesis
5541,multi_train,multi,Cross-Image Synthesis
31,multi_train,multi,Multi-Image Spans
29,multi_train,multi,Non-Span
27,multi_train,multi,Multi-Image Spans
28,multi_train,multi,Non-Span
30,multi_train,multi,Multi-Image Spans
2813,multi_train,multi,Cross-Image Synthesis
2814,multi_train,multi,Multi-Image Spans
2816,multi_train,multi,Non-Span
5372,multi_train,multi,Multi-Image Spans
5374,multi_train,multi,Multi-Image Spans
1650,multi_train,multi,Multi-Image Spans
7976,multi_train,multi,Non-Span
7977,multi_train,multi,Non-Span
7979,multi_train,multi,Multi-Image Spans
7980,multi_train,multi,Cross-Image Synthesis
6322,multi_train,multi,Cross-Image Synthesis
6323,multi_train,multi,Multi-Image Spans
1694,multi_train,multi,Multi-Image Spans
1695,multi_train,multi,Multi-Image Spans
1696,multi_train,multi,Non-Span
1697,multi_train,multi,Multi-Image Spans
4151,multi_train,multi,Cross-Image Synthesis
4153,multi_train,multi,Multi-Image Spans
6367,multi_train,multi,Multi-Image Spans
1738,multi_train,multi,Multi-Image Spans
1739,multi_train,multi,Multi-Image Spans
1740,multi_train,multi,Multi-Image Spans
7741,multi_train,multi,Non-Span
7742,multi_train,multi,Multi-Image Spans
7743,multi_train,multi,Cross-Image Synthesis
7744,multi_train,multi,Cross-Image Synthesis
4640,multi_train,multi,Multi-Image Spans
4641,multi_train,multi,Multi-Image Spans
4642,multi_train,multi,Multi-Image Spans
5418,multi_train,multi,Multi-Image Spans
5420,multi_train,multi,Multi-Image Spans
6156,multi_train,multi,Non-Span
6157,multi_train,multi,Cross-Image Synthesis
6159,multi_train,multi,Multi-Image Spans
2030,multi_train,multi,Cross-Image Synthesis
2031,multi_train,multi,Multi-Image Spans
811,multi_train,multi,Multi-Image Spans
812,multi_train,multi,Multi-Image Spans
813,multi_train,multi,Cross-Image Synthesis
810,multi_train,multi,Non-Span
800,multi_train,multi,Cross-Image Synthesis
801,multi_train,multi,Multi-Image Spans
802,multi_train,multi,Non-Span
803,multi_train,multi,Cross-Image Synthesis
804,multi_train,multi,Non-Span
805,multi_train,multi,Non-Span
806,multi_train,multi,Multi-Image Spans
807,multi_train,multi,Cross-Image Synthesis
808,multi_train,multi,Multi-Image Spans
617,multi_train,multi,Cross-Image Synthesis
618,multi_train,multi,Non-Span
619,multi_train,multi,Non-Span
620,multi_train,multi,Multi-Image Spans
621,multi_train,multi,Multi-Image Spans
614,multi_train,multi,Multi-Image Spans
615,multi_train,multi,Multi-Image Spans
616,multi_train,multi,Cross-Image Synthesis
623,multi_train,multi,Multi-Image Spans
624,multi_train,multi,Cross-Image Synthesis
6551,multi_train,multi,Multi-Image Spans
6553,multi_train,multi,Multi-Image Spans
6555,multi_train,multi,Cross-Image Synthesis
8426,multi_train,multi,Non-Span
8427,multi_train,multi,Cross-Image Synthesis
8428,multi_train,multi,Multi-Image Spans
3168,multi_train,multi,Multi-Image Spans
3169,multi_train,multi,Non-Span
2170,multi_train,multi,Multi-Image Spans
4759,multi_train,multi,Multi-Image Spans
4760,multi_train,multi,Non-Span
1709,multi_train,multi,Cross-Image Synthesis
1710,multi_train,multi,Multi-Image Spans
6981,multi_train,multi,Non-Span
6982,multi_train,multi,Multi-Image Spans
6984,multi_train,multi,Multi-Image Spans
6495,multi_train,multi,Non-Span
6496,multi_train,multi,Multi-Image Spans
3941,multi_train,multi,Multi-Image Spans
3942,multi_train,multi,Cross-Image Synthesis
3943,multi_train,multi,Non-Span
4585,multi_train,multi,Multi-Image Spans
4587,multi_train,multi,Multi-Image Spans
4588,multi_train,multi,Multi-Image Spans
4579,multi_train,multi,Multi-Image Spans
4580,multi_train,multi,Multi-Image Spans
7146,multi_train,multi,Multi-Image Spans
7147,multi_train,multi,Multi-Image Spans
7148,multi_train,multi,Multi-Image Spans
7149,multi_train,multi,Non-Span
7142,multi_train,multi,Cross-Image Synthesis
7144,multi_train,multi,Non-Span
7138,multi_train,multi,Cross-Image Synthesis
7139,multi_train,multi,Multi-Image Spans
7141,multi_train,multi,Non-Span
1925,multi_train,multi,Multi-Image Spans
1926,multi_train,multi,Non-Span
1927,multi_train,multi,Multi-Image Spans
1928,multi_train,multi,Multi-Image Spans
5003,multi_train,multi,Multi-Image Spans
5005,multi_train,multi,Multi-Image Spans
5006,multi_train,multi,Multi-Image Spans
5007,multi_train,multi,Cross-Image Synthesis
5008,multi_train,multi,Non-Span
5009,multi_train,multi,Multi-Image Spans
5010,multi_train,multi,Non-Span
5011,multi_train,multi,Multi-Image Spans
6503,multi_train,multi,Multi-Image Spans
6504,multi_train,multi,Multi-Image Spans
6505,multi_train,multi,Multi-Image Spans
107,multi_train,multi,Multi-Image Spans
108,multi_train,multi,Multi-Image Spans
109,multi_train,multi,Non-Span
110,multi_train,multi,Cross-Image Synthesis
2035,multi_train,multi,Cross-Image Synthesis
9106,multi_train,multi,Multi-Image Spans
9107,multi_train,multi,Multi-Image Spans
9114,multi_train,multi,Cross-Image Synthesis
9117,multi_train,multi,Non-Span
9118,multi_train,multi,Multi-Image Spans
9115,multi_train,multi,Non-Span
9116,multi_train,multi,Non-Span
9110,multi_train,multi,Cross-Image Synthesis
9111,multi_train,multi,Non-Span
9112,multi_train,multi,Cross-Image Synthesis
3603,multi_train,multi,Multi-Image Spans
3604,multi_train,multi,Multi-Image Spans
3605,multi_train,multi,Multi-Image Spans
3606,multi_train,multi,Multi-Image Spans
3607,multi_train,multi,Non-Span
3598,multi_train,multi,Multi-Image Spans
3599,multi_train,multi,Non-Span
3600,multi_train,multi,Multi-Image Spans
3601,multi_train,multi,Cross-Image Synthesis
3602,multi_train,multi,Non-Span
3608,multi_train,multi,Non-Span
3609,multi_train,multi,Multi-Image Spans
3610,multi_train,multi,Non-Span
3611,multi_train,multi,Multi-Image Spans
6151,multi_train,multi,Multi-Image Spans
1296,multi_train,multi,Non-Span
1297,multi_train,multi,Multi-Image Spans
1298,multi_train,multi,Multi-Image Spans
1299,multi_train,multi,Multi-Image Spans
1300,multi_train,multi,Non-Span
7787,multi_train,multi,Multi-Image Spans
7788,multi_train,multi,Multi-Image Spans
1667,multi_train,multi,Multi-Image Spans
1668,multi_train,multi,Multi-Image Spans
1670,multi_train,multi,Multi-Image Spans
6739,multi_train,multi,Multi-Image Spans
6740,multi_train,multi,Cross-Image Synthesis
6741,multi_train,multi,Non-Span
1908,multi_train,multi,Multi-Image Spans
1909,multi_train,multi,Non-Span
1910,multi_train,multi,Multi-Image Spans
1911,multi_train,multi,Non-Span
6142,multi_train,multi,Non-Span
3716,multi_train,multi,Multi-Image Spans
3717,multi_train,multi,Multi-Image Spans
7562,multi_train,multi,Non-Span
7563,multi_train,multi,Multi-Image Spans
7564,multi_train,multi,Cross-Image Synthesis
7565,multi_train,multi,Multi-Image Spans
7566,multi_train,multi,Multi-Image Spans
7567,multi_train,multi,Multi-Image Spans
1768,multi_train,multi,Multi-Image Spans
1769,multi_train,multi,Non-Span
4785,multi_train,multi,Multi-Image Spans
4786,multi_train,multi,Non-Span
4787,multi_train,multi,Cross-Image Synthesis
6236,multi_train,multi,Multi-Image Spans
9539,multi_train,multi,Cross-Image Synthesis
9540,multi_train,multi,Cross-Image Synthesis
9541,multi_train,multi,Non-Span
9531,multi_train,multi,Non-Span
9532,multi_train,multi,Non-Span
9534,multi_train,multi,Cross-Image Synthesis
9530,multi_train,multi,Multi-Image Spans
9533,multi_train,multi,Non-Span
5510,multi_train,multi,Multi-Image Spans
3156,multi_train,multi,Multi-Image Spans
3157,multi_train,multi,Non-Span
3154,multi_train,multi,Multi-Image Spans
3159,multi_train,multi,Multi-Image Spans
3161,multi_train,multi,Non-Span
4091,multi_train,multi,Multi-Image Spans
4092,multi_train,multi,Multi-Image Spans
4093,multi_train,multi,Multi-Image Spans
6905,multi_train,multi,Non-Span
6640,multi_train,multi,Cross-Image Synthesis
6642,multi_train,multi,Multi-Image Spans
4414,multi_train,multi,Multi-Image Spans
4417,multi_train,multi,Non-Span
6137,multi_train,multi,Multi-Image Spans
6138,multi_train,multi,Multi-Image Spans
6140,multi_train,multi,Multi-Image Spans
2500,multi_train,multi,Non-Span
2501,multi_train,multi,Multi-Image Spans
2508,multi_train,multi,Multi-Image Spans
2502,multi_train,multi,Non-Span
2503,multi_train,multi,Multi-Image Spans
2504,multi_train,multi,Cross-Image Synthesis
2505,multi_train,multi,Multi-Image Spans
6684,multi_train,multi,Multi-Image Spans
6686,multi_train,multi,Multi-Image Spans
2046,multi_train,multi,Non-Span
2047,multi_train,multi,Cross-Image Synthesis
8756,multi_train,multi,Multi-Image Spans
8759,multi_train,multi,Multi-Image Spans
8760,multi_train,multi,Cross-Image Synthesis
243,multi_train,multi,Non-Span
244,multi_train,multi,Cross-Image Synthesis
7396,multi_train,multi,Multi-Image Spans
2513,multi_train,multi,Multi-Image Spans
2515,multi_train,multi,Multi-Image Spans
2510,multi_train,multi,Non-Span
2511,multi_train,multi,Cross-Image Synthesis
2516,multi_train,multi,Multi-Image Spans
2517,multi_train,multi,Multi-Image Spans
2518,multi_train,multi,Non-Span
2519,multi_train,multi,Non-Span
7584,multi_train,multi,Multi-Image Spans
7585,multi_train,multi,Cross-Image Synthesis
7586,multi_train,multi,Non-Span
6749,multi_train,multi,Non-Span
6750,multi_train,multi,Multi-Image Spans
6751,multi_train,multi,Multi-Image Spans
6498,multi_train,multi,Multi-Image Spans
7204,multi_train,multi,Multi-Image Spans
7205,multi_train,multi,Multi-Image Spans
7206,multi_train,multi,Multi-Image Spans
7207,multi_train,multi,Non-Span
7196,multi_train,multi,Multi-Image Spans
7197,multi_train,multi,Multi-Image Spans
7198,multi_train,multi,Non-Span
7199,multi_train,multi,Non-Span
7200,multi_train,multi,Multi-Image Spans
7202,multi_train,multi,Multi-Image Spans
3720,multi_train,multi,Multi-Image Spans
3721,multi_train,multi,Non-Span
3722,multi_train,multi,Multi-Image Spans
3723,multi_train,multi,Cross-Image Synthesis
3724,multi_train,multi,Non-Span
2241,multi_train,multi,Non-Span
2242,multi_train,multi,Multi-Image Spans
2243,multi_train,multi,Cross-Image Synthesis
5064,multi_train,multi,Multi-Image Spans
2312,multi_train,multi,Multi-Image Spans
2313,multi_train,multi,Cross-Image Synthesis
2314,multi_train,multi,Non-Span
2355,multi_train,multi,Cross-Image Synthesis
2356,multi_train,multi,Non-Span
2357,multi_train,multi,Multi-Image Spans
2359,multi_train,multi,Multi-Image Spans
2360,multi_train,multi,Non-Span
2361,multi_train,multi,Non-Span
2364,multi_train,multi,Multi-Image Spans
2049,multi_train,multi,Non-Span
1453,multi_train,multi,Multi-Image Spans
6595,multi_train,multi,Cross-Image Synthesis
6597,multi_train,multi,Non-Span
6598,multi_train,multi,Cross-Image Synthesis
6599,multi_train,multi,Non-Span
4391,multi_train,multi,Multi-Image Spans
4392,multi_train,multi,Non-Span
4394,multi_train,multi,Cross-Image Synthesis
3954,multi_train,multi,Multi-Image Spans
3955,multi_train,multi,Cross-Image Synthesis
866,multi_train,multi,Multi-Image Spans
868,multi_train,multi,Multi-Image Spans
869,multi_train,multi,Multi-Image Spans
7540,multi_train,multi,Multi-Image Spans
7541,multi_train,multi,Non-Span
7543,multi_train,multi,Cross-Image Synthesis
2266,multi_train,multi,Multi-Image Spans
2267,multi_train,multi,Cross-Image Synthesis
2268,multi_train,multi,Multi-Image Spans
2269,multi_train,multi,Non-Span
5499,multi_train,multi,Multi-Image Spans
5502,multi_train,multi,Non-Span
4314,multi_train,multi,Cross-Image Synthesis
5114,multi_train,multi,Multi-Image Spans
5115,multi_train,multi,Cross-Image Synthesis
5116,multi_train,multi,Non-Span
5117,multi_train,multi,Multi-Image Spans
5106,multi_train,multi,Non-Span
5107,multi_train,multi,Cross-Image Synthesis
5109,multi_train,multi,Cross-Image Synthesis
5110,multi_train,multi,Multi-Image Spans
5111,multi_train,multi,Cross-Image Synthesis
5112,multi_train,multi,Non-Span
5113,multi_train,multi,Cross-Image Synthesis
2026,multi_train,multi,Multi-Image Spans
4507,multi_train,multi,Non-Span
4508,multi_train,multi,Multi-Image Spans
5303,multi_train,multi,Multi-Image Spans
5304,multi_train,multi,Cross-Image Synthesis
5305,multi_train,multi,Non-Span
5306,multi_train,multi,Multi-Image Spans
2896,multi_train,multi,Non-Span
2897,multi_train,multi,Cross-Image Synthesis
2898,multi_train,multi,Multi-Image Spans
2899,multi_train,multi,Cross-Image Synthesis
2903,multi_train,multi,Multi-Image Spans
2904,multi_train,multi,Multi-Image Spans
2905,multi_train,multi,Non-Span
7049,multi_train,multi,Multi-Image Spans
7051,multi_train,multi,Non-Span
886,multi_train,multi,Multi-Image Spans
887,multi_train,multi,Multi-Image Spans
889,multi_train,multi,Non-Span
5930,multi_train,multi,Multi-Image Spans
5931,multi_train,multi,Cross-Image Synthesis
5932,multi_train,multi,Non-Span
5927,multi_train,multi,Non-Span
5928,multi_train,multi,Cross-Image Synthesis
5929,multi_train,multi,Multi-Image Spans
3428,multi_train,multi,Non-Span
3429,multi_train,multi,Multi-Image Spans
3430,multi_train,multi,Multi-Image Spans
3433,multi_train,multi,Non-Span
3434,multi_train,multi,Cross-Image Synthesis
3426,multi_train,multi,Non-Span
3427,multi_train,multi,Cross-Image Synthesis
3660,multi_train,multi,Non-Span
5316,multi_train,multi,Multi-Image Spans
5318,multi_train,multi,Multi-Image Spans
7463,multi_train,multi,Non-Span
7464,multi_train,multi,Multi-Image Spans
2368,multi_train,multi,Non-Span
2369,multi_train,multi,Multi-Image Spans
8092,multi_train,multi,Multi-Image Spans
8093,multi_train,multi,Multi-Image Spans
1524,multi_train,multi,Multi-Image Spans
682,multi_train,multi,Non-Span
683,multi_train,multi,Multi-Image Spans
684,multi_train,multi,Cross-Image Synthesis
672,multi_train,multi,Multi-Image Spans
673,multi_train,multi,Cross-Image Synthesis
674,multi_train,multi,Multi-Image Spans
675,multi_train,multi,Non-Span
676,multi_train,multi,Non-Span
6165,multi_train,multi,Non-Span
6166,multi_train,multi,Non-Span
6167,multi_train,multi,Cross-Image Synthesis
6169,multi_train,multi,Cross-Image Synthesis
6247,multi_train,multi,Multi-Image Spans
5586,multi_train,multi,Cross-Image Synthesis
5587,multi_train,multi,Multi-Image Spans
5588,multi_train,multi,Non-Span
5475,multi_train,multi,Non-Span
5476,multi_train,multi,Multi-Image Spans
6021,multi_train,multi,Non-Span
6023,multi_train,multi,Non-Span
6014,multi_train,multi,Non-Span
6015,multi_train,multi,Multi-Image Spans
6016,multi_train,multi,Cross-Image Synthesis
4350,multi_train,multi,Multi-Image Spans
6261,multi_train,multi,Non-Span
6262,multi_train,multi,Non-Span
6263,multi_train,multi,Multi-Image Spans
6264,multi_train,multi,Cross-Image Synthesis
6989,multi_train,multi,Multi-Image Spans
6991,multi_train,multi,Multi-Image Spans
5485,multi_train,multi,Multi-Image Spans
6193,multi_train,multi,Multi-Image Spans
1044,multi_train,multi,Non-Span
1045,multi_train,multi,Multi-Image Spans
1046,multi_train,multi,Multi-Image Spans
9286,multi_train,multi,Multi-Image Spans
9287,multi_train,multi,Cross-Image Synthesis
9288,multi_train,multi,Non-Span
9292,multi_train,multi,Multi-Image Spans
8434,multi_train,multi,Non-Span
8436,multi_train,multi,Cross-Image Synthesis
8437,multi_train,multi,Non-Span
8438,multi_train,multi,Cross-Image Synthesis
8429,multi_train,multi,Cross-Image Synthesis
8430,multi_train,multi,Multi-Image Spans
8431,multi_train,multi,Non-Span
8432,multi_train,multi,Multi-Image Spans
8433,multi_train,multi,Multi-Image Spans
8440,multi_train,multi,Multi-Image Spans
8441,multi_train,multi,Cross-Image Synthesis
8442,multi_train,multi,Non-Span
8443,multi_train,multi,Cross-Image Synthesis
6114,multi_train,multi,Multi-Image Spans
2817,multi_train,multi,Multi-Image Spans
2818,multi_train,multi,Cross-Image Synthesis
2820,multi_train,multi,Cross-Image Synthesis
2821,multi_train,multi,Multi-Image Spans
2822,multi_train,multi,Cross-Image Synthesis
2823,multi_train,multi,Non-Span
2824,multi_train,multi,Multi-Image Spans
2825,multi_train,multi,Non-Span
2826,multi_train,multi,Multi-Image Spans
2827,multi_train,multi,Non-Span
2828,multi_train,multi,Multi-Image Spans
2829,multi_train,multi,Cross-Image Synthesis
3789,multi_train,multi,Multi-Image Spans
3791,multi_train,multi,Multi-Image Spans
3782,multi_train,multi,Non-Span
3783,multi_train,multi,Multi-Image Spans
8120,multi_train,multi,Multi-Image Spans
2585,multi_train,multi,Cross-Image Synthesis
2586,multi_train,multi,Multi-Image Spans
2587,multi_train,multi,Non-Span
2588,multi_train,multi,Cross-Image Synthesis
2589,multi_train,multi,Multi-Image Spans
2590,multi_train,multi,Multi-Image Spans
2581,multi_train,multi,Multi-Image Spans
2012,multi_train,multi,Non-Span
2013,multi_train,multi,Multi-Image Spans
2014,multi_train,multi,Multi-Image Spans
2015,multi_train,multi,Multi-Image Spans
8230,multi_train,multi,Multi-Image Spans
8231,multi_train,multi,Multi-Image Spans
8232,multi_train,multi,Non-Span
8233,multi_train,multi,Multi-Image Spans
8234,multi_train,multi,Cross-Image Synthesis
1674,multi_train,multi,Multi-Image Spans
1675,multi_train,multi,Multi-Image Spans
1676,multi_train,multi,Multi-Image Spans
1677,multi_train,multi,Multi-Image Spans
1678,multi_train,multi,Multi-Image Spans
4620,multi_train,multi,Multi-Image Spans
7421,multi_train,multi,Multi-Image Spans
7422,multi_train,multi,Multi-Image Spans
7423,multi_train,multi,Multi-Image Spans
6588,multi_train,multi,Non-Span
6589,multi_train,multi,Multi-Image Spans
6590,multi_train,multi,Multi-Image Spans
6592,multi_train,multi,Multi-Image Spans
6593,multi_train,multi,Non-Span
2230,multi_train,multi,Cross-Image Synthesis
2231,multi_train,multi,Multi-Image Spans
2232,multi_train,multi,Multi-Image Spans
2233,multi_train,multi,Multi-Image Spans
2234,multi_train,multi,Non-Span
39,multi_train,multi,Non-Span
36,multi_train,multi,Multi-Image Spans
37,multi_train,multi,Multi-Image Spans
38,multi_train,multi,Cross-Image Synthesis
40,multi_train,multi,Multi-Image Spans
41,multi_train,multi,Multi-Image Spans
4945,multi_train,multi,Non-Span
4946,multi_train,multi,Multi-Image Spans
4947,multi_train,multi,Multi-Image Spans
4948,multi_train,multi,Cross-Image Synthesis
4949,multi_train,multi,Multi-Image Spans
4955,multi_train,multi,Non-Span
4956,multi_train,multi,Multi-Image Spans
4957,multi_train,multi,Multi-Image Spans
4950,multi_train,multi,Non-Span
4951,multi_train,multi,Multi-Image Spans
4952,multi_train,multi,Multi-Image Spans
4953,multi_train,multi,Multi-Image Spans
4954,multi_train,multi,Multi-Image Spans
8354,multi_train,multi,Non-Span
8355,multi_train,multi,Multi-Image Spans
8356,multi_train,multi,Cross-Image Synthesis
8357,multi_train,multi,Multi-Image Spans
8349,multi_train,multi,Multi-Image Spans
8011,multi_train,multi,Non-Span
8012,multi_train,multi,Cross-Image Synthesis
8014,multi_train,multi,Multi-Image Spans
8015,multi_train,multi,Non-Span
9314,multi_train,multi,Multi-Image Spans
9317,multi_train,multi,Non-Span
9311,multi_train,multi,Cross-Image Synthesis
7928,multi_train,multi,Multi-Image Spans
2036,multi_train,multi,Non-Span
2037,multi_train,multi,Multi-Image Spans
2038,multi_train,multi,Cross-Image Synthesis
7534,multi_train,multi,Multi-Image Spans
7535,multi_train,multi,Non-Span
7536,multi_train,multi,Multi-Image Spans
7537,multi_train,multi,Cross-Image Synthesis
7411,multi_train,multi,Non-Span
425,multi_train,multi,Non-Span
426,multi_train,multi,Multi-Image Spans
428,multi_train,multi,Multi-Image Spans
6386,multi_train,multi,Non-Span
1663,multi_train,multi,Non-Span
1715,multi_train,multi,Cross-Image Synthesis
1717,multi_train,multi,Multi-Image Spans
1718,multi_train,multi,Multi-Image Spans
4412,multi_train,multi,Non-Span
4413,multi_train,multi,Multi-Image Spans
6485,multi_train,multi,Multi-Image Spans
6486,multi_train,multi,Non-Span
6488,multi_train,multi,Cross-Image Synthesis
6489,multi_train,multi,Multi-Image Spans
4454,multi_train,multi,Cross-Image Synthesis
4455,multi_train,multi,Multi-Image Spans
4112,multi_train,multi,Multi-Image Spans
4114,multi_train,multi,Multi-Image Spans
4115,multi_train,multi,Non-Span
4117,multi_train,multi,Multi-Image Spans
7771,multi_train,multi,Non-Span
7772,multi_train,multi,Cross-Image Synthesis
7773,multi_train,multi,Multi-Image Spans
5480,multi_train,multi,Multi-Image Spans
5408,multi_train,multi,Multi-Image Spans
5409,multi_train,multi,Non-Span
5410,multi_train,multi,Multi-Image Spans
3204,multi_train,multi,Non-Span
3205,multi_train,multi,Cross-Image Synthesis
3206,multi_train,multi,Non-Span
3207,multi_train,multi,Multi-Image Spans
3208,multi_train,multi,Non-Span
3209,multi_train,multi,Cross-Image Synthesis
996,multi_train,multi,Non-Span
997,multi_train,multi,Multi-Image Spans
999,multi_train,multi,Multi-Image Spans
1000,multi_train,multi,Multi-Image Spans
1476,multi_train,multi,Non-Span
2174,multi_train,multi,Cross-Image Synthesis
2176,multi_train,multi,Non-Span
3751,multi_train,multi,Non-Span
3754,multi_train,multi,Multi-Image Spans
3755,multi_train,multi,Multi-Image Spans
2632,multi_train,multi,Multi-Image Spans
2634,multi_train,multi,Multi-Image Spans
2635,multi_train,multi,Multi-Image Spans
2636,multi_train,multi,Non-Span
2637,multi_train,multi,Multi-Image Spans
2638,multi_train,multi,Non-Span
8076,multi_train,multi,Non-Span
964,multi_train,multi,Non-Span
965,multi_train,multi,Multi-Image Spans
966,multi_train,multi,Multi-Image Spans
967,multi_train,multi,Multi-Image Spans
5664,multi_train,multi,Multi-Image Spans
5665,multi_train,multi,Multi-Image Spans
5666,multi_train,multi,Non-Span
5667,multi_train,multi,Multi-Image Spans
4595,multi_train,multi,Non-Span
4596,multi_train,multi,Multi-Image Spans
7090,multi_train,multi,Multi-Image Spans
7091,multi_train,multi,Multi-Image Spans
5922,multi_train,multi,Non-Span
5923,multi_train,multi,Multi-Image Spans
5924,multi_train,multi,Multi-Image Spans
5925,multi_train,multi,Multi-Image Spans
5926,multi_train,multi,Non-Span
1021,multi_train,multi,Multi-Image Spans
1022,multi_train,multi,Multi-Image Spans
1023,multi_train,multi,Cross-Image Synthesis
1024,multi_train,multi,Non-Span
8209,multi_train,multi,Cross-Image Synthesis
8210,multi_train,multi,Multi-Image Spans
3141,multi_train,multi,Non-Span
3131,multi_train,multi,Non-Span
3133,multi_train,multi,Multi-Image Spans
3134,multi_train,multi,Cross-Image Synthesis
3135,multi_train,multi,Cross-Image Synthesis
3136,multi_train,multi,Non-Span
3909,multi_train,multi,Multi-Image Spans
3911,multi_train,multi,Non-Span
3913,multi_train,multi,Multi-Image Spans
5623,multi_train,multi,Multi-Image Spans
5624,multi_train,multi,Non-Span
5625,multi_train,multi,Cross-Image Synthesis
5626,multi_train,multi,Non-Span
8994,multi_train,multi,Multi-Image Spans
8998,multi_train,multi,Multi-Image Spans
8999,multi_train,multi,Multi-Image Spans
9000,multi_train,multi,Non-Span
9001,multi_train,multi,Multi-Image Spans
8996,multi_train,multi,Multi-Image Spans
1100,multi_train,multi,Multi-Image Spans
1101,multi_train,multi,Multi-Image Spans
1098,multi_train,multi,Multi-Image Spans
1102,multi_train,multi,Multi-Image Spans
1099,multi_train,multi,Non-Span
1360,multi_train,multi,Multi-Image Spans
3395,multi_train,multi,Multi-Image Spans
3396,multi_train,multi,Non-Span
3398,multi_train,multi,Cross-Image Synthesis
5388,multi_train,multi,Non-Span
5390,multi_train,multi,Cross-Image Synthesis
5391,multi_train,multi,Multi-Image Spans
2140,multi_train,multi,Multi-Image Spans
2142,multi_train,multi,Multi-Image Spans
2144,multi_train,multi,Non-Span
6054,multi_train,multi,Multi-Image Spans
3347,multi_train,multi,Multi-Image Spans
3341,multi_train,multi,Multi-Image Spans
3342,multi_train,multi,Multi-Image Spans
3345,multi_train,multi,Multi-Image Spans
7846,multi_train,multi,Non-Span
7847,multi_train,multi,Non-Span
7848,multi_train,multi,Multi-Image Spans
7766,multi_train,multi,Non-Span
7767,multi_train,multi,Cross-Image Synthesis
7768,multi_train,multi,Multi-Image Spans
8473,multi_train,multi,Multi-Image Spans
8475,multi_train,multi,Multi-Image Spans
8467,multi_train,multi,Multi-Image Spans
8468,multi_train,multi,Multi-Image Spans
8470,multi_train,multi,Multi-Image Spans
8471,multi_train,multi,Multi-Image Spans
8738,multi_train,multi,Cross-Image Synthesis
8739,multi_train,multi,Multi-Image Spans
8740,multi_train,multi,Non-Span
8741,multi_train,multi,Non-Span
8742,multi_train,multi,Non-Span
2443,multi_train,multi,Non-Span
2448,multi_train,multi,Cross-Image Synthesis
2452,multi_train,multi,Multi-Image Spans
2453,multi_train,multi,Non-Span
2454,multi_train,multi,Non-Span
2455,multi_train,multi,Multi-Image Spans
2456,multi_train,multi,Multi-Image Spans
1446,multi_train,multi,Multi-Image Spans
1447,multi_train,multi,Multi-Image Spans
1450,multi_train,multi,Multi-Image Spans
1445,multi_train,multi,Cross-Image Synthesis
2010,multi_train,multi,Multi-Image Spans
6389,multi_train,multi,Cross-Image Synthesis
6390,multi_train,multi,Non-Span
7336,multi_train,multi,Multi-Image Spans
8113,multi_train,multi,Multi-Image Spans
2297,multi_train,multi,Multi-Image Spans
7821,multi_train,multi,Multi-Image Spans
7822,multi_train,multi,Non-Span
7823,multi_train,multi,Multi-Image Spans
8423,multi_train,multi,Non-Span
8425,multi_train,multi,Multi-Image Spans
8419,multi_train,multi,Cross-Image Synthesis
8420,multi_train,multi,Non-Span
7383,multi_train,multi,Non-Span
7385,multi_train,multi,Multi-Image Spans
7261,multi_train,multi,Multi-Image Spans
7257,multi_train,multi,Multi-Image Spans
7258,multi_train,multi,Cross-Image Synthesis
7259,multi_train,multi,Multi-Image Spans
7265,multi_train,multi,Multi-Image Spans
7267,multi_train,multi,Non-Span
7268,multi_train,multi,Cross-Image Synthesis
3317,multi_train,multi,Cross-Image Synthesis
3318,multi_train,multi,Non-Span
3319,multi_train,multi,Multi-Image Spans
3320,multi_train,multi,Cross-Image Synthesis
1614,multi_train,multi,Non-Span
918,multi_train,multi,Multi-Image Spans
920,multi_train,multi,Non-Span
4467,multi_train,multi,Cross-Image Synthesis
4468,multi_train,multi,Multi-Image Spans
6895,multi_train,multi,Cross-Image Synthesis
6898,multi_train,multi,Multi-Image Spans
7849,multi_train,multi,Non-Span
7850,multi_train,multi,Multi-Image Spans
7852,multi_train,multi,Non-Span
1429,multi_train,multi,Multi-Image Spans
1430,multi_train,multi,Multi-Image Spans
1431,multi_train,multi,Non-Span
1432,multi_train,multi,Multi-Image Spans
6089,multi_train,multi,Multi-Image Spans
6090,multi_train,multi,Cross-Image Synthesis
6091,multi_train,multi,Multi-Image Spans
6092,multi_train,multi,Non-Span
6093,multi_train,multi,Cross-Image Synthesis
5534,multi_train,multi,Cross-Image Synthesis
5535,multi_train,multi,Cross-Image Synthesis
1233,multi_train,multi,Multi-Image Spans
1237,multi_train,multi,Cross-Image Synthesis
1236,multi_train,multi,Non-Span
8839,multi_train,multi,Non-Span
8841,multi_train,multi,Cross-Image Synthesis
7448,multi_train,multi,Non-Span
7449,multi_train,multi,Multi-Image Spans
7450,multi_train,multi,Cross-Image Synthesis
7451,multi_train,multi,Cross-Image Synthesis
7452,multi_train,multi,Cross-Image Synthesis
4968,multi_train,multi,Multi-Image Spans
4970,multi_train,multi,Cross-Image Synthesis
4971,multi_train,multi,Non-Span
1092,multi_train,multi,Cross-Image Synthesis
5552,multi_train,multi,Cross-Image Synthesis
5554,multi_train,multi,Multi-Image Spans
5555,multi_train,multi,Multi-Image Spans
4774,multi_train,multi,Multi-Image Spans
4449,multi_train,multi,Cross-Image Synthesis
4450,multi_train,multi,Multi-Image Spans
4452,multi_train,multi,Cross-Image Synthesis
4443,multi_train,multi,Cross-Image Synthesis
4444,multi_train,multi,Multi-Image Spans
4445,multi_train,multi,Non-Span
4446,multi_train,multi,Multi-Image Spans
1272,multi_train,multi,Multi-Image Spans
1273,multi_train,multi,Cross-Image Synthesis
3979,multi_train,multi,Multi-Image Spans
3980,multi_train,multi,Cross-Image Synthesis
3981,multi_train,multi,Non-Span
256,multi_train,multi,Non-Span
257,multi_train,multi,Multi-Image Spans
258,multi_train,multi,Cross-Image Synthesis
259,multi_train,multi,Multi-Image Spans
6424,multi_train,multi,Cross-Image Synthesis
6425,multi_train,multi,Multi-Image Spans
8716,multi_train,multi,Cross-Image Synthesis
8717,multi_train,multi,Non-Span
8719,multi_train,multi,Multi-Image Spans
8720,multi_train,multi,Multi-Image Spans
8721,multi_train,multi,Cross-Image Synthesis
8722,multi_train,multi,Non-Span
8723,multi_train,multi,Cross-Image Synthesis
8724,multi_train,multi,Multi-Image Spans
6659,multi_train,multi,Non-Span
6661,multi_train,multi,Multi-Image Spans
6663,multi_train,multi,Multi-Image Spans
4060,multi_train,multi,Cross-Image Synthesis
1525,multi_train,multi,Non-Span
1526,multi_train,multi,Multi-Image Spans
1264,multi_train,multi,Multi-Image Spans
1265,multi_train,multi,Multi-Image Spans
8,multi_train,multi,Multi-Image Spans
9,multi_train,multi,Cross-Image Synthesis
10,multi_train,multi,Cross-Image Synthesis
11,multi_train,multi,Non-Span
1536,multi_train,multi,Cross-Image Synthesis
1537,multi_train,multi,Multi-Image Spans
1538,multi_train,multi,Non-Span
6378,multi_train,multi,Non-Span
6379,multi_train,multi,Multi-Image Spans
6380,multi_train,multi,Cross-Image Synthesis
6381,multi_train,multi,Cross-Image Synthesis
3307,multi_train,multi,Cross-Image Synthesis
3308,multi_train,multi,Non-Span
3309,multi_train,multi,Multi-Image Spans
3314,multi_train,multi,Cross-Image Synthesis
3315,multi_train,multi,Multi-Image Spans
3310,multi_train,multi,Non-Span
3311,multi_train,multi,Cross-Image Synthesis
3312,multi_train,multi,Non-Span
3313,multi_train,multi,Multi-Image Spans
3987,multi_train,multi,Non-Span
3990,multi_train,multi,Multi-Image Spans
3991,multi_train,multi,Multi-Image Spans
6131,multi_train,multi,Multi-Image Spans
6132,multi_train,multi,Non-Span
7312,multi_train,multi,Cross-Image Synthesis
7313,multi_train,multi,Multi-Image Spans
7310,multi_train,multi,Multi-Image Spans
7311,multi_train,multi,Non-Span
7303,multi_train,multi,Multi-Image Spans
7306,multi_train,multi,Cross-Image Synthesis
7307,multi_train,multi,Multi-Image Spans
165,multi_train,multi,Multi-Image Spans
167,multi_train,multi,Multi-Image Spans
168,multi_train,multi,Multi-Image Spans
8989,multi_train,multi,Multi-Image Spans
8986,multi_train,multi,Multi-Image Spans
8987,multi_train,multi,Cross-Image Synthesis
278,multi_train,multi,Non-Span
279,multi_train,multi,Cross-Image Synthesis
280,multi_train,multi,Cross-Image Synthesis
281,multi_train,multi,Multi-Image Spans
282,multi_train,multi,Non-Span
2914,multi_train,multi,Cross-Image Synthesis
2915,multi_train,multi,Non-Span
2906,multi_train,multi,Cross-Image Synthesis
2909,multi_train,multi,Non-Span
2911,multi_train,multi,Multi-Image Spans
2913,multi_train,multi,Multi-Image Spans
956,multi_train,multi,Multi-Image Spans
960,multi_train,multi,Multi-Image Spans
961,multi_train,multi,Multi-Image Spans
7379,multi_train,multi,Multi-Image Spans
7380,multi_train,multi,Cross-Image Synthesis
7381,multi_train,multi,Cross-Image Synthesis
7382,multi_train,multi,Non-Span
877,multi_train,multi,Non-Span
878,multi_train,multi,Multi-Image Spans
880,multi_train,multi,Cross-Image Synthesis
308,multi_train,multi,Multi-Image Spans
309,multi_train,multi,Cross-Image Synthesis
310,multi_train,multi,Non-Span
6556,multi_train,multi,Multi-Image Spans
8255,multi_train,multi,Multi-Image Spans
1161,multi_train,multi,Multi-Image Spans
3621,multi_train,multi,Multi-Image Spans
3622,multi_train,multi,Cross-Image Synthesis
3612,multi_train,multi,Non-Span
3613,multi_train,multi,Multi-Image Spans
3614,multi_train,multi,Multi-Image Spans
3615,multi_train,multi,Multi-Image Spans
3616,multi_train,multi,Multi-Image Spans
3618,multi_train,multi,Multi-Image Spans
7098,multi_train,multi,Multi-Image Spans
7099,multi_train,multi,Non-Span
7094,multi_train,multi,Non-Span
7095,multi_train,multi,Multi-Image Spans
7096,multi_train,multi,Multi-Image Spans
7097,multi_train,multi,Non-Span
7092,multi_train,multi,Non-Span
7093,multi_train,multi,Multi-Image Spans
8288,multi_train,multi,Non-Span
8290,multi_train,multi,Multi-Image Spans
401,multi_train,multi,Cross-Image Synthesis
402,multi_train,multi,Non-Span
4254,multi_train,multi,Non-Span
4255,multi_train,multi,Cross-Image Synthesis
4256,multi_train,multi,Multi-Image Spans
4257,multi_train,multi,Cross-Image Synthesis
5334,multi_train,multi,Non-Span
5335,multi_train,multi,Multi-Image Spans
5336,multi_train,multi,Non-Span
5337,multi_train,multi,Cross-Image Synthesis
9471,multi_train,multi,Non-Span
9472,multi_train,multi,Multi-Image Spans
9473,multi_train,multi,Cross-Image Synthesis
9475,multi_train,multi,Multi-Image Spans
9484,multi_train,multi,Cross-Image Synthesis
9485,multi_train,multi,Multi-Image Spans
9483,multi_train,multi,Cross-Image Synthesis
9486,multi_train,multi,Non-Span
9477,multi_train,multi,Non-Span
9478,multi_train,multi,Multi-Image Spans
9479,multi_train,multi,Multi-Image Spans
9480,multi_train,multi,Multi-Image Spans
6375,multi_train,multi,Multi-Image Spans
6376,multi_train,multi,Multi-Image Spans
6377,multi_train,multi,Multi-Image Spans
3083,multi_train,multi,Non-Span
3084,multi_train,multi,Cross-Image Synthesis
3085,multi_train,multi,Multi-Image Spans
3086,multi_train,multi,Cross-Image Synthesis
3076,multi_train,multi,Non-Span
3077,multi_train,multi,Multi-Image Spans
3078,multi_train,multi,Cross-Image Synthesis
3079,multi_train,multi,Multi-Image Spans
3080,multi_train,multi,Multi-Image Spans
3081,multi_train,multi,Multi-Image Spans
3082,multi_train,multi,Non-Span
6618,multi_train,multi,Multi-Image Spans
2126,multi_train,multi,Cross-Image Synthesis
2127,multi_train,multi,Non-Span
2129,multi_train,multi,Multi-Image Spans
2130,multi_train,multi,Multi-Image Spans
3245,multi_train,multi,Multi-Image Spans
3246,multi_train,multi,Multi-Image Spans
3236,multi_train,multi,Multi-Image Spans
3239,multi_train,multi,Non-Span
1569,multi_train,multi,Multi-Image Spans
2177,multi_train,multi,Non-Span
2179,multi_train,multi,Multi-Image Spans
2180,multi_train,multi,Cross-Image Synthesis
5356,multi_train,multi,Multi-Image Spans
5357,multi_train,multi,Non-Span
5358,multi_train,multi,Multi-Image Spans
5359,multi_train,multi,Multi-Image Spans
5360,multi_train,multi,Cross-Image Synthesis
6600,multi_train,multi,Non-Span
6601,multi_train,multi,Multi-Image Spans
6603,multi_train,multi,Multi-Image Spans
2671,multi_train,multi,Non-Span
2663,multi_train,multi,Multi-Image Spans
2665,multi_train,multi,Multi-Image Spans
2667,multi_train,multi,Multi-Image Spans
2668,multi_train,multi,Non-Span
4426,multi_train,multi,Cross-Image Synthesis
4427,multi_train,multi,Non-Span
1238,multi_train,multi,Non-Span
1241,multi_train,multi,Cross-Image Synthesis
1242,multi_train,multi,Non-Span
6533,multi_train,multi,Multi-Image Spans
6535,multi_train,multi,Non-Span
4471,multi_train,multi,Cross-Image Synthesis
4472,multi_train,multi,Multi-Image Spans
4473,multi_train,multi,Non-Span
4474,multi_train,multi,Multi-Image Spans
5245,multi_train,multi,Non-Span
5246,multi_train,multi,Cross-Image Synthesis
3400,multi_train,multi,Multi-Image Spans
3401,multi_train,multi,Multi-Image Spans
3402,multi_train,multi,Cross-Image Synthesis
3403,multi_train,multi,Multi-Image Spans
3404,multi_train,multi,Non-Span
2052,multi_train,multi,Multi-Image Spans
4381,multi_train,multi,Cross-Image Synthesis
4382,multi_train,multi,Multi-Image Spans
4383,multi_train,multi,Non-Span
8146,multi_train,multi,Non-Span
8147,multi_train,multi,Multi-Image Spans
8148,multi_train,multi,Non-Span
8149,multi_train,multi,Cross-Image Synthesis
504,multi_train,multi,Non-Span
505,multi_train,multi,Multi-Image Spans
506,multi_train,multi,Cross-Image Synthesis
507,multi_train,multi,Cross-Image Synthesis
508,multi_train,multi,Multi-Image Spans
509,multi_train,multi,Multi-Image Spans
510,multi_train,multi,Non-Span
1352,multi_train,multi,Multi-Image Spans
5426,multi_train,multi,Multi-Image Spans
5428,multi_train,multi,Multi-Image Spans
1599,multi_train,multi,Multi-Image Spans
1600,multi_train,multi,Non-Span
3006,multi_train,multi,Non-Span
3007,multi_train,multi,Multi-Image Spans
3010,multi_train,multi,Multi-Image Spans
3011,multi_train,multi,Non-Span
3012,multi_train,multi,Cross-Image Synthesis
3013,multi_train,multi,Cross-Image Synthesis
3002,multi_train,multi,Non-Span
3003,multi_train,multi,Multi-Image Spans
4557,multi_train,multi,Multi-Image Spans
4558,multi_train,multi,Multi-Image Spans
4559,multi_train,multi,Non-Span
846,multi_train,multi,Multi-Image Spans
5592,multi_train,multi,Non-Span
5593,multi_train,multi,Multi-Image Spans
5594,multi_train,multi,Multi-Image Spans
9421,multi_train,multi,Multi-Image Spans
9422,multi_train,multi,Cross-Image Synthesis
9423,multi_train,multi,Multi-Image Spans
9424,multi_train,multi,Non-Span
9425,multi_train,multi,Multi-Image Spans
7679,multi_train,multi,Cross-Image Synthesis
7680,multi_train,multi,Multi-Image Spans
7681,multi_train,multi,Non-Span
7682,multi_train,multi,Non-Span
7683,multi_train,multi,Multi-Image Spans
8577,multi_train,multi,Cross-Image Synthesis
8578,multi_train,multi,Multi-Image Spans
8579,multi_train,multi,Non-Span
8580,multi_train,multi,Non-Span
8581,multi_train,multi,Multi-Image Spans
8582,multi_train,multi,Multi-Image Spans
8583,multi_train,multi,Multi-Image Spans
8584,multi_train,multi,Non-Span
8574,multi_train,multi,Multi-Image Spans
8575,multi_train,multi,Non-Span
8576,multi_train,multi,Cross-Image Synthesis
3137,multi_train,multi,Non-Span
3138,multi_train,multi,Cross-Image Synthesis
276,multi_train,multi,Non-Span
277,multi_train,multi,Multi-Image Spans
2391,multi_train,multi,Multi-Image Spans
2392,multi_train,multi,Non-Span
2003,multi_train,multi,Cross-Image Synthesis
2004,multi_train,multi,Multi-Image Spans
2005,multi_train,multi,Non-Span
211,multi_train,multi,Multi-Image Spans
7695,multi_train,multi,Multi-Image Spans
7696,multi_train,multi,Cross-Image Synthesis
7697,multi_train,multi,Non-Span
8238,multi_train,multi,Multi-Image Spans
7594,multi_train,multi,Multi-Image Spans
7595,multi_train,multi,Non-Span
7596,multi_train,multi,Multi-Image Spans
7597,multi_train,multi,Non-Span
5652,multi_train,multi,Multi-Image Spans
5653,multi_train,multi,Non-Span
5654,multi_train,multi,Multi-Image Spans
6220,multi_train,multi,Non-Span
6221,multi_train,multi,Multi-Image Spans
1012,multi_train,multi,Multi-Image Spans
5635,multi_train,multi,Multi-Image Spans
5636,multi_train,multi,Non-Span
5637,multi_train,multi,Multi-Image Spans
5638,multi_train,multi,Multi-Image Spans
5639,multi_train,multi,Non-Span
5980,multi_train,multi,Multi-Image Spans
5982,multi_train,multi,Multi-Image Spans
5983,multi_train,multi,Non-Span
5984,multi_train,multi,Multi-Image Spans
5987,multi_train,multi,Cross-Image Synthesis
5988,multi_train,multi,Non-Span
5989,multi_train,multi,Cross-Image Synthesis
5975,multi_train,multi,Non-Span
5978,multi_train,multi,Non-Span
8083,multi_train,multi,Cross-Image Synthesis
8085,multi_train,multi,Multi-Image Spans
8086,multi_train,multi,Multi-Image Spans
6210,multi_train,multi,Cross-Image Synthesis
6211,multi_train,multi,Non-Span
6212,multi_train,multi,Multi-Image Spans
6213,multi_train,multi,Multi-Image Spans
6214,multi_train,multi,Non-Span
1505,multi_train,multi,Multi-Image Spans
6450,multi_train,multi,Cross-Image Synthesis
6451,multi_train,multi,Multi-Image Spans
6452,multi_train,multi,Non-Span
5524,multi_train,multi,Multi-Image Spans
5525,multi_train,multi,Non-Span
5526,multi_train,multi,Cross-Image Synthesis
419,multi_train,multi,Non-Span
420,multi_train,multi,Multi-Image Spans
421,multi_train,multi,Non-Span
8201,multi_train,multi,Multi-Image Spans
8202,multi_train,multi,Cross-Image Synthesis
8203,multi_train,multi,Non-Span
4335,multi_train,multi,Multi-Image Spans
4336,multi_train,multi,Non-Span
3694,multi_train,multi,Multi-Image Spans
3695,multi_train,multi,Multi-Image Spans
3696,multi_train,multi,Cross-Image Synthesis
3697,multi_train,multi,Multi-Image Spans
3698,multi_train,multi,Non-Span
4715,multi_train,multi,Cross-Image Synthesis
4716,multi_train,multi,Multi-Image Spans
4717,multi_train,multi,Multi-Image Spans
4718,multi_train,multi,Multi-Image Spans
9405,multi_train,multi,Multi-Image Spans
9406,multi_train,multi,Non-Span
9407,multi_train,multi,Non-Span
9408,multi_train,multi,Multi-Image Spans
9409,multi_train,multi,Cross-Image Synthesis
9400,multi_train,multi,Cross-Image Synthesis
9401,multi_train,multi,Multi-Image Spans
9402,multi_train,multi,Non-Span
9404,multi_train,multi,Non-Span
9403,multi_train,multi,Cross-Image Synthesis
9411,multi_train,multi,Non-Span
1539,multi_train,multi,Non-Span
1540,multi_train,multi,Multi-Image Spans
1541,multi_train,multi,Multi-Image Spans
1544,multi_train,multi,Multi-Image Spans
1542,multi_train,multi,Non-Span
4995,multi_train,multi,Non-Span
4996,multi_train,multi,Multi-Image Spans
4997,multi_train,multi,Cross-Image Synthesis
4998,multi_train,multi,Cross-Image Synthesis
4999,multi_train,multi,Cross-Image Synthesis
5000,multi_train,multi,Multi-Image Spans
5001,multi_train,multi,Non-Span
4991,multi_train,multi,Non-Span
4992,multi_train,multi,Multi-Image Spans
4993,multi_train,multi,Multi-Image Spans
4994,multi_train,multi,Multi-Image Spans
5859,multi_train,multi,Multi-Image Spans
5861,multi_train,multi,Non-Span
5862,multi_train,multi,Non-Span
5863,multi_train,multi,Non-Span
5865,multi_train,multi,Cross-Image Synthesis
5866,multi_train,multi,Multi-Image Spans
5867,multi_train,multi,Multi-Image Spans
5868,multi_train,multi,Non-Span
119,multi_train,multi,Cross-Image Synthesis
118,multi_train,multi,Non-Span
1456,multi_train,multi,Non-Span
1457,multi_train,multi,Multi-Image Spans
1459,multi_train,multi,Non-Span
604,multi_train,multi,Multi-Image Spans
605,multi_train,multi,Multi-Image Spans
606,multi_train,multi,Multi-Image Spans
607,multi_train,multi,Multi-Image Spans
608,multi_train,multi,Non-Span
610,multi_train,multi,Multi-Image Spans
613,multi_train,multi,Multi-Image Spans
9053,multi_train,multi,Multi-Image Spans
9047,multi_train,multi,Multi-Image Spans
9048,multi_train,multi,Non-Span
9049,multi_train,multi,Multi-Image Spans
9051,multi_train,multi,Cross-Image Synthesis
9052,multi_train,multi,Multi-Image Spans
9055,multi_train,multi,Cross-Image Synthesis
9056,multi_train,multi,Multi-Image Spans
7703,multi_train,multi,Multi-Image Spans
8777,multi_train,multi,Multi-Image Spans
8780,multi_train,multi,Multi-Image Spans
8781,multi_train,multi,Multi-Image Spans
8782,multi_train,multi,Non-Span
8787,multi_train,multi,Cross-Image Synthesis
8788,multi_train,multi,Non-Span
8789,multi_train,multi,Multi-Image Spans
8790,multi_train,multi,Non-Span
8792,multi_train,multi,Multi-Image Spans
8783,multi_train,multi,Multi-Image Spans
8785,multi_train,multi,Cross-Image Synthesis
8786,multi_train,multi,Non-Span
1590,multi_train,multi,Non-Span
1591,multi_train,multi,Cross-Image Synthesis
1592,multi_train,multi,Multi-Image Spans
988,multi_train,multi,Multi-Image Spans
1844,multi_train,multi,Multi-Image Spans
1845,multi_train,multi,Multi-Image Spans
1245,multi_train,multi,Non-Span
6882,multi_train,multi,Multi-Image Spans
7784,multi_train,multi,Non-Span
4638,multi_train,multi,Multi-Image Spans
5807,multi_train,multi,Non-Span
5800,multi_train,multi,Multi-Image Spans
5802,multi_train,multi,Cross-Image Synthesis
1497,multi_train,multi,Multi-Image Spans
1499,multi_train,multi,Multi-Image Spans
6001,multi_train,multi,Multi-Image Spans
6002,multi_train,multi,Non-Span
6010,multi_train,multi,Multi-Image Spans
6013,multi_train,multi,Multi-Image Spans
6006,multi_train,multi,Cross-Image Synthesis
6007,multi_train,multi,Multi-Image Spans
6008,multi_train,multi,Multi-Image Spans
2688,multi_train,multi,Cross-Image Synthesis
2689,multi_train,multi,Multi-Image Spans
2690,multi_train,multi,Cross-Image Synthesis
2684,multi_train,multi,Multi-Image Spans
2686,multi_train,multi,Cross-Image Synthesis
8932,multi_train,multi,Cross-Image Synthesis
8933,multi_train,multi,Non-Span
8934,multi_train,multi,Cross-Image Synthesis
8935,multi_train,multi,Multi-Image Spans
8928,multi_train,multi,Non-Span
8930,multi_train,multi,Non-Span
8923,multi_train,multi,Non-Span
8924,multi_train,multi,Multi-Image Spans
8925,multi_train,multi,Multi-Image Spans
8926,multi_train,multi,Multi-Image Spans
8927,multi_train,multi,Cross-Image Synthesis
3249,multi_train,multi,Multi-Image Spans
3250,multi_train,multi,Multi-Image Spans
3254,multi_train,multi,Cross-Image Synthesis
3258,multi_train,multi,Multi-Image Spans
3251,multi_train,multi,Multi-Image Spans
3253,multi_train,multi,Cross-Image Synthesis
8385,multi_train,multi,Multi-Image Spans
8387,multi_train,multi,Multi-Image Spans
8389,multi_train,multi,Multi-Image Spans
8390,multi_train,multi,Multi-Image Spans
8391,multi_train,multi,Multi-Image Spans
8393,multi_train,multi,Non-Span
8383,multi_train,multi,Multi-Image Spans
9385,multi_train,multi,Multi-Image Spans
9386,multi_train,multi,Non-Span
9387,multi_train,multi,Cross-Image Synthesis
9388,multi_train,multi,Cross-Image Synthesis
5414,multi_train,multi,Cross-Image Synthesis
5415,multi_train,multi,Multi-Image Spans
5416,multi_train,multi,Non-Span
6891,multi_train,multi,Multi-Image Spans
6892,multi_train,multi,Multi-Image Spans
6893,multi_train,multi,Non-Span
9449,multi_train,multi,Multi-Image Spans
9450,multi_train,multi,Multi-Image Spans
9438,multi_train,multi,Non-Span
9439,multi_train,multi,Multi-Image Spans
9440,multi_train,multi,Cross-Image Synthesis
9441,multi_train,multi,Multi-Image Spans
9442,multi_train,multi,Multi-Image Spans
9443,multi_train,multi,Cross-Image Synthesis
1063,multi_train,multi,Cross-Image Synthesis
6974,multi_train,multi,Non-Span
3992,multi_train,multi,Multi-Image Spans
3993,multi_train,multi,Non-Span
4374,multi_train,multi,Cross-Image Synthesis
8618,multi_train,multi,Multi-Image Spans
8619,multi_train,multi,Multi-Image Spans
8620,multi_train,multi,Multi-Image Spans
8621,multi_train,multi,Non-Span
8622,multi_train,multi,Non-Span
4287,multi_train,multi,Multi-Image Spans
4288,multi_train,multi,Multi-Image Spans
4290,multi_train,multi,Multi-Image Spans
4291,multi_train,multi,Cross-Image Synthesis
4292,multi_train,multi,Non-Span
4293,multi_train,multi,Non-Span
4294,multi_train,multi,Cross-Image Synthesis
4296,multi_train,multi,Multi-Image Spans
4297,multi_train,multi,Multi-Image Spans
511,multi_train,multi,Cross-Image Synthesis
512,multi_train,multi,Cross-Image Synthesis
513,multi_train,multi,Multi-Image Spans
514,multi_train,multi,Non-Span
515,multi_train,multi,Multi-Image Spans
7705,multi_train,multi,Cross-Image Synthesis
7706,multi_train,multi,Non-Span
7707,multi_train,multi,Non-Span
7708,multi_train,multi,Non-Span
7704,multi_train,multi,Multi-Image Spans
1066,multi_train,multi,Multi-Image Spans
1067,multi_train,multi,Multi-Image Spans
1068,multi_train,multi,Multi-Image Spans
1069,multi_train,multi,Non-Span
1070,multi_train,multi,Non-Span
1071,multi_train,multi,Cross-Image Synthesis
4129,multi_train,multi,Multi-Image Spans
4130,multi_train,multi,Non-Span
4131,multi_train,multi,Multi-Image Spans
4132,multi_train,multi,Non-Span
4133,multi_train,multi,Cross-Image Synthesis
538,multi_train,multi,Non-Span
539,multi_train,multi,Multi-Image Spans
540,multi_train,multi,Multi-Image Spans
541,multi_train,multi,Cross-Image Synthesis
534,multi_train,multi,Cross-Image Synthesis
535,multi_train,multi,Multi-Image Spans
536,multi_train,multi,Non-Span
537,multi_train,multi,Non-Span
531,multi_train,multi,Non-Span
532,multi_train,multi,Multi-Image Spans
533,multi_train,multi,Cross-Image Synthesis
529,multi_train,multi,Non-Span
530,multi_train,multi,Non-Span
6614,multi_train,multi,Multi-Image Spans
6615,multi_train,multi,Multi-Image Spans
6616,multi_train,multi,Multi-Image Spans
6617,multi_train,multi,Multi-Image Spans
8047,multi_train,multi,Cross-Image Synthesis
8048,multi_train,multi,Multi-Image Spans
8049,multi_train,multi,Non-Span
8050,multi_train,multi,Multi-Image Spans
8051,multi_train,multi,Multi-Image Spans
8052,multi_train,multi,Non-Span
9359,multi_train,multi,Non-Span
9360,multi_train,multi,Multi-Image Spans
9355,multi_train,multi,Multi-Image Spans
9356,multi_train,multi,Non-Span
9357,multi_train,multi,Cross-Image Synthesis
9358,multi_train,multi,Multi-Image Spans
9361,multi_train,multi,Cross-Image Synthesis
9363,multi_train,multi,Multi-Image Spans
5844,multi_train,multi,Multi-Image Spans
5846,multi_train,multi,Non-Span
5848,multi_train,multi,Cross-Image Synthesis
5835,multi_train,multi,Multi-Image Spans
5836,multi_train,multi,Multi-Image Spans
5837,multi_train,multi,Cross-Image Synthesis
5838,multi_train,multi,Non-Span
5839,multi_train,multi,Non-Span
5840,multi_train,multi,Non-Span
5842,multi_train,multi,Multi-Image Spans
2225,multi_train,multi,Non-Span
2226,multi_train,multi,Non-Span
2227,multi_train,multi,Multi-Image Spans
2228,multi_train,multi,Cross-Image Synthesis
6702,multi_train,multi,Multi-Image Spans
6703,multi_train,multi,Non-Span
6704,multi_train,multi,Non-Span
6288,multi_train,multi,Multi-Image Spans
5901,multi_train,multi,Multi-Image Spans
5904,multi_train,multi,Non-Span
5911,multi_train,multi,Cross-Image Synthesis
5912,multi_train,multi,Non-Span
5913,multi_train,multi,Cross-Image Synthesis
5907,multi_train,multi,Multi-Image Spans
5908,multi_train,multi,Non-Span
5909,multi_train,multi,Non-Span
9549,multi_train,multi,Non-Span
9550,multi_train,multi,Multi-Image Spans
9551,multi_train,multi,Cross-Image Synthesis
9552,multi_train,multi,Non-Span
9553,multi_train,multi,Non-Span
4304,multi_train,multi,Multi-Image Spans
8566,multi_train,multi,Multi-Image Spans
8568,multi_train,multi,Non-Span
8569,multi_train,multi,Multi-Image Spans
8570,multi_train,multi,Non-Span
8571,multi_train,multi,Multi-Image Spans
8572,multi_train,multi,Non-Span
8563,multi_train,multi,Multi-Image Spans
8565,multi_train,multi,Non-Span
1764,multi_train,multi,Non-Span
1765,multi_train,multi,Multi-Image Spans
1766,multi_train,multi,Multi-Image Spans
1767,multi_train,multi,Cross-Image Synthesis
9196,multi_train,multi,Multi-Image Spans
9197,multi_train,multi,Multi-Image Spans
9198,multi_train,multi,Non-Span
9199,multi_train,multi,Multi-Image Spans
8677,multi_train,multi,Multi-Image Spans
8678,multi_train,multi,Non-Span
8679,multi_train,multi,Multi-Image Spans
8680,multi_train,multi,Cross-Image Synthesis
8681,multi_train,multi,Cross-Image Synthesis
8682,multi_train,multi,Non-Span
8673,multi_train,multi,Multi-Image Spans
8674,multi_train,multi,Cross-Image Synthesis
8675,multi_train,multi,Cross-Image Synthesis
8676,multi_train,multi,Cross-Image Synthesis
6825,multi_train,multi,Multi-Image Spans
6826,multi_train,multi,Non-Span
6827,multi_train,multi,Multi-Image Spans
1874,multi_train,multi,Non-Span
1875,multi_train,multi,Cross-Image Synthesis
1876,multi_train,multi,Cross-Image Synthesis
1877,multi_train,multi,Multi-Image Spans
3175,multi_train,multi,Non-Span
3824,multi_train,multi,Cross-Image Synthesis
3825,multi_train,multi,Multi-Image Spans
3826,multi_train,multi,Multi-Image Spans
8138,multi_train,multi,Non-Span
8139,multi_train,multi,Multi-Image Spans
8140,multi_train,multi,Cross-Image Synthesis
8142,multi_train,multi,Multi-Image Spans
5347,multi_train,multi,Multi-Image Spans
5348,multi_train,multi,Multi-Image Spans
5350,multi_train,multi,Multi-Image Spans
5351,multi_train,multi,Non-Span
5352,multi_train,multi,Multi-Image Spans
4001,multi_train,multi,Multi-Image Spans
4003,multi_train,multi,Non-Span
2016,multi_train,multi,Non-Span
2017,multi_train,multi,Multi-Image Spans
2018,multi_train,multi,Multi-Image Spans
1211,multi_train,multi,Multi-Image Spans
1213,multi_train,multi,Multi-Image Spans
6361,multi_train,multi,Cross-Image Synthesis
6362,multi_train,multi,Non-Span
6363,multi_train,multi,Multi-Image Spans
380,multi_train,multi,Cross-Image Synthesis
381,multi_train,multi,Multi-Image Spans
382,multi_train,multi,Non-Span
823,multi_train,multi,Multi-Image Spans
825,multi_train,multi,Multi-Image Spans
822,multi_train,multi,Multi-Image Spans
819,multi_train,multi,Multi-Image Spans
820,multi_train,multi,Multi-Image Spans
815,multi_train,multi,Non-Span
816,multi_train,multi,Multi-Image Spans
817,multi_train,multi,Cross-Image Synthesis
818,multi_train,multi,Multi-Image Spans
4479,multi_train,multi,Multi-Image Spans
4480,multi_train,multi,Non-Span
4481,multi_train,multi,Multi-Image Spans
2198,multi_train,multi,Multi-Image Spans
2199,multi_train,multi,Multi-Image Spans
2200,multi_train,multi,Multi-Image Spans
2201,multi_train,multi,Cross-Image Synthesis
2202,multi_train,multi,Non-Span
2388,multi_train,multi,Multi-Image Spans
2389,multi_train,multi,Multi-Image Spans
2390,multi_train,multi,Multi-Image Spans
4077,multi_train,multi,Multi-Image Spans
4078,multi_train,multi,Multi-Image Spans
3729,multi_train,multi,Non-Span
3730,multi_train,multi,Multi-Image Spans
7842,multi_train,multi,Multi-Image Spans
6630,multi_train,multi,Multi-Image Spans
1304,multi_train,multi,Multi-Image Spans
1305,multi_train,multi,Multi-Image Spans
1308,multi_train,multi,Multi-Image Spans
5732,multi_train,multi,Multi-Image Spans
5733,multi_train,multi,Multi-Image Spans
5734,multi_train,multi,Non-Span
5735,multi_train,multi,Multi-Image Spans
5736,multi_train,multi,Multi-Image Spans
2931,multi_train,multi,Non-Span
2932,multi_train,multi,Non-Span
2934,multi_train,multi,Multi-Image Spans
7721,multi_train,multi,Multi-Image Spans
7722,multi_train,multi,Non-Span
7005,multi_train,multi,Multi-Image Spans
7006,multi_train,multi,Non-Span
7007,multi_train,multi,Multi-Image Spans
7008,multi_train,multi,Multi-Image Spans
4126,multi_train,multi,Non-Span
4127,multi_train,multi,Multi-Image Spans
4128,multi_train,multi,Multi-Image Spans
5580,multi_train,multi,Multi-Image Spans
320,multi_train,multi,Cross-Image Synthesis
321,multi_train,multi,Non-Span
322,multi_train,multi,Multi-Image Spans
323,multi_train,multi,Multi-Image Spans
1060,multi_train,multi,Multi-Image Spans
1062,multi_train,multi,Multi-Image Spans
2620,multi_train,multi,Non-Span
2621,multi_train,multi,Non-Span
2622,multi_train,multi,Non-Span
2623,multi_train,multi,Multi-Image Spans
2612,multi_train,multi,Multi-Image Spans
2613,multi_train,multi,Multi-Image Spans
2614,multi_train,multi,Non-Span
2615,multi_train,multi,Multi-Image Spans
2617,multi_train,multi,Non-Span
2618,multi_train,multi,Non-Span
2619,multi_train,multi,Multi-Image Spans
368,multi_train,multi,Non-Span
367,multi_train,multi,Non-Span
5727,multi_train,multi,Multi-Image Spans
5728,multi_train,multi,Multi-Image Spans
5729,multi_train,multi,Multi-Image Spans
5730,multi_train,multi,Multi-Image Spans
5731,multi_train,multi,Non-Span
5737,multi_train,multi,Non-Span
5738,multi_train,multi,Multi-Image Spans
5739,multi_train,multi,Multi-Image Spans
5740,multi_train,multi,Multi-Image Spans
5741,multi_train,multi,Multi-Image Spans
1465,multi_train,multi,Multi-Image Spans
5247,multi_train,multi,Non-Span
5248,multi_train,multi,Multi-Image Spans
5249,multi_train,multi,Multi-Image Spans
4042,multi_train,multi,Multi-Image Spans
4043,multi_train,multi,Non-Span
3321,multi_train,multi,Multi-Image Spans
3322,multi_train,multi,Non-Span
3323,multi_train,multi,Cross-Image Synthesis
3324,multi_train,multi,Multi-Image Spans
3326,multi_train,multi,Cross-Image Synthesis
3327,multi_train,multi,Non-Span
4867,multi_train,multi,Non-Span
4868,multi_train,multi,Cross-Image Synthesis
4869,multi_train,multi,Multi-Image Spans
1482,multi_train,multi,Multi-Image Spans
1483,multi_train,multi,Multi-Image Spans
1484,multi_train,multi,Multi-Image Spans
1485,multi_train,multi,Multi-Image Spans
1486,multi_train,multi,Multi-Image Spans
1749,multi_train,multi,Cross-Image Synthesis
1390,multi_train,multi,Multi-Image Spans
1392,multi_train,multi,Multi-Image Spans
1393,multi_train,multi,Multi-Image Spans
6721,multi_train,multi,Multi-Image Spans
6723,multi_train,multi,Multi-Image Spans
6724,multi_train,multi,Non-Span
1811,multi_train,multi,Multi-Image Spans
1812,multi_train,multi,Cross-Image Synthesis
1813,multi_train,multi,Multi-Image Spans
1814,multi_train,multi,Multi-Image Spans
1815,multi_train,multi,Cross-Image Synthesis
1816,multi_train,multi,Non-Span
8163,multi_train,multi,Multi-Image Spans
8164,multi_train,multi,Non-Span
6314,multi_train,multi,Multi-Image Spans
6315,multi_train,multi,Multi-Image Spans
8346,multi_train,multi,Non-Span
8347,multi_train,multi,Non-Span
8348,multi_train,multi,Multi-Image Spans
6819,multi_train,multi,Multi-Image Spans
6820,multi_train,multi,Multi-Image Spans
4729,multi_train,multi,Cross-Image Synthesis
4730,multi_train,multi,Multi-Image Spans
4731,multi_train,multi,Cross-Image Synthesis
4732,multi_train,multi,Multi-Image Spans
4733,multi_train,multi,Non-Span
5673,multi_train,multi,Multi-Image Spans
5674,multi_train,multi,Multi-Image Spans
5675,multi_train,multi,Non-Span
1217,multi_train,multi,Multi-Image Spans
1215,multi_train,multi,Non-Span
1216,multi_train,multi,Non-Span
1218,multi_train,multi,Multi-Image Spans
1728,multi_train,multi,Multi-Image Spans
1729,multi_train,multi,Multi-Image Spans
1730,multi_train,multi,Multi-Image Spans
7484,multi_train,multi,Non-Span
7485,multi_train,multi,Multi-Image Spans
7486,multi_train,multi,Non-Span
3869,multi_train,multi,Multi-Image Spans
3870,multi_train,multi,Multi-Image Spans
3871,multi_train,multi,Non-Span
3873,multi_train,multi,Cross-Image Synthesis
3874,multi_train,multi,Multi-Image Spans
3875,multi_train,multi,Non-Span
3876,multi_train,multi,Cross-Image Synthesis
3866,multi_train,multi,Multi-Image Spans
3867,multi_train,multi,Multi-Image Spans
3868,multi_train,multi,Non-Span
3435,multi_train,multi,Cross-Image Synthesis
3436,multi_train,multi,Cross-Image Synthesis
3437,multi_train,multi,Non-Span
3438,multi_train,multi,Multi-Image Spans
3439,multi_train,multi,Multi-Image Spans
3440,multi_train,multi,Multi-Image Spans
3441,multi_train,multi,Non-Span
3442,multi_train,multi,Multi-Image Spans
3443,multi_train,multi,Non-Span
3444,multi_train,multi,Cross-Image Synthesis
3445,multi_train,multi,Multi-Image Spans
3446,multi_train,multi,Cross-Image Synthesis
7710,multi_train,multi,Cross-Image Synthesis
7711,multi_train,multi,Multi-Image Spans
7714,multi_train,multi,Multi-Image Spans
2280,multi_train,multi,Multi-Image Spans
2281,multi_train,multi,Multi-Image Spans
2283,multi_train,multi,Non-Span
5602,multi_train,multi,Multi-Image Spans
5603,multi_train,multi,Cross-Image Synthesis
1324,multi_train,multi,Multi-Image Spans
1325,multi_train,multi,Multi-Image Spans
2209,multi_train,multi,Multi-Image Spans
2211,multi_train,multi,Multi-Image Spans
2212,multi_train,multi,Multi-Image Spans
2213,multi_train,multi,Multi-Image Spans
4875,multi_train,multi,Multi-Image Spans
4876,multi_train,multi,Cross-Image Synthesis
4877,multi_train,multi,Non-Span
4871,multi_train,multi,Multi-Image Spans
4872,multi_train,multi,Non-Span
4873,multi_train,multi,Cross-Image Synthesis
4874,multi_train,multi,Multi-Image Spans
8477,multi_train,multi,Multi-Image Spans
8478,multi_train,multi,Multi-Image Spans
8479,multi_train,multi,Non-Span
8484,multi_train,multi,Cross-Image Synthesis
8485,multi_train,multi,Multi-Image Spans
8486,multi_train,multi,Non-Span
8487,multi_train,multi,Cross-Image Synthesis
8488,multi_train,multi,Non-Span
8489,multi_train,multi,Non-Span
8480,multi_train,multi,Multi-Image Spans
8481,multi_train,multi,Multi-Image Spans
8482,multi_train,multi,Non-Span
8483,multi_train,multi,Non-Span
9170,multi_train,multi,Multi-Image Spans
9167,multi_train,multi,Multi-Image Spans
9168,multi_train,multi,Cross-Image Synthesis
9169,multi_train,multi,Cross-Image Synthesis
9163,multi_train,multi,Multi-Image Spans
5896,multi_train,multi,Non-Span
5897,multi_train,multi,Cross-Image Synthesis
5898,multi_train,multi,Cross-Image Synthesis
5899,multi_train,multi,Non-Span
5900,multi_train,multi,Multi-Image Spans
5893,multi_train,multi,Multi-Image Spans
5894,multi_train,multi,Cross-Image Synthesis
5895,multi_train,multi,Non-Span
4629,multi_train,multi,Cross-Image Synthesis
4631,multi_train,multi,Multi-Image Spans
4632,multi_train,multi,Multi-Image Spans
1338,multi_train,multi,Non-Span
1339,multi_train,multi,Multi-Image Spans
1341,multi_train,multi,Multi-Image Spans
1342,multi_train,multi,Cross-Image Synthesis
1340,multi_train,multi,Cross-Image Synthesis
4734,multi_train,multi,Non-Span
6937,multi_train,multi,Multi-Image Spans
6938,multi_train,multi,Multi-Image Spans
6940,multi_train,multi,Multi-Image Spans
1439,multi_train,multi,Multi-Image Spans
1440,multi_train,multi,Multi-Image Spans
3291,multi_train,multi,Multi-Image Spans
3292,multi_train,multi,Multi-Image Spans
3293,multi_train,multi,Multi-Image Spans
3294,multi_train,multi,Multi-Image Spans
3281,multi_train,multi,Non-Span
3282,multi_train,multi,Multi-Image Spans
3284,multi_train,multi,Multi-Image Spans
4184,multi_train,multi,Cross-Image Synthesis
4186,multi_train,multi,Non-Span
4614,multi_train,multi,Cross-Image Synthesis
4615,multi_train,multi,Non-Span
5640,multi_train,multi,Cross-Image Synthesis
5641,multi_train,multi,Non-Span
5642,multi_train,multi,Multi-Image Spans
8944,multi_train,multi,Cross-Image Synthesis
8945,multi_train,multi,Multi-Image Spans
8946,multi_train,multi,Multi-Image Spans
8939,multi_train,multi,Multi-Image Spans
8941,multi_train,multi,Multi-Image Spans
2366,multi_train,multi,Cross-Image Synthesis
2367,multi_train,multi,Multi-Image Spans
4423,multi_train,multi,Cross-Image Synthesis
4424,multi_train,multi,Multi-Image Spans
4425,multi_train,multi,Non-Span
2797,multi_train,multi,Multi-Image Spans
2798,multi_train,multi,Multi-Image Spans
2800,multi_train,multi,Cross-Image Synthesis
5214,multi_train,multi,Multi-Image Spans
5215,multi_train,multi,Multi-Image Spans
5216,multi_train,multi,Non-Span
4542,multi_train,multi,Cross-Image Synthesis
4543,multi_train,multi,Non-Span
3502,multi_train,multi,Multi-Image Spans
3506,multi_train,multi,Cross-Image Synthesis
3493,multi_train,multi,Cross-Image Synthesis
3495,multi_train,multi,Non-Span
3496,multi_train,multi,Cross-Image Synthesis
3498,multi_train,multi,Multi-Image Spans
3499,multi_train,multi,Non-Span
3500,multi_train,multi,Non-Span
3501,multi_train,multi,Cross-Image Synthesis
5,multi_train,multi,Cross-Image Synthesis
6,multi_train,multi,Non-Span
7,multi_train,multi,Multi-Image Spans
3748,multi_train,multi,Non-Span
3749,multi_train,multi,Non-Span
5422,multi_train,multi,Non-Span
5423,multi_train,multi,Multi-Image Spans
5425,multi_train,multi,Non-Span
6669,multi_train,multi,Multi-Image Spans
6671,multi_train,multi,Multi-Image Spans
6673,multi_train,multi,Multi-Image Spans
6672,multi_train,multi,Non-Span
4197,multi_train,multi,Multi-Image Spans
4198,multi_train,multi,Non-Span
4200,multi_train,multi,Multi-Image Spans
4203,multi_train,multi,Cross-Image Synthesis
968,multi_train,multi,Multi-Image Spans
969,multi_train,multi,Multi-Image Spans
8725,multi_train,multi,Non-Span
8726,multi_train,multi,Multi-Image Spans
8727,multi_train,multi,Non-Span
8728,multi_train,multi,Multi-Image Spans
8729,multi_train,multi,Cross-Image Synthesis
862,multi_train,multi,Multi-Image Spans
864,multi_train,multi,Multi-Image Spans
8160,multi_train,multi,Multi-Image Spans
8161,multi_train,multi,Non-Span
8162,multi_train,multi,Cross-Image Synthesis
2259,multi_train,multi,Multi-Image Spans
6334,multi_train,multi,Cross-Image Synthesis
4978,multi_train,multi,Multi-Image Spans
4980,multi_train,multi,Multi-Image Spans
4972,multi_train,multi,Multi-Image Spans
4974,multi_train,multi,Multi-Image Spans
4975,multi_train,multi,Multi-Image Spans
4976,multi_train,multi,Non-Span
3675,multi_train,multi,Multi-Image Spans
3677,multi_train,multi,Cross-Image Synthesis
1847,multi_train,multi,Multi-Image Spans
5404,multi_train,multi,Cross-Image Synthesis
5405,multi_train,multi,Multi-Image Spans
5406,multi_train,multi,Multi-Image Spans
5407,multi_train,multi,Multi-Image Spans
2146,multi_train,multi,Multi-Image Spans
2147,multi_train,multi,Non-Span
429,multi_train,multi,Cross-Image Synthesis
430,multi_train,multi,Non-Span
431,multi_train,multi,Multi-Image Spans
432,multi_train,multi,Cross-Image Synthesis
6348,multi_train,multi,Non-Span
6349,multi_train,multi,Multi-Image Spans
6352,multi_train,multi,Non-Span
4603,multi_train,multi,Non-Span
4604,multi_train,multi,Multi-Image Spans
4605,multi_train,multi,Cross-Image Synthesis
6445,multi_train,multi,Cross-Image Synthesis
6446,multi_train,multi,Cross-Image Synthesis
6447,multi_train,multi,Multi-Image Spans
6448,multi_train,multi,Non-Span
6449,multi_train,multi,Multi-Image Spans
4720,multi_train,multi,Non-Span
4721,multi_train,multi,Multi-Image Spans
4722,multi_train,multi,Multi-Image Spans
4723,multi_train,multi,Multi-Image Spans
6018,multi_train,multi,Non-Span
6019,multi_train,multi,Multi-Image Spans
1750,multi_train,multi,Non-Span
1751,multi_train,multi,Non-Span
1752,multi_train,multi,Non-Span
1753,multi_train,multi,Multi-Image Spans
8110,multi_train,multi,Multi-Image Spans
2496,multi_train,multi,Multi-Image Spans
2497,multi_train,multi,Non-Span
2498,multi_train,multi,Cross-Image Synthesis
2499,multi_train,multi,Non-Span
2491,multi_train,multi,Non-Span
2492,multi_train,multi,Multi-Image Spans
2494,multi_train,multi,Cross-Image Synthesis
2495,multi_train,multi,Multi-Image Spans
237,multi_train,multi,Cross-Image Synthesis
238,multi_train,multi,Multi-Image Spans
239,multi_train,multi,Non-Span
1880,multi_train,multi,Multi-Image Spans
1881,multi_train,multi,Non-Span
1882,multi_train,multi,Cross-Image Synthesis
1883,multi_train,multi,Multi-Image Spans
1884,multi_train,multi,Multi-Image Spans
7581,multi_train,multi,Cross-Image Synthesis
7582,multi_train,multi,Non-Span
7583,multi_train,multi,Multi-Image Spans
6100,multi_train,multi,Multi-Image Spans
6102,multi_train,multi,Multi-Image Spans
2750,multi_train,multi,Multi-Image Spans
2751,multi_train,multi,Cross-Image Synthesis
2752,multi_train,multi,Non-Span
2753,multi_train,multi,Multi-Image Spans
2747,multi_train,multi,Cross-Image Synthesis
2748,multi_train,multi,Non-Span
2749,multi_train,multi,Multi-Image Spans
2741,multi_train,multi,Cross-Image Synthesis
2743,multi_train,multi,Multi-Image Spans
2744,multi_train,multi,Cross-Image Synthesis
2745,multi_train,multi,Non-Span
2746,multi_train,multi,Non-Span
1774,multi_train,multi,Multi-Image Spans
1776,multi_train,multi,Multi-Image Spans
311,multi_train,multi,Cross-Image Synthesis
312,multi_train,multi,Non-Span
313,multi_train,multi,Multi-Image Spans
7945,multi_train,multi,Multi-Image Spans
7947,multi_train,multi,Multi-Image Spans
7948,multi_train,multi,Multi-Image Spans
3391,multi_train,multi,Multi-Image Spans
3392,multi_train,multi,Non-Span
3394,multi_train,multi,Non-Span
1120,multi_train,multi,Non-Span
1124,multi_train,multi,Non-Span
7801,multi_train,multi,Multi-Image Spans
858,multi_train,multi,Multi-Image Spans
859,multi_train,multi,Non-Span
860,multi_train,multi,Multi-Image Spans
861,multi_train,multi,Multi-Image Spans
1988,multi_train,multi,Cross-Image Synthesis
1990,multi_train,multi,Non-Span
1992,multi_train,multi,Multi-Image Spans
1993,multi_train,multi,Cross-Image Synthesis
4482,multi_train,multi,Multi-Image Spans
4483,multi_train,multi,Multi-Image Spans
4484,multi_train,multi,Non-Span
4321,multi_train,multi,Non-Span
4323,multi_train,multi,Cross-Image Synthesis
4325,multi_train,multi,Multi-Image Spans
4326,multi_train,multi,Multi-Image Spans
7981,multi_train,multi,Multi-Image Spans
7982,multi_train,multi,Non-Span
7983,multi_train,multi,Multi-Image Spans
145,multi_train,multi,Multi-Image Spans
147,multi_train,multi,Non-Span
143,multi_train,multi,Cross-Image Synthesis
144,multi_train,multi,Non-Span
146,multi_train,multi,Non-Span
6774,multi_train,multi,Multi-Image Spans
6776,multi_train,multi,Multi-Image Spans
6777,multi_train,multi,Cross-Image Synthesis
6778,multi_train,multi,Multi-Image Spans
3584,multi_train,multi,Multi-Image Spans
3585,multi_train,multi,Multi-Image Spans
3577,multi_train,multi,Non-Span
3580,multi_train,multi,Multi-Image Spans
3581,multi_train,multi,Non-Span
3573,multi_train,multi,Multi-Image Spans
3574,multi_train,multi,Cross-Image Synthesis
3575,multi_train,multi,Non-Span
3576,multi_train,multi,Multi-Image Spans
1691,multi_train,multi,Multi-Image Spans
1692,multi_train,multi,Multi-Image Spans
1693,multi_train,multi,Non-Span
6697,multi_train,multi,Multi-Image Spans
6698,multi_train,multi,Multi-Image Spans
6699,multi_train,multi,Multi-Image Spans
1725,multi_train,multi,Cross-Image Synthesis
1726,multi_train,multi,Multi-Image Spans
4240,multi_train,multi,Multi-Image Spans
4235,multi_train,multi,Multi-Image Spans
4243,multi_train,multi,Multi-Image Spans
2558,multi_train,multi,Cross-Image Synthesis
2559,multi_train,multi,Cross-Image Synthesis
2560,multi_train,multi,Non-Span
2561,multi_train,multi,Multi-Image Spans
2563,multi_train,multi,Multi-Image Spans
2564,multi_train,multi,Cross-Image Synthesis
2565,multi_train,multi,Non-Span
2566,multi_train,multi,Multi-Image Spans
2568,multi_train,multi,Multi-Image Spans
7471,multi_train,multi,Cross-Image Synthesis
7472,multi_train,multi,Multi-Image Spans
7473,multi_train,multi,Non-Span
2154,multi_train,multi,Multi-Image Spans
2155,multi_train,multi,Non-Span
8247,multi_train,multi,Non-Span
6410,multi_train,multi,Multi-Image Spans
6411,multi_train,multi,Multi-Image Spans
6412,multi_train,multi,Non-Span
6413,multi_train,multi,Cross-Image Synthesis
6415,multi_train,multi,Non-Span
1368,multi_train,multi,Multi-Image Spans
1369,multi_train,multi,Multi-Image Spans
7289,multi_train,multi,Cross-Image Synthesis
7283,multi_train,multi,Multi-Image Spans
7285,multi_train,multi,Cross-Image Synthesis
7287,multi_train,multi,Multi-Image Spans
7291,multi_train,multi,Multi-Image Spans
7292,multi_train,multi,Non-Span
8556,multi_train,multi,Cross-Image Synthesis
8557,multi_train,multi,Non-Span
8558,multi_train,multi,Multi-Image Spans
8559,multi_train,multi,Non-Span
8560,multi_train,multi,Multi-Image Spans
8561,multi_train,multi,Cross-Image Synthesis
8553,multi_train,multi,Non-Span
8554,multi_train,multi,Multi-Image Spans
8555,multi_train,multi,Cross-Image Synthesis
68,multi_train,multi,Cross-Image Synthesis
69,multi_train,multi,Multi-Image Spans
70,multi_train,multi,Multi-Image Spans
71,multi_train,multi,Non-Span
52,multi_train,multi,Non-Span
53,multi_train,multi,Multi-Image Spans
54,multi_train,multi,Non-Span
55,multi_train,multi,Multi-Image Spans
64,multi_train,multi,Non-Span
66,multi_train,multi,Multi-Image Spans
67,multi_train,multi,Multi-Image Spans
62,multi_train,multi,Multi-Image Spans
63,multi_train,multi,Multi-Image Spans
61,multi_train,multi,Non-Span
6752,multi_train,multi,Multi-Image Spans
6753,multi_train,multi,Non-Span
6754,multi_train,multi,Multi-Image Spans
7870,multi_train,multi,Non-Span
7871,multi_train,multi,Non-Span
204,multi_train,multi,Multi-Image Spans
205,multi_train,multi,Non-Span
305,multi_train,multi,Multi-Image Spans
307,multi_train,multi,Multi-Image Spans
306,multi_train,multi,Non-Span
7725,multi_train,multi,Cross-Image Synthesis
7726,multi_train,multi,Cross-Image Synthesis
2204,multi_train,multi,Non-Span
2205,multi_train,multi,Multi-Image Spans
2206,multi_train,multi,Non-Span
6745,multi_train,multi,Multi-Image Spans
6746,multi_train,multi,Multi-Image Spans
6747,multi_train,multi,Non-Span
422,multi_train,multi,Multi-Image Spans
423,multi_train,multi,Cross-Image Synthesis
8099,multi_train,multi,Multi-Image Spans
8100,multi_train,multi,Multi-Image Spans
8102,multi_train,multi,Multi-Image Spans
6757,multi_train,multi,Multi-Image Spans
6758,multi_train,multi,Cross-Image Synthesis
6759,multi_train,multi,Non-Span
6760,multi_train,multi,Multi-Image Spans
6761,multi_train,multi,Multi-Image Spans
6762,multi_train,multi,Multi-Image Spans
7686,multi_train,multi,Multi-Image Spans
2482,multi_train,multi,Multi-Image Spans
2483,multi_train,multi,Multi-Image Spans
2484,multi_train,multi,Multi-Image Spans
2485,multi_train,multi,Non-Span
2486,multi_train,multi,Cross-Image Synthesis
4691,multi_train,multi,Cross-Image Synthesis
4692,multi_train,multi,Multi-Image Spans
8914,multi_train,multi,Multi-Image Spans
8915,multi_train,multi,Multi-Image Spans
8916,multi_train,multi,Multi-Image Spans
8917,multi_train,multi,Multi-Image Spans
8919,multi_train,multi,Multi-Image Spans
8920,multi_train,multi,Multi-Image Spans
8921,multi_train,multi,Multi-Image Spans
8922,multi_train,multi,Non-Span
5777,multi_train,multi,Cross-Image Synthesis
5778,multi_train,multi,Multi-Image Spans
5782,multi_train,multi,Multi-Image Spans
5783,multi_train,multi,Multi-Image Spans
5784,multi_train,multi,Non-Span
5779,multi_train,multi,Cross-Image Synthesis
5780,multi_train,multi,Non-Span
5781,multi_train,multi,Multi-Image Spans
3914,multi_train,multi,Non-Span
3760,multi_train,multi,Non-Span
7515,multi_train,multi,Non-Span
7516,multi_train,multi,Cross-Image Synthesis
7517,multi_train,multi,Multi-Image Spans
7518,multi_train,multi,Multi-Image Spans
9557,multi_train,multi,Non-Span
9558,multi_train,multi,Non-Span
9554,multi_train,multi,Cross-Image Synthesis
9556,multi_train,multi,Non-Span
9559,multi_train,multi,Non-Span
3762,multi_train,multi,Non-Span
3763,multi_train,multi,Multi-Image Spans
3765,multi_train,multi,Multi-Image Spans
6491,multi_train,multi,Multi-Image Spans
6492,multi_train,multi,Multi-Image Spans
6493,multi_train,multi,Non-Span
2643,multi_train,multi,Cross-Image Synthesis
2644,multi_train,multi,Multi-Image Spans
2645,multi_train,multi,Multi-Image Spans
2646,multi_train,multi,Non-Span
8451,multi_train,multi,Cross-Image Synthesis
8453,multi_train,multi,Non-Span
8444,multi_train,multi,Non-Span
8445,multi_train,multi,Multi-Image Spans
8446,multi_train,multi,Cross-Image Synthesis
8447,multi_train,multi,Multi-Image Spans
8448,multi_train,multi,Multi-Image Spans
8449,multi_train,multi,Non-Span
8450,multi_train,multi,Cross-Image Synthesis
1853,multi_train,multi,Non-Span
1854,multi_train,multi,Multi-Image Spans
1855,multi_train,multi,Non-Span
1856,multi_train,multi,Multi-Image Spans
1857,multi_train,multi,Multi-Image Spans
5231,multi_train,multi,Non-Span
25,multi_train,multi,Multi-Image Spans
26,multi_train,multi,Multi-Image Spans
21,multi_train,multi,Multi-Image Spans
22,multi_train,multi,Non-Span
23,multi_train,multi,Multi-Image Spans
24,multi_train,multi,Non-Span
8401,multi_train,multi,Non-Span
8403,multi_train,multi,Cross-Image Synthesis
8404,multi_train,multi,Cross-Image Synthesis
926,multi_train,multi,Multi-Image Spans
927,multi_train,multi,Non-Span
5876,multi_train,multi,Multi-Image Spans
5877,multi_train,multi,Multi-Image Spans
5878,multi_train,multi,Non-Span
5879,multi_train,multi,Cross-Image Synthesis
5885,multi_train,multi,Non-Span
5886,multi_train,multi,Cross-Image Synthesis
5887,multi_train,multi,Non-Span
5881,multi_train,multi,Non-Span
5882,multi_train,multi,Multi-Image Spans
5883,multi_train,multi,Cross-Image Synthesis
4460,multi_train,multi,Cross-Image Synthesis
4461,multi_train,multi,Cross-Image Synthesis
4462,multi_train,multi,Non-Span
159,multi_train,multi,Multi-Image Spans
6875,multi_train,multi,Multi-Image Spans
6876,multi_train,multi,Multi-Image Spans
5292,multi_train,multi,Multi-Image Spans
5293,multi_train,multi,Multi-Image Spans
8026,multi_train,multi,Non-Span
4546,multi_train,multi,Cross-Image Synthesis
4547,multi_train,multi,Multi-Image Spans
4548,multi_train,multi,Non-Span
4549,multi_train,multi,Multi-Image Spans
4550,multi_train,multi,Multi-Image Spans
3905,multi_train,multi,Multi-Image Spans
4430,multi_train,multi,Non-Span
4431,multi_train,multi,Multi-Image Spans
4433,multi_train,multi,Cross-Image Synthesis
177,multi_train,multi,Multi-Image Spans
178,multi_train,multi,Multi-Image Spans
179,multi_train,multi,Cross-Image Synthesis
180,multi_train,multi,Non-Span
7554,multi_train,multi,Non-Span
7555,multi_train,multi,Multi-Image Spans
7556,multi_train,multi,Cross-Image Synthesis
7557,multi_train,multi,Multi-Image Spans
4809,multi_train,multi,Multi-Image Spans
4805,multi_train,multi,Non-Span
4806,multi_train,multi,Multi-Image Spans
4807,multi_train,multi,Multi-Image Spans
4803,multi_train,multi,Multi-Image Spans
2852,multi_train,multi,Cross-Image Synthesis
2855,multi_train,multi,Multi-Image Spans
8370,multi_train,multi,Non-Span
8371,multi_train,multi,Multi-Image Spans
8372,multi_train,multi,Non-Span
8373,multi_train,multi,Cross-Image Synthesis
8374,multi_train,multi,Multi-Image Spans
8375,multi_train,multi,Cross-Image Synthesis
8376,multi_train,multi,Multi-Image Spans
8377,multi_train,multi,Non-Span
8378,multi_train,multi,Non-Span
8379,multi_train,multi,Cross-Image Synthesis
8380,multi_train,multi,Non-Span
8381,multi_train,multi,Multi-Image Spans
8382,multi_train,multi,Cross-Image Synthesis
5465,multi_train,multi,Multi-Image Spans
5467,multi_train,multi,Multi-Image Spans
9520,multi_train,multi,Multi-Image Spans
9521,multi_train,multi,Non-Span
9522,multi_train,multi,Non-Span
7344,multi_train,multi,Multi-Image Spans
7346,multi_train,multi,Non-Span
7347,multi_train,multi,Cross-Image Synthesis
7348,multi_train,multi,Multi-Image Spans
7349,multi_train,multi,Cross-Image Synthesis
4438,multi_train,multi,Non-Span
8156,multi_train,multi,Cross-Image Synthesis
8157,multi_train,multi,Multi-Image Spans
8158,multi_train,multi,Multi-Image Spans
8159,multi_train,multi,Non-Span
4049,multi_train,multi,Non-Span
4050,multi_train,multi,Multi-Image Spans
412,multi_train,multi,Multi-Image Spans
414,multi_train,multi,Multi-Image Spans
413,multi_train,multi,Non-Span
7434,multi_train,multi,Multi-Image Spans
7435,multi_train,multi,Multi-Image Spans
4369,multi_train,multi,Multi-Image Spans
4370,multi_train,multi,Cross-Image Synthesis
4371,multi_train,multi,Multi-Image Spans
4372,multi_train,multi,Non-Span
50,multi_train,multi,Non-Span
49,multi_train,multi,Multi-Image Spans
51,multi_train,multi,Cross-Image Synthesis
4436,multi_train,multi,Multi-Image Spans
4677,multi_train,multi,Multi-Image Spans
4678,multi_train,multi,Multi-Image Spans
4679,multi_train,multi,Multi-Image Spans
4681,multi_train,multi,Non-Span
4682,multi_train,multi,Non-Span
2044,multi_train,multi,Non-Span
2045,multi_train,multi,Cross-Image Synthesis
589,multi_train,multi,Non-Span
590,multi_train,multi,Multi-Image Spans
582,multi_train,multi,Multi-Image Spans
584,multi_train,multi,Multi-Image Spans
587,multi_train,multi,Non-Span
4633,multi_train,multi,Multi-Image Spans
4634,multi_train,multi,Cross-Image Synthesis
4635,multi_train,multi,Non-Span
4636,multi_train,multi,Multi-Image Spans
4637,multi_train,multi,Multi-Image Spans
5269,multi_train,multi,Cross-Image Synthesis
3812,multi_train,multi,Multi-Image Spans
3813,multi_train,multi,Multi-Image Spans
3814,multi_train,multi,Multi-Image Spans
3815,multi_train,multi,Non-Span
3816,multi_train,multi,Multi-Image Spans
3817,multi_train,multi,Multi-Image Spans
3819,multi_train,multi,Multi-Image Spans
3820,multi_train,multi,Multi-Image Spans
3810,multi_train,multi,Multi-Image Spans
3811,multi_train,multi,Cross-Image Synthesis
4576,multi_train,multi,Cross-Image Synthesis
4577,multi_train,multi,Multi-Image Spans
4578,multi_train,multi,Non-Span
4624,multi_train,multi,Multi-Image Spans
4625,multi_train,multi,Non-Span
4626,multi_train,multi,Cross-Image Synthesis
4627,multi_train,multi,Cross-Image Synthesis
4628,multi_train,multi,Multi-Image Spans
7921,multi_train,multi,Cross-Image Synthesis
7923,multi_train,multi,Cross-Image Synthesis
8198,multi_train,multi,Non-Span
1601,multi_train,multi,Multi-Image Spans
1602,multi_train,multi,Multi-Image Spans
1603,multi_train,multi,Multi-Image Spans
4388,multi_train,multi,Multi-Image Spans
4389,multi_train,multi,Non-Span
4390,multi_train,multi,Cross-Image Synthesis
2270,multi_train,multi,Cross-Image Synthesis
2271,multi_train,multi,Multi-Image Spans
2272,multi_train,multi,Cross-Image Synthesis
2273,multi_train,multi,Non-Span
1586,multi_train,multi,Non-Span
1587,multi_train,multi,Cross-Image Synthesis
1588,multi_train,multi,Multi-Image Spans
1589,multi_train,multi,Non-Span
8358,multi_train,multi,Non-Span
8359,multi_train,multi,Cross-Image Synthesis
8360,multi_train,multi,Multi-Image Spans
8367,multi_train,multi,Non-Span
8368,multi_train,multi,Cross-Image Synthesis
8362,multi_train,multi,Multi-Image Spans
8363,multi_train,multi,Multi-Image Spans
899,multi_train,multi,Multi-Image Spans
900,multi_train,multi,Non-Span
901,multi_train,multi,Multi-Image Spans
902,multi_train,multi,Multi-Image Spans
6081,multi_train,multi,Non-Span
6083,multi_train,multi,Non-Span
3699,multi_train,multi,Multi-Image Spans
3700,multi_train,multi,Non-Span
3898,multi_train,multi,Non-Span
3899,multi_train,multi,Cross-Image Synthesis
3900,multi_train,multi,Multi-Image Spans
3901,multi_train,multi,Multi-Image Spans
3902,multi_train,multi,Cross-Image Synthesis
2835,multi_train,multi,Multi-Image Spans
2836,multi_train,multi,Non-Span
2837,multi_train,multi,Cross-Image Synthesis
2839,multi_train,multi,Multi-Image Spans
2840,multi_train,multi,Cross-Image Synthesis
2841,multi_train,multi,Non-Span
2832,multi_train,multi,Non-Span
2833,multi_train,multi,Cross-Image Synthesis
2299,multi_train,multi,Multi-Image Spans
2300,multi_train,multi,Non-Span
2301,multi_train,multi,Non-Span
2302,multi_train,multi,Cross-Image Synthesis
3106,multi_train,multi,Multi-Image Spans
3107,multi_train,multi,Non-Span
3108,multi_train,multi,Non-Span
3109,multi_train,multi,Multi-Image Spans
3100,multi_train,multi,Non-Span
3101,multi_train,multi,Multi-Image Spans
3102,multi_train,multi,Non-Span
3103,multi_train,multi,Cross-Image Synthesis
3104,multi_train,multi,Non-Span
3105,multi_train,multi,Cross-Image Synthesis
870,multi_train,multi,Multi-Image Spans
4861,multi_train,multi,Non-Span
4865,multi_train,multi,Multi-Image Spans
4866,multi_train,multi,Multi-Image Spans
4853,multi_train,multi,Non-Span
4855,multi_train,multi,Multi-Image Spans
4857,multi_train,multi,Cross-Image Synthesis
2883,multi_train,multi,Non-Span
2884,multi_train,multi,Multi-Image Spans
2330,multi_train,multi,Non-Span
2332,multi_train,multi,Multi-Image Spans
5439,multi_train,multi,Cross-Image Synthesis
5440,multi_train,multi,Multi-Image Spans
5441,multi_train,multi,Multi-Image Spans
5764,multi_train,multi,Multi-Image Spans
5765,multi_train,multi,Non-Span
5766,multi_train,multi,Non-Span
5767,multi_train,multi,Multi-Image Spans
5768,multi_train,multi,Cross-Image Synthesis
2924,multi_train,multi,Multi-Image Spans
2926,multi_train,multi,Cross-Image Synthesis
2927,multi_train,multi,Non-Span
2928,multi_train,multi,Non-Span
2929,multi_train,multi,Cross-Image Synthesis
2930,multi_train,multi,Multi-Image Spans
2400,multi_train,multi,Multi-Image Spans
2626,multi_train,multi,Non-Span
2627,multi_train,multi,Cross-Image Synthesis
2628,multi_train,multi,Multi-Image Spans
2629,multi_train,multi,Non-Span
2630,multi_train,multi,Cross-Image Synthesis
2631,multi_train,multi,Multi-Image Spans
5065,multi_train,multi,Non-Span
5066,multi_train,multi,Cross-Image Synthesis
5067,multi_train,multi,Non-Span
5068,multi_train,multi,Multi-Image Spans
5361,multi_train,multi,Multi-Image Spans
5362,multi_train,multi,Cross-Image Synthesis
1653,multi_train,multi,Multi-Image Spans
1654,multi_train,multi,Multi-Image Spans
4985,multi_train,multi,Multi-Image Spans
4987,multi_train,multi,Multi-Image Spans
4982,multi_train,multi,Multi-Image Spans
6464,multi_train,multi,Non-Span
6465,multi_train,multi,Multi-Image Spans
6466,multi_train,multi,Multi-Image Spans
6467,multi_train,multi,Multi-Image Spans
4738,multi_train,multi,Multi-Image Spans
4739,multi_train,multi,Non-Span
4740,multi_train,multi,Non-Span
4741,multi_train,multi,Multi-Image Spans
5607,multi_train,multi,Multi-Image Spans
5608,multi_train,multi,Non-Span
5609,multi_train,multi,Cross-Image Synthesis
4923,multi_train,multi,Non-Span
4915,multi_train,multi,Multi-Image Spans
4916,multi_train,multi,Non-Span
4917,multi_train,multi,Multi-Image Spans
4918,multi_train,multi,Multi-Image Spans
4919,multi_train,multi,Multi-Image Spans
4920,multi_train,multi,Cross-Image Synthesis
4921,multi_train,multi,Multi-Image Spans
3673,multi_train,multi,Multi-Image Spans
3674,multi_train,multi,Multi-Image Spans
7427,multi_train,multi,Multi-Image Spans
7428,multi_train,multi,Non-Span
6279,multi_train,multi,Cross-Image Synthesis
6281,multi_train,multi,Cross-Image Synthesis
6282,multi_train,multi,Multi-Image Spans
1433,multi_train,multi,Multi-Image Spans
1434,multi_train,multi,Multi-Image Spans
1436,multi_train,multi,Non-Span
5182,multi_train,multi,Cross-Image Synthesis
5185,multi_train,multi,Multi-Image Spans
1320,multi_train,multi,Non-Span
1322,multi_train,multi,Multi-Image Spans
1323,multi_train,multi,Multi-Image Spans
2439,multi_train,multi,Multi-Image Spans
2432,multi_train,multi,Cross-Image Synthesis
2433,multi_train,multi,Multi-Image Spans
2434,multi_train,multi,Multi-Image Spans
2435,multi_train,multi,Multi-Image Spans
6227,multi_train,multi,Non-Span
8700,multi_train,multi,Cross-Image Synthesis
8701,multi_train,multi,Multi-Image Spans
8702,multi_train,multi,Multi-Image Spans
8703,multi_train,multi,Cross-Image Synthesis
8689,multi_train,multi,Non-Span
8692,multi_train,multi,Multi-Image Spans
8696,multi_train,multi,Multi-Image Spans
8698,multi_train,multi,Cross-Image Synthesis
5251,multi_train,multi,Multi-Image Spans
5252,multi_train,multi,Cross-Image Synthesis
5719,multi_train,multi,Multi-Image Spans
5720,multi_train,multi,Multi-Image Spans
1798,multi_train,multi,Non-Span
1799,multi_train,multi,Cross-Image Synthesis
1800,multi_train,multi,Non-Span
1802,multi_train,multi,Non-Span
1803,multi_train,multi,Non-Span
2164,multi_train,multi,Non-Span
4724,multi_train,multi,Multi-Image Spans
4725,multi_train,multi,Non-Span
4726,multi_train,multi,Cross-Image Synthesis
4727,multi_train,multi,Multi-Image Spans
4728,multi_train,multi,Multi-Image Spans
1174,multi_train,multi,Multi-Image Spans
1175,multi_train,multi,Non-Span
371,multi_train,multi,Multi-Image Spans
370,multi_train,multi,Multi-Image Spans
372,multi_train,multi,Non-Span
373,multi_train,multi,Multi-Image Spans
374,multi_train,multi,Non-Span
369,multi_train,multi,Multi-Image Spans
1558,multi_train,multi,Multi-Image Spans
2377,multi_train,multi,Non-Span
2378,multi_train,multi,Multi-Image Spans
2379,multi_train,multi,Cross-Image Synthesis
2380,multi_train,multi,Multi-Image Spans
6692,multi_train,multi,Multi-Image Spans
5521,multi_train,multi,Non-Span
5522,multi_train,multi,Multi-Image Spans
5523,multi_train,multi,Cross-Image Synthesis
4395,multi_train,multi,Multi-Image Spans
4396,multi_train,multi,Cross-Image Synthesis
4397,multi_train,multi,Non-Span
4398,multi_train,multi,Multi-Image Spans
4399,multi_train,multi,Non-Span
1958,multi_train,multi,Multi-Image Spans
4621,multi_train,multi,Non-Span
4622,multi_train,multi,Cross-Image Synthesis
4623,multi_train,multi,Multi-Image Spans
5173,multi_train,multi,Multi-Image Spans
5174,multi_train,multi,Non-Span
829,multi_train,multi,Multi-Image Spans
830,multi_train,multi,Multi-Image Spans
831,multi_train,multi,Non-Span
832,multi_train,multi,Multi-Image Spans
8457,multi_train,multi,Non-Span
8458,multi_train,multi,Cross-Image Synthesis
8459,multi_train,multi,Multi-Image Spans
8460,multi_train,multi,Non-Span
8461,multi_train,multi,Multi-Image Spans
8462,multi_train,multi,Non-Span
8463,multi_train,multi,Cross-Image Synthesis
8464,multi_train,multi,Multi-Image Spans
8465,multi_train,multi,Cross-Image Synthesis
8466,multi_train,multi,Multi-Image Spans
8455,multi_train,multi,Cross-Image Synthesis
8456,multi_train,multi,Multi-Image Spans
8771,multi_train,multi,Multi-Image Spans
8775,multi_train,multi,Multi-Image Spans
8776,multi_train,multi,Non-Span
8770,multi_train,multi,Non-Span
375,multi_train,multi,Cross-Image Synthesis
376,multi_train,multi,Multi-Image Spans
377,multi_train,multi,Multi-Image Spans
378,multi_train,multi,Multi-Image Spans
379,multi_train,multi,Non-Span
6831,multi_train,multi,Multi-Image Spans
6833,multi_train,multi,Multi-Image Spans
6835,multi_train,multi,Multi-Image Spans
1554,multi_train,multi,Non-Span
1555,multi_train,multi,Multi-Image Spans
1556,multi_train,multi,Non-Span
1557,multi_train,multi,Multi-Image Spans
8144,multi_train,multi,Cross-Image Synthesis
8145,multi_train,multi,Multi-Image Spans
7927,multi_train,multi,Multi-Image Spans
3567,multi_train,multi,Multi-Image Spans
3569,multi_train,multi,Non-Span
3570,multi_train,multi,Multi-Image Spans
3571,multi_train,multi,Cross-Image Synthesis
3559,multi_train,multi,Multi-Image Spans
3560,multi_train,multi,Multi-Image Spans
3561,multi_train,multi,Non-Span
7386,multi_train,multi,Multi-Image Spans
7388,multi_train,multi,Non-Span
7575,multi_train,multi,Cross-Image Synthesis
7576,multi_train,multi,Non-Span
7577,multi_train,multi,Multi-Image Spans
3889,multi_train,multi,Multi-Image Spans
3890,multi_train,multi,Multi-Image Spans
3893,multi_train,multi,Multi-Image Spans
3894,multi_train,multi,Cross-Image Synthesis
3895,multi_train,multi,Multi-Image Spans
3896,multi_train,multi,Multi-Image Spans
3897,multi_train,multi,Non-Span
3891,multi_train,multi,Non-Span
3892,multi_train,multi,Multi-Image Spans
5699,multi_train,multi,Multi-Image Spans
5700,multi_train,multi,Multi-Image Spans
5701,multi_train,multi,Non-Span
3074,multi_train,multi,Multi-Image Spans
3075,multi_train,multi,Multi-Image Spans
3069,multi_train,multi,Multi-Image Spans
3070,multi_train,multi,Non-Span
3072,multi_train,multi,Multi-Image Spans
3073,multi_train,multi,Multi-Image Spans
937,multi_train,multi,Non-Span
938,multi_train,multi,Multi-Image Spans
1741,multi_train,multi,Non-Span
1742,multi_train,multi,Multi-Image Spans
5344,multi_train,multi,Multi-Image Spans
5346,multi_train,multi,Multi-Image Spans
5656,multi_train,multi,Multi-Image Spans
5657,multi_train,multi,Non-Span
5658,multi_train,multi,Multi-Image Spans
5659,multi_train,multi,Non-Span
7550,multi_train,multi,Non-Span
7551,multi_train,multi,Multi-Image Spans
4904,multi_train,multi,Multi-Image Spans
4906,multi_train,multi,Multi-Image Spans
4908,multi_train,multi,Cross-Image Synthesis
4909,multi_train,multi,Cross-Image Synthesis
4910,multi_train,multi,Non-Span
4911,multi_train,multi,Multi-Image Spans
4912,multi_train,multi,Multi-Image Spans
4913,multi_train,multi,Non-Span
4914,multi_train,multi,Cross-Image Synthesis
6944,multi_train,multi,Multi-Image Spans
6945,multi_train,multi,Multi-Image Spans
5253,multi_train,multi,Non-Span
5254,multi_train,multi,Multi-Image Spans
5255,multi_train,multi,Multi-Image Spans
5256,multi_train,multi,Cross-Image Synthesis
5257,multi_train,multi,Non-Span
3718,multi_train,multi,Multi-Image Spans
6434,multi_train,multi,Non-Span
6436,multi_train,multi,Multi-Image Spans
6880,multi_train,multi,Non-Span
6881,multi_train,multi,Multi-Image Spans
6856,multi_train,multi,Non-Span
6857,multi_train,multi,Cross-Image Synthesis
6858,multi_train,multi,Multi-Image Spans
3116,multi_train,multi,Non-Span
3117,multi_train,multi,Cross-Image Synthesis
3118,multi_train,multi,Multi-Image Spans
3119,multi_train,multi,Cross-Image Synthesis
3113,multi_train,multi,Multi-Image Spans
3114,multi_train,multi,Multi-Image Spans
3115,multi_train,multi,Cross-Image Synthesis
3416,multi_train,multi,Multi-Image Spans
3417,multi_train,multi,Non-Span
3418,multi_train,multi,Multi-Image Spans
3419,multi_train,multi,Non-Span
3420,multi_train,multi,Cross-Image Synthesis
3421,multi_train,multi,Cross-Image Synthesis
3422,multi_train,multi,Cross-Image Synthesis
3423,multi_train,multi,Multi-Image Spans
3424,multi_train,multi,Non-Span
3413,multi_train,multi,Multi-Image Spans
3414,multi_train,multi,Non-Span
3415,multi_train,multi,Non-Span
34,multi_train,multi,Multi-Image Spans
32,multi_train,multi,Multi-Image Spans
35,multi_train,multi,Cross-Image Synthesis
33,multi_train,multi,Non-Span
6147,multi_train,multi,Multi-Image Spans
4565,multi_train,multi,Multi-Image Spans
4566,multi_train,multi,Cross-Image Synthesis
4567,multi_train,multi,Non-Span
3379,multi_train,multi,Multi-Image Spans
3380,multi_train,multi,Multi-Image Spans
3382,multi_train,multi,Non-Span
3383,multi_train,multi,Multi-Image Spans
3384,multi_train,multi,Cross-Image Synthesis
3385,multi_train,multi,Non-Span
3387,multi_train,multi,Multi-Image Spans
3390,multi_train,multi,Multi-Image Spans
6339,multi_train,multi,Cross-Image Synthesis
6340,multi_train,multi,Multi-Image Spans
6342,multi_train,multi,Cross-Image Synthesis
1783,multi_train,multi,Cross-Image Synthesis
1784,multi_train,multi,Multi-Image Spans
1785,multi_train,multi,Multi-Image Spans
1786,multi_train,multi,Non-Span
7528,multi_train,multi,Multi-Image Spans
7531,multi_train,multi,Multi-Image Spans
7532,multi_train,multi,Non-Span
7533,multi_train,multi,Multi-Image Spans
4683,multi_train,multi,Multi-Image Spans
4684,multi_train,multi,Non-Span
4685,multi_train,multi,Multi-Image Spans
7651,multi_train,multi,Non-Span
7652,multi_train,multi,Multi-Image Spans
7653,multi_train,multi,Multi-Image Spans
1375,multi_train,multi,Multi-Image Spans
1376,multi_train,multi,Multi-Image Spans
7111,multi_train,multi,Multi-Image Spans
7109,multi_train,multi,Non-Span
7110,multi_train,multi,Multi-Image Spans
3276,multi_train,multi,Non-Span
3278,multi_train,multi,Multi-Image Spans
3274,multi_train,multi,Multi-Image Spans
3269,multi_train,multi,Multi-Image Spans
3272,multi_train,multi,Multi-Image Spans
3273,multi_train,multi,Multi-Image Spans
7667,multi_train,multi,Multi-Image Spans
7669,multi_train,multi,Cross-Image Synthesis
3758,multi_train,multi,Multi-Image Spans
4582,multi_train,multi,Multi-Image Spans
3541,multi_train,multi,Multi-Image Spans
3533,multi_train,multi,Non-Span
3535,multi_train,multi,Multi-Image Spans
5627,multi_train,multi,Non-Span
3376,multi_train,multi,Multi-Image Spans
3377,multi_train,multi,Cross-Image Synthesis
3378,multi_train,multi,Non-Span
3372,multi_train,multi,Non-Span
3373,multi_train,multi,Multi-Image Spans
3374,multi_train,multi,Cross-Image Synthesis
3375,multi_train,multi,Multi-Image Spans
3369,multi_train,multi,Cross-Image Synthesis
3370,multi_train,multi,Multi-Image Spans
3371,multi_train,multi,Non-Span
9121,multi_train,multi,Multi-Image Spans
9127,multi_train,multi,Non-Span
9123,multi_train,multi,Non-Span
9124,multi_train,multi,Multi-Image Spans
6624,multi_train,multi,Cross-Image Synthesis
6625,multi_train,multi,Multi-Image Spans
6626,multi_train,multi,Cross-Image Synthesis
6627,multi_train,multi,Multi-Image Spans
6628,multi_train,multi,Non-Span
7854,multi_train,multi,Cross-Image Synthesis
7856,multi_train,multi,Multi-Image Spans
765,multi_train,multi,Cross-Image Synthesis
767,multi_train,multi,Multi-Image Spans
768,multi_train,multi,Multi-Image Spans
773,multi_train,multi,Multi-Image Spans
769,multi_train,multi,Multi-Image Spans
772,multi_train,multi,Multi-Image Spans
4771,multi_train,multi,Multi-Image Spans
4170,multi_train,multi,Non-Span
4171,multi_train,multi,Multi-Image Spans
4172,multi_train,multi,Multi-Image Spans
1977,multi_train,multi,Multi-Image Spans
1978,multi_train,multi,Multi-Image Spans
6059,multi_train,multi,Non-Span
6061,multi_train,multi,Multi-Image Spans
5742,multi_train,multi,Multi-Image Spans
5743,multi_train,multi,Non-Span
5744,multi_train,multi,Cross-Image Synthesis
5745,multi_train,multi,Multi-Image Spans
5746,multi_train,multi,Non-Span
5747,multi_train,multi,Cross-Image Synthesis
5748,multi_train,multi,Multi-Image Spans
5749,multi_train,multi,Multi-Image Spans
191,multi_train,multi,Multi-Image Spans
194,multi_train,multi,Non-Span
6621,multi_train,multi,Multi-Image Spans
6622,multi_train,multi,Non-Span
6959,multi_train,multi,Cross-Image Synthesis
6960,multi_train,multi,Non-Span
2530,multi_train,multi,Cross-Image Synthesis
2532,multi_train,multi,Multi-Image Spans
2534,multi_train,multi,Cross-Image Synthesis
2523,multi_train,multi,Cross-Image Synthesis
2526,multi_train,multi,Cross-Image Synthesis
7872,multi_train,multi,Multi-Image Spans
7873,multi_train,multi,Non-Span
7874,multi_train,multi,Non-Span
7875,multi_train,multi,Non-Span
7876,multi_train,multi,Multi-Image Spans
7807,multi_train,multi,Multi-Image Spans
7808,multi_train,multi,Non-Span
7809,multi_train,multi,Cross-Image Synthesis
7810,multi_train,multi,Multi-Image Spans
7811,multi_train,multi,Non-Span
8668,multi_train,multi,Multi-Image Spans
8670,multi_train,multi,Multi-Image Spans
8671,multi_train,multi,Non-Span
6674,multi_train,multi,Non-Span
6676,multi_train,multi,Multi-Image Spans
5660,multi_train,multi,Cross-Image Synthesis
5661,multi_train,multi,Cross-Image Synthesis
5662,multi_train,multi,Non-Span
5663,multi_train,multi,Multi-Image Spans
4816,multi_train,multi,Multi-Image Spans
4817,multi_train,multi,Non-Span
4818,multi_train,multi,Multi-Image Spans
4819,multi_train,multi,Non-Span
4820,multi_train,multi,Cross-Image Synthesis
4821,multi_train,multi,Multi-Image Spans
4812,multi_train,multi,Cross-Image Synthesis
4813,multi_train,multi,Multi-Image Spans
4814,multi_train,multi,Non-Span
4815,multi_train,multi,Cross-Image Synthesis
7459,multi_train,multi,Non-Span
7460,multi_train,multi,Multi-Image Spans
7461,multi_train,multi,Cross-Image Synthesis
3998,multi_train,multi,Cross-Image Synthesis
3999,multi_train,multi,Multi-Image Spans
4000,multi_train,multi,Cross-Image Synthesis
4795,multi_train,multi,Multi-Image Spans
8300,multi_train,multi,Multi-Image Spans
8301,multi_train,multi,Multi-Image Spans
8302,multi_train,multi,Multi-Image Spans
8303,multi_train,multi,Non-Span
1191,multi_train,multi,Non-Span
1192,multi_train,multi,Multi-Image Spans
1193,multi_train,multi,Multi-Image Spans
290,multi_train,multi,Multi-Image Spans
8035,multi_train,multi,Multi-Image Spans
8036,multi_train,multi,Multi-Image Spans
8037,multi_train,multi,Multi-Image Spans
8038,multi_train,multi,Cross-Image Synthesis
6440,multi_train,multi,Cross-Image Synthesis
6441,multi_train,multi,Multi-Image Spans
6442,multi_train,multi,Multi-Image Spans
6443,multi_train,multi,Non-Span
8178,multi_train,multi,Non-Span
8179,multi_train,multi,Multi-Image Spans
8180,multi_train,multi,Cross-Image Synthesis
8181,multi_train,multi,Multi-Image Spans
8182,multi_train,multi,Multi-Image Spans
8183,multi_train,multi,Multi-Image Spans
8866,multi_train,multi,Non-Span
8867,multi_train,multi,Multi-Image Spans
8868,multi_train,multi,Non-Span
8870,multi_train,multi,Multi-Image Spans
8862,multi_train,multi,Multi-Image Spans
8863,multi_train,multi,Non-Span
7078,multi_train,multi,Multi-Image Spans
7079,multi_train,multi,Multi-Image Spans
7080,multi_train,multi,Multi-Image Spans
7075,multi_train,multi,Cross-Image Synthesis
7077,multi_train,multi,Multi-Image Spans
7083,multi_train,multi,Multi-Image Spans
161,multi_train,multi,Multi-Image Spans
162,multi_train,multi,Multi-Image Spans
163,multi_train,multi,Multi-Image Spans
164,multi_train,multi,Non-Span
3821,multi_train,multi,Multi-Image Spans
3822,multi_train,multi,Multi-Image Spans
3823,multi_train,multi,Non-Span
7643,multi_train,multi,Multi-Image Spans
7644,multi_train,multi,Non-Span
4502,multi_train,multi,Multi-Image Spans
4504,multi_train,multi,Multi-Image Spans
8351,multi_train,multi,Non-Span
8352,multi_train,multi,Multi-Image Spans
8353,multi_train,multi,Cross-Image Synthesis
4046,multi_train,multi,Non-Span
4047,multi_train,multi,Multi-Image Spans
2943,multi_train,multi,Non-Span
2944,multi_train,multi,Multi-Image Spans
2945,multi_train,multi,Multi-Image Spans
2946,multi_train,multi,Non-Span
2948,multi_train,multi,Cross-Image Synthesis
2952,multi_train,multi,Non-Span
2953,multi_train,multi,Multi-Image Spans
9003,multi_train,multi,Multi-Image Spans
9002,multi_train,multi,Non-Span
9004,multi_train,multi,Non-Span
9005,multi_train,multi,Multi-Image Spans
9008,multi_train,multi,Multi-Image Spans
9009,multi_train,multi,Multi-Image Spans
7615,multi_train,multi,Multi-Image Spans
7617,multi_train,multi,Cross-Image Synthesis
3772,multi_train,multi,Multi-Image Spans
3774,multi_train,multi,Non-Span
3776,multi_train,multi,Multi-Image Spans
3777,multi_train,multi,Multi-Image Spans
3779,multi_train,multi,Multi-Image Spans
3780,multi_train,multi,Multi-Image Spans
4494,multi_train,multi,Non-Span
4495,multi_train,multi,Cross-Image Synthesis
4496,multi_train,multi,Multi-Image Spans
1950,multi_train,multi,Multi-Image Spans
127,multi_train,multi,Multi-Image Spans
124,multi_train,multi,Non-Span
2193,multi_train,multi,Multi-Image Spans
2194,multi_train,multi,Non-Span
8985,multi_train,multi,Multi-Image Spans
3454,multi_train,multi,Non-Span
3455,multi_train,multi,Non-Span
3457,multi_train,multi,Multi-Image Spans
3447,multi_train,multi,Multi-Image Spans
3449,multi_train,multi,Multi-Image Spans
3450,multi_train,multi,Non-Span
3451,multi_train,multi,Multi-Image Spans
3452,multi_train,multi,Multi-Image Spans
4034,multi_train,multi,Multi-Image Spans
4036,multi_train,multi,Multi-Image Spans
5217,multi_train,multi,Cross-Image Synthesis
5219,multi_train,multi,Non-Span
5221,multi_train,multi,Multi-Image Spans
1998,multi_train,multi,Non-Span
2190,multi_train,multi,Multi-Image Spans
2192,multi_train,multi,Non-Span
5324,multi_train,multi,Multi-Image Spans
5325,multi_train,multi,Multi-Image Spans
291,multi_train,multi,Non-Span
292,multi_train,multi,Non-Span
293,multi_train,multi,Multi-Image Spans
294,multi_train,multi,Multi-Image Spans
4384,multi_train,multi,Multi-Image Spans
4385,multi_train,multi,Non-Span
4387,multi_train,multi,Multi-Image Spans
1187,multi_train,multi,Multi-Image Spans
9295,multi_train,multi,Multi-Image Spans
9296,multi_train,multi,Non-Span
8226,multi_train,multi,Multi-Image Spans
8227,multi_train,multi,Non-Span
8229,multi_train,multi,Multi-Image Spans
2406,multi_train,multi,Non-Span
2408,multi_train,multi,Multi-Image Spans
2410,multi_train,multi,Non-Span
2412,multi_train,multi,Cross-Image Synthesis
2414,multi_train,multi,Multi-Image Spans
2416,multi_train,multi,Multi-Image Spans
4606,multi_train,multi,Non-Span
4608,multi_train,multi,Multi-Image Spans
4610,multi_train,multi,Cross-Image Synthesis
3829,multi_train,multi,Multi-Image Spans
3831,multi_train,multi,Non-Span
1833,multi_train,multi,Cross-Image Synthesis
1834,multi_train,multi,Multi-Image Spans
1835,multi_train,multi,Non-Span
1836,multi_train,multi,Cross-Image Synthesis
1837,multi_train,multi,Multi-Image Spans
133,multi_train,multi,Multi-Image Spans
4611,multi_train,multi,Multi-Image Spans
4612,multi_train,multi,Multi-Image Spans
4613,multi_train,multi,Multi-Image Spans
1808,multi_train,multi,Multi-Image Spans
1809,multi_train,multi,Cross-Image Synthesis
1810,multi_train,multi,Non-Span
1679,multi_train,multi,Non-Span
1680,multi_train,multi,Multi-Image Spans
1681,multi_train,multi,Non-Span
1682,multi_train,multi,Multi-Image Spans
7571,multi_train,multi,Non-Span
7572,multi_train,multi,Multi-Image Spans
1618,multi_train,multi,Cross-Image Synthesis
6805,multi_train,multi,Multi-Image Spans
6806,multi_train,multi,Non-Span
6807,multi_train,multi,Multi-Image Spans
9289,multi_train,multi,Cross-Image Synthesis
9290,multi_train,multi,Multi-Image Spans
9291,multi_train,multi,Non-Span
6258,multi_train,multi,Multi-Image Spans
6260,multi_train,multi,Multi-Image Spans
4065,multi_train,multi,Multi-Image Spans
4066,multi_train,multi,Multi-Image Spans
1131,multi_train,multi,Non-Span
1132,multi_train,multi,Multi-Image Spans
1134,multi_train,multi,Multi-Image Spans
7607,multi_train,multi,Multi-Image Spans
7608,multi_train,multi,Non-Span
7610,multi_train,multi,Multi-Image Spans
7611,multi_train,multi,Multi-Image Spans
2079,multi_train,multi,Multi-Image Spans
4098,multi_train,multi,Non-Span
4099,multi_train,multi,Cross-Image Synthesis
4100,multi_train,multi,Multi-Image Spans
4101,multi_train,multi,Multi-Image Spans
4102,multi_train,multi,Multi-Image Spans
7360,multi_train,multi,Multi-Image Spans
4174,multi_train,multi,Cross-Image Synthesis
4175,multi_train,multi,Non-Span
4176,multi_train,multi,Multi-Image Spans
4177,multi_train,multi,Multi-Image Spans
3507,multi_train,multi,Multi-Image Spans
3508,multi_train,multi,Non-Span
3509,multi_train,multi,Cross-Image Synthesis
3510,multi_train,multi,Non-Span
3512,multi_train,multi,Multi-Image Spans
3513,multi_train,multi,Cross-Image Synthesis
3514,multi_train,multi,Cross-Image Synthesis
3515,multi_train,multi,Multi-Image Spans
3516,multi_train,multi,Multi-Image Spans
3517,multi_train,multi,Non-Span
3518,multi_train,multi,Multi-Image Spans
314,multi_train,multi,Non-Span
316,multi_train,multi,Multi-Image Spans
315,multi_train,multi,Cross-Image Synthesis
1378,multi_train,multi,Non-Span
1379,multi_train,multi,Multi-Image Spans
1381,multi_train,multi,Multi-Image Spans
4761,multi_train,multi,Non-Span
4762,multi_train,multi,Multi-Image Spans
1566,multi_train,multi,Cross-Image Synthesis
6190,multi_train,multi,Multi-Image Spans
6453,multi_train,multi,Cross-Image Synthesis
6456,multi_train,multi,Multi-Image Spans
6457,multi_train,multi,Multi-Image Spans
7338,multi_train,multi,Cross-Image Synthesis
7339,multi_train,multi,Non-Span
7340,multi_train,multi,Cross-Image Synthesis
7341,multi_train,multi,Multi-Image Spans
7343,multi_train,multi,Multi-Image Spans
266,multi_train,multi,Multi-Image Spans
267,multi_train,multi,Non-Span
6127,multi_train,multi,Non-Span
6128,multi_train,multi,Multi-Image Spans
6129,multi_train,multi,Multi-Image Spans
1570,multi_train,multi,Non-Span
1571,multi_train,multi,Multi-Image Spans
1572,multi_train,multi,Multi-Image Spans
1573,multi_train,multi,Multi-Image Spans
7603,multi_train,multi,Non-Span
7604,multi_train,multi,Multi-Image Spans
7605,multi_train,multi,Cross-Image Synthesis
7606,multi_train,multi,Multi-Image Spans
8096,multi_train,multi,Multi-Image Spans
7186,multi_train,multi,Multi-Image Spans
7187,multi_train,multi,Non-Span
7188,multi_train,multi,Multi-Image Spans
7192,multi_train,multi,Multi-Image Spans
7194,multi_train,multi,Multi-Image Spans
7190,multi_train,multi,Multi-Image Spans
7191,multi_train,multi,Non-Span
6269,multi_train,multi,Cross-Image Synthesis
6270,multi_train,multi,Multi-Image Spans
6271,multi_train,multi,Non-Span
4747,multi_train,multi,Multi-Image Spans
4748,multi_train,multi,Non-Span
4749,multi_train,multi,Multi-Image Spans
6182,multi_train,multi,Multi-Image Spans
4893,multi_train,multi,Multi-Image Spans
4894,multi_train,multi,Non-Span
4895,multi_train,multi,Multi-Image Spans
4899,multi_train,multi,Multi-Image Spans
4900,multi_train,multi,Multi-Image Spans
4901,multi_train,multi,Non-Span
4902,multi_train,multi,Cross-Image Synthesis
4897,multi_train,multi,Multi-Image Spans
4898,multi_train,multi,Multi-Image Spans
8130,multi_train,multi,Multi-Image Spans
8131,multi_train,multi,Multi-Image Spans
8132,multi_train,multi,Multi-Image Spans
8133,multi_train,multi,Multi-Image Spans
8134,multi_train,multi,Multi-Image Spans
2675,multi_train,multi,Multi-Image Spans
2676,multi_train,multi,Multi-Image Spans
2677,multi_train,multi,Non-Span
2678,multi_train,multi,Multi-Image Spans
2679,multi_train,multi,Non-Span
2682,multi_train,multi,Multi-Image Spans
6932,multi_train,multi,Multi-Image Spans
1405,multi_train,multi,Non-Span
1406,multi_train,multi,Multi-Image Spans
1407,multi_train,multi,Multi-Image Spans
3858,multi_train,multi,Non-Span
3859,multi_train,multi,Multi-Image Spans
3857,multi_train,multi,Non-Span
3861,multi_train,multi,Non-Span
3862,multi_train,multi,Multi-Image Spans
3863,multi_train,multi,Non-Span
3864,multi_train,multi,Non-Span
3865,multi_train,multi,Cross-Image Synthesis
263,multi_train,multi,Multi-Image Spans
260,multi_train,multi,Multi-Image Spans
261,multi_train,multi,Non-Span
262,multi_train,multi,Non-Span
264,multi_train,multi,Multi-Image Spans
337,multi_train,multi,Multi-Image Spans
338,multi_train,multi,Non-Span
340,multi_train,multi,Multi-Image Spans
341,multi_train,multi,Multi-Image Spans
342,multi_train,multi,Non-Span
343,multi_train,multi,Multi-Image Spans
344,multi_train,multi,Multi-Image Spans
2918,multi_train,multi,Cross-Image Synthesis
2919,multi_train,multi,Multi-Image Spans
2920,multi_train,multi,Non-Span
2921,multi_train,multi,Non-Span
2922,multi_train,multi,Non-Span
7698,multi_train,multi,Multi-Image Spans
7699,multi_train,multi,Non-Span
6916,multi_train,multi,Cross-Image Synthesis
6917,multi_train,multi,Non-Span
9244,multi_train,multi,Multi-Image Spans
9245,multi_train,multi,Cross-Image Synthesis
9246,multi_train,multi,Non-Span
9247,multi_train,multi,Multi-Image Spans
9249,multi_train,multi,Multi-Image Spans
9250,multi_train,multi,Multi-Image Spans
9251,multi_train,multi,Multi-Image Spans
415,multi_train,multi,Multi-Image Spans
416,multi_train,multi,Multi-Image Spans
417,multi_train,multi,Non-Span
418,multi_train,multi,Cross-Image Synthesis
8272,multi_train,multi,Cross-Image Synthesis
8273,multi_train,multi,Multi-Image Spans
8274,multi_train,multi,Cross-Image Synthesis
8275,multi_train,multi,Multi-Image Spans
8276,multi_train,multi,Non-Span
8104,multi_train,multi,Cross-Image Synthesis
8106,multi_train,multi,Multi-Image Spans
8108,multi_train,multi,Multi-Image Spans
5616,multi_train,multi,Multi-Image Spans
5617,multi_train,multi,Multi-Image Spans
2699,multi_train,multi,Non-Span
2700,multi_train,multi,Cross-Image Synthesis
6906,multi_train,multi,Non-Span
6907,multi_train,multi,Multi-Image Spans
6908,multi_train,multi,Multi-Image Spans
6909,multi_train,multi,Multi-Image Spans
6910,multi_train,multi,Multi-Image Spans
2022,multi_train,multi,Non-Span
2023,multi_train,multi,Multi-Image Spans
3969,multi_train,multi,Multi-Image Spans
3971,multi_train,multi,Non-Span
3972,multi_train,multi,Cross-Image Synthesis
2083,multi_train,multi,Multi-Image Spans
2085,multi_train,multi,Multi-Image Spans
6664,multi_train,multi,Non-Span
6665,multi_train,multi,Multi-Image Spans
6666,multi_train,multi,Cross-Image Synthesis
6667,multi_train,multi,Multi-Image Spans
3023,multi_train,multi,Multi-Image Spans
3024,multi_train,multi,Multi-Image Spans
3025,multi_train,multi,Cross-Image Synthesis
3026,multi_train,multi,Non-Span
3020,multi_train,multi,Multi-Image Spans
3021,multi_train,multi,Multi-Image Spans
3022,multi_train,multi,Non-Span
3015,multi_train,multi,Multi-Image Spans
3019,multi_train,multi,Multi-Image Spans
2846,multi_train,multi,Multi-Image Spans
2847,multi_train,multi,Non-Span
2848,multi_train,multi,Non-Span
2849,multi_train,multi,Cross-Image Synthesis
2851,multi_train,multi,Cross-Image Synthesis
2842,multi_train,multi,Cross-Image Synthesis
2843,multi_train,multi,Multi-Image Spans
2844,multi_train,multi,Non-Span
9269,multi_train,multi,Multi-Image Spans
9270,multi_train,multi,Cross-Image Synthesis
9271,multi_train,multi,Non-Span
9272,multi_train,multi,Multi-Image Spans
8982,multi_train,multi,Non-Span
8983,multi_train,multi,Multi-Image Spans
8984,multi_train,multi,Non-Span
8972,multi_train,multi,Multi-Image Spans
8973,multi_train,multi,Cross-Image Synthesis
8974,multi_train,multi,Non-Span
8975,multi_train,multi,Multi-Image Spans
8976,multi_train,multi,Cross-Image Synthesis
8977,multi_train,multi,Multi-Image Spans
8978,multi_train,multi,Multi-Image Spans
8980,multi_train,multi,Cross-Image Synthesis
8981,multi_train,multi,Non-Span
8979,multi_train,multi,Non-Span
1176,multi_train,multi,Multi-Image Spans
1177,multi_train,multi,Multi-Image Spans
1178,multi_train,multi,Multi-Image Spans
1258,multi_train,multi,Multi-Image Spans
9192,multi_train,multi,Multi-Image Spans
9194,multi_train,multi,Multi-Image Spans
9180,multi_train,multi,Multi-Image Spans
9181,multi_train,multi,Multi-Image Spans
9182,multi_train,multi,Non-Span
9184,multi_train,multi,Non-Span
9187,multi_train,multi,Multi-Image Spans
9188,multi_train,multi,Multi-Image Spans
1441,multi_train,multi,Multi-Image Spans
1442,multi_train,multi,Multi-Image Spans
1443,multi_train,multi,Multi-Image Spans
1444,multi_train,multi,Non-Span
1139,multi_train,multi,Multi-Image Spans
1142,multi_train,multi,Multi-Image Spans
1143,multi_train,multi,Multi-Image Spans
1140,multi_train,multi,Multi-Image Spans
1141,multi_train,multi,Cross-Image Synthesis
3349,multi_train,multi,Multi-Image Spans
3350,multi_train,multi,Non-Span
3351,multi_train,multi,Multi-Image Spans
3355,multi_train,multi,Multi-Image Spans
3356,multi_train,multi,Multi-Image Spans
3353,multi_train,multi,Multi-Image Spans
3354,multi_train,multi,Multi-Image Spans
6201,multi_train,multi,Multi-Image Spans
759,multi_train,multi,Multi-Image Spans
762,multi_train,multi,Non-Span
763,multi_train,multi,Non-Span
753,multi_train,multi,Multi-Image Spans
754,multi_train,multi,Non-Span
755,multi_train,multi,Non-Span
756,multi_train,multi,Multi-Image Spans
758,multi_train,multi,Cross-Image Synthesis
8277,multi_train,multi,Cross-Image Synthesis
8278,multi_train,multi,Non-Span
8279,multi_train,multi,Multi-Image Spans
7125,multi_train,multi,Cross-Image Synthesis
7126,multi_train,multi,Non-Span
7128,multi_train,multi,Non-Span
7134,multi_train,multi,Non-Span
7135,multi_train,multi,Multi-Image Spans
7136,multi_train,multi,Multi-Image Spans
7130,multi_train,multi,Multi-Image Spans
7131,multi_train,multi,Non-Span
6726,multi_train,multi,Cross-Image Synthesis
6727,multi_train,multi,Non-Span
6728,multi_train,multi,Non-Span
3399,multi_train,multi,Multi-Image Spans
6103,multi_train,multi,Cross-Image Synthesis
6104,multi_train,multi,Multi-Image Spans
6105,multi_train,multi,Multi-Image Spans
6106,multi_train,multi,Non-Span
6107,multi_train,multi,Multi-Image Spans
7962,multi_train,multi,Multi-Image Spans
7963,multi_train,multi,Multi-Image Spans
7964,multi_train,multi,Multi-Image Spans
8204,multi_train,multi,Multi-Image Spans
8206,multi_train,multi,Cross-Image Synthesis
3089,multi_train,multi,Non-Span
3093,multi_train,multi,Multi-Image Spans
3094,multi_train,multi,Multi-Image Spans
3095,multi_train,multi,Multi-Image Spans
3096,multi_train,multi,Non-Span
3090,multi_train,multi,Non-Span
3091,multi_train,multi,Cross-Image Synthesis
3092,multi_train,multi,Multi-Image Spans
4245,multi_train,multi,Non-Span
4246,multi_train,multi,Multi-Image Spans
4247,multi_train,multi,Cross-Image Synthesis
4248,multi_train,multi,Multi-Image Spans
4249,multi_train,multi,Cross-Image Synthesis
4251,multi_train,multi,Non-Span
4253,multi_train,multi,Cross-Image Synthesis
2381,multi_train,multi,Cross-Image Synthesis
2382,multi_train,multi,Non-Span
2383,multi_train,multi,Multi-Image Spans
7403,multi_train,multi,Multi-Image Spans
7405,multi_train,multi,Cross-Image Synthesis
7406,multi_train,multi,Multi-Image Spans
4029,multi_train,multi,Multi-Image Spans
4030,multi_train,multi,Multi-Image Spans
4031,multi_train,multi,Non-Span
1426,multi_train,multi,Multi-Image Spans
1427,multi_train,multi,Non-Span
1428,multi_train,multi,Multi-Image Spans
7272,multi_train,multi,Cross-Image Synthesis
7273,multi_train,multi,Multi-Image Spans
7274,multi_train,multi,Non-Span
7276,multi_train,multi,Multi-Image Spans
7277,multi_train,multi,Multi-Image Spans
7282,multi_train,multi,Multi-Image Spans
7269,multi_train,multi,Multi-Image Spans
7270,multi_train,multi,Cross-Image Synthesis
7271,multi_train,multi,Non-Span
5621,multi_train,multi,Multi-Image Spans
5622,multi_train,multi,Non-Span
2109,multi_train,multi,Multi-Image Spans
2113,multi_train,multi,Multi-Image Spans
6058,multi_train,multi,Multi-Image Spans
833,multi_train,multi,Non-Span
835,multi_train,multi,Multi-Image Spans
1103,multi_train,multi,Multi-Image Spans
1104,multi_train,multi,Cross-Image Synthesis
1105,multi_train,multi,Non-Span
1106,multi_train,multi,Multi-Image Spans
1107,multi_train,multi,Cross-Image Synthesis
6291,multi_train,multi,Multi-Image Spans
6292,multi_train,multi,Non-Span
6809,multi_train,multi,Multi-Image Spans
6810,multi_train,multi,Multi-Image Spans
6811,multi_train,multi,Multi-Image Spans
6813,multi_train,multi,Multi-Image Spans
5199,multi_train,multi,Non-Span
911,multi_train,multi,Multi-Image Spans
910,multi_train,multi,Multi-Image Spans
912,multi_train,multi,Non-Span
913,multi_train,multi,Multi-Image Spans
828,multi_train,multi,Multi-Image Spans
7327,multi_train,multi,Multi-Image Spans
5190,multi_train,multi,Cross-Image Synthesis
5191,multi_train,multi,Multi-Image Spans
5192,multi_train,multi,Non-Span
5193,multi_train,multi,Multi-Image Spans
5194,multi_train,multi,Multi-Image Spans
5195,multi_train,multi,Cross-Image Synthesis
3364,multi_train,multi,Multi-Image Spans
3365,multi_train,multi,Multi-Image Spans
3368,multi_train,multi,Multi-Image Spans
3358,multi_train,multi,Multi-Image Spans
3359,multi_train,multi,Multi-Image Spans
6997,multi_train,multi,Multi-Image Spans
6998,multi_train,multi,Multi-Image Spans
6999,multi_train,multi,Non-Span
7000,multi_train,multi,Multi-Image Spans
6995,multi_train,multi,Multi-Image Spans
6996,multi_train,multi,Multi-Image Spans
7001,multi_train,multi,Non-Span
7002,multi_train,multi,Multi-Image Spans
7003,multi_train,multi,Multi-Image Spans
7004,multi_train,multi,Multi-Image Spans
1409,multi_train,multi,Multi-Image Spans
8532,multi_train,multi,Cross-Image Synthesis
8533,multi_train,multi,Multi-Image Spans
8534,multi_train,multi,Non-Span
8537,multi_train,multi,Cross-Image Synthesis
8527,multi_train,multi,Non-Span
8528,multi_train,multi,Multi-Image Spans
8529,multi_train,multi,Non-Span
8530,multi_train,multi,Cross-Image Synthesis
8531,multi_train,multi,Multi-Image Spans
8538,multi_train,multi,Non-Span
8539,multi_train,multi,Multi-Image Spans
8541,multi_train,multi,Multi-Image Spans
8543,multi_train,multi,Multi-Image Spans
7520,multi_train,multi,Multi-Image Spans
2328,multi_train,multi,Multi-Image Spans
3651,multi_train,multi,Multi-Image Spans
2029,multi_train,multi,Multi-Image Spans
2659,multi_train,multi,Non-Span
2660,multi_train,multi,Non-Span
2661,multi_train,multi,Multi-Image Spans
2662,multi_train,multi,Multi-Image Spans
2656,multi_train,multi,Non-Span
2657,multi_train,multi,Multi-Image Spans
2658,multi_train,multi,Non-Span
2653,multi_train,multi,Multi-Image Spans
2654,multi_train,multi,Cross-Image Synthesis
2655,multi_train,multi,Non-Span
3665,multi_train,multi,Cross-Image Synthesis
5790,multi_train,multi,Multi-Image Spans
5791,multi_train,multi,Cross-Image Synthesis
5792,multi_train,multi,Non-Span
5793,multi_train,multi,Multi-Image Spans
5794,multi_train,multi,Multi-Image Spans
5795,multi_train,multi,Non-Span
5796,multi_train,multi,Cross-Image Synthesis
5785,multi_train,multi,Non-Span
5786,multi_train,multi,Multi-Image Spans
5788,multi_train,multi,Multi-Image Spans
5789,multi_train,multi,Multi-Image Spans
6311,multi_train,multi,Non-Span
8398,multi_train,multi,Non-Span
8399,multi_train,multi,Multi-Image Spans
8400,multi_train,multi,Multi-Image Spans
7715,multi_train,multi,Cross-Image Synthesis
7716,multi_train,multi,Non-Span
7717,multi_train,multi,Multi-Image Spans
4661,multi_train,multi,Cross-Image Synthesis
4662,multi_train,multi,Multi-Image Spans
4663,multi_train,multi,Non-Span
4664,multi_train,multi,Cross-Image Synthesis
4665,multi_train,multi,Multi-Image Spans
907,multi_train,multi,Multi-Image Spans
908,multi_train,multi,Multi-Image Spans
909,multi_train,multi,Non-Span
6795,multi_train,multi,Multi-Image Spans
300,multi_train,multi,Multi-Image Spans
302,multi_train,multi,Cross-Image Synthesis
304,multi_train,multi,Multi-Image Spans
6565,multi_train,multi,Multi-Image Spans
6566,multi_train,multi,Multi-Image Spans
6427,multi_train,multi,Cross-Image Synthesis
6428,multi_train,multi,Multi-Image Spans
6429,multi_train,multi,Non-Span
6430,multi_train,multi,Cross-Image Synthesis
2393,multi_train,multi,Non-Span
2394,multi_train,multi,Cross-Image Synthesis
2395,multi_train,multi,Non-Span
2396,multi_train,multi,Multi-Image Spans
6345,multi_train,multi,Multi-Image Spans
6347,multi_train,multi,Non-Span
1301,multi_train,multi,Cross-Image Synthesis
1302,multi_train,multi,Non-Span
4537,multi_train,multi,Multi-Image Spans
4538,multi_train,multi,Cross-Image Synthesis
4539,multi_train,multi,Cross-Image Synthesis
4540,multi_train,multi,Non-Span
4541,multi_train,multi,Multi-Image Spans
2303,multi_train,multi,Multi-Image Spans
2304,multi_train,multi,Cross-Image Synthesis
2306,multi_train,multi,Non-Span
7366,multi_train,multi,Multi-Image Spans
728,multi_train,multi,Cross-Image Synthesis
724,multi_train,multi,Multi-Image Spans
726,multi_train,multi,Multi-Image Spans
721,multi_train,multi,Multi-Image Spans
722,multi_train,multi,Cross-Image Synthesis
6569,multi_train,multi,Multi-Image Spans
6570,multi_train,multi,Multi-Image Spans
731,multi_train,multi,Cross-Image Synthesis
733,multi_train,multi,Multi-Image Spans
1885,multi_train,multi,Multi-Image Spans
1887,multi_train,multi,Multi-Image Spans
896,multi_train,multi,Multi-Image Spans
5632,multi_train,multi,Non-Span
5633,multi_train,multi,Multi-Image Spans
471,multi_train,multi,Non-Span
472,multi_train,multi,Multi-Image Spans
473,multi_train,multi,Multi-Image Spans
474,multi_train,multi,Multi-Image Spans
1642,multi_train,multi,Multi-Image Spans
1643,multi_train,multi,Multi-Image Spans
1644,multi_train,multi,Multi-Image Spans
1646,multi_train,multi,Multi-Image Spans
5938,multi_train,multi,Non-Span
5939,multi_train,multi,Cross-Image Synthesis
5940,multi_train,multi,Multi-Image Spans
5595,multi_train,multi,Multi-Image Spans
5596,multi_train,multi,Cross-Image Synthesis
5597,multi_train,multi,Non-Span
5378,multi_train,multi,Cross-Image Synthesis
5380,multi_train,multi,Cross-Image Synthesis
5381,multi_train,multi,Multi-Image Spans
5382,multi_train,multi,Multi-Image Spans
5383,multi_train,multi,Non-Span
6477,multi_train,multi,Non-Span
6478,multi_train,multi,Multi-Image Spans
6479,multi_train,multi,Non-Span
403,multi_train,multi,Non-Span
404,multi_train,multi,Cross-Image Synthesis
405,multi_train,multi,Multi-Image Spans
482,multi_train,multi,Non-Span
476,multi_train,multi,Non-Span
477,multi_train,multi,Multi-Image Spans
483,multi_train,multi,Multi-Image Spans
484,multi_train,multi,Non-Span
486,multi_train,multi,Multi-Image Spans
3645,multi_train,multi,Multi-Image Spans
3646,multi_train,multi,Non-Span
3640,multi_train,multi,Multi-Image Spans
3643,multi_train,multi,Cross-Image Synthesis
3635,multi_train,multi,Non-Span
3636,multi_train,multi,Non-Span
3637,multi_train,multi,Multi-Image Spans
7670,multi_train,multi,Multi-Image Spans
7671,multi_train,multi,Non-Span
7672,multi_train,multi,Multi-Image Spans
6097,multi_train,multi,Multi-Image Spans
6098,multi_train,multi,Multi-Image Spans
6099,multi_train,multi,Non-Span
6432,multi_train,multi,Cross-Image Synthesis
6433,multi_train,multi,Multi-Image Spans
490,multi_train,multi,Cross-Image Synthesis
491,multi_train,multi,Multi-Image Spans
492,multi_train,multi,Multi-Image Spans
493,multi_train,multi,Non-Span
2150,multi_train,multi,Multi-Image Spans
2151,multi_train,multi,Non-Span
2152,multi_train,multi,Non-Span
2153,multi_train,multi,Multi-Image Spans
3301,multi_train,multi,Multi-Image Spans
3303,multi_train,multi,Non-Span
3304,multi_train,multi,Multi-Image Spans
3305,multi_train,multi,Non-Span
3306,multi_train,multi,Non-Span
3296,multi_train,multi,Multi-Image Spans
3297,multi_train,multi,Multi-Image Spans
3298,multi_train,multi,Multi-Image Spans
3299,multi_train,multi,Non-Span
1918,multi_train,multi,Non-Span
1919,multi_train,multi,Non-Span
1620,multi_train,multi,Multi-Image Spans
5451,multi_train,multi,Non-Span
5452,multi_train,multi,Multi-Image Spans
5453,multi_train,multi,Cross-Image Synthesis
7759,multi_train,multi,Multi-Image Spans
7761,multi_train,multi,Non-Span
6215,multi_train,multi,Non-Span
6216,multi_train,multi,Multi-Image Spans
6218,multi_train,multi,Multi-Image Spans
8009,multi_train,multi,Multi-Image Spans
3097,multi_train,multi,Non-Span
3098,multi_train,multi,Multi-Image Spans
3099,multi_train,multi,Cross-Image Synthesis
5171,multi_train,multi,Multi-Image Spans
2728,multi_train,multi,Multi-Image Spans
2729,multi_train,multi,Non-Span
2730,multi_train,multi,Multi-Image Spans
2731,multi_train,multi,Multi-Image Spans
2732,multi_train,multi,Multi-Image Spans
2733,multi_train,multi,Cross-Image Synthesis
2734,multi_train,multi,Non-Span
2736,multi_train,multi,Cross-Image Synthesis
4439,multi_train,multi,Non-Span
4440,multi_train,multi,Cross-Image Synthesis
4441,multi_train,multi,Cross-Image Synthesis
4442,multi_train,multi,Multi-Image Spans
230,multi_train,multi,Multi-Image Spans
227,multi_train,multi,Non-Span
228,multi_train,multi,Multi-Image Spans
229,multi_train,multi,Multi-Image Spans
231,multi_train,multi,Multi-Image Spans
232,multi_train,multi,Multi-Image Spans
4360,multi_train,multi,Multi-Image Spans
4361,multi_train,multi,Non-Span
1702,multi_train,multi,Multi-Image Spans
1703,multi_train,multi,Multi-Image Spans
1704,multi_train,multi,Non-Span
7869,multi_train,multi,Multi-Image Spans
8625,multi_train,multi,Multi-Image Spans
8626,multi_train,multi,Non-Span
8635,multi_train,multi,Non-Span
8636,multi_train,multi,Multi-Image Spans
8637,multi_train,multi,Non-Span
8638,multi_train,multi,Non-Span
8630,multi_train,multi,Non-Span
8631,multi_train,multi,Multi-Image Spans
8632,multi_train,multi,Multi-Image Spans
8633,multi_train,multi,Cross-Image Synthesis
2114,multi_train,multi,Multi-Image Spans
2116,multi_train,multi,Non-Span
2118,multi_train,multi,Cross-Image Synthesis
5412,multi_train,multi,Multi-Image Spans
7827,multi_train,multi,Multi-Image Spans
7828,multi_train,multi,Multi-Image Spans
4570,multi_train,multi,Non-Span
4571,multi_train,multi,Multi-Image Spans
1712,multi_train,multi,Non-Span
2315,multi_train,multi,Multi-Image Spans
2316,multi_train,multi,Non-Span
2317,multi_train,multi,Multi-Image Spans
9469,multi_train,multi,Multi-Image Spans
9470,multi_train,multi,Multi-Image Spans
9466,multi_train,multi,Multi-Image Spans
9467,multi_train,multi,Non-Span
9462,multi_train,multi,Non-Span
9463,multi_train,multi,Multi-Image Spans
9464,multi_train,multi,Multi-Image Spans
1314,multi_train,multi,Multi-Image Spans
1315,multi_train,multi,Non-Span
1316,multi_train,multi,Multi-Image Spans
1317,multi_train,multi,Multi-Image Spans
1318,multi_train,multi,Non-Span
6086,multi_train,multi,Non-Span
7100,multi_train,multi,Non-Span
7102,multi_train,multi,Multi-Image Spans
7105,multi_train,multi,Cross-Image Synthesis
7106,multi_train,multi,Cross-Image Synthesis
409,multi_train,multi,Cross-Image Synthesis
411,multi_train,multi,Multi-Image Spans
1084,multi_train,multi,Multi-Image Spans
1086,multi_train,multi,Multi-Image Spans
6171,multi_train,multi,Multi-Image Spans
6173,multi_train,multi,Multi-Image Spans
4932,multi_train,multi,Multi-Image Spans
4933,multi_train,multi,Non-Span
4934,multi_train,multi,Multi-Image Spans
4935,multi_train,multi,Cross-Image Synthesis
4924,multi_train,multi,Multi-Image Spans
4925,multi_train,multi,Non-Span
4926,multi_train,multi,Cross-Image Synthesis
4928,multi_train,multi,Multi-Image Spans
4929,multi_train,multi,Multi-Image Spans
4930,multi_train,multi,Non-Span
4931,multi_train,multi,Cross-Image Synthesis
853,multi_train,multi,Multi-Image Spans
855,multi_train,multi,Multi-Image Spans
856,multi_train,multi,Multi-Image Spans
857,multi_train,multi,Multi-Image Spans
2437,multi_train,multi,Cross-Image Synthesis
5237,multi_train,multi,Non-Span
5238,multi_train,multi,Multi-Image Spans
7838,multi_train,multi,Multi-Image Spans
7839,multi_train,multi,Non-Span
7840,multi_train,multi,Multi-Image Spans
1865,multi_train,multi,Non-Span
1866,multi_train,multi,Cross-Image Synthesis
1867,multi_train,multi,Multi-Image Spans
1868,multi_train,multi,Multi-Image Spans
8304,multi_train,multi,Cross-Image Synthesis
8305,multi_train,multi,Non-Span
8306,multi_train,multi,Non-Span
8307,multi_train,multi,Multi-Image Spans
8309,multi_train,multi,Cross-Image Synthesis
8310,multi_train,multi,Non-Span
1489,multi_train,multi,Multi-Image Spans
1490,multi_train,multi,Multi-Image Spans
1488,multi_train,multi,Non-Span
5039,multi_train,multi,Multi-Image Spans
5043,multi_train,multi,Non-Span
5044,multi_train,multi,Cross-Image Synthesis
5046,multi_train,multi,Multi-Image Spans
5048,multi_train,multi,Multi-Image Spans
5049,multi_train,multi,Non-Span
5050,multi_train,multi,Non-Span
5052,multi_train,multi,Multi-Image Spans
5053,multi_train,multi,Non-Span
9129,multi_train,multi,Multi-Image Spans
9132,multi_train,multi,Non-Span
9137,multi_train,multi,Multi-Image Spans
9138,multi_train,multi,Multi-Image Spans
9133,multi_train,multi,Multi-Image Spans
9134,multi_train,multi,Non-Span
9135,multi_train,multi,Multi-Image Spans
7790,multi_train,multi,Multi-Image Spans
7791,multi_train,multi,Multi-Image Spans
7793,multi_train,multi,Non-Span
1932,multi_train,multi,Multi-Image Spans
1933,multi_train,multi,Cross-Image Synthesis
1934,multi_train,multi,Non-Span
1935,multi_train,multi,Multi-Image Spans
1936,multi_train,multi,Cross-Image Synthesis
1937,multi_train,multi,Multi-Image Spans
2428,multi_train,multi,Cross-Image Synthesis
2429,multi_train,multi,Non-Span
2430,multi_train,multi,Multi-Image Spans
2431,multi_train,multi,Non-Span
2419,multi_train,multi,Multi-Image Spans
2420,multi_train,multi,Non-Span
2421,multi_train,multi,Cross-Image Synthesis
2422,multi_train,multi,Cross-Image Synthesis
2423,multi_train,multi,Cross-Image Synthesis
2425,multi_train,multi,Multi-Image Spans
2426,multi_train,multi,Multi-Image Spans
1199,multi_train,multi,Multi-Image Spans
1200,multi_train,multi,Non-Span
1201,multi_train,multi,Cross-Image Synthesis
3923,multi_train,multi,Multi-Image Spans
3924,multi_train,multi,Multi-Image Spans
3925,multi_train,multi,Multi-Image Spans
4524,multi_train,multi,Multi-Image Spans
4525,multi_train,multi,Non-Span
4526,multi_train,multi,Cross-Image Synthesis
556,multi_train,multi,Non-Span
557,multi_train,multi,Multi-Image Spans
558,multi_train,multi,Multi-Image Spans
559,multi_train,multi,Cross-Image Synthesis
560,multi_train,multi,Multi-Image Spans
561,multi_train,multi,Non-Span
562,multi_train,multi,Cross-Image Synthesis
563,multi_train,multi,Multi-Image Spans
564,multi_train,multi,Cross-Image Synthesis
565,multi_train,multi,Multi-Image Spans
566,multi_train,multi,Non-Span
1087,multi_train,multi,Multi-Image Spans
1088,multi_train,multi,Multi-Image Spans
1089,multi_train,multi,Multi-Image Spans
1090,multi_train,multi,Non-Span
7019,multi_train,multi,Non-Span
7021,multi_train,multi,Multi-Image Spans
7017,multi_train,multi,Multi-Image Spans
7123,multi_train,multi,Multi-Image Spans
7350,multi_train,multi,Cross-Image Synthesis
7351,multi_train,multi,Non-Span
7352,multi_train,multi,Non-Span
7353,multi_train,multi,Multi-Image Spans
7354,multi_train,multi,Multi-Image Spans
435,multi_train,multi,Non-Span
436,multi_train,multi,Non-Span
437,multi_train,multi,Multi-Image Spans
438,multi_train,multi,Cross-Image Synthesis
439,multi_train,multi,Cross-Image Synthesis
5283,multi_train,multi,Cross-Image Synthesis
5284,multi_train,multi,Non-Span
5285,multi_train,multi,Multi-Image Spans
5286,multi_train,multi,Multi-Image Spans
5287,multi_train,multi,Non-Span
4600,multi_train,multi,Multi-Image Spans
4601,multi_train,multi,Cross-Image Synthesis
4711,multi_train,multi,Multi-Image Spans
4712,multi_train,multi,Non-Span
4713,multi_train,multi,Multi-Image Spans
4714,multi_train,multi,Multi-Image Spans
4068,multi_train,multi,Cross-Image Synthesis
4069,multi_train,multi,Multi-Image Spans
4770,multi_train,multi,Multi-Image Spans
7729,multi_train,multi,Multi-Image Spans
7730,multi_train,multi,Cross-Image Synthesis
7731,multi_train,multi,Cross-Image Synthesis
7732,multi_train,multi,Cross-Image Synthesis
7733,multi_train,multi,Non-Span
7734,multi_train,multi,Non-Span
9230,multi_train,multi,Multi-Image Spans
9231,multi_train,multi,Non-Span
9232,multi_train,multi,Non-Span
9237,multi_train,multi,Multi-Image Spans
9238,multi_train,multi,Multi-Image Spans
9240,multi_train,multi,Non-Span
9234,multi_train,multi,Multi-Image Spans
9235,multi_train,multi,Non-Span
9236,multi_train,multi,Cross-Image Synthesis
1051,multi_train,multi,Multi-Image Spans
1920,multi_train,multi,Non-Span
1921,multi_train,multi,Cross-Image Synthesis
1922,multi_train,multi,Non-Span
1924,multi_train,multi,Cross-Image Synthesis
4572,multi_train,multi,Multi-Image Spans
4573,multi_train,multi,Non-Span
4574,multi_train,multi,Non-Span
4575,multi_train,multi,Multi-Image Spans
8192,multi_train,multi,Non-Span
8193,multi_train,multi,Cross-Image Synthesis
8194,multi_train,multi,Multi-Image Spans
8195,multi_train,multi,Cross-Image Synthesis
2371,multi_train,multi,Multi-Image Spans
2372,multi_train,multi,Non-Span
5340,multi_train,multi,Multi-Image Spans
5341,multi_train,multi,Multi-Image Spans
5343,multi_train,multi,Non-Span
6409,multi_train,multi,Multi-Image Spans
6359,multi_train,multi,Multi-Image Spans
1421,multi_train,multi,Multi-Image Spans
1422,multi_train,multi,Multi-Image Spans
8001,multi_train,multi,Cross-Image Synthesis
8002,multi_train,multi,Non-Span
2120,multi_train,multi,Cross-Image Synthesis
5446,multi_train,multi,Multi-Image Spans
5447,multi_train,multi,Non-Span
7296,multi_train,multi,Non-Span
7297,multi_train,multi,Cross-Image Synthesis
7299,multi_train,multi,Multi-Image Spans
7301,multi_train,multi,Non-Span
7302,multi_train,multi,Multi-Image Spans
2940,multi_train,multi,Non-Span
2941,multi_train,multi,Multi-Image Spans
2942,multi_train,multi,Cross-Image Synthesis
2324,multi_train,multi,Multi-Image Spans
2325,multi_train,multi,Multi-Image Spans
2327,multi_train,multi,Cross-Image Synthesis
5682,multi_train,multi,Multi-Image Spans
7878,multi_train,multi,Multi-Image Spans
7879,multi_train,multi,Non-Span
7881,multi_train,multi,Multi-Image Spans
3806,multi_train,multi,Multi-Image Spans
3807,multi_train,multi,Multi-Image Spans
3808,multi_train,multi,Cross-Image Synthesis
3809,multi_train,multi,Multi-Image Spans
3802,multi_train,multi,Multi-Image Spans
3803,multi_train,multi,Multi-Image Spans
206,multi_train,multi,Non-Span
207,multi_train,multi,Multi-Image Spans
713,multi_train,multi,Multi-Image Spans
714,multi_train,multi,Multi-Image Spans
715,multi_train,multi,Non-Span
716,multi_train,multi,Non-Span
717,multi_train,multi,Multi-Image Spans
718,multi_train,multi,Multi-Image Spans
719,multi_train,multi,Cross-Image Synthesis
720,multi_train,multi,Multi-Image Spans
2247,multi_train,multi,Multi-Image Spans
2249,multi_train,multi,Non-Span
2250,multi_train,multi,Multi-Image Spans
2251,multi_train,multi,Non-Span
502,multi_train,multi,Non-Span
495,multi_train,multi,Multi-Image Spans
6884,multi_train,multi,Multi-Image Spans
6885,multi_train,multi,Multi-Image Spans
6887,multi_train,multi,Multi-Image Spans
7646,multi_train,multi,Cross-Image Synthesis
7647,multi_train,multi,Multi-Image Spans
7649,multi_train,multi,Multi-Image Spans
785,multi_train,multi,Cross-Image Synthesis
786,multi_train,multi,Multi-Image Spans
787,multi_train,multi,Multi-Image Spans
788,multi_train,multi,Cross-Image Synthesis
789,multi_train,multi,Non-Span
555,multi_train,multi,Multi-Image Spans
553,multi_train,multi,Non-Span
549,multi_train,multi,Multi-Image Spans
548,multi_train,multi,Multi-Image Spans
550,multi_train,multi,Non-Span
551,multi_train,multi,Non-Span
543,multi_train,multi,Cross-Image Synthesis
544,multi_train,multi,Multi-Image Spans
545,multi_train,multi,Non-Span
546,multi_train,multi,Cross-Image Synthesis
542,multi_train,multi,Non-Span
9369,multi_train,multi,Multi-Image Spans
9370,multi_train,multi,Cross-Image Synthesis
9371,multi_train,multi,Non-Span
9372,multi_train,multi,Cross-Image Synthesis
9366,multi_train,multi,Non-Span
9367,multi_train,multi,Cross-Image Synthesis
9368,multi_train,multi,Multi-Image Spans
9373,multi_train,multi,Non-Span
9374,multi_train,multi,Multi-Image Spans
6510,multi_train,multi,Multi-Image Spans
6511,multi_train,multi,Multi-Image Spans
2263,multi_train,multi,Multi-Image Spans
6198,multi_train,multi,Non-Span
6199,multi_train,multi,Multi-Image Spans
6200,multi_train,multi,Multi-Image Spans
6507,multi_train,multi,Multi-Image Spans
80,multi_train,multi,Non-Span
81,multi_train,multi,Non-Span
82,multi_train,multi,Multi-Image Spans
83,multi_train,multi,Cross-Image Synthesis
84,multi_train,multi,Multi-Image Spans
85,multi_train,multi,Multi-Image Spans
91,multi_train,multi,Cross-Image Synthesis
93,multi_train,multi,Non-Span
94,multi_train,multi,Multi-Image Spans
92,multi_train,multi,Multi-Image Spans
77,multi_train,multi,Non-Span
79,multi_train,multi,Cross-Image Synthesis
78,multi_train,multi,Multi-Image Spans
86,multi_train,multi,Multi-Image Spans
87,multi_train,multi,Non-Span
88,multi_train,multi,Cross-Image Synthesis
89,multi_train,multi,Multi-Image Spans
90,multi_train,multi,Multi-Image Spans
73,multi_train,multi,Non-Span
74,multi_train,multi,Multi-Image Spans
75,multi_train,multi,Non-Span
76,multi_train,multi,Cross-Image Synthesis
72,multi_train,multi,Multi-Image Spans
3916,multi_train,multi,Non-Span
3917,multi_train,multi,Multi-Image Spans
3918,multi_train,multi,Multi-Image Spans
647,multi_train,multi,Non-Span
648,multi_train,multi,Multi-Image Spans
640,multi_train,multi,Cross-Image Synthesis
641,multi_train,multi,Multi-Image Spans
643,multi_train,multi,Cross-Image Synthesis
644,multi_train,multi,Multi-Image Spans
646,multi_train,multi,Multi-Image Spans
2208,multi_train,multi,Multi-Image Spans
2404,multi_train,multi,Multi-Image Spans
1309,multi_train,multi,Multi-Image Spans
1310,multi_train,multi,Multi-Image Spans
1311,multi_train,multi,Non-Span
1312,multi_train,multi,Multi-Image Spans
1313,multi_train,multi,Multi-Image Spans
5101,multi_train,multi,Non-Span
5103,multi_train,multi,Multi-Image Spans
5104,multi_train,multi,Multi-Image Spans
5105,multi_train,multi,Multi-Image Spans
5090,multi_train,multi,Non-Span
5091,multi_train,multi,Multi-Image Spans
5092,multi_train,multi,Non-Span
5093,multi_train,multi,Multi-Image Spans
5094,multi_train,multi,Cross-Image Synthesis
5095,multi_train,multi,Non-Span
5096,multi_train,multi,Multi-Image Spans
5098,multi_train,multi,Multi-Image Spans
5099,multi_train,multi,Multi-Image Spans
5100,multi_train,multi,Multi-Image Spans
5713,multi_train,multi,Multi-Image Spans
5715,multi_train,multi,Cross-Image Synthesis
4839,multi_train,multi,Multi-Image Spans
4840,multi_train,multi,Multi-Image Spans
4841,multi_train,multi,Non-Span
4842,multi_train,multi,Multi-Image Spans
4843,multi_train,multi,Multi-Image Spans
4306,multi_train,multi,Multi-Image Spans
9394,multi_train,multi,Multi-Image Spans
9395,multi_train,multi,Non-Span
9396,multi_train,multi,Cross-Image Synthesis
9397,multi_train,multi,Non-Span
9398,multi_train,multi,Cross-Image Synthesis
9399,multi_train,multi,Cross-Image Synthesis
7332,multi_train,multi,Non-Span
7333,multi_train,multi,Multi-Image Spans
7334,multi_train,multi,Multi-Image Spans
8394,multi_train,multi,Non-Span
8395,multi_train,multi,Multi-Image Spans
8396,multi_train,multi,Cross-Image Synthesis
8397,multi_train,multi,Cross-Image Synthesis
3597,multi_train,multi,Non-Span
3589,multi_train,multi,Non-Span
3590,multi_train,multi,Non-Span
3591,multi_train,multi,Multi-Image Spans
3592,multi_train,multi,Cross-Image Synthesis
3593,multi_train,multi,Non-Span
3586,multi_train,multi,Non-Span
3587,multi_train,multi,Multi-Image Spans
3588,multi_train,multi,Cross-Image Synthesis
7690,multi_train,multi,Multi-Image Spans
2006,multi_train,multi,Multi-Image Spans
7490,multi_train,multi,Multi-Image Spans
7492,multi_train,multi,Non-Span
7493,multi_train,multi,Multi-Image Spans
9155,multi_train,multi,Multi-Image Spans
9157,multi_train,multi,Cross-Image Synthesis
9158,multi_train,multi,Multi-Image Spans
9159,multi_train,multi,Multi-Image Spans
9161,multi_train,multi,Cross-Image Synthesis
9151,multi_train,multi,Cross-Image Synthesis
9152,multi_train,multi,Multi-Image Spans
9153,multi_train,multi,Multi-Image Spans
9154,multi_train,multi,Non-Span
8127,multi_train,multi,Multi-Image Spans
8128,multi_train,multi,Non-Span
8129,multi_train,multi,Multi-Image Spans
2098,multi_train,multi,Cross-Image Synthesis
4706,multi_train,multi,Non-Span
4707,multi_train,multi,Multi-Image Spans
4708,multi_train,multi,Cross-Image Synthesis
4709,multi_train,multi,Cross-Image Synthesis
4710,multi_train,multi,Non-Span
6682,multi_train,multi,Multi-Image Spans
6683,multi_train,multi,Multi-Image Spans
5888,multi_train,multi,Non-Span
5889,multi_train,multi,Non-Span
5890,multi_train,multi,Cross-Image Synthesis
5891,multi_train,multi,Multi-Image Spans
5892,multi_train,multi,Non-Span
8490,multi_train,multi,Multi-Image Spans
8492,multi_train,multi,Multi-Image Spans
8494,multi_train,multi,Multi-Image Spans
8495,multi_train,multi,Multi-Image Spans
8498,multi_train,multi,Multi-Image Spans
1705,multi_train,multi,Multi-Image Spans
1706,multi_train,multi,Non-Span
1707,multi_train,multi,Multi-Image Spans
6160,multi_train,multi,Multi-Image Spans
6161,multi_train,multi,Cross-Image Synthesis
6163,multi_train,multi,Multi-Image Spans
5364,multi_train,multi,Multi-Image Spans
5365,multi_train,multi,Multi-Image Spans
7745,multi_train,multi,Multi-Image Spans
7746,multi_train,multi,Multi-Image Spans
7747,multi_train,multi,Non-Span
1382,multi_train,multi,Multi-Image Spans
1383,multi_train,multi,Non-Span
1384,multi_train,multi,Non-Span
1385,multi_train,multi,Cross-Image Synthesis
1386,multi_train,multi,Multi-Image Spans
1387,multi_train,multi,Cross-Image Synthesis
1364,multi_train,multi,Multi-Image Spans
1366,multi_train,multi,Multi-Image Spans
1367,multi_train,multi,Multi-Image Spans
5956,multi_train,multi,Cross-Image Synthesis
5958,multi_train,multi,Multi-Image Spans
5959,multi_train,multi,Multi-Image Spans
5960,multi_train,multi,Cross-Image Synthesis
5962,multi_train,multi,Non-Span
5964,multi_train,multi,Cross-Image Synthesis
5952,multi_train,multi,Multi-Image Spans
5954,multi_train,multi,Non-Span
738,multi_train,multi,Non-Span
739,multi_train,multi,Multi-Image Spans
735,multi_train,multi,Multi-Image Spans
736,multi_train,multi,Non-Span
5449,multi_train,multi,Multi-Image Spans
7902,multi_train,multi,Multi-Image Spans
7903,multi_train,multi,Multi-Image Spans
7904,multi_train,multi,Multi-Image Spans
948,multi_train,multi,Multi-Image Spans
949,multi_train,multi,Multi-Image Spans
950,multi_train,multi,Non-Span
951,multi_train,multi,Cross-Image Synthesis
952,multi_train,multi,Cross-Image Synthesis
9103,multi_train,multi,Cross-Image Synthesis
9105,multi_train,multi,Non-Span
9092,multi_train,multi,Multi-Image Spans
9093,multi_train,multi,Cross-Image Synthesis
9094,multi_train,multi,Non-Span
9098,multi_train,multi,Multi-Image Spans
9101,multi_train,multi,Multi-Image Spans
9099,multi_train,multi,Cross-Image Synthesis
8600,multi_train,multi,Cross-Image Synthesis
8601,multi_train,multi,Multi-Image Spans
8602,multi_train,multi,Multi-Image Spans
8603,multi_train,multi,Non-Span
2346,multi_train,multi,Multi-Image Spans
2347,multi_train,multi,Multi-Image Spans
2348,multi_train,multi,Non-Span
2349,multi_train,multi,Multi-Image Spans
2351,multi_train,multi,Multi-Image Spans
2352,multi_train,multi,Multi-Image Spans
2353,multi_train,multi,Non-Span
2354,multi_train,multi,Multi-Image Spans
489,multi_train,multi,Multi-Image Spans
2333,multi_train,multi,Multi-Image Spans
2334,multi_train,multi,Multi-Image Spans
2335,multi_train,multi,Non-Span
3480,multi_train,multi,Cross-Image Synthesis
3487,multi_train,multi,Multi-Image Spans
3489,multi_train,multi,Multi-Image Spans
3490,multi_train,multi,Multi-Image Spans
3491,multi_train,multi,Cross-Image Synthesis
3484,multi_train,multi,Multi-Image Spans
3485,multi_train,multi,Non-Span
4155,multi_train,multi,Cross-Image Synthesis
1229,multi_train,multi,Non-Span
1231,multi_train,multi,Multi-Image Spans
45,multi_train,multi,Multi-Image Spans
46,multi_train,multi,Cross-Image Synthesis
47,multi_train,multi,Non-Span
48,multi_train,multi,Cross-Image Synthesis
5471,multi_train,multi,Cross-Image Synthesis
3736,multi_train,multi,Cross-Image Synthesis
3737,multi_train,multi,Multi-Image Spans
6609,multi_train,multi,Non-Span
6611,multi_train,multi,Multi-Image Spans
6612,multi_train,multi,Multi-Image Spans
99,multi_train,multi,Multi-Image Spans
101,multi_train,multi,Multi-Image Spans
5933,multi_train,multi,Non-Span
5934,multi_train,multi,Cross-Image Synthesis
5935,multi_train,multi,Cross-Image Synthesis
5936,multi_train,multi,Multi-Image Spans
5937,multi_train,multi,Non-Span
6072,multi_train,multi,Multi-Image Spans
6073,multi_train,multi,Multi-Image Spans
6074,multi_train,multi,Non-Span
1671,multi_train,multi,Multi-Image Spans
1673,multi_train,multi,Multi-Image Spans
4308,multi_train,multi,Non-Span
8333,multi_train,multi,Cross-Image Synthesis
8334,multi_train,multi,Multi-Image Spans
8335,multi_train,multi,Non-Span
9413,multi_train,multi,Multi-Image Spans
9414,multi_train,multi,Non-Span
9415,multi_train,multi,Multi-Image Spans
9416,multi_train,multi,Cross-Image Synthesis
9417,multi_train,multi,Cross-Image Synthesis
8827,multi_train,multi,Multi-Image Spans
8829,multi_train,multi,Multi-Image Spans
8830,multi_train,multi,Non-Span
8822,multi_train,multi,Non-Span
8823,multi_train,multi,Non-Span
8824,multi_train,multi,Multi-Image Spans
8825,multi_train,multi,Cross-Image Synthesis
8165,multi_train,multi,Multi-Image Spans
8167,multi_train,multi,Non-Span
8168,multi_train,multi,Multi-Image Spans
8169,multi_train,multi,Cross-Image Synthesis
6947,multi_train,multi,Non-Span
6948,multi_train,multi,Non-Span
6949,multi_train,multi,Non-Span
6950,multi_train,multi,Multi-Image Spans
6951,multi_train,multi,Multi-Image Spans
3334,multi_train,multi,Multi-Image Spans
3336,multi_train,multi,Non-Span
3330,multi_train,multi,Multi-Image Spans
3331,multi_train,multi,Multi-Image Spans
3337,multi_train,multi,Multi-Image Spans
3338,multi_train,multi,Multi-Image Spans
3339,multi_train,multi,Multi-Image Spans
3340,multi_train,multi,Multi-Image Spans
6844,multi_train,multi,Multi-Image Spans
6845,multi_train,multi,Cross-Image Synthesis
6846,multi_train,multi,Multi-Image Spans
6847,multi_train,multi,Non-Span
6848,multi_train,multi,Multi-Image Spans
1165,multi_train,multi,Non-Span
1166,multi_train,multi,Multi-Image Spans
1167,multi_train,multi,Multi-Image Spans
5629,multi_train,multi,Multi-Image Spans
5630,multi_train,multi,Multi-Image Spans
5631,multi_train,multi,Non-Span
1823,multi_train,multi,Non-Span
1824,multi_train,multi,Multi-Image Spans
1826,multi_train,multi,Multi-Image Spans
1827,multi_train,multi,Multi-Image Spans
8170,multi_train,multi,Non-Span
8171,multi_train,multi,Cross-Image Synthesis
8173,multi_train,multi,Multi-Image Spans
8174,multi_train,multi,Non-Span
5583,multi_train,multi,Cross-Image Synthesis
5584,multi_train,multi,Multi-Image Spans
5585,multi_train,multi,Non-Span
2693,multi_train,multi,Cross-Image Synthesis
2694,multi_train,multi,Multi-Image Spans
2695,multi_train,multi,Cross-Image Synthesis
2696,multi_train,multi,Non-Span
2697,multi_train,multi,Multi-Image Spans
2701,multi_train,multi,Multi-Image Spans
2703,multi_train,multi,Non-Span
7806,multi_train,multi,Multi-Image Spans
7824,multi_train,multi,Non-Span
7826,multi_train,multi,Multi-Image Spans
254,multi_train,multi,Multi-Image Spans
5159,multi_train,multi,Non-Span
5161,multi_train,multi,Multi-Image Spans
5164,multi_train,multi,Multi-Image Spans
1647,multi_train,multi,Multi-Image Spans
4798,multi_train,multi,Multi-Image Spans
3230,multi_train,multi,Cross-Image Synthesis
3232,multi_train,multi,Multi-Image Spans
3233,multi_train,multi,Cross-Image Synthesis
3222,multi_train,multi,Multi-Image Spans
3224,multi_train,multi,Multi-Image Spans
106,multi_train,multi,Non-Span
9276,multi_train,multi,Multi-Image Spans
9277,multi_train,multi,Multi-Image Spans
9278,multi_train,multi,Non-Span
9282,multi_train,multi,Multi-Image Spans
9283,multi_train,multi,Non-Span
9284,multi_train,multi,Cross-Image Synthesis
9285,multi_train,multi,Cross-Image Synthesis
9279,multi_train,multi,Non-Span
9280,multi_train,multi,Cross-Image Synthesis
9281,multi_train,multi,Multi-Image Spans
6964,multi_train,multi,Multi-Image Spans
6965,multi_train,multi,Multi-Image Spans
6966,multi_train,multi,Cross-Image Synthesis
8222,multi_train,multi,Multi-Image Spans
8223,multi_train,multi,Cross-Image Synthesis
8224,multi_train,multi,Non-Span
8225,multi_train,multi,Cross-Image Synthesis
8858,multi_test,multi,Multi-Image Spans
8859,multi_test,multi,Non-Span
8860,multi_test,multi,Cross-Image Synthesis
8081,multi_test,multi,Multi-Image Spans
6038,multi_test,multi,Non-Span
6039,multi_test,multi,Multi-Image Spans
7416,multi_test,multi,Multi-Image Spans
1249,multi_test,multi,Non-Span
1250,multi_test,multi,Multi-Image Spans
1251,multi_test,multi,Multi-Image Spans
1252,multi_test,multi,Multi-Image Spans
7816,multi_test,multi,Multi-Image Spans
7817,multi_test,multi,Multi-Image Spans
7819,multi_test,multi,Cross-Image Synthesis
8311,multi_test,multi,Cross-Image Synthesis
8312,multi_test,multi,Multi-Image Spans
8313,multi_test,multi,Non-Span
8314,multi_test,multi,Multi-Image Spans
1033,multi_test,multi,Multi-Image Spans
1031,multi_test,multi,Multi-Image Spans
6194,multi_test,multi,Non-Span
6195,multi_test,multi,Multi-Image Spans
2469,multi_test,multi,Multi-Image Spans
2470,multi_test,multi,Cross-Image Synthesis
2473,multi_test,multi,Multi-Image Spans
2474,multi_test,multi,Cross-Image Synthesis
2475,multi_test,multi,Non-Span
5918,multi_test,multi,Multi-Image Spans
5919,multi_test,multi,Multi-Image Spans
5920,multi_test,multi,Non-Span
5921,multi_test,multi,Non-Span
5914,multi_test,multi,Multi-Image Spans
5296,multi_test,multi,Multi-Image Spans
5297,multi_test,multi,Non-Span
6576,multi_test,multi,Multi-Image Spans
6578,multi_test,multi,Multi-Image Spans
4376,multi_test,multi,Multi-Image Spans
4378,multi_test,multi,Cross-Image Synthesis
4379,multi_test,multi,Multi-Image Spans
4405,multi_test,multi,Multi-Image Spans
4406,multi_test,multi,Non-Span
4407,multi_test,multi,Multi-Image Spans
4408,multi_test,multi,Non-Span
631,multi_test,multi,Multi-Image Spans
634,multi_test,multi,Multi-Image Spans
626,multi_test,multi,Multi-Image Spans
627,multi_test,multi,Non-Span
629,multi_test,multi,Multi-Image Spans
630,multi_test,multi,Non-Span
628,multi_test,multi,Non-Span
635,multi_test,multi,Non-Span
636,multi_test,multi,Multi-Image Spans
638,multi_test,multi,Non-Span
6579,multi_test,multi,Multi-Image Spans
6580,multi_test,multi,Multi-Image Spans
9499,multi_test,multi,Multi-Image Spans
9501,multi_test,multi,Non-Span
9502,multi_test,multi,Cross-Image Synthesis
9500,multi_test,multi,Non-Span
9503,multi_test,multi,Non-Span
7408,multi_test,multi,Multi-Image Spans
1660,multi_test,multi,Multi-Image Spans
1661,multi_test,multi,Non-Span
1662,multi_test,multi,Multi-Image Spans
6863,multi_test,multi,Multi-Image Spans
1606,multi_test,multi,Non-Span
1202,multi_test,multi,Multi-Image Spans
1203,multi_test,multi,Non-Span
1204,multi_test,multi,Multi-Image Spans
1206,multi_test,multi,Multi-Image Spans
1205,multi_test,multi,Cross-Image Synthesis
383,multi_test,multi,Cross-Image Synthesis
384,multi_test,multi,Non-Span
385,multi_test,multi,Cross-Image Synthesis
386,multi_test,multi,Multi-Image Spans
8122,multi_test,multi,Cross-Image Synthesis
1002,multi_test,multi,Multi-Image Spans
1003,multi_test,multi,Multi-Image Spans
1004,multi_test,multi,Multi-Image Spans
1006,multi_test,multi,Multi-Image Spans
5512,multi_test,multi,Multi-Image Spans
5514,multi_test,multi,Multi-Image Spans
5644,multi_test,multi,Cross-Image Synthesis
1473,multi_test,multi,Multi-Image Spans
1474,multi_test,multi,Multi-Image Spans
8711,multi_test,multi,Non-Span
8712,multi_test,multi,Cross-Image Synthesis
8713,multi_test,multi,Multi-Image Spans
8714,multi_test,multi,Multi-Image Spans
8715,multi_test,multi,Multi-Image Spans
8707,multi_test,multi,Multi-Image Spans
8708,multi_test,multi,Multi-Image Spans
8709,multi_test,multi,Non-Span
8710,multi_test,multi,Cross-Image Synthesis
8704,multi_test,multi,Cross-Image Synthesis
8706,multi_test,multi,Multi-Image Spans
4141,multi_test,multi,Multi-Image Spans
4142,multi_test,multi,Multi-Image Spans
4497,multi_test,multi,Cross-Image Synthesis
4498,multi_test,multi,Non-Span
4499,multi_test,multi,Multi-Image Spans
6468,multi_test,multi,Multi-Image Spans
6471,multi_test,multi,Multi-Image Spans
6472,multi_test,multi,Multi-Image Spans
6473,multi_test,multi,Multi-Image Spans
4753,multi_test,multi,Multi-Image Spans
4754,multi_test,multi,Multi-Image Spans
4755,multi_test,multi,Non-Span
6482,multi_test,multi,Multi-Image Spans
6483,multi_test,multi,Non-Span
8053,multi_test,multi,Multi-Image Spans
8054,multi_test,multi,Non-Span
8055,multi_test,multi,Cross-Image Synthesis
8056,multi_test,multi,Multi-Image Spans
8057,multi_test,multi,Non-Span
2691,multi_test,multi,Multi-Image Spans
6062,multi_test,multi,Multi-Image Spans
6063,multi_test,multi,Non-Span
6066,multi_test,multi,Multi-Image Spans
9418,multi_test,multi,Non-Span
9419,multi_test,multi,Cross-Image Synthesis
9420,multi_test,multi,Multi-Image Spans
8031,multi_test,multi,Non-Span
8032,multi_test,multi,Multi-Image Spans
8034,multi_test,multi,Non-Span
2399,multi_test,multi,Multi-Image Spans
9535,multi_test,multi,Non-Span
9536,multi_test,multi,Multi-Image Spans
9537,multi_test,multi,Cross-Image Synthesis
2718,multi_test,multi,Cross-Image Synthesis
2719,multi_test,multi,Non-Span
2720,multi_test,multi,Multi-Image Spans
2725,multi_test,multi,Non-Span
2726,multi_test,multi,Cross-Image Synthesis
2722,multi_test,multi,Non-Span
2723,multi_test,multi,Multi-Image Spans
2724,multi_test,multi,Multi-Image Spans
1512,multi_test,multi,Multi-Image Spans
1513,multi_test,multi,Non-Span
1514,multi_test,multi,Multi-Image Spans
1516,multi_test,multi,Multi-Image Spans
5206,multi_test,multi,Multi-Image Spans
5207,multi_test,multi,Non-Span
5208,multi_test,multi,Cross-Image Synthesis
6977,multi_test,multi,Non-Span
4475,multi_test,multi,Cross-Image Synthesis
4477,multi_test,multi,Non-Span
5565,multi_test,multi,Multi-Image Spans
5566,multi_test,multi,Non-Span
5567,multi_test,multi,Cross-Image Synthesis
7176,multi_test,multi,Multi-Image Spans
7177,multi_test,multi,Cross-Image Synthesis
7178,multi_test,multi,Cross-Image Synthesis
7168,multi_test,multi,Non-Span
7169,multi_test,multi,Multi-Image Spans
7170,multi_test,multi,Multi-Image Spans
7171,multi_test,multi,Multi-Image Spans
7172,multi_test,multi,Multi-Image Spans
7175,multi_test,multi,Multi-Image Spans
2105,multi_test,multi,Non-Span
2107,multi_test,multi,Multi-Image Spans
3657,multi_test,multi,Non-Span
3658,multi_test,multi,Cross-Image Synthesis
7797,multi_test,multi,Multi-Image Spans
6326,multi_test,multi,Multi-Image Spans
6328,multi_test,multi,Cross-Image Synthesis
2086,multi_test,multi,Non-Span
2087,multi_test,multi,Multi-Image Spans
2088,multi_test,multi,Cross-Image Synthesis
677,multi_test,multi,Multi-Image Spans
678,multi_test,multi,Multi-Image Spans
679,multi_test,multi,Cross-Image Synthesis
680,multi_test,multi,Cross-Image Synthesis
681,multi_test,multi,Non-Span
2770,multi_test,multi,Multi-Image Spans
2772,multi_test,multi,Non-Span
2773,multi_test,multi,Cross-Image Synthesis
2779,multi_test,multi,Non-Span
2780,multi_test,multi,Multi-Image Spans
2781,multi_test,multi,Cross-Image Synthesis
2774,multi_test,multi,Non-Span
2775,multi_test,multi,Multi-Image Spans
2776,multi_test,multi,Multi-Image Spans
2777,multi_test,multi,Non-Span
2778,multi_test,multi,Cross-Image Synthesis
4517,multi_test,multi,Multi-Image Spans
3662,multi_test,multi,Cross-Image Synthesis
3663,multi_test,multi,Multi-Image Spans
9490,multi_test,multi,Cross-Image Synthesis
9492,multi_test,multi,Non-Span
9493,multi_test,multi,Cross-Image Synthesis
9494,multi_test,multi,Multi-Image Spans
9491,multi_test,multi,Cross-Image Synthesis
9498,multi_test,multi,Multi-Image Spans
9496,multi_test,multi,Non-Span
9497,multi_test,multi,Cross-Image Synthesis
9487,multi_test,multi,Non-Span
9488,multi_test,multi,Multi-Image Spans
9489,multi_test,multi,Multi-Image Spans
2253,multi_test,multi,Multi-Image Spans
2255,multi_test,multi,Cross-Image Synthesis
2256,multi_test,multi,Non-Span
466,multi_test,multi,Multi-Image Spans
467,multi_test,multi,Multi-Image Spans
8291,multi_test,multi,Multi-Image Spans
8292,multi_test,multi,Multi-Image Spans
8293,multi_test,multi,Non-Span
8294,multi_test,multi,Non-Span
8295,multi_test,multi,Cross-Image Synthesis
8220,multi_test,multi,Cross-Image Synthesis
3741,multi_test,multi,Multi-Image Spans
3742,multi_test,multi,Non-Span
3743,multi_test,multi,Multi-Image Spans
7445,multi_test,multi,Non-Span
7446,multi_test,multi,Non-Span
2166,multi_test,multi,Multi-Image Spans
2168,multi_test,multi,Multi-Image Spans
6223,multi_test,multi,Non-Span
6224,multi_test,multi,Multi-Image Spans
6225,multi_test,multi,Cross-Image Synthesis
6226,multi_test,multi,Cross-Image Synthesis
7478,multi_test,multi,Multi-Image Spans
6956,multi_test,multi,Multi-Image Spans
6957,multi_test,multi,Non-Span
2801,multi_test,multi,Cross-Image Synthesis
2803,multi_test,multi,Multi-Image Spans
4362,multi_test,multi,Cross-Image Synthesis
4363,multi_test,multi,Non-Span
4364,multi_test,multi,Cross-Image Synthesis
4365,multi_test,multi,Multi-Image Spans
5232,multi_test,multi,Multi-Image Spans
1687,multi_test,multi,Multi-Image Spans
1688,multi_test,multi,Non-Span
1689,multi_test,multi,Cross-Image Synthesis
1690,multi_test,multi,Non-Span
9545,multi_test,multi,Cross-Image Synthesis
9546,multi_test,multi,Non-Span
9547,multi_test,multi,Cross-Image Synthesis
9548,multi_test,multi,Multi-Image Spans
9544,multi_test,multi,Non-Span
7883,multi_test,multi,Multi-Image Spans
7884,multi_test,multi,Multi-Image Spans
5990,multi_test,multi,Non-Span
5991,multi_test,multi,Non-Span
5992,multi_test,multi,Cross-Image Synthesis
5993,multi_test,multi,Multi-Image Spans
1755,multi_test,multi,Non-Span
1757,multi_test,multi,Multi-Image Spans
6918,multi_test,multi,Non-Span
6919,multi_test,multi,Multi-Image Spans
6705,multi_test,multi,Multi-Image Spans
795,multi_test,multi,Multi-Image Spans
796,multi_test,multi,Multi-Image Spans
797,multi_test,multi,Multi-Image Spans
798,multi_test,multi,Multi-Image Spans
799,multi_test,multi,Multi-Image Spans
790,multi_test,multi,Cross-Image Synthesis
791,multi_test,multi,Multi-Image Spans
792,multi_test,multi,Cross-Image Synthesis
793,multi_test,multi,Multi-Image Spans
7039,multi_test,multi,Multi-Image Spans
7040,multi_test,multi,Multi-Image Spans
7041,multi_test,multi,Multi-Image Spans
7043,multi_test,multi,Multi-Image Spans
7430,multi_test,multi,Cross-Image Synthesis
7431,multi_test,multi,Multi-Image Spans
7432,multi_test,multi,Multi-Image Spans
7591,multi_test,multi,Non-Span
7592,multi_test,multi,Multi-Image Spans
7593,multi_test,multi,Cross-Image Synthesis
2754,multi_test,multi,Multi-Image Spans
2755,multi_test,multi,Cross-Image Synthesis
2756,multi_test,multi,Non-Span
2757,multi_test,multi,Cross-Image Synthesis
2758,multi_test,multi,Multi-Image Spans
2759,multi_test,multi,Multi-Image Spans
7319,multi_test,multi,Multi-Image Spans
7320,multi_test,multi,Multi-Image Spans
7321,multi_test,multi,Non-Span
7315,multi_test,multi,Non-Span
7316,multi_test,multi,Multi-Image Spans
7317,multi_test,multi,Multi-Image Spans
7318,multi_test,multi,Multi-Image Spans
7322,multi_test,multi,Non-Span
7323,multi_test,multi,Cross-Image Synthesis
7324,multi_test,multi,Multi-Image Spans
2069,multi_test,multi,Multi-Image Spans
2070,multi_test,multi,Non-Span
2071,multi_test,multi,Cross-Image Synthesis
4073,multi_test,multi,Multi-Image Spans
4074,multi_test,multi,Non-Span
4075,multi_test,multi,Non-Span
4261,multi_test,multi,Multi-Image Spans
4262,multi_test,multi,Non-Span
4263,multi_test,multi,Cross-Image Synthesis
4264,multi_test,multi,Multi-Image Spans
4265,multi_test,multi,Cross-Image Synthesis
4266,multi_test,multi,Non-Span
4267,multi_test,multi,Multi-Image Spans
4268,multi_test,multi,Non-Span
4269,multi_test,multi,Multi-Image Spans
4270,multi_test,multi,Cross-Image Synthesis
4259,multi_test,multi,Cross-Image Synthesis
4260,multi_test,multi,Multi-Image Spans
1684,multi_test,multi,Multi-Image Spans
1685,multi_test,multi,Non-Span
4178,multi_test,multi,Cross-Image Synthesis
4179,multi_test,multi,Non-Span
4180,multi_test,multi,Cross-Image Synthesis
4181,multi_test,multi,Multi-Image Spans
6921,multi_test,multi,Multi-Image Spans
6922,multi_test,multi,Cross-Image Synthesis
6923,multi_test,multi,Non-Span
5154,multi_test,multi,Non-Span
5155,multi_test,multi,Non-Span
5156,multi_test,multi,Multi-Image Spans
5157,multi_test,multi,Multi-Image Spans
5158,multi_test,multi,Cross-Image Synthesis
5145,multi_test,multi,Multi-Image Spans
5147,multi_test,multi,Multi-Image Spans
5148,multi_test,multi,Non-Span
5150,multi_test,multi,Cross-Image Synthesis
5151,multi_test,multi,Non-Span
5152,multi_test,multi,Cross-Image Synthesis
5153,multi_test,multi,Multi-Image Spans
9273,multi_test,multi,Multi-Image Spans
9274,multi_test,multi,Non-Span
9275,multi_test,multi,Cross-Image Synthesis
9241,multi_test,multi,Non-Span
9242,multi_test,multi,Multi-Image Spans
9243,multi_test,multi,Multi-Image Spans
1114,multi_test,multi,Multi-Image Spans
1115,multi_test,multi,Multi-Image Spans
1116,multi_test,multi,Multi-Image Spans
9444,multi_test,multi,Non-Span
9445,multi_test,multi,Multi-Image Spans
9446,multi_test,multi,Multi-Image Spans
9447,multi_test,multi,Cross-Image Synthesis
9448,multi_test,multi,Cross-Image Synthesis
891,multi_test,multi,Non-Span
892,multi_test,multi,Multi-Image Spans
893,multi_test,multi,Non-Span
894,multi_test,multi,Multi-Image Spans
3145,multi_test,multi,Multi-Image Spans
3146,multi_test,multi,Cross-Image Synthesis
3147,multi_test,multi,Non-Span
3148,multi_test,multi,Cross-Image Synthesis
3149,multi_test,multi,Multi-Image Spans
3150,multi_test,multi,Non-Span
8269,multi_test,multi,Non-Span
8270,multi_test,multi,Non-Span
8271,multi_test,multi,Multi-Image Spans
2235,multi_test,multi,Non-Span
2236,multi_test,multi,Multi-Image Spans
2238,multi_test,multi,Multi-Image Spans
2239,multi_test,multi,Multi-Image Spans
2240,multi_test,multi,Multi-Image Spans
7754,multi_test,multi,Multi-Image Spans
7755,multi_test,multi,Multi-Image Spans
7756,multi_test,multi,Multi-Image Spans
365,multi_test,multi,Cross-Image Synthesis
745,multi_test,multi,Non-Span
746,multi_test,multi,Non-Span
747,multi_test,multi,Multi-Image Spans
740,multi_test,multi,Non-Span
741,multi_test,multi,Cross-Image Synthesis
742,multi_test,multi,Multi-Image Spans
743,multi_test,multi,Cross-Image Synthesis
744,multi_test,multi,Multi-Image Spans
749,multi_test,multi,Multi-Image Spans
750,multi_test,multi,Non-Span
748,multi_test,multi,Multi-Image Spans
7612,multi_test,multi,Multi-Image Spans
7614,multi_test,multi,Non-Span
1939,multi_test,multi,Cross-Image Synthesis
1940,multi_test,multi,Non-Span
1943,multi_test,multi,Multi-Image Spans
6417,multi_test,multi,Cross-Image Synthesis
4137,multi_test,multi,Non-Span
4138,multi_test,multi,Cross-Image Synthesis
6784,multi_test,multi,Multi-Image Spans
6785,multi_test,multi,Cross-Image Synthesis
6786,multi_test,multi,Cross-Image Synthesis
6788,multi_test,multi,Non-Span
6789,multi_test,multi,Multi-Image Spans
6869,multi_test,multi,Multi-Image Spans
3216,multi_test,multi,Non-Span
3217,multi_test,multi,Multi-Image Spans
3212,multi_test,multi,Multi-Image Spans
3213,multi_test,multi,Cross-Image Synthesis
3214,multi_test,multi,Multi-Image Spans
3215,multi_test,multi,Cross-Image Synthesis
3218,multi_test,multi,Multi-Image Spans
3219,multi_test,multi,Multi-Image Spans
3220,multi_test,multi,Non-Span
6186,multi_test,multi,Multi-Image Spans
881,multi_test,multi,Multi-Image Spans
882,multi_test,multi,Multi-Image Spans
883,multi_test,multi,Multi-Image Spans
884,multi_test,multi,Multi-Image Spans
4355,multi_test,multi,Non-Span
4356,multi_test,multi,Multi-Image Spans
4357,multi_test,multi,Multi-Image Spans
4358,multi_test,multi,Cross-Image Synthesis
1358,multi_test,multi,Multi-Image Spans
1359,multi_test,multi,Non-Span
6030,multi_test,multi,Non-Span
6031,multi_test,multi,Multi-Image Spans
6032,multi_test,multi,Multi-Image Spans
6033,multi_test,multi,Multi-Image Spans
6034,multi_test,multi,Non-Span
6035,multi_test,multi,Multi-Image Spans
6036,multi_test,multi,Non-Span
6037,multi_test,multi,Multi-Image Spans
6024,multi_test,multi,Cross-Image Synthesis
6025,multi_test,multi,Non-Span
6026,multi_test,multi,Multi-Image Spans
6027,multi_test,multi,Cross-Image Synthesis
6028,multi_test,multi,Multi-Image Spans
5212,multi_test,multi,Cross-Image Synthesis
7886,multi_test,multi,Multi-Image Spans
7887,multi_test,multi,Multi-Image Spans
7888,multi_test,multi,Non-Span
327,multi_test,multi,Multi-Image Spans
328,multi_test,multi,Multi-Image Spans
329,multi_test,multi,Non-Span
330,multi_test,multi,Multi-Image Spans
8815,multi_test,multi,Multi-Image Spans
8817,multi_test,multi,Non-Span
8818,multi_test,multi,Multi-Image Spans
2713,multi_test,multi,Non-Span
2714,multi_test,multi,Non-Span
2715,multi_test,multi,Multi-Image Spans
2716,multi_test,multi,Non-Span
2717,multi_test,multi,Cross-Image Synthesis
2705,multi_test,multi,Multi-Image Spans
2706,multi_test,multi,Non-Span
2707,multi_test,multi,Cross-Image Synthesis
2708,multi_test,multi,Cross-Image Synthesis
2710,multi_test,multi,Multi-Image Spans
2711,multi_test,multi,Multi-Image Spans
2712,multi_test,multi,Non-Span
6655,multi_test,multi,Multi-Image Spans
6657,multi_test,multi,Cross-Image Synthesis
3985,multi_test,multi,Multi-Image Spans
4118,multi_test,multi,Non-Span
4119,multi_test,multi,Non-Span
1073,multi_test,multi,Non-Span
1074,multi_test,multi,Cross-Image Synthesis
1075,multi_test,multi,Multi-Image Spans
1072,multi_test,multi,Non-Span
4366,multi_test,multi,Non-Span
4367,multi_test,multi,Cross-Image Synthesis
4368,multi_test,multi,Multi-Image Spans
1018,multi_test,multi,Multi-Image Spans
1019,multi_test,multi,Non-Span
1020,multi_test,multi,Non-Span
9527,multi_test,multi,Multi-Image Spans
9528,multi_test,multi,Cross-Image Synthesis
9529,multi_test,multi,Non-Span
3907,multi_test,multi,Cross-Image Synthesis
8187,multi_test,multi,Multi-Image Spans
8189,multi_test,multi,Multi-Image Spans
8190,multi_test,multi,Multi-Image Spans
8191,multi_test,multi,Non-Span
2131,multi_test,multi,Non-Span
2132,multi_test,multi,Multi-Image Spans
2133,multi_test,multi,Cross-Image Synthesis
1623,multi_test,multi,Multi-Image Spans
1624,multi_test,multi,Multi-Image Spans
1625,multi_test,multi,Multi-Image Spans
9339,multi_test,multi,Cross-Image Synthesis
9340,multi_test,multi,Non-Span
9335,multi_test,multi,Multi-Image Spans
9336,multi_test,multi,Non-Span
9337,multi_test,multi,Non-Span
9338,multi_test,multi,Cross-Image Synthesis
9332,multi_test,multi,Cross-Image Synthesis
9333,multi_test,multi,Multi-Image Spans
9334,multi_test,multi,Non-Span
3935,multi_test,multi,Multi-Image Spans
3936,multi_test,multi,Non-Span
3939,multi_test,multi,Multi-Image Spans
4702,multi_test,multi,Cross-Image Synthesis
4703,multi_test,multi,Non-Span
4704,multi_test,multi,Cross-Image Synthesis
4705,multi_test,multi,Multi-Image Spans
7558,multi_test,multi,Multi-Image Spans
7559,multi_test,multi,Cross-Image Synthesis
7561,multi_test,multi,Multi-Image Spans
1656,multi_test,multi,Non-Span
1657,multi_test,multi,Multi-Image Spans
1658,multi_test,multi,Multi-Image Spans
8799,multi_test,multi,Non-Span
8800,multi_test,multi,Multi-Image Spans
8802,multi_test,multi,Multi-Image Spans
8796,multi_test,multi,Multi-Image Spans
8797,multi_test,multi,Multi-Image Spans
8798,multi_test,multi,Multi-Image Spans
8793,multi_test,multi,Non-Span
8794,multi_test,multi,Multi-Image Spans
8795,multi_test,multi,Multi-Image Spans
8150,multi_test,multi,Multi-Image Spans
8152,multi_test,multi,Non-Span
524,multi_test,multi,Cross-Image Synthesis
525,multi_test,multi,Non-Span
527,multi_test,multi,Cross-Image Synthesis
528,multi_test,multi,Non-Span
519,multi_test,multi,Non-Span
520,multi_test,multi,Cross-Image Synthesis
522,multi_test,multi,Cross-Image Synthesis
518,multi_test,multi,Multi-Image Spans
516,multi_test,multi,Cross-Image Synthesis
517,multi_test,multi,Non-Span
8853,multi_test,multi,Multi-Image Spans
8854,multi_test,multi,Non-Span
8855,multi_test,multi,Multi-Image Spans
8850,multi_test,multi,Multi-Image Spans
8857,multi_test,multi,Multi-Image Spans
2935,multi_test,multi,Non-Span
2936,multi_test,multi,Multi-Image Spans
2937,multi_test,multi,Non-Span
2938,multi_test,multi,Cross-Image Synthesis
2939,multi_test,multi,Multi-Image Spans
6524,multi_test,multi,Non-Span
5061,multi_test,multi,Cross-Image Synthesis
5055,multi_test,multi,Non-Span
5056,multi_test,multi,Multi-Image Spans
5057,multi_test,multi,Multi-Image Spans
5058,multi_test,multi,Multi-Image Spans
2171,multi_test,multi,Multi-Image Spans
2173,multi_test,multi,Non-Span
4666,multi_test,multi,Multi-Image Spans
4667,multi_test,multi,Non-Span
4668,multi_test,multi,Cross-Image Synthesis
4669,multi_test,multi,Multi-Image Spans
9518,multi_test,multi,Non-Span
9519,multi_test,multi,Multi-Image Spans
9516,multi_test,multi,Non-Span
9517,multi_test,multi,Cross-Image Synthesis
9513,multi_test,multi,Cross-Image Synthesis
9514,multi_test,multi,Non-Span
9515,multi_test,multi,Multi-Image Spans
7587,multi_test,multi,Non-Span
7588,multi_test,multi,Cross-Image Synthesis
7589,multi_test,multi,Multi-Image Spans
7590,multi_test,multi,Multi-Image Spans
7066,multi_test,multi,Multi-Image Spans
7067,multi_test,multi,Multi-Image Spans
7069,multi_test,multi,Non-Span
7070,multi_test,multi,Multi-Image Spans
7071,multi_test,multi,Cross-Image Synthesis
7072,multi_test,multi,Multi-Image Spans
7073,multi_test,multi,Cross-Image Synthesis
7074,multi_test,multi,Multi-Image Spans
7778,multi_test,multi,Multi-Image Spans
7779,multi_test,multi,Non-Span
7780,multi_test,multi,Non-Span
7781,multi_test,multi,Multi-Image Spans
7782,multi_test,multi,Cross-Image Synthesis
1995,multi_test,multi,Multi-Image Spans
6275,multi_test,multi,Multi-Image Spans
6277,multi_test,multi,Multi-Image Spans
153,multi_test,multi,Multi-Image Spans
154,multi_test,multi,Multi-Image Spans
155,multi_test,multi,Cross-Image Synthesis
157,multi_test,multi,Non-Span
6634,multi_test,multi,Multi-Image Spans
6635,multi_test,multi,Multi-Image Spans
6636,multi_test,multi,Multi-Image Spans
5610,multi_test,multi,Non-Span
5611,multi_test,multi,Cross-Image Synthesis
5612,multi_test,multi,Multi-Image Spans
5613,multi_test,multi,Cross-Image Synthesis
5614,multi_test,multi,Multi-Image Spans
5615,multi_test,multi,Cross-Image Synthesis
2284,multi_test,multi,Multi-Image Spans
2285,multi_test,multi,Multi-Image Spans
2286,multi_test,multi,Non-Span
2287,multi_test,multi,Non-Span
2288,multi_test,multi,Cross-Image Synthesis
2289,multi_test,multi,Non-Span
2156,multi_test,multi,Cross-Image Synthesis
2157,multi_test,multi,Non-Span
2160,multi_test,multi,Multi-Image Spans
2161,multi_test,multi,Non-Span
1039,multi_test,multi,Multi-Image Spans
1041,multi_test,multi,Multi-Image Spans
1042,multi_test,multi,Multi-Image Spans
1043,multi_test,multi,Multi-Image Spans
1040,multi_test,multi,Non-Span
196,multi_test,multi,Non-Span
209,multi_test,multi,Non-Span
210,multi_test,multi,Multi-Image Spans
4697,multi_test,multi,Multi-Image Spans
4698,multi_test,multi,Multi-Image Spans
4699,multi_test,multi,Multi-Image Spans
4700,multi_test,multi,Cross-Image Synthesis
4701,multi_test,multi,Non-Span
6543,multi_test,multi,Non-Span
962,multi_test,multi,Multi-Image Spans
963,multi_test,multi,Multi-Image Spans
6122,multi_test,multi,Multi-Image Spans
6126,multi_test,multi,Multi-Image Spans
7998,multi_test,multi,Multi-Image Spans
8000,multi_test,multi,Non-Span
7376,multi_test,multi,Multi-Image Spans
7377,multi_test,multi,Multi-Image Spans
7378,multi_test,multi,Multi-Image Spans
1126,multi_test,multi,Multi-Image Spans
7965,multi_test,multi,Non-Span
1479,multi_test,multi,Multi-Image Spans
1480,multi_test,multi,Non-Span
1481,multi_test,multi,Multi-Image Spans
2195,multi_test,multi,Non-Span
2196,multi_test,multi,Cross-Image Synthesis
2385,multi_test,multi,Multi-Image Spans
2386,multi_test,multi,Non-Span
2387,multi_test,multi,Cross-Image Synthesis
2889,multi_test,multi,Multi-Image Spans
2890,multi_test,multi,Non-Span
2891,multi_test,multi,Cross-Image Synthesis
2892,multi_test,multi,Cross-Image Synthesis
2893,multi_test,multi,Cross-Image Synthesis
2894,multi_test,multi,Non-Span
2886,multi_test,multi,Cross-Image Synthesis
2887,multi_test,multi,Non-Span
8005,multi_test,multi,Multi-Image Spans
8007,multi_test,multi,Multi-Image Spans
141,multi_test,multi,Non-Span
142,multi_test,multi,Multi-Image Spans
1225,multi_test,multi,Multi-Image Spans
1227,multi_test,multi,Multi-Image Spans
6952,multi_test,multi,Non-Span
6953,multi_test,multi,Multi-Image Spans
6954,multi_test,multi,Cross-Image Synthesis
