question_id,split_name,task_family,question_type,reasoning_mode
27333,single_train,single,what,lookup
27326,single_train,single,how_many,reasoning
27325,single_train,single,when,lookup
27328,single_train,single,which,lookup
27327,single_train,single,which,lookup
27323,single_train,single,which,lookup
27329,single_train,single,which,lookup
83960,single_train,single,what,lookup
83965,single_train,single,how_many,reasoning
83966,single_train,single,how_many,reasoning
83956,single_train,single,how_many,reasoning
83962,single_train,single,how_many,reasoning
83959,single_train,single,how_many,reasoning
83964,single_train,single,how_many,reasoning
83963,single_train,single,how_many,lookup
83961,single_train,single,how_many,reasoning
83955,single_train,single,list,reasoning
83958,single_train,single,count,lookup
83957,single_train,single,which,reasoning
69070,single_train,single,what,lookup
69065,single_train,single,which,lookup
69067,single_train,single,what,lookup
69061,single_train,single,how_many,lookup
69062,single_train,single,which,lookup
69071,single_train,single,how_many,lookup
69069,single_train,single,what,lookup
69068,single_train,single,how_many,reasoning
69066,single_train,single,other,lookup
69063,single_train,single,how_many,lookup
165261,single_train,single,when,lookup
165266,single_train,single,what,lookup
165263,single_train,single,what,lookup
165264,single_train,single,which,lookup
165265,single_train,single,how_many,reasoning
165262,single_train,single,how_many,reasoning
165260,single_train,single,what,lookup
127015,single_train,single,which,lookup
127018,single_train,single,other,lookup
127019,single_train,single,how_many,reasoning
127021,single_train,single,other,lookup
127017,single_train,single,which,lookup
127023,single_train,single,how_many,reasoning
127016,single_train,single,how_many,reasoning
127014,single_train,single,other,lookup
127022,single_train,single,which,lookup
100254,single_train,single,how_many,reasoning
100253,single_train,single,when,lookup
100260,single_train,single,how_many,reasoning
100258,single_train,single,how_many,reasoning
2901,single_train,single,how_many,reasoning
2907,single_train,single,what,lookup
2902,single_train,single,what,lookup
2899,single_train,single,what,lookup
2905,single_train,single,how_many,reasoning
2898,single_train,single,what,lookup
217,single_train,single,how_many,reasoning
221,single_train,single,which,lookup
214,single_train,single,which,lookup
99903,single_train,single,how_many,reasoning
99899,single_train,single,how_many,reasoning
99902,single_train,single,which,lookup
99897,single_train,single,compare,reasoning
99900,single_train,single,how_many,lookup
164926,single_train,single,how_many,lookup
164929,single_train,single,when,lookup
164923,single_train,single,how_many,reasoning
164920,single_train,single,how_many,lookup
164924,single_train,single,which,lookup
164927,single_train,single,which,reasoning
164921,single_train,single,which,lookup
113971,single_train,single,compare,reasoning
113969,single_train,single,how_many,reasoning
113967,single_train,single,how_many,reasoning
113970,single_train,single,how_many,reasoning
113972,single_train,single,how_many,lookup
113973,single_train,single,how_many,reasoning
113968,single_train,single,which,lookup
113976,single_train,single,how_many,reasoning
104318,single_train,single,how_many,reasoning
104313,single_train,single,which,lookup
104315,single_train,single,which,lookup
104320,single_train,single,which,lookup
104317,single_train,single,which,lookup
104314,single_train,single,how_many,reasoning
104312,single_train,single,which,lookup
104311,single_train,single,which,lookup
104316,single_train,single,which,lookup
40689,single_train,single,which,lookup
40693,single_train,single,how_many,reasoning
40690,single_train,single,how_many,reasoning
40691,single_train,single,other,lookup
40692,single_train,single,which,lookup
40688,single_train,single,other,lookup
40687,single_train,single,which,lookup
46120,single_train,single,how_many,lookup
46113,single_train,single,how_many,lookup
46116,single_train,single,which,lookup
46118,single_train,single,how_many,reasoning
46119,single_train,single,what,lookup
46114,single_train,single,which,lookup
41699,single_train,single,which,lookup
41708,single_train,single,how_many,reasoning
41703,single_train,single,which,lookup
41704,single_train,single,which,lookup
41707,single_train,single,which,lookup
41701,single_train,single,which,lookup
41700,single_train,single,what,lookup
41702,single_train,single,how_many,reasoning
41705,single_train,single,how_many,reasoning
112048,single_train,single,which,lookup
112046,single_train,single,which,lookup
112043,single_train,single,count,lookup
112051,single_train,single,which,lookup
112044,single_train,single,which,lookup
112050,single_train,single,count,lookup
112047,single_train,single,count,lookup
112045,single_train,single,how_many,reasoning
112042,single_train,single,how_many,lookup
112049,single_train,single,how_many,reasoning
116171,single_train,single,how_many,lookup
116169,single_train,single,how_many,reasoning
116174,single_train,single,how_many,reasoning
116173,single_train,single,which,lookup
116175,single_train,single,how_many,reasoning
116170,single_train,single,which,lookup
116176,single_train,single,how_many,lookup
116172,single_train,single,how_many,reasoning
47988,single_train,single,how_many,reasoning
47984,single_train,single,which,lookup
47982,single_train,single,other,lookup
47985,single_train,single,how_many,lookup
37303,single_train,single,how_many,reasoning
37304,single_train,single,what,lookup
37298,single_train,single,compare,lookup
37301,single_train,single,how_many,reasoning
37302,single_train,single,which,lookup
37299,single_train,single,which,lookup
37305,single_train,single,other,lookup
37297,single_train,single,which,lookup
37300,single_train,single,how_many,reasoning
153844,single_train,single,what,lookup
153838,single_train,single,how_many,reasoning
153841,single_train,single,how_many,reasoning
153836,single_train,single,which,lookup
153840,single_train,single,when,reasoning
153839,single_train,single,how_many,reasoning
153843,single_train,single,other,lookup
153837,single_train,single,how_many,reasoning
110748,single_train,single,which,lookup
110746,single_train,single,how_many,reasoning
110751,single_train,single,how_many,lookup
110749,single_train,single,how_many,reasoning
110744,single_train,single,how_many,reasoning
110752,single_train,single,how_many,reasoning
110747,single_train,single,how_many,reasoning
37397,single_train,single,which,lookup
37400,single_train,single,how_many,reasoning
37401,single_train,single,what,lookup
37405,single_train,single,which,lookup
37399,single_train,single,which,lookup
122732,single_train,single,what,lookup
122724,single_train,single,what,lookup
122734,single_train,single,how_many,lookup
122731,single_train,single,how_many,lookup
122727,single_train,single,which,reasoning
122729,single_train,single,which,lookup
122733,single_train,single,how_many,lookup
122725,single_train,single,what,reasoning
122730,single_train,single,other,lookup
122726,single_train,single,list,lookup
122728,single_train,single,which,lookup
56234,single_train,single,which,lookup
56237,single_train,single,which,lookup
56238,single_train,single,how_many,lookup
56233,single_train,single,which,lookup
56235,single_train,single,other,lookup
49140,single_train,single,how_many,lookup
49143,single_train,single,how_many,lookup
49137,single_train,single,which,lookup
49136,single_train,single,which,lookup
49142,single_train,single,how_many,lookup
49139,single_train,single,how_many,lookup
49135,single_train,single,what,reasoning
49141,single_train,single,how_many,lookup
49138,single_train,single,which,lookup
33016,single_train,single,when,lookup
33013,single_train,single,what,lookup
33014,single_train,single,which,lookup
33012,single_train,single,how_many,lookup
33017,single_train,single,when,lookup
33018,single_train,single,how_many,reasoning
65143,single_train,single,which,lookup
65144,single_train,single,how_many,reasoning
65145,single_train,single,what,lookup
65151,single_train,single,how_many,reasoning
65148,single_train,single,how_many,reasoning
65142,single_train,single,what,reasoning
65141,single_train,single,which,lookup
65146,single_train,single,which,reasoning
65149,single_train,single,what,lookup
65147,single_train,single,which,lookup
46564,single_train,single,which,lookup
46566,single_train,single,which,lookup
46565,single_train,single,which,lookup
46567,single_train,single,how_many,reasoning
46571,single_train,single,how_many,reasoning
15194,single_train,single,other,lookup
15196,single_train,single,how_many,reasoning
15197,single_train,single,what,lookup
15195,single_train,single,which,lookup
15200,single_train,single,how_many,reasoning
15199,single_train,single,which,lookup
154019,single_train,single,which,lookup
154018,single_train,single,which,lookup
154017,single_train,single,what,lookup
154020,single_train,single,how_many,reasoning
154024,single_train,single,how_many,reasoning
150384,single_train,single,which,lookup
150387,single_train,single,which,lookup
150383,single_train,single,what,lookup
150388,single_train,single,how_many,lookup
150393,single_train,single,how_many,reasoning
150389,single_train,single,which,lookup
150386,single_train,single,how_many,reasoning
150385,single_train,single,which,lookup
84325,single_train,single,which,lookup
84319,single_train,single,what,reasoning
84326,single_train,single,how_many,reasoning
84322,single_train,single,which,lookup
84320,single_train,single,how_many,reasoning
84324,single_train,single,how_many,reasoning
84323,single_train,single,which,lookup
84321,single_train,single,which,reasoning
84327,single_train,single,how_many,reasoning
98740,single_train,single,which,lookup
98745,single_train,single,how_many,reasoning
98741,single_train,single,how_many,reasoning
98744,single_train,single,which,lookup
10424,single_train,single,how_many,reasoning
10419,single_train,single,which,lookup
10421,single_train,single,which,lookup
10423,single_train,single,which,lookup
10418,single_train,single,how_many,reasoning
10422,single_train,single,how_many,reasoning
10416,single_train,single,how_many,lookup
10420,single_train,single,other,lookup
10425,single_train,single,how_many,reasoning
10417,single_train,single,how_many,lookup
10415,single_train,single,which,lookup
6792,single_train,single,which,lookup
6785,single_train,single,which,lookup
6780,single_train,single,which,lookup
6783,single_train,single,which,lookup
6782,single_train,single,how_many,reasoning
6781,single_train,single,which,lookup
6784,single_train,single,which,lookup
6779,single_train,single,which,reasoning
6788,single_train,single,which,lookup
6791,single_train,single,which,lookup
6790,single_train,single,how_many,reasoning
6786,single_train,single,how_many,reasoning
6789,single_train,single,which,lookup
6787,single_train,single,when,reasoning
137939,single_train,single,how_many,reasoning
137936,single_train,single,which,reasoning
137938,single_train,single,which,lookup
137943,single_train,single,how_many,reasoning
137937,single_train,single,other,lookup
137941,single_train,single,which,reasoning
153863,single_train,single,how_many,reasoning
153870,single_train,single,how_many,reasoning
153865,single_train,single,which,lookup
153864,single_train,single,what,lookup
153860,single_train,single,what,lookup
153862,single_train,single,what,lookup
153866,single_train,single,what,lookup
107171,single_train,single,count,lookup
107169,single_train,single,which,lookup
107165,single_train,single,how_many,lookup
107168,single_train,single,how_many,lookup
107167,single_train,single,how_many,reasoning
107164,single_train,single,when,lookup
107166,single_train,single,which,lookup
107172,single_train,single,what,lookup
107170,single_train,single,which,lookup
83772,single_train,single,how_many,reasoning
83771,single_train,single,how_many,reasoning
83764,single_train,single,how_many,reasoning
83773,single_train,single,how_many,reasoning
83770,single_train,single,how_many,lookup
83763,single_train,single,what,reasoning
148695,single_train,single,what,lookup
148690,single_train,single,which,lookup
148699,single_train,single,list,lookup
148692,single_train,single,which,lookup
148693,single_train,single,which,reasoning
148696,single_train,single,which,lookup
148697,single_train,single,how_many,reasoning
148698,single_train,single,what,lookup
148694,single_train,single,which,lookup
60431,single_train,single,which,lookup
60434,single_train,single,which,lookup
60435,single_train,single,count,reasoning
60433,single_train,single,which,lookup
112448,single_train,single,which,lookup
112445,single_train,single,which,lookup
112447,single_train,single,what,lookup
112443,single_train,single,what,lookup
112446,single_train,single,how_many,reasoning
112444,single_train,single,which,lookup
96344,single_train,single,which,lookup
96343,single_train,single,other,lookup
96341,single_train,single,which,lookup
96345,single_train,single,other,lookup
96342,single_train,single,which,lookup
137696,single_train,single,how_many,reasoning
137688,single_train,single,which,reasoning
137690,single_train,single,which,lookup
137695,single_train,single,compare,reasoning
137692,single_train,single,count,reasoning
52587,single_train,single,list,lookup
52590,single_train,single,which,lookup
52588,single_train,single,which,lookup
52589,single_train,single,which,reasoning
52591,single_train,single,other,lookup
52593,single_train,single,how_many,reasoning
114273,single_train,single,how_many,lookup
114267,single_train,single,how_many,reasoning
114272,single_train,single,which,reasoning
114271,single_train,single,what,lookup
114269,single_train,single,how_many,reasoning
114268,single_train,single,what,lookup
114270,single_train,single,how_many,reasoning
14777,single_train,single,how_many,reasoning
14776,single_train,single,compare,reasoning
14780,single_train,single,how_many,reasoning
14779,single_train,single,which,lookup
14775,single_train,single,compare,reasoning
14774,single_train,single,compare,reasoning
14778,single_train,single,what,lookup
88851,single_train,single,how_many,reasoning
88853,single_train,single,how_many,reasoning
88855,single_train,single,how_many,reasoning
88852,single_train,single,how_many,lookup
88849,single_train,single,which,lookup
88847,single_train,single,how_many,reasoning
88854,single_train,single,how_many,reasoning
88848,single_train,single,compare,reasoning
88850,single_train,single,which,lookup
93498,single_train,single,which,lookup
93501,single_train,single,how_many,lookup
93497,single_train,single,compare,reasoning
93502,single_train,single,compare,reasoning
93499,single_train,single,how_many,lookup
93503,single_train,single,compare,reasoning
93500,single_train,single,when,lookup
93496,single_train,single,which,lookup
47739,single_train,single,which,lookup
47738,single_train,single,which,reasoning
47741,single_train,single,how_many,reasoning
47742,single_train,single,how_many,reasoning
47740,single_train,single,other,lookup
146247,single_train,single,which,lookup
146249,single_train,single,which,lookup
146241,single_train,single,which,lookup
146242,single_train,single,list,lookup
146253,single_train,single,which,lookup
146243,single_train,single,which,lookup
146254,single_train,single,how_many,reasoning
146251,single_train,single,when,lookup
146246,single_train,single,other,lookup
146250,single_train,single,other,lookup
146248,single_train,single,how_many,reasoning
146244,single_train,single,how_many,reasoning
146245,single_train,single,what,lookup
45468,single_train,single,which,lookup
45464,single_train,single,what,lookup
45463,single_train,single,how_many,reasoning
45460,single_train,single,which,lookup
45465,single_train,single,which,lookup
45462,single_train,single,which,lookup
45461,single_train,single,other,lookup
160673,single_train,single,what,lookup
160677,single_train,single,which,lookup
160670,single_train,single,what,lookup
160679,single_train,single,which,lookup
160676,single_train,single,how_many,reasoning
160669,single_train,single,which,lookup
160674,single_train,single,how_many,reasoning
160680,single_train,single,how_many,reasoning
160675,single_train,single,when,lookup
160671,single_train,single,which,lookup
160672,single_train,single,how_many,reasoning
160678,single_train,single,how_many,reasoning
118297,single_train,single,how_many,lookup
118299,single_train,single,which,lookup
118307,single_train,single,what,lookup
118308,single_train,single,how_many,reasoning
118298,single_train,single,which,lookup
118304,single_train,single,what,lookup
118306,single_train,single,what,lookup
118300,single_train,single,which,lookup
118303,single_train,single,when,lookup
118305,single_train,single,what,lookup
144841,single_train,single,how_many,reasoning
144840,single_train,single,which,lookup
144835,single_train,single,what,lookup
144834,single_train,single,how_many,reasoning
144837,single_train,single,what,lookup
144838,single_train,single,how_many,reasoning
144836,single_train,single,which,lookup
144831,single_train,single,which,lookup
144833,single_train,single,which,lookup
144832,single_train,single,list,lookup
311,single_train,single,how_many,reasoning
307,single_train,single,how_many,reasoning
304,single_train,single,what,lookup
306,single_train,single,which,lookup
309,single_train,single,what,lookup
305,single_train,single,what,lookup
162731,single_train,single,how_many,reasoning
162724,single_train,single,which,lookup
162730,single_train,single,what,lookup
162727,single_train,single,how_many,reasoning
162729,single_train,single,list,reasoning
162726,single_train,single,which,lookup
62213,single_train,single,how_many,lookup
62211,single_train,single,which,lookup
62206,single_train,single,which,lookup
62208,single_train,single,how_many,reasoning
62209,single_train,single,which,lookup
62216,single_train,single,which,lookup
62207,single_train,single,which,lookup
62214,single_train,single,what,lookup
62217,single_train,single,how_many,reasoning
62210,single_train,single,how_many,lookup
62212,single_train,single,how_many,reasoning
62215,single_train,single,which,lookup
87643,single_train,single,which,lookup
87638,single_train,single,how_many,lookup
87641,single_train,single,which,lookup
87646,single_train,single,how_many,reasoning
87640,single_train,single,which,reasoning
87645,single_train,single,what,lookup
87644,single_train,single,which,lookup
87639,single_train,single,which,lookup
87642,single_train,single,which,lookup
51764,single_train,single,other,lookup
51766,single_train,single,how_many,lookup
51761,single_train,single,which,lookup
51765,single_train,single,which,lookup
51763,single_train,single,which,lookup
51762,single_train,single,which,lookup
51760,single_train,single,list,reasoning
7347,single_train,single,count,lookup
7346,single_train,single,which,lookup
7348,single_train,single,which,lookup
7355,single_train,single,which,lookup
7352,single_train,single,which,reasoning
7358,single_train,single,how_many,reasoning
7353,single_train,single,what,lookup
7354,single_train,single,how_many,reasoning
7350,single_train,single,count,reasoning
7349,single_train,single,how_many,reasoning
7351,single_train,single,how_many,reasoning
158864,single_train,single,which,lookup
158862,single_train,single,which,lookup
158871,single_train,single,how_many,reasoning
158870,single_train,single,how_many,lookup
158874,single_train,single,which,lookup
158873,single_train,single,other,lookup
158863,single_train,single,compare,reasoning
158872,single_train,single,what,lookup
37476,single_train,single,what,lookup
37468,single_train,single,which,lookup
37474,single_train,single,which,lookup
37475,single_train,single,what,lookup
37473,single_train,single,what,lookup
37466,single_train,single,which,lookup
37479,single_train,single,how_many,reasoning
37470,single_train,single,which,lookup
37467,single_train,single,other,lookup
37472,single_train,single,which,lookup
37469,single_train,single,how_many,reasoning
37477,single_train,single,which,lookup
37471,single_train,single,list,lookup
69400,single_train,single,which,lookup
69399,single_train,single,which,lookup
69398,single_train,single,which,lookup
69403,single_train,single,how_many,reasoning
69401,single_train,single,how_many,reasoning
69405,single_train,single,what,lookup
5052,single_train,single,compare,reasoning
5053,single_train,single,what,lookup
5049,single_train,single,which,lookup
5057,single_train,single,how_many,reasoning
5054,single_train,single,what,lookup
5050,single_train,single,which,lookup
28893,single_train,single,how_many,reasoning
28889,single_train,single,which,lookup
28887,single_train,single,how_many,lookup
28892,single_train,single,how_many,lookup
28894,single_train,single,how_many,reasoning
28883,single_train,single,how_many,lookup
28886,single_train,single,how_many,reasoning
28884,single_train,single,what,lookup
28890,single_train,single,how_many,reasoning
28885,single_train,single,how_many,lookup
28891,single_train,single,how_many,lookup
28895,single_train,single,which,lookup
33033,single_train,single,how_many,reasoning
33028,single_train,single,what,lookup
33030,single_train,single,how_many,lookup
33029,single_train,single,how_many,lookup
33031,single_train,single,how_many,reasoning
33032,single_train,single,what,lookup
156842,single_train,single,how_many,reasoning
156838,single_train,single,which,lookup
156841,single_train,single,which,lookup
156845,single_train,single,how_many,lookup
156846,single_train,single,how_many,reasoning
156839,single_train,single,which,lookup
156840,single_train,single,what,lookup
156843,single_train,single,which,lookup
156844,single_train,single,what,lookup
24702,single_train,single,how_many,reasoning
24701,single_train,single,which,lookup
24706,single_train,single,how_many,reasoning
24705,single_train,single,which,reasoning
24700,single_train,single,what,reasoning
24699,single_train,single,what,reasoning
24703,single_train,single,which,reasoning
24704,single_train,single,how_many,lookup
45934,single_train,single,how_many,reasoning
45935,single_train,single,which,lookup
45931,single_train,single,which,lookup
45932,single_train,single,how_many,reasoning
45929,single_train,single,how_many,lookup
45930,single_train,single,which,lookup
110507,single_train,single,how_many,reasoning
110510,single_train,single,which,lookup
110506,single_train,single,how_many,lookup
110512,single_train,single,list,lookup
110505,single_train,single,count,lookup
110514,single_train,single,how_many,reasoning
110511,single_train,single,which,lookup
110508,single_train,single,how_many,reasoning
110504,single_train,single,how_many,reasoning
120966,single_train,single,how_many,lookup
120969,single_train,single,how_many,lookup
120967,single_train,single,what,lookup
120963,single_train,single,how_many,lookup
120968,single_train,single,which,lookup
120970,single_train,single,how_many,reasoning
120964,single_train,single,which,lookup
120965,single_train,single,which,lookup
120962,single_train,single,compare,reasoning
52946,single_train,single,how_many,lookup
52943,single_train,single,which,lookup
52948,single_train,single,list,reasoning
52942,single_train,single,which,reasoning
52944,single_train,single,other,lookup
52947,single_train,single,how_many,reasoning
52949,single_train,single,how_many,reasoning
52945,single_train,single,which,lookup
95805,single_train,single,how_many,reasoning
95806,single_train,single,which,lookup
95803,single_train,single,how_many,reasoning
95807,single_train,single,how_many,reasoning
95809,single_train,single,how_many,reasoning
127567,single_train,single,how_many,reasoning
127571,single_train,single,how_many,reasoning
127572,single_train,single,which,lookup
127564,single_train,single,which,lookup
127570,single_train,single,which,lookup
127568,single_train,single,how_many,lookup
127569,single_train,single,which,reasoning
127565,single_train,single,other,lookup
127566,single_train,single,which,lookup
132443,single_train,single,how_many,lookup
132447,single_train,single,other,reasoning
132444,single_train,single,which,lookup
132448,single_train,single,what,lookup
132442,single_train,single,how_many,reasoning
132441,single_train,single,which,lookup
132440,single_train,single,how_many,lookup
132439,single_train,single,how_many,lookup
132446,single_train,single,how_many,reasoning
157021,single_train,single,which,lookup
157020,single_train,single,which,lookup
157022,single_train,single,how_many,lookup
157026,single_train,single,how_many,reasoning
157027,single_train,single,how_many,reasoning
157024,single_train,single,which,lookup
157028,single_train,single,which,lookup
157025,single_train,single,which,lookup
157023,single_train,single,how_many,reasoning
51144,single_train,single,how_many,lookup
51145,single_train,single,which,lookup
51143,single_train,single,which,lookup
51148,single_train,single,how_many,reasoning
51147,single_train,single,how_many,reasoning
51146,single_train,single,how_many,lookup
51142,single_train,single,which,lookup
64128,single_train,single,how_many,lookup
64119,single_train,single,how_many,reasoning
64129,single_train,single,how_many,reasoning
64125,single_train,single,how_many,reasoning
64116,single_train,single,how_many,lookup
64123,single_train,single,how_many,reasoning
64118,single_train,single,what,lookup
64120,single_train,single,which,lookup
64127,single_train,single,which,lookup
60620,single_train,single,which,lookup
60629,single_train,single,how_many,reasoning
60621,single_train,single,how_many,reasoning
60626,single_train,single,which,lookup
60624,single_train,single,other,lookup
60628,single_train,single,how_many,reasoning
60625,single_train,single,how_many,lookup
60623,single_train,single,which,lookup
60627,single_train,single,how_many,lookup
60622,single_train,single,which,lookup
164338,single_train,single,what,lookup
164343,single_train,single,how_many,lookup
164339,single_train,single,which,lookup
164340,single_train,single,what,lookup
113616,single_train,single,which,lookup
113618,single_train,single,which,lookup
113614,single_train,single,how_many,reasoning
113621,single_train,single,how_many,reasoning
113615,single_train,single,how_many,reasoning
113617,single_train,single,how_many,lookup
113613,single_train,single,how_many,lookup
70352,single_train,single,compare,reasoning
70346,single_train,single,how_many,reasoning
70344,single_train,single,which,lookup
70348,single_train,single,what,lookup
70343,single_train,single,what,lookup
70345,single_train,single,which,lookup
70351,single_train,single,other,lookup
70350,single_train,single,which,lookup
70347,single_train,single,which,lookup
70349,single_train,single,how_many,reasoning
95953,single_train,single,how_many,lookup
95954,single_train,single,how_many,lookup
95947,single_train,single,what,reasoning
95952,single_train,single,count,lookup
95948,single_train,single,how_many,reasoning
95951,single_train,single,what,lookup
95949,single_train,single,when,reasoning
95950,single_train,single,which,lookup
120579,single_train,single,which,lookup
120577,single_train,single,which,reasoning
120574,single_train,single,which,reasoning
120572,single_train,single,what,reasoning
120580,single_train,single,how_many,lookup
120578,single_train,single,what,lookup
120584,single_train,single,how_many,reasoning
120575,single_train,single,which,lookup
120581,single_train,single,how_many,lookup
120583,single_train,single,how_many,lookup
120576,single_train,single,what,lookup
120582,single_train,single,what,lookup
120573,single_train,single,what,reasoning
105035,single_train,single,how_many,lookup
105033,single_train,single,which,reasoning
105034,single_train,single,how_many,reasoning
105041,single_train,single,which,reasoning
105038,single_train,single,how_many,reasoning
105042,single_train,single,how_many,reasoning
105031,single_train,single,what,reasoning
105036,single_train,single,compare,reasoning
105032,single_train,single,what,lookup
105040,single_train,single,compare,reasoning
105037,single_train,single,which,reasoning
38402,single_train,single,which,lookup
38406,single_train,single,how_many,lookup
38405,single_train,single,how_many,lookup
38410,single_train,single,how_many,reasoning
38400,single_train,single,which,lookup
38407,single_train,single,how_many,reasoning
38403,single_train,single,how_many,reasoning
38401,single_train,single,what,lookup
38404,single_train,single,which,lookup
150702,single_train,single,how_many,reasoning
150698,single_train,single,when,reasoning
150701,single_train,single,how_many,reasoning
150699,single_train,single,how_many,lookup
103136,single_train,single,what,lookup
103138,single_train,single,which,lookup
103142,single_train,single,which,lookup
103134,single_train,single,which,lookup
103137,single_train,single,how_many,reasoning
103144,single_train,single,which,lookup
103145,single_train,single,how_many,reasoning
103140,single_train,single,which,lookup
103141,single_train,single,how_many,reasoning
32403,single_train,single,which,lookup
32407,single_train,single,what,lookup
32408,single_train,single,how_many,reasoning
32405,single_train,single,how_many,reasoning
32402,single_train,single,what,lookup
88779,single_train,single,what,lookup
88784,single_train,single,other,reasoning
88786,single_train,single,when,lookup
88785,single_train,single,when,lookup
88781,single_train,single,which,reasoning
88787,single_train,single,which,lookup
88792,single_train,single,how_many,reasoning
88780,single_train,single,which,reasoning
88789,single_train,single,what,lookup
88783,single_train,single,which,lookup
88791,single_train,single,how_many,reasoning
120452,single_train,single,how_many,reasoning
120451,single_train,single,how_many,lookup
120454,single_train,single,which,lookup
120455,single_train,single,other,lookup
120456,single_train,single,how_many,lookup
120457,single_train,single,which,lookup
120459,single_train,single,which,lookup
120460,single_train,single,how_many,lookup
120463,single_train,single,how_many,reasoning
120458,single_train,single,how_many,lookup
120462,single_train,single,how_many,reasoning
120461,single_train,single,how_many,reasoning
120453,single_train,single,how_many,lookup
30323,single_train,single,how_many,lookup
30319,single_train,single,what,lookup
30317,single_train,single,other,lookup
30318,single_train,single,which,lookup
30320,single_train,single,how_many,reasoning
30322,single_train,single,what,lookup
30321,single_train,single,which,lookup
122693,single_train,single,which,lookup
122688,single_train,single,which,lookup
122690,single_train,single,what,lookup
122686,single_train,single,which,lookup
122687,single_train,single,what,reasoning
122691,single_train,single,which,lookup
122692,single_train,single,which,lookup
122694,single_train,single,how_many,reasoning
122685,single_train,single,which,lookup
147366,single_train,single,which,lookup
147365,single_train,single,which,lookup
147367,single_train,single,which,lookup
147370,single_train,single,what,lookup
147368,single_train,single,how_many,reasoning
48068,single_train,single,which,lookup
48066,single_train,single,list,lookup
48067,single_train,single,which,lookup
48069,single_train,single,other,lookup
48071,single_train,single,how_many,lookup
48072,single_train,single,how_many,lookup
48074,single_train,single,how_many,reasoning
48070,single_train,single,how_many,lookup
7413,single_train,single,how_many,reasoning
7409,single_train,single,how_many,reasoning
7411,single_train,single,which,lookup
7410,single_train,single,which,lookup
7406,single_train,single,which,lookup
7415,single_train,single,how_many,reasoning
7412,single_train,single,which,lookup
7407,single_train,single,which,lookup
7408,single_train,single,which,lookup
38019,single_train,single,how_many,reasoning
38024,single_train,single,which,reasoning
38020,single_train,single,how_many,lookup
38018,single_train,single,what,reasoning
38025,single_train,single,what,lookup
38022,single_train,single,how_many,reasoning
110248,single_train,single,which,reasoning
110249,single_train,single,other,lookup
110246,single_train,single,other,reasoning
110255,single_train,single,how_many,reasoning
110252,single_train,single,what,lookup
110251,single_train,single,how_many,reasoning
110250,single_train,single,which,reasoning
110247,single_train,single,which,lookup
66089,single_train,single,which,reasoning
66086,single_train,single,how_many,lookup
66085,single_train,single,compare,lookup
66091,single_train,single,what,lookup
66090,single_train,single,which,lookup
66094,single_train,single,how_many,reasoning
66084,single_train,single,which,lookup
66088,single_train,single,how_many,lookup
66087,single_train,single,how_many,reasoning
49155,single_train,single,which,lookup
49160,single_train,single,how_many,lookup
49161,single_train,single,how_many,reasoning
49159,single_train,single,how_many,lookup
49156,single_train,single,which,reasoning
49158,single_train,single,how_many,lookup
49154,single_train,single,which,lookup
49157,single_train,single,which,lookup
71130,single_train,single,which,lookup
71128,single_train,single,which,lookup
71129,single_train,single,how_many,reasoning
71127,single_train,single,which,lookup
71131,single_train,single,which,lookup
71126,single_train,single,which,lookup
71132,single_train,single,which,lookup
71133,single_train,single,how_many,reasoning
142966,single_train,single,how_many,reasoning
142960,single_train,single,when,reasoning
142957,single_train,single,how_many,reasoning
142959,single_train,single,how_many,reasoning
142962,single_train,single,how_many,reasoning
142953,single_train,single,which,reasoning
142956,single_train,single,which,reasoning
142958,single_train,single,which,reasoning
142955,single_train,single,how_many,reasoning
142954,single_train,single,which,reasoning
142961,single_train,single,how_many,lookup
142952,single_train,single,how_many,lookup
89753,single_train,single,how_many,reasoning
89756,single_train,single,how_many,reasoning
89754,single_train,single,count,lookup
89752,single_train,single,count,lookup
89755,single_train,single,how_many,lookup
89757,single_train,single,how_many,lookup
89751,single_train,single,which,lookup
89758,single_train,single,how_many,reasoning
31442,single_train,single,how_many,lookup
31445,single_train,single,how_many,reasoning
31441,single_train,single,compare,reasoning
31440,single_train,single,what,lookup
31443,single_train,single,compare,lookup
31439,single_train,single,which,lookup
143643,single_train,single,how_many,reasoning
143641,single_train,single,list,lookup
143648,single_train,single,what,lookup
143645,single_train,single,which,lookup
143646,single_train,single,how_many,reasoning
143642,single_train,single,which,lookup
143647,single_train,single,what,lookup
143644,single_train,single,which,lookup
143640,single_train,single,which,lookup
61285,single_train,single,which,lookup
61281,single_train,single,which,reasoning
61283,single_train,single,which,lookup
61284,single_train,single,other,lookup
61282,single_train,single,which,reasoning
61287,single_train,single,how_many,reasoning
101915,single_train,single,which,lookup
101918,single_train,single,which,lookup
101919,single_train,single,how_many,reasoning
101920,single_train,single,what,lookup
101916,single_train,single,what,reasoning
101917,single_train,single,how_many,reasoning
105056,single_train,single,list,lookup
105057,single_train,single,which,lookup
105052,single_train,single,what,lookup
105058,single_train,single,how_many,reasoning
105053,single_train,single,what,lookup
105055,single_train,single,which,lookup
105051,single_train,single,which,lookup
139775,single_train,single,which,lookup
139781,single_train,single,when,reasoning
139776,single_train,single,how_many,reasoning
139785,single_train,single,how_many,reasoning
139778,single_train,single,which,lookup
139784,single_train,single,which,lookup
139780,single_train,single,which,lookup
139777,single_train,single,what,lookup
139779,single_train,single,what,lookup
139773,single_train,single,what,lookup
139774,single_train,single,other,lookup
139783,single_train,single,other,lookup
145709,single_train,single,which,lookup
145708,single_train,single,which,lookup
145706,single_train,single,which,lookup
145714,single_train,single,which,lookup
145707,single_train,single,how_many,reasoning
145713,single_train,single,which,lookup
145704,single_train,single,what,lookup
102505,single_train,single,how_many,lookup
102503,single_train,single,what,lookup
102504,single_train,single,compare,reasoning
102507,single_train,single,which,lookup
102506,single_train,single,how_many,reasoning
123968,single_train,single,which,lookup
123967,single_train,single,how_many,lookup
123966,single_train,single,how_many,lookup
123969,single_train,single,how_many,lookup
159286,single_train,single,how_many,reasoning
159287,single_train,single,what,lookup
159285,single_train,single,other,lookup
159284,single_train,single,what,lookup
83391,single_train,single,which,lookup
83397,single_train,single,which,lookup
83390,single_train,single,which,reasoning
83395,single_train,single,what,lookup
83396,single_train,single,what,lookup
83398,single_train,single,how_many,reasoning
83393,single_train,single,what,lookup
157644,single_train,single,which,lookup
157647,single_train,single,how_many,lookup
157640,single_train,single,how_many,lookup
157646,single_train,single,what,lookup
157643,single_train,single,how_many,lookup
157648,single_train,single,how_many,reasoning
157641,single_train,single,how_many,lookup
157642,single_train,single,how_many,reasoning
157645,single_train,single,how_many,reasoning
56419,single_train,single,which,lookup
56415,single_train,single,which,lookup
56417,single_train,single,other,lookup
56416,single_train,single,which,lookup
56414,single_train,single,which,reasoning
56418,single_train,single,how_many,lookup
84948,single_train,single,compare,lookup
84952,single_train,single,how_many,lookup
84945,single_train,single,which,lookup
84947,single_train,single,which,lookup
84953,single_train,single,when,lookup
84950,single_train,single,count,lookup
84949,single_train,single,how_many,lookup
84955,single_train,single,how_many,reasoning
84946,single_train,single,which,reasoning
84951,single_train,single,which,reasoning
22149,single_train,single,how_many,reasoning
22147,single_train,single,how_many,lookup
22153,single_train,single,how_many,lookup
22155,single_train,single,which,lookup
22148,single_train,single,which,lookup
22146,single_train,single,how_many,lookup
91491,single_train,single,which,lookup
91493,single_train,single,how_many,reasoning
91494,single_train,single,how_many,reasoning
91486,single_train,single,which,lookup
91487,single_train,single,how_many,lookup
91485,single_train,single,which,lookup
91492,single_train,single,how_many,reasoning
91489,single_train,single,how_many,reasoning
91490,single_train,single,how_many,reasoning
91488,single_train,single,which,lookup
62343,single_train,single,how_many,reasoning
62347,single_train,single,which,lookup
62342,single_train,single,how_many,lookup
62340,single_train,single,how_many,reasoning
62344,single_train,single,which,reasoning
62339,single_train,single,which,lookup
62338,single_train,single,when,reasoning
62349,single_train,single,how_many,reasoning
62348,single_train,single,other,lookup
62341,single_train,single,what,lookup
62346,single_train,single,which,lookup
119009,single_train,single,which,lookup
119005,single_train,single,which,lookup
119016,single_train,single,how_many,reasoning
119012,single_train,single,when,lookup
119008,single_train,single,which,lookup
119007,single_train,single,which,lookup
119010,single_train,single,which,lookup
119015,single_train,single,which,lookup
119011,single_train,single,what,lookup
119013,single_train,single,which,lookup
119006,single_train,single,which,lookup
66402,single_train,single,which,reasoning
66399,single_train,single,which,lookup
66397,single_train,single,which,lookup
66398,single_train,single,how_many,reasoning
66401,single_train,single,what,lookup
66400,single_train,single,other,lookup
66404,single_train,single,what,lookup
134916,single_train,single,how_many,reasoning
134914,single_train,single,how_many,lookup
134918,single_train,single,how_many,reasoning
134913,single_train,single,how_many,reasoning
134917,single_train,single,how_many,reasoning
134910,single_train,single,how_many,lookup
134915,single_train,single,how_many,lookup
73772,single_train,single,count,reasoning
73770,single_train,single,how_many,reasoning
73768,single_train,single,which,reasoning
73769,single_train,single,which,lookup
73767,single_train,single,how_many,reasoning
73773,single_train,single,which,reasoning
44668,single_train,single,what,lookup
44666,single_train,single,compare,reasoning
44677,single_train,single,which,reasoning
44672,single_train,single,which,lookup
44669,single_train,single,how_many,reasoning
44675,single_train,single,how_many,reasoning
44674,single_train,single,which,lookup
44673,single_train,single,which,lookup
91371,single_train,single,when,lookup
91365,single_train,single,how_many,reasoning
91366,single_train,single,list,reasoning
91367,single_train,single,count,lookup
91368,single_train,single,compare,reasoning
91373,single_train,single,how_many,reasoning
91374,single_train,single,how_many,reasoning
91372,single_train,single,how_many,reasoning
91370,single_train,single,how_many,lookup
91364,single_train,single,how_many,lookup
51380,single_train,single,which,lookup
51377,single_train,single,list,reasoning
51379,single_train,single,which,reasoning
51381,single_train,single,other,lookup
49995,single_train,single,which,lookup
49993,single_train,single,how_many,lookup
49991,single_train,single,which,reasoning
49994,single_train,single,how_many,lookup
49992,single_train,single,how_many,lookup
49990,single_train,single,which,lookup
49989,single_train,single,which,lookup
49997,single_train,single,how_many,reasoning
49988,single_train,single,which,reasoning
69248,single_train,single,which,lookup
69245,single_train,single,count,lookup
69247,single_train,single,how_many,reasoning
69251,single_train,single,how_many,reasoning
69244,single_train,single,what,lookup
69250,single_train,single,how_many,reasoning
69246,single_train,single,how_many,lookup
69249,single_train,single,what,lookup
162650,single_train,single,when,lookup
162648,single_train,single,which,lookup
162647,single_train,single,what,lookup
162651,single_train,single,what,lookup
162649,single_train,single,how_many,reasoning
162654,single_train,single,what,lookup
162652,single_train,single,which,lookup
162646,single_train,single,which,lookup
135393,single_train,single,what,lookup
135382,single_train,single,how_many,lookup
135388,single_train,single,how_many,reasoning
135391,single_train,single,how_many,lookup
135383,single_train,single,what,lookup
135385,single_train,single,how_many,reasoning
135386,single_train,single,how_many,reasoning
135387,single_train,single,how_many,reasoning
135384,single_train,single,which,lookup
135390,single_train,single,compare,reasoning
135392,single_train,single,how_many,reasoning
135389,single_train,single,how_many,lookup
166278,single_train,single,how_many,reasoning
166279,single_train,single,which,lookup
166276,single_train,single,which,reasoning
166271,single_train,single,which,lookup
166281,single_train,single,which,lookup
166282,single_train,single,how_many,reasoning
166274,single_train,single,how_many,lookup
166273,single_train,single,how_many,lookup
166272,single_train,single,how_many,reasoning
166275,single_train,single,how_many,reasoning
166277,single_train,single,which,lookup
166270,single_train,single,how_many,lookup
19470,single_train,single,how_many,lookup
19467,single_train,single,which,lookup
19469,single_train,single,which,lookup
19471,single_train,single,what,lookup
19472,single_train,single,how_many,reasoning
19473,single_train,single,which,lookup
81388,single_train,single,what,lookup
81386,single_train,single,which,lookup
81389,single_train,single,which,lookup
81385,single_train,single,which,lookup
81384,single_train,single,which,lookup
81387,single_train,single,how_many,reasoning
86335,single_train,single,how_many,reasoning
86337,single_train,single,which,lookup
86333,single_train,single,other,reasoning
86336,single_train,single,how_many,lookup
86329,single_train,single,list,reasoning
86332,single_train,single,compare,reasoning
140100,single_train,single,how_many,reasoning
140106,single_train,single,how_many,reasoning
140101,single_train,single,when,lookup
140099,single_train,single,which,lookup
140098,single_train,single,which,lookup
140097,single_train,single,which,lookup
140102,single_train,single,which,lookup
140104,single_train,single,list,lookup
134337,single_train,single,compare,reasoning
134335,single_train,single,how_many,lookup
134328,single_train,single,what,lookup
134331,single_train,single,how_many,reasoning
134332,single_train,single,what,reasoning
134329,single_train,single,how_many,lookup
134333,single_train,single,other,lookup
134336,single_train,single,which,lookup
134330,single_train,single,how_many,lookup
8440,single_train,single,how_many,lookup
8441,single_train,single,list,lookup
8447,single_train,single,how_many,reasoning
8443,single_train,single,how_many,reasoning
8446,single_train,single,how_many,reasoning
8444,single_train,single,which,lookup
8445,single_train,single,which,lookup
9653,single_train,single,which,lookup
9660,single_train,single,how_many,reasoning
9663,single_train,single,which,lookup
9664,single_train,single,how_many,reasoning
9662,single_train,single,how_many,lookup
9661,single_train,single,which,lookup
9657,single_train,single,which,lookup
9659,single_train,single,which,lookup
9655,single_train,single,what,lookup
9658,single_train,single,count,lookup
22416,single_train,single,which,reasoning
22417,single_train,single,how_many,reasoning
22411,single_train,single,other,lookup
22410,single_train,single,which,lookup
22412,single_train,single,which,reasoning
166518,single_train,single,how_many,reasoning
166513,single_train,single,what,lookup
166509,single_train,single,which,lookup
166517,single_train,single,what,lookup
166516,single_train,single,how_many,reasoning
166510,single_train,single,which,lookup
166515,single_train,single,which,lookup
166511,single_train,single,which,lookup
45972,single_train,single,how_many,lookup
45974,single_train,single,how_many,lookup
45973,single_train,single,which,lookup
45968,single_train,single,how_many,lookup
45969,single_train,single,which,reasoning
45978,single_train,single,how_many,reasoning
45975,single_train,single,how_many,reasoning
45971,single_train,single,how_many,reasoning
45970,single_train,single,how_many,reasoning
55754,single_train,single,which,lookup
55755,single_train,single,other,lookup
55752,single_train,single,which,reasoning
55756,single_train,single,how_many,lookup
55758,single_train,single,what,reasoning
55753,single_train,single,which,lookup
55759,single_train,single,how_many,reasoning
125121,single_train,single,which,reasoning
125126,single_train,single,when,lookup
125127,single_train,single,other,lookup
125122,single_train,single,what,lookup
125125,single_train,single,other,lookup
125123,single_train,single,which,lookup
125130,single_train,single,how_many,reasoning
125124,single_train,single,which,lookup
125128,single_train,single,which,lookup
40360,single_train,single,what,lookup
40359,single_train,single,what,lookup
40362,single_train,single,which,lookup
40358,single_train,single,how_many,reasoning
40364,single_train,single,what,lookup
40361,single_train,single,what,lookup
40365,single_train,single,which,lookup
80823,single_train,single,how_many,reasoning
80822,single_train,single,which,lookup
80825,single_train,single,how_many,reasoning
1032,single_train,single,what,lookup
1034,single_train,single,which,lookup
1030,single_train,single,which,lookup
1035,single_train,single,other,lookup
1033,single_train,single,how_many,reasoning
49858,single_train,single,which,lookup
49856,single_train,single,which,lookup
49864,single_train,single,how_many,reasoning
49860,single_train,single,what,lookup
49859,single_train,single,which,lookup
49862,single_train,single,how_many,lookup
49863,single_train,single,how_many,lookup
49861,single_train,single,how_many,lookup
83588,single_train,single,how_many,lookup
83583,single_train,single,compare,reasoning
83589,single_train,single,how_many,reasoning
83586,single_train,single,how_many,lookup
83587,single_train,single,how_many,lookup
83579,single_train,single,list,reasoning
83585,single_train,single,which,lookup
83584,single_train,single,when,reasoning
83578,single_train,single,which,reasoning
83580,single_train,single,what,lookup
101813,single_train,single,what,lookup
101812,single_train,single,which,lookup
101816,single_train,single,count,lookup
101815,single_train,single,how_many,reasoning
101818,single_train,single,how_many,reasoning
104177,single_train,single,how_many,reasoning
104176,single_train,single,what,lookup
104178,single_train,single,how_many,reasoning
104174,single_train,single,what,lookup
104175,single_train,single,list,lookup
109079,single_train,single,what,lookup
109076,single_train,single,which,lookup
109077,single_train,single,how_many,reasoning
109082,single_train,single,how_many,reasoning
109074,single_train,single,how_many,lookup
109078,single_train,single,which,lookup
12835,single_train,single,what,lookup
12838,single_train,single,how_many,reasoning
12837,single_train,single,which,lookup
12836,single_train,single,how_many,lookup
44307,single_train,single,how_many,lookup
44303,single_train,single,what,lookup
44308,single_train,single,which,lookup
44306,single_train,single,how_many,reasoning
44304,single_train,single,how_many,lookup
44310,single_train,single,what,lookup
44309,single_train,single,how_many,reasoning
44305,single_train,single,which,lookup
44311,single_train,single,which,lookup
98822,single_train,single,how_many,lookup
98819,single_train,single,how_many,lookup
98823,single_train,single,how_many,lookup
98821,single_train,single,when,lookup
98818,single_train,single,which,lookup
98824,single_train,single,how_many,reasoning
98820,single_train,single,which,lookup
12512,single_train,single,what,lookup
12519,single_train,single,which,lookup
12518,single_train,single,which,lookup
12513,single_train,single,what,lookup
12515,single_train,single,which,lookup
12514,single_train,single,how_many,reasoning
12520,single_train,single,which,lookup
12516,single_train,single,which,lookup
12517,single_train,single,which,reasoning
152257,single_train,single,how_many,reasoning
152255,single_train,single,which,lookup
152254,single_train,single,which,lookup
152256,single_train,single,which,lookup
62419,single_train,single,how_many,reasoning
62427,single_train,single,how_many,reasoning
62416,single_train,single,which,lookup
62422,single_train,single,which,lookup
62418,single_train,single,which,lookup
62417,single_train,single,how_many,reasoning
62420,single_train,single,which,lookup
62423,single_train,single,how_many,reasoning
62421,single_train,single,list,lookup
146729,single_train,single,which,lookup
146726,single_train,single,when,lookup
146723,single_train,single,when,lookup
146728,single_train,single,which,lookup
146725,single_train,single,when,lookup
146721,single_train,single,which,lookup
146731,single_train,single,how_many,reasoning
146727,single_train,single,which,lookup
146722,single_train,single,which,lookup
146724,single_train,single,how_many,reasoning
93946,single_train,single,how_many,lookup
93945,single_train,single,other,lookup
93944,single_train,single,which,lookup
131289,single_train,single,which,lookup
131291,single_train,single,how_many,reasoning
131288,single_train,single,how_many,reasoning
131297,single_train,single,which,reasoning
131298,single_train,single,how_many,reasoning
131287,single_train,single,what,lookup
131296,single_train,single,which,reasoning
131294,single_train,single,how_many,reasoning
46672,single_train,single,list,reasoning
46674,single_train,single,which,lookup
46676,single_train,single,how_many,lookup
46673,single_train,single,which,lookup
46675,single_train,single,how_many,lookup
46677,single_train,single,which,lookup
77164,single_train,single,which,lookup
77166,single_train,single,what,lookup
77162,single_train,single,which,lookup
77158,single_train,single,how_many,lookup
77163,single_train,single,which,lookup
77161,single_train,single,how_many,reasoning
77159,single_train,single,which,lookup
77169,single_train,single,how_many,reasoning
77160,single_train,single,what,lookup
77165,single_train,single,how_many,reasoning
50299,single_train,single,how_many,reasoning
50298,single_train,single,how_many,lookup
50295,single_train,single,how_many,lookup
50296,single_train,single,how_many,lookup
50292,single_train,single,how_many,lookup
50294,single_train,single,which,lookup
50300,single_train,single,what,reasoning
50301,single_train,single,how_many,reasoning
50293,single_train,single,which,reasoning
50297,single_train,single,how_many,lookup
47913,single_train,single,how_many,lookup
47914,single_train,single,which,lookup
47912,single_train,single,how_many,reasoning
47909,single_train,single,what,reasoning
47918,single_train,single,how_many,reasoning
47915,single_train,single,which,lookup
47911,single_train,single,which,lookup
47910,single_train,single,list,reasoning
109819,single_train,single,how_many,reasoning
109817,single_train,single,count,lookup
109821,single_train,single,how_many,lookup
109823,single_train,single,which,lookup
109824,single_train,single,what,lookup
109820,single_train,single,which,lookup
109816,single_train,single,how_many,lookup
109825,single_train,single,which,lookup
109822,single_train,single,how_many,reasoning
109818,single_train,single,how_many,lookup
142461,single_train,single,which,lookup
142464,single_train,single,other,lookup
142465,single_train,single,what,lookup
142462,single_train,single,how_many,reasoning
142456,single_train,single,which,lookup
142463,single_train,single,which,lookup
135554,single_train,single,how_many,reasoning
135555,single_train,single,how_many,reasoning
135563,single_train,single,which,lookup
135561,single_train,single,which,lookup
135566,single_train,single,how_many,reasoning
135560,single_train,single,count,lookup
135565,single_train,single,which,lookup
135564,single_train,single,count,lookup
135559,single_train,single,which,lookup
135556,single_train,single,which,lookup
135562,single_train,single,how_many,reasoning
135553,single_train,single,how_many,lookup
135557,single_train,single,count,lookup
20530,single_train,single,which,reasoning
20529,single_train,single,what,lookup
20532,single_train,single,which,lookup
20531,single_train,single,how_many,reasoning
20528,single_train,single,how_many,lookup
20533,single_train,single,what,lookup
20535,single_train,single,how_many,reasoning
136055,single_train,single,which,lookup
136052,single_train,single,count,reasoning
136054,single_train,single,count,reasoning
136048,single_train,single,which,lookup
136051,single_train,single,how_many,lookup
136046,single_train,single,which,reasoning
136050,single_train,single,how_many,reasoning
136045,single_train,single,what,lookup
136056,single_train,single,what,reasoning
136044,single_train,single,how_many,lookup
136047,single_train,single,count,reasoning
106276,single_train,single,how_many,lookup
106278,single_train,single,how_many,reasoning
106281,single_train,single,how_many,reasoning
30998,single_train,single,which,reasoning
30995,single_train,single,when,lookup
30996,single_train,single,when,lookup
31000,single_train,single,which,lookup
30997,single_train,single,how_many,lookup
31001,single_train,single,how_many,lookup
31005,single_train,single,how_many,reasoning
31002,single_train,single,how_many,reasoning
30999,single_train,single,how_many,reasoning
145646,single_train,single,how_many,lookup
145639,single_train,single,which,lookup
145642,single_train,single,when,lookup
145644,single_train,single,how_many,reasoning
145648,single_train,single,how_many,reasoning
145640,single_train,single,how_many,lookup
145641,single_train,single,how_many,reasoning
145645,single_train,single,what,lookup
145638,single_train,single,when,lookup
145650,single_train,single,other,lookup
145647,single_train,single,which,lookup
145643,single_train,single,what,lookup
7646,single_train,single,how_many,lookup
7644,single_train,single,how_many,reasoning
7642,single_train,single,how_many,lookup
7643,single_train,single,what,lookup
7647,single_train,single,how_many,reasoning
7645,single_train,single,what,lookup
48288,single_train,single,list,reasoning
48291,single_train,single,which,lookup
48292,single_train,single,which,lookup
48294,single_train,single,which,lookup
48299,single_train,single,how_many,reasoning
48293,single_train,single,how_many,lookup
48296,single_train,single,which,lookup
48295,single_train,single,how_many,lookup
48290,single_train,single,which,lookup
11332,single_train,single,which,lookup
11334,single_train,single,which,lookup
11333,single_train,single,which,lookup
11341,single_train,single,other,lookup
11336,single_train,single,what,lookup
11335,single_train,single,how_many,reasoning
11338,single_train,single,what,lookup
11342,single_train,single,what,lookup
26355,single_train,single,how_many,reasoning
26353,single_train,single,which,lookup
26356,single_train,single,what,lookup
26354,single_train,single,which,lookup
26349,single_train,single,which,lookup
26352,single_train,single,how_many,reasoning
26350,single_train,single,which,lookup
26351,single_train,single,which,lookup
135598,single_train,single,what,reasoning
135600,single_train,single,which,lookup
135592,single_train,single,when,lookup
135591,single_train,single,how_many,reasoning
135599,single_train,single,how_many,reasoning
135593,single_train,single,which,lookup
135589,single_train,single,what,lookup
135588,single_train,single,how_many,lookup
135590,single_train,single,what,lookup
36525,single_train,single,which,lookup
36529,single_train,single,how_many,reasoning
36524,single_train,single,how_many,reasoning
36522,single_train,single,other,lookup
36526,single_train,single,which,lookup
36523,single_train,single,which,lookup
36521,single_train,single,which,lookup
2012,single_train,single,compare,reasoning
2014,single_train,single,which,reasoning
2010,single_train,single,other,lookup
2021,single_train,single,what,lookup
2015,single_train,single,which,reasoning
2017,single_train,single,what,lookup
2022,single_train,single,which,reasoning
2009,single_train,single,which,lookup
2011,single_train,single,what,reasoning
2019,single_train,single,which,lookup
2020,single_train,single,which,lookup
2016,single_train,single,how_many,reasoning
146363,single_train,single,how_many,reasoning
122436,single_train,single,how_many,lookup
122431,single_train,single,count,lookup
122435,single_train,single,list,lookup
122434,single_train,single,how_many,lookup
122433,single_train,single,other,lookup
122437,single_train,single,how_many,reasoning
122428,single_train,single,which,lookup
122438,single_train,single,how_many,reasoning
122432,single_train,single,which,lookup
122429,single_train,single,compare,reasoning
122439,single_train,single,how_many,reasoning
122430,single_train,single,which,lookup
87527,single_train,single,list,reasoning
87533,single_train,single,list,reasoning
87524,single_train,single,how_many,reasoning
87530,single_train,single,how_many,lookup
87532,single_train,single,how_many,lookup
87525,single_train,single,which,lookup
87523,single_train,single,which,lookup
87531,single_train,single,how_many,reasoning
87526,single_train,single,what,lookup
87529,single_train,single,other,lookup
87528,single_train,single,what,lookup
80038,single_train,single,how_many,lookup
80047,single_train,single,how_many,lookup
80045,single_train,single,what,lookup
80039,single_train,single,which,lookup
80043,single_train,single,how_many,reasoning
80037,single_train,single,how_many,reasoning
80042,single_train,single,how_many,reasoning
80044,single_train,single,how_many,reasoning
80046,single_train,single,how_many,reasoning
80041,single_train,single,which,lookup
80040,single_train,single,how_many,reasoning
99186,single_train,single,how_many,reasoning
99183,single_train,single,which,lookup
99190,single_train,single,how_many,reasoning
99181,single_train,single,what,lookup
99182,single_train,single,how_many,reasoning
99180,single_train,single,what,lookup
132273,single_train,single,how_many,reasoning
132271,single_train,single,when,lookup
132272,single_train,single,which,lookup
132268,single_train,single,how_many,lookup
132274,single_train,single,how_many,lookup
132277,single_train,single,how_many,reasoning
132270,single_train,single,how_many,reasoning
22956,single_train,single,other,lookup
22953,single_train,single,which,lookup
22954,single_train,single,what,lookup
154945,single_train,single,compare,reasoning
154940,single_train,single,which,reasoning
154941,single_train,single,which,reasoning
154951,single_train,single,how_many,reasoning
154950,single_train,single,which,lookup
154943,single_train,single,how_many,reasoning
154947,single_train,single,how_many,reasoning
154949,single_train,single,list,lookup
154942,single_train,single,which,reasoning
154948,single_train,single,which,lookup
154946,single_train,single,how_many,reasoning
154944,single_train,single,which,lookup
87815,single_train,single,compare,lookup
87816,single_train,single,compare,lookup
87817,single_train,single,how_many,reasoning
87814,single_train,single,how_many,lookup
87818,single_train,single,how_many,lookup
87813,single_train,single,which,reasoning
87819,single_train,single,how_many,lookup
87820,single_train,single,how_many,lookup
87812,single_train,single,how_many,reasoning
157175,single_train,single,which,lookup
157169,single_train,single,which,lookup
157172,single_train,single,which,lookup
157171,single_train,single,count,lookup
157176,single_train,single,how_many,reasoning
157174,single_train,single,what,lookup
157173,single_train,single,how_many,reasoning
157168,single_train,single,what,lookup
157170,single_train,single,how_many,reasoning
132773,single_train,single,how_many,reasoning
132779,single_train,single,which,lookup
132776,single_train,single,how_many,reasoning
132774,single_train,single,what,lookup
132772,single_train,single,how_many,lookup
132775,single_train,single,how_many,lookup
132778,single_train,single,which,lookup
135844,single_train,single,when,lookup
135856,single_train,single,what,lookup
135848,single_train,single,how_many,lookup
135846,single_train,single,how_many,reasoning
135851,single_train,single,count,reasoning
135855,single_train,single,count,reasoning
135854,single_train,single,which,lookup
135847,single_train,single,how_many,reasoning
135852,single_train,single,which,lookup
104210,single_train,single,which,lookup
104211,single_train,single,which,lookup
104209,single_train,single,which,lookup
104212,single_train,single,how_many,reasoning
104217,single_train,single,how_many,reasoning
104213,single_train,single,which,lookup
64081,single_train,single,which,lookup
64084,single_train,single,which,lookup
64076,single_train,single,which,lookup
64080,single_train,single,other,lookup
64085,single_train,single,how_many,reasoning
64079,single_train,single,which,lookup
64078,single_train,single,how_many,reasoning
64075,single_train,single,how_many,lookup
143392,single_train,single,how_many,reasoning
143396,single_train,single,which,lookup
143385,single_train,single,which,lookup
143391,single_train,single,which,lookup
143386,single_train,single,count,lookup
143393,single_train,single,which,lookup
143395,single_train,single,which,lookup
56153,single_train,single,how_many,lookup
56155,single_train,single,which,lookup
56156,single_train,single,which,lookup
56157,single_train,single,which,lookup
56158,single_train,single,how_many,lookup
56154,single_train,single,which,lookup
69342,single_train,single,other,lookup
69345,single_train,single,how_many,lookup
69341,single_train,single,how_many,lookup
69338,single_train,single,how_many,lookup
69340,single_train,single,how_many,reasoning
69344,single_train,single,how_many,reasoning
69337,single_train,single,which,lookup
69343,single_train,single,which,lookup
69339,single_train,single,which,lookup
69346,single_train,single,which,lookup
38582,single_train,single,compare,lookup
38588,single_train,single,how_many,reasoning
38581,single_train,single,how_many,lookup
38580,single_train,single,how_many,reasoning
38584,single_train,single,how_many,reasoning
38577,single_train,single,which,lookup
38579,single_train,single,which,lookup
38583,single_train,single,how_many,lookup
38578,single_train,single,which,lookup
37574,single_train,single,which,lookup
37570,single_train,single,which,lookup
37575,single_train,single,which,lookup
37573,single_train,single,which,lookup
37571,single_train,single,which,lookup
37577,single_train,single,how_many,lookup
37569,single_train,single,which,lookup
108093,single_train,single,how_many,reasoning
108092,single_train,single,which,lookup
61374,single_train,single,which,lookup
61379,single_train,single,how_many,reasoning
61376,single_train,single,which,lookup
61377,single_train,single,which,lookup
61378,single_train,single,how_many,lookup
61375,single_train,single,which,lookup
108433,single_train,single,how_many,lookup
108436,single_train,single,what,lookup
108435,single_train,single,how_many,reasoning
108434,single_train,single,which,lookup
108432,single_train,single,how_many,lookup
153386,single_train,single,when,lookup
153389,single_train,single,how_many,reasoning
153391,single_train,single,which,lookup
153392,single_train,single,how_many,reasoning
153388,single_train,single,which,lookup
153387,single_train,single,which,lookup
39490,single_train,single,which,lookup
39491,single_train,single,which,lookup
39493,single_train,single,how_many,reasoning
39495,single_train,single,which,lookup
39492,single_train,single,which,lookup
39494,single_train,single,which,lookup
39496,single_train,single,what,lookup
39499,single_train,single,how_many,reasoning
163801,single_train,single,which,lookup
163800,single_train,single,which,lookup
163798,single_train,single,what,lookup
163796,single_train,single,which,lookup
163799,single_train,single,how_many,reasoning
163803,single_train,single,how_many,lookup
163797,single_train,single,which,lookup
163804,single_train,single,how_many,lookup
163805,single_train,single,which,lookup
163802,single_train,single,which,lookup
56694,single_train,single,how_many,lookup
56690,single_train,single,list,reasoning
56693,single_train,single,which,lookup
56691,single_train,single,which,lookup
56692,single_train,single,other,lookup
54480,single_train,single,list,reasoning
54482,single_train,single,other,lookup
54483,single_train,single,how_many,lookup
54484,single_train,single,which,lookup
54486,single_train,single,which,lookup
54485,single_train,single,how_many,lookup
54481,single_train,single,which,lookup
54478,single_train,single,which,reasoning
101763,single_train,single,what,lookup
101765,single_train,single,which,lookup
101762,single_train,single,which,lookup
101761,single_train,single,which,lookup
137617,single_train,single,which,lookup
137615,single_train,single,how_many,lookup
50417,single_train,single,which,lookup
50418,single_train,single,which,lookup
50416,single_train,single,compare,reasoning
50423,single_train,single,which,lookup
50421,single_train,single,how_many,lookup
50422,single_train,single,how_many,lookup
50419,single_train,single,which,lookup
50420,single_train,single,how_many,lookup
50427,single_train,single,how_many,reasoning
50424,single_train,single,how_many,lookup
50426,single_train,single,how_many,reasoning
87103,single_train,single,which,lookup
87105,single_train,single,how_many,reasoning
87098,single_train,single,what,lookup
87096,single_train,single,how_many,reasoning
87097,single_train,single,how_many,lookup
87100,single_train,single,how_many,lookup
87095,single_train,single,which,reasoning
87099,single_train,single,what,lookup
87102,single_train,single,how_many,lookup
87104,single_train,single,how_many,reasoning
87101,single_train,single,how_many,lookup
13398,single_train,single,which,lookup
13396,single_train,single,how_many,reasoning
13395,single_train,single,other,lookup
13400,single_train,single,how_many,reasoning
13394,single_train,single,how_many,lookup
13399,single_train,single,which,lookup
13397,single_train,single,how_many,reasoning
76283,single_train,single,what,lookup
76290,single_train,single,what,reasoning
76288,single_train,single,how_many,lookup
76284,single_train,single,how_many,lookup
76292,single_train,single,how_many,reasoning
76289,single_train,single,what,lookup
76291,single_train,single,which,lookup
76286,single_train,single,what,lookup
76285,single_train,single,how_many,reasoning
76287,single_train,single,which,lookup
76282,single_train,single,when,lookup
77702,single_train,single,what,lookup
77710,single_train,single,how_many,reasoning
77708,single_train,single,which,lookup
77712,single_train,single,other,lookup
77713,single_train,single,what,lookup
77701,single_train,single,how_many,lookup
77709,single_train,single,which,lookup
77704,single_train,single,how_many,reasoning
77703,single_train,single,which,lookup
77705,single_train,single,when,reasoning
77706,single_train,single,which,lookup
77714,single_train,single,how_many,reasoning
115685,single_train,single,which,lookup
115687,single_train,single,which,lookup
115693,single_train,single,which,lookup
115694,single_train,single,how_many,reasoning
115686,single_train,single,which,lookup
115690,single_train,single,which,lookup
115691,single_train,single,how_many,reasoning
115689,single_train,single,how_many,reasoning
115692,single_train,single,how_many,reasoning
115688,single_train,single,how_many,reasoning
65465,single_train,single,what,lookup
65464,single_train,single,how_many,reasoning
65463,single_train,single,which,lookup
65461,single_train,single,how_many,lookup
57309,single_train,single,how_many,reasoning
57303,single_train,single,which,lookup
57306,single_train,single,which,lookup
57302,single_train,single,which,lookup
57305,single_train,single,how_many,lookup
57307,single_train,single,how_many,lookup
57310,single_train,single,how_many,reasoning
57304,single_train,single,compare,reasoning
107740,single_train,single,which,lookup
107741,single_train,single,how_many,reasoning
107737,single_train,single,how_many,reasoning
107735,single_train,single,which,lookup
107732,single_train,single,what,lookup
107739,single_train,single,count,lookup
65216,single_train,single,which,lookup
65215,single_train,single,which,lookup
65220,single_train,single,which,lookup
65214,single_train,single,how_many,reasoning
65219,single_train,single,which,lookup
65218,single_train,single,how_many,lookup
65222,single_train,single,other,lookup
65213,single_train,single,which,lookup
65212,single_train,single,which,lookup
158964,single_train,single,how_many,lookup
158969,single_train,single,which,reasoning
158965,single_train,single,which,reasoning
158973,single_train,single,how_many,reasoning
158970,single_train,single,how_many,reasoning
158966,single_train,single,how_many,reasoning
49307,single_train,single,how_many,lookup
49303,single_train,single,which,lookup
49309,single_train,single,which,lookup
49308,single_train,single,how_many,lookup
49304,single_train,single,how_many,lookup
49306,single_train,single,which,lookup
49305,single_train,single,which,lookup
49312,single_train,single,how_many,reasoning
49311,single_train,single,how_many,reasoning
117328,single_train,single,how_many,lookup
117336,single_train,single,which,lookup
117339,single_train,single,how_many,reasoning
117332,single_train,single,how_many,lookup
117334,single_train,single,which,lookup
117335,single_train,single,how_many,reasoning
117329,single_train,single,count,lookup
117331,single_train,single,how_many,reasoning
117330,single_train,single,how_many,reasoning
117333,single_train,single,compare,reasoning
117337,single_train,single,list,lookup
117338,single_train,single,how_many,lookup
152494,single_train,single,which,lookup
152491,single_train,single,how_many,reasoning
152493,single_train,single,how_many,lookup
152490,single_train,single,which,lookup
152489,single_train,single,compare,reasoning
152488,single_train,single,which,lookup
152492,single_train,single,which,lookup
149556,single_train,single,how_many,reasoning
149549,single_train,single,how_many,reasoning
149557,single_train,single,which,lookup
149555,single_train,single,how_many,lookup
149548,single_train,single,which,lookup
149553,single_train,single,which,lookup
149554,single_train,single,which,lookup
149551,single_train,single,which,lookup
149546,single_train,single,what,lookup
149550,single_train,single,other,lookup
149552,single_train,single,how_many,reasoning
46702,single_train,single,how_many,lookup
46699,single_train,single,other,lookup
46698,single_train,single,which,lookup
46700,single_train,single,how_many,lookup
46697,single_train,single,which,lookup
46704,single_train,single,how_many,reasoning
46701,single_train,single,which,lookup
7724,single_train,single,how_many,reasoning
7722,single_train,single,other,reasoning
7725,single_train,single,which,lookup
7727,single_train,single,how_many,reasoning
7723,single_train,single,which,lookup
46830,single_train,single,other,lookup
46831,single_train,single,how_many,lookup
46834,single_train,single,how_many,lookup
46828,single_train,single,which,reasoning
46832,single_train,single,which,lookup
46837,single_train,single,how_many,reasoning
46829,single_train,single,which,lookup
46833,single_train,single,how_many,lookup
148833,single_train,single,which,lookup
148834,single_train,single,which,lookup
148835,single_train,single,which,lookup
148831,single_train,single,which,lookup
148836,single_train,single,what,lookup
148832,single_train,single,what,lookup
148839,single_train,single,how_many,reasoning
3487,single_train,single,which,lookup
3485,single_train,single,which,lookup
3493,single_train,single,which,reasoning
3491,single_train,single,how_many,reasoning
3490,single_train,single,which,lookup
165410,single_train,single,how_many,reasoning
165412,single_train,single,which,lookup
165407,single_train,single,how_many,reasoning
165404,single_train,single,which,lookup
165409,single_train,single,what,reasoning
165406,single_train,single,what,lookup
165405,single_train,single,other,lookup
165408,single_train,single,what,lookup
165411,single_train,single,which,lookup
117440,single_train,single,compare,reasoning
117442,single_train,single,compare,lookup
117444,single_train,single,how_many,reasoning
117437,single_train,single,how_many,lookup
117438,single_train,single,other,lookup
117447,single_train,single,how_many,reasoning
117445,single_train,single,other,lookup
117446,single_train,single,which,lookup
117443,single_train,single,which,lookup
117441,single_train,single,how_many,lookup
117439,single_train,single,which,lookup
109068,single_train,single,which,lookup
109069,single_train,single,how_many,reasoning
109071,single_train,single,how_many,lookup
109067,single_train,single,what,lookup
109066,single_train,single,which,lookup
159787,single_train,single,how_many,reasoning
159784,single_train,single,how_many,lookup
159789,single_train,single,which,lookup
159790,single_train,single,how_many,reasoning
159782,single_train,single,how_many,reasoning
159780,single_train,single,how_many,lookup
159783,single_train,single,how_many,reasoning
159786,single_train,single,which,lookup
159785,single_train,single,what,lookup
8246,single_train,single,which,lookup
8242,single_train,single,which,lookup
8241,single_train,single,how_many,reasoning
8243,single_train,single,compare,reasoning
8247,single_train,single,how_many,reasoning
8244,single_train,single,how_many,reasoning
8245,single_train,single,which,lookup
8248,single_train,single,which,lookup
100086,single_train,single,what,lookup
100091,single_train,single,what,lookup
100092,single_train,single,how_many,reasoning
100088,single_train,single,what,lookup
100089,single_train,single,how_many,reasoning
100087,single_train,single,how_many,reasoning
100085,single_train,single,compare,lookup
65064,single_train,single,what,lookup
65066,single_train,single,which,lookup
65061,single_train,single,list,lookup
65065,single_train,single,what,lookup
65062,single_train,single,what,lookup
65069,single_train,single,which,lookup
65063,single_train,single,how_many,reasoning
65060,single_train,single,when,lookup
65067,single_train,single,what,lookup
94057,single_train,single,which,lookup
94059,single_train,single,count,lookup
94061,single_train,single,how_many,reasoning
94063,single_train,single,how_many,reasoning
94062,single_train,single,which,lookup
94058,single_train,single,list,lookup
94060,single_train,single,how_many,lookup
163436,single_train,single,how_many,reasoning
163429,single_train,single,which,lookup
163432,single_train,single,how_many,reasoning
163431,single_train,single,what,lookup
163430,single_train,single,other,lookup
55559,single_train,single,which,lookup
55563,single_train,single,which,lookup
55565,single_train,single,how_many,lookup
55560,single_train,single,which,lookup
55562,single_train,single,how_many,lookup
55566,single_train,single,list,reasoning
55561,single_train,single,how_many,lookup
55564,single_train,single,how_many,lookup
117713,single_train,single,how_many,lookup
117710,single_train,single,how_many,lookup
117716,single_train,single,how_many,reasoning
117712,single_train,single,how_many,lookup
44501,single_train,single,which,lookup
44498,single_train,single,which,lookup
44502,single_train,single,which,lookup
44504,single_train,single,how_many,reasoning
44503,single_train,single,compare,reasoning
44500,single_train,single,how_many,reasoning
44506,single_train,single,what,lookup
44499,single_train,single,which,lookup
123735,single_train,single,which,lookup
123738,single_train,single,which,lookup
123737,single_train,single,what,lookup
123733,single_train,single,how_many,reasoning
123732,single_train,single,which,reasoning
123736,single_train,single,other,lookup
123739,single_train,single,what,lookup
123740,single_train,single,how_many,reasoning
123741,single_train,single,how_many,reasoning
123734,single_train,single,which,lookup
129256,single_train,single,how_many,reasoning
129258,single_train,single,count,lookup
129253,single_train,single,how_many,lookup
129249,single_train,single,which,lookup
129259,single_train,single,which,reasoning
129252,single_train,single,how_many,reasoning
129254,single_train,single,which,lookup
129250,single_train,single,when,lookup
129255,single_train,single,which,lookup
129261,single_train,single,what,lookup
129260,single_train,single,which,lookup
129266,single_train,single,how_many,reasoning
129251,single_train,single,which,lookup
129263,single_train,single,what,lookup
129257,single_train,single,what,lookup
57604,single_train,single,which,reasoning
57605,single_train,single,which,lookup
57607,single_train,single,how_many,lookup
57606,single_train,single,other,lookup
57608,single_train,single,which,lookup
27427,single_train,single,what,lookup
27430,single_train,single,when,lookup
27426,single_train,single,which,lookup
27428,single_train,single,which,lookup
25419,single_train,single,how_many,reasoning
25420,single_train,single,how_many,lookup
25418,single_train,single,how_many,reasoning
25416,single_train,single,how_many,reasoning
25417,single_train,single,compare,lookup
98068,single_train,single,how_many,reasoning
98062,single_train,single,how_many,reasoning
98066,single_train,single,how_many,reasoning
98060,single_train,single,which,lookup
98061,single_train,single,which,lookup
98064,single_train,single,which,lookup
98059,single_train,single,when,lookup
98063,single_train,single,which,lookup
33499,single_train,single,how_many,lookup
33502,single_train,single,compare,reasoning
33503,single_train,single,compare,lookup
33500,single_train,single,what,lookup
33505,single_train,single,when,reasoning
49918,single_train,single,which,lookup
49922,single_train,single,how_many,lookup
49919,single_train,single,which,reasoning
49920,single_train,single,which,lookup
49923,single_train,single,how_many,lookup
49924,single_train,single,which,lookup
49921,single_train,single,how_many,lookup
49917,single_train,single,which,lookup
20260,single_train,single,which,lookup
20253,single_train,single,what,lookup
20255,single_train,single,what,lookup
20256,single_train,single,how_many,reasoning
20257,single_train,single,what,lookup
20259,single_train,single,which,lookup
20258,single_train,single,which,lookup
119946,single_train,single,which,lookup
119949,single_train,single,which,lookup
119945,single_train,single,which,lookup
119948,single_train,single,how_many,lookup
119947,single_train,single,which,lookup
119952,single_train,single,which,lookup
119951,single_train,single,which,reasoning
119950,single_train,single,which,lookup
158186,single_train,single,how_many,reasoning
158185,single_train,single,what,reasoning
158178,single_train,single,which,reasoning
158180,single_train,single,what,reasoning
158181,single_train,single,which,reasoning
158177,single_train,single,other,reasoning
158182,single_train,single,which,reasoning
158179,single_train,single,how_many,reasoning
158187,single_train,single,how_many,reasoning
118568,single_train,single,list,reasoning
118573,single_train,single,which,lookup
118575,single_train,single,how_many,reasoning
118572,single_train,single,how_many,lookup
118567,single_train,single,list,reasoning
118574,single_train,single,how_many,reasoning
118570,single_train,single,count,lookup
118571,single_train,single,list,lookup
111055,single_train,single,which,lookup
111065,single_train,single,how_many,reasoning
111060,single_train,single,which,lookup
111063,single_train,single,which,lookup
111057,single_train,single,compare,reasoning
111056,single_train,single,other,lookup
111062,single_train,single,which,reasoning
111064,single_train,single,what,lookup
111058,single_train,single,which,reasoning
111059,single_train,single,which,lookup
76998,single_train,single,which,lookup
77000,single_train,single,how_many,reasoning
77003,single_train,single,which,lookup
76997,single_train,single,which,lookup
77004,single_train,single,how_many,reasoning
77001,single_train,single,which,lookup
77006,single_train,single,which,lookup
76999,single_train,single,which,lookup
77008,single_train,single,how_many,reasoning
77002,single_train,single,which,lookup
77005,single_train,single,which,lookup
57106,single_train,single,other,lookup
57107,single_train,single,which,lookup
57104,single_train,single,compare,lookup
57101,single_train,single,which,reasoning
57108,single_train,single,how_many,lookup
57109,single_train,single,how_many,reasoning
57102,single_train,single,which,lookup
57103,single_train,single,which,lookup
57105,single_train,single,how_many,lookup
131768,single_train,single,which,lookup
131771,single_train,single,how_many,reasoning
131775,single_train,single,compare,reasoning
131773,single_train,single,how_many,reasoning
131767,single_train,single,how_many,lookup
131772,single_train,single,which,lookup
131770,single_train,single,what,lookup
131776,single_train,single,which,lookup
131766,single_train,single,what,lookup
131777,single_train,single,how_many,reasoning
131774,single_train,single,how_many,lookup
131769,single_train,single,how_many,reasoning
52780,single_train,single,how_many,lookup
52777,single_train,single,which,lookup
52778,single_train,single,other,lookup
52775,single_train,single,which,reasoning
52779,single_train,single,which,lookup
52776,single_train,single,which,lookup
52782,single_train,single,how_many,reasoning
52781,single_train,single,how_many,lookup
138751,single_train,single,which,lookup
138752,single_train,single,how_many,reasoning
138749,single_train,single,which,lookup
138748,single_train,single,other,lookup
138747,single_train,single,which,lookup
112265,single_train,single,how_many,reasoning
112261,single_train,single,how_many,reasoning
112262,single_train,single,which,lookup
112259,single_train,single,other,lookup
112257,single_train,single,which,lookup
112256,single_train,single,other,lookup
112263,single_train,single,other,lookup
112258,single_train,single,how_many,reasoning
118655,single_train,single,what,reasoning
118651,single_train,single,which,lookup
118650,single_train,single,which,reasoning
118653,single_train,single,which,lookup
118658,single_train,single,how_many,reasoning
118657,single_train,single,how_many,reasoning
118654,single_train,single,what,lookup
118649,single_train,single,which,lookup
118648,single_train,single,which,reasoning
86475,single_train,single,how_many,lookup
86481,single_train,single,how_many,reasoning
86477,single_train,single,which,reasoning
86474,single_train,single,other,lookup
86473,single_train,single,compare,reasoning
86476,single_train,single,how_many,lookup
86478,single_train,single,how_many,lookup
86472,single_train,single,what,lookup
86471,single_train,single,which,reasoning
62115,single_train,single,which,lookup
62118,single_train,single,how_many,reasoning
62113,single_train,single,what,lookup
62116,single_train,single,how_many,reasoning
62117,single_train,single,which,lookup
62114,single_train,single,list,lookup
62120,single_train,single,list,lookup
62121,single_train,single,which,lookup
62119,single_train,single,what,lookup
50575,single_train,single,which,lookup
50580,single_train,single,how_many,lookup
50581,single_train,single,which,lookup
50582,single_train,single,which,lookup
50577,single_train,single,which,lookup
50578,single_train,single,how_many,lookup
50574,single_train,single,list,reasoning
50579,single_train,single,how_many,lookup
65870,single_train,single,how_many,lookup
65871,single_train,single,other,lookup
65866,single_train,single,which,reasoning
65868,single_train,single,when,lookup
65867,single_train,single,what,lookup
65873,single_train,single,how_many,reasoning
65872,single_train,single,when,lookup
126381,single_train,single,what,lookup
126390,single_train,single,how_many,reasoning
126384,single_train,single,which,lookup
126386,single_train,single,how_many,reasoning
126385,single_train,single,which,lookup
126388,single_train,single,which,lookup
126383,single_train,single,how_many,reasoning
126380,single_train,single,what,lookup
126389,single_train,single,which,lookup
126382,single_train,single,which,lookup
52979,single_train,single,which,lookup
52977,single_train,single,other,lookup
52976,single_train,single,which,lookup
52974,single_train,single,list,reasoning
52975,single_train,single,which,reasoning
52978,single_train,single,what,lookup
57334,single_train,single,which,lookup
57331,single_train,single,which,lookup
57332,single_train,single,which,lookup
57335,single_train,single,count,reasoning
57333,single_train,single,what,lookup
80327,single_train,single,which,lookup
80325,single_train,single,which,lookup
80329,single_train,single,which,lookup
80326,single_train,single,how_many,lookup
80328,single_train,single,how_many,reasoning
80330,single_train,single,what,lookup
118633,single_train,single,which,lookup
118632,single_train,single,which,lookup
118626,single_train,single,what,lookup
118627,single_train,single,how_many,lookup
118628,single_train,single,which,lookup
118636,single_train,single,how_many,reasoning
118631,single_train,single,what,lookup
118629,single_train,single,which,lookup
118630,single_train,single,what,lookup
118634,single_train,single,how_many,lookup
1868,single_train,single,which,lookup
1865,single_train,single,other,lookup
1872,single_train,single,which,lookup
1873,single_train,single,how_many,lookup
1871,single_train,single,which,lookup
1870,single_train,single,how_many,reasoning
1864,single_train,single,which,lookup
1867,single_train,single,how_many,reasoning
1869,single_train,single,how_many,reasoning
1866,single_train,single,how_many,lookup
53641,single_train,single,which,reasoning
53648,single_train,single,which,lookup
53642,single_train,single,which,lookup
53647,single_train,single,how_many,lookup
53643,single_train,single,which,reasoning
53645,single_train,single,which,lookup
53644,single_train,single,which,lookup
138657,single_train,single,when,lookup
138662,single_train,single,which,reasoning
138666,single_train,single,how_many,reasoning
138661,single_train,single,when,lookup
138656,single_train,single,what,lookup
138659,single_train,single,how_many,reasoning
138660,single_train,single,what,reasoning
138658,single_train,single,which,reasoning
102051,single_train,single,what,lookup
102054,single_train,single,how_many,reasoning
102058,single_train,single,how_many,reasoning
102053,single_train,single,which,lookup
81703,single_train,single,which,lookup
81705,single_train,single,which,lookup
81704,single_train,single,what,lookup
81707,single_train,single,what,lookup
81706,single_train,single,compare,reasoning
81708,single_train,single,what,lookup
81709,single_train,single,which,lookup
49547,single_train,single,which,reasoning
49553,single_train,single,which,lookup
49552,single_train,single,how_many,lookup
49549,single_train,single,which,lookup
49548,single_train,single,which,lookup
49555,single_train,single,how_many,reasoning
49554,single_train,single,how_many,lookup
49551,single_train,single,how_many,lookup
49550,single_train,single,which,lookup
52394,single_train,single,which,lookup
52396,single_train,single,which,lookup
52391,single_train,single,list,reasoning
52392,single_train,single,which,lookup
52399,single_train,single,how_many,reasoning
52397,single_train,single,which,lookup
52395,single_train,single,other,lookup
52393,single_train,single,which,reasoning
166304,single_train,single,other,lookup
166306,single_train,single,how_many,reasoning
166305,single_train,single,which,lookup
165590,single_train,single,how_many,reasoning
165584,single_train,single,other,lookup
165589,single_train,single,which,reasoning
165591,single_train,single,which,lookup
165594,single_train,single,how_many,reasoning
165585,single_train,single,which,lookup
165583,single_train,single,which,lookup
165587,single_train,single,what,lookup
165586,single_train,single,how_many,reasoning
165588,single_train,single,what,lookup
84632,single_train,single,which,lookup
84637,single_train,single,how_many,reasoning
84633,single_train,single,count,lookup
84634,single_train,single,which,reasoning
84635,single_train,single,which,lookup
84629,single_train,single,list,lookup
84630,single_train,single,which,lookup
51358,single_train,single,how_many,lookup
51360,single_train,single,how_many,lookup
51353,single_train,single,list,reasoning
51355,single_train,single,which,lookup
51356,single_train,single,other,lookup
51359,single_train,single,how_many,lookup
51357,single_train,single,how_many,lookup
51354,single_train,single,which,reasoning
51362,single_train,single,how_many,reasoning
48694,single_train,single,how_many,reasoning
48693,single_train,single,list,reasoning
48688,single_train,single,how_many,reasoning
48690,single_train,single,how_many,lookup
48692,single_train,single,list,reasoning
48689,single_train,single,which,lookup
48691,single_train,single,which,lookup
110879,single_train,single,how_many,reasoning
110875,single_train,single,how_many,reasoning
110877,single_train,single,compare,reasoning
110874,single_train,single,how_many,lookup
110876,single_train,single,which,lookup
110878,single_train,single,which,lookup
110872,single_train,single,what,lookup
110873,single_train,single,count,lookup
67793,single_train,single,which,lookup
67791,single_train,single,which,lookup
67795,single_train,single,what,lookup
67792,single_train,single,how_many,reasoning
67789,single_train,single,which,lookup
139151,single_train,single,how_many,reasoning
139152,single_train,single,other,lookup
139149,single_train,single,when,lookup
139150,single_train,single,which,lookup
139154,single_train,single,how_many,reasoning
13108,single_train,single,how_many,reasoning
13102,single_train,single,which,lookup
13107,single_train,single,which,lookup
13101,single_train,single,which,reasoning
13106,single_train,single,compare,lookup
13103,single_train,single,which,reasoning
53614,single_train,single,how_many,reasoning
53613,single_train,single,which,reasoning
53616,single_train,single,other,lookup
53612,single_train,single,list,lookup
53615,single_train,single,compare,lookup
131761,single_train,single,what,lookup
131765,single_train,single,other,lookup
131759,single_train,single,which,lookup
131763,single_train,single,which,lookup
131760,single_train,single,how_many,reasoning
131758,single_train,single,what,lookup
131762,single_train,single,other,lookup
145149,single_train,single,which,reasoning
145146,single_train,single,other,lookup
145147,single_train,single,which,lookup
145150,single_train,single,which,lookup
145151,single_train,single,which,lookup
145148,single_train,single,how_many,reasoning
102832,single_train,single,what,lookup
102834,single_train,single,which,lookup
102835,single_train,single,how_many,reasoning
102833,single_train,single,which,lookup
102836,single_train,single,which,lookup
102837,single_train,single,how_many,reasoning
87403,single_train,single,which,lookup
87405,single_train,single,what,lookup
87411,single_train,single,how_many,reasoning
87406,single_train,single,which,lookup
87404,single_train,single,which,lookup
87409,single_train,single,which,lookup
87408,single_train,single,what,lookup
87407,single_train,single,which,lookup
121300,single_train,single,how_many,lookup
121306,single_train,single,how_many,lookup
121299,single_train,single,which,reasoning
121305,single_train,single,which,lookup
121303,single_train,single,when,lookup
70891,single_train,single,how_many,reasoning
70889,single_train,single,which,lookup
70899,single_train,single,how_many,reasoning
70893,single_train,single,which,lookup
70895,single_train,single,how_many,reasoning
70888,single_train,single,which,lookup
70898,single_train,single,which,lookup
70894,single_train,single,which,lookup
70890,single_train,single,which,lookup
70896,single_train,single,what,lookup
8760,single_train,single,which,lookup
8759,single_train,single,which,lookup
8758,single_train,single,how_many,lookup
8762,single_train,single,how_many,lookup
79709,single_train,single,what,lookup
79708,single_train,single,what,lookup
79705,single_train,single,which,lookup
79703,single_train,single,what,lookup
79704,single_train,single,which,lookup
79713,single_train,single,how_many,reasoning
79711,single_train,single,what,lookup
79712,single_train,single,which,lookup
79706,single_train,single,how_many,reasoning
137830,single_train,single,which,lookup
137831,single_train,single,how_many,reasoning
137833,single_train,single,how_many,reasoning
137829,single_train,single,count,lookup
137791,single_train,single,compare,reasoning
137796,single_train,single,how_many,lookup
137793,single_train,single,how_many,reasoning
137790,single_train,single,what,lookup
137794,single_train,single,how_many,lookup
137795,single_train,single,which,lookup
137799,single_train,single,how_many,reasoning
14627,single_train,single,how_many,lookup
14633,single_train,single,what,lookup
14632,single_train,single,how_many,reasoning
14631,single_train,single,which,lookup
14626,single_train,single,which,lookup
14628,single_train,single,how_many,reasoning
14636,single_train,single,what,lookup
14635,single_train,single,how_many,reasoning
14625,single_train,single,how_many,lookup
14629,single_train,single,which,reasoning
51229,single_train,single,which,reasoning
51230,single_train,single,which,lookup
51233,single_train,single,which,lookup
51232,single_train,single,other,lookup
51228,single_train,single,which,lookup
51231,single_train,single,how_many,lookup
118738,single_train,single,which,reasoning
118737,single_train,single,other,lookup
118740,single_train,single,what,reasoning
118734,single_train,single,which,lookup
118736,single_train,single,which,reasoning
118741,single_train,single,how_many,reasoning
118742,single_train,single,what,lookup
118735,single_train,single,list,reasoning
58748,single_train,single,other,lookup
58747,single_train,single,which,lookup
58749,single_train,single,which,lookup
58745,single_train,single,which,reasoning
58746,single_train,single,how_many,lookup
58752,single_train,single,how_many,reasoning
16085,single_train,single,which,lookup
16084,single_train,single,other,reasoning
16089,single_train,single,which,lookup
16086,single_train,single,how_many,reasoning
16083,single_train,single,what,lookup
16091,single_train,single,what,lookup
16090,single_train,single,how_many,reasoning
16088,single_train,single,which,lookup
16087,single_train,single,which,lookup
146931,single_train,single,how_many,lookup
146940,single_train,single,how_many,reasoning
146938,single_train,single,how_many,lookup
146936,single_train,single,count,lookup
146932,single_train,single,compare,lookup
146939,single_train,single,how_many,lookup
139996,single_train,single,how_many,lookup
139998,single_train,single,which,lookup
139999,single_train,single,how_many,lookup
140003,single_train,single,how_many,lookup
140000,single_train,single,which,lookup
140004,single_train,single,what,lookup
139997,single_train,single,which,lookup
140002,single_train,single,what,lookup
140006,single_train,single,what,lookup
140005,single_train,single,how_many,reasoning
140001,single_train,single,how_many,reasoning
2340,single_train,single,how_many,lookup
2344,single_train,single,what,lookup
2341,single_train,single,other,reasoning
2347,single_train,single,compare,lookup
2348,single_train,single,which,lookup
2342,single_train,single,which,lookup
2343,single_train,single,how_many,reasoning
2345,single_train,single,how_many,reasoning
151900,single_train,single,which,lookup
151904,single_train,single,which,lookup
151905,single_train,single,how_many,reasoning
151903,single_train,single,how_many,reasoning
151902,single_train,single,which,lookup
151901,single_train,single,how_many,lookup
92226,single_train,single,how_many,reasoning
92217,single_train,single,which,lookup
92227,single_train,single,how_many,reasoning
92225,single_train,single,how_many,reasoning
92223,single_train,single,when,lookup
92220,single_train,single,how_many,reasoning
92218,single_train,single,how_many,lookup
92222,single_train,single,which,lookup
92219,single_train,single,list,reasoning
92221,single_train,single,other,lookup
92216,single_train,single,what,reasoning
50478,single_train,single,what,reasoning
50476,single_train,single,which,lookup
50475,single_train,single,which,lookup
50474,single_train,single,which,lookup
50482,single_train,single,how_many,reasoning
50479,single_train,single,how_many,lookup
50483,single_train,single,how_many,reasoning
50477,single_train,single,which,lookup
50480,single_train,single,which,lookup
37544,single_train,single,how_many,reasoning
37535,single_train,single,which,lookup
37541,single_train,single,how_many,reasoning
37543,single_train,single,which,lookup
37542,single_train,single,which,lookup
37534,single_train,single,which,lookup
37536,single_train,single,which,lookup
37538,single_train,single,what,lookup
37539,single_train,single,which,reasoning
37537,single_train,single,how_many,reasoning
67507,single_train,single,which,reasoning
67513,single_train,single,how_many,reasoning
67510,single_train,single,other,lookup
67508,single_train,single,which,lookup
67512,single_train,single,how_many,reasoning
67506,single_train,single,what,lookup
67509,single_train,single,how_many,reasoning
67514,single_train,single,which,lookup
67511,single_train,single,which,reasoning
12504,single_train,single,which,lookup
12506,single_train,single,what,lookup
12508,single_train,single,which,lookup
12511,single_train,single,how_many,reasoning
12509,single_train,single,what,lookup
12505,single_train,single,which,lookup
12507,single_train,single,how_many,reasoning
121060,single_train,single,how_many,reasoning
121047,single_train,single,which,reasoning
121055,single_train,single,how_many,lookup
121059,single_train,single,how_many,reasoning
121053,single_train,single,which,lookup
121058,single_train,single,how_many,reasoning
121057,single_train,single,how_many,lookup
121054,single_train,single,how_many,lookup
121048,single_train,single,which,reasoning
121056,single_train,single,which,reasoning
121049,single_train,single,how_many,lookup
121051,single_train,single,which,reasoning
121050,single_train,single,what,lookup
121052,single_train,single,other,lookup
22273,single_train,single,what,lookup
22274,single_train,single,how_many,reasoning
22269,single_train,single,how_many,lookup
22271,single_train,single,how_many,reasoning
22272,single_train,single,how_many,reasoning
22270,single_train,single,compare,lookup
165194,single_train,single,how_many,reasoning
165188,single_train,single,how_many,lookup
165192,single_train,single,what,lookup
165193,single_train,single,how_many,lookup
165197,single_train,single,how_many,reasoning
165191,single_train,single,how_many,reasoning
165190,single_train,single,which,lookup
165189,single_train,single,compare,reasoning
137733,single_train,single,which,lookup
137738,single_train,single,when,lookup
137735,single_train,single,when,lookup
137739,single_train,single,how_many,reasoning
137734,single_train,single,count,lookup
79309,single_train,single,when,lookup
79308,single_train,single,which,lookup
79311,single_train,single,how_many,reasoning
79304,single_train,single,which,lookup
79305,single_train,single,what,lookup
79310,single_train,single,what,lookup
79301,single_train,single,which,lookup
79306,single_train,single,which,lookup
79302,single_train,single,compare,reasoning
79307,single_train,single,how_many,reasoning
79300,single_train,single,what,lookup
79313,single_train,single,which,lookup
145726,single_train,single,when,lookup
145725,single_train,single,how_many,reasoning
145732,single_train,single,how_many,reasoning
145724,single_train,single,which,lookup
145729,single_train,single,what,lookup
145728,single_train,single,when,lookup
145722,single_train,single,what,lookup
145727,single_train,single,which,lookup
145723,single_train,single,list,lookup
145730,single_train,single,which,lookup
145731,single_train,single,what,lookup
57114,single_train,single,how_many,lookup
57115,single_train,single,how_many,lookup
57112,single_train,single,other,lookup
57113,single_train,single,how_many,lookup
57110,single_train,single,which,reasoning
57111,single_train,single,which,lookup
11713,single_train,single,what,lookup
11708,single_train,single,what,lookup
11711,single_train,single,list,lookup
11709,single_train,single,which,lookup
11710,single_train,single,which,lookup
11712,single_train,single,which,lookup
59960,single_train,single,other,lookup
59959,single_train,single,which,lookup
59957,single_train,single,which,lookup
59961,single_train,single,which,lookup
59958,single_train,single,how_many,reasoning
101190,single_train,single,which,lookup
101188,single_train,single,how_many,reasoning
101187,single_train,single,which,lookup
101191,single_train,single,what,lookup
17823,single_train,single,how_many,reasoning
17819,single_train,single,compare,reasoning
17815,single_train,single,which,lookup
17820,single_train,single,which,lookup
17822,single_train,single,which,lookup
17818,single_train,single,what,lookup
17817,single_train,single,which,lookup
17821,single_train,single,how_many,reasoning
17816,single_train,single,which,lookup
97140,single_train,single,how_many,lookup
97143,single_train,single,how_many,reasoning
97139,single_train,single,how_many,lookup
97138,single_train,single,what,reasoning
97142,single_train,single,how_many,reasoning
48341,single_train,single,which,lookup
48339,single_train,single,which,reasoning
48343,single_train,single,how_many,lookup
48345,single_train,single,count,reasoning
48342,single_train,single,other,lookup
48340,single_train,single,which,lookup
55425,single_train,single,other,lookup
55430,single_train,single,how_many,reasoning
55426,single_train,single,what,lookup
55427,single_train,single,how_many,lookup
55424,single_train,single,which,lookup
55422,single_train,single,which,reasoning
55423,single_train,single,which,reasoning
151459,single_train,single,how_many,lookup
151468,single_train,single,how_many,reasoning
151458,single_train,single,which,lookup
151461,single_train,single,how_many,reasoning
151466,single_train,single,what,lookup
151465,single_train,single,how_many,reasoning
151462,single_train,single,how_many,lookup
151464,single_train,single,which,lookup
151463,single_train,single,how_many,lookup
151467,single_train,single,how_many,lookup
151460,single_train,single,what,reasoning
132702,single_train,single,what,lookup
132706,single_train,single,other,lookup
132708,single_train,single,how_many,reasoning
132701,single_train,single,how_many,reasoning
132703,single_train,single,which,lookup
132710,single_train,single,how_many,lookup
132707,single_train,single,how_many,lookup
132705,single_train,single,how_many,lookup
132711,single_train,single,how_many,lookup
132704,single_train,single,how_many,reasoning
132712,single_train,single,how_many,reasoning
98085,single_train,single,which,lookup
98090,single_train,single,how_many,reasoning
98084,single_train,single,how_many,lookup
98087,single_train,single,what,lookup
98089,single_train,single,which,lookup
98083,single_train,single,what,lookup
98088,single_train,single,count,lookup
98086,single_train,single,how_many,reasoning
55861,single_train,single,how_many,lookup
55859,single_train,single,how_many,lookup
55857,single_train,single,which,reasoning
55860,single_train,single,how_many,lookup
55862,single_train,single,which,lookup
55858,single_train,single,which,lookup
38806,single_train,single,which,lookup
38807,single_train,single,other,lookup
38810,single_train,single,how_many,reasoning
38805,single_train,single,how_many,reasoning
38802,single_train,single,how_many,lookup
38803,single_train,single,which,lookup
38809,single_train,single,how_many,reasoning
119193,single_train,single,other,lookup
119194,single_train,single,which,lookup
119192,single_train,single,what,lookup
119195,single_train,single,which,lookup
119196,single_train,single,which,lookup
119191,single_train,single,which,lookup
63206,single_train,single,which,reasoning
63205,single_train,single,which,lookup
63207,single_train,single,which,lookup
63201,single_train,single,which,lookup
63202,single_train,single,how_many,reasoning
63204,single_train,single,which,lookup
63203,single_train,single,how_many,lookup
63200,single_train,single,which,lookup
108344,single_train,single,how_many,reasoning
108345,single_train,single,how_many,lookup
108346,single_train,single,which,lookup
108347,single_train,single,how_many,reasoning
108348,single_train,single,what,lookup
108351,single_train,single,how_many,reasoning
108343,single_train,single,how_many,reasoning
108341,single_train,single,how_many,lookup
108342,single_train,single,how_many,reasoning
54172,single_train,single,which,lookup
54174,single_train,single,how_many,lookup
54171,single_train,single,which,reasoning
66365,single_train,single,which,lookup
66368,single_train,single,how_many,reasoning
66364,single_train,single,what,lookup
66363,single_train,single,what,lookup
66367,single_train,single,which,lookup
66366,single_train,single,how_many,reasoning
35756,single_train,single,which,lookup
35761,single_train,single,how_many,reasoning
35755,single_train,single,which,lookup
35764,single_train,single,which,lookup
35754,single_train,single,what,lookup
35758,single_train,single,what,lookup
114032,single_train,single,how_many,reasoning
114031,single_train,single,how_many,lookup
114036,single_train,single,what,lookup
114035,single_train,single,how_many,reasoning
114030,single_train,single,compare,reasoning
114033,single_train,single,how_many,reasoning
114038,single_train,single,how_many,reasoning
114034,single_train,single,which,lookup
114029,single_train,single,how_many,reasoning
114037,single_train,single,other,lookup
92280,single_train,single,how_many,lookup
92283,single_train,single,how_many,reasoning
92272,single_train,single,list,reasoning
92274,single_train,single,which,reasoning
92282,single_train,single,how_many,reasoning
92279,single_train,single,when,reasoning
92273,single_train,single,what,reasoning
92281,single_train,single,how_many,reasoning
92277,single_train,single,which,lookup
92278,single_train,single,when,lookup
92275,single_train,single,list,lookup
51565,single_train,single,other,lookup
51563,single_train,single,which,lookup
51569,single_train,single,how_many,reasoning
51562,single_train,single,which,reasoning
51570,single_train,single,how_many,reasoning
51564,single_train,single,which,lookup
51566,single_train,single,how_many,lookup
51567,single_train,single,which,lookup
116374,single_train,single,how_many,reasoning
116370,single_train,single,how_many,reasoning
116373,single_train,single,how_many,reasoning
116376,single_train,single,how_many,lookup
116372,single_train,single,how_many,lookup
116371,single_train,single,how_many,lookup
116369,single_train,single,how_many,reasoning
116377,single_train,single,which,lookup
116375,single_train,single,which,lookup
44543,single_train,single,which,lookup
44549,single_train,single,how_many,reasoning
44545,single_train,single,which,lookup
44546,single_train,single,how_many,reasoning
44548,single_train,single,which,lookup
160256,single_train,single,how_many,reasoning
160254,single_train,single,which,lookup
160250,single_train,single,how_many,reasoning
160249,single_train,single,which,lookup
160248,single_train,single,which,lookup
160247,single_train,single,what,lookup
160252,single_train,single,other,lookup
160251,single_train,single,which,lookup
160255,single_train,single,what,lookup
160253,single_train,single,which,lookup
86124,single_train,single,which,lookup
86125,single_train,single,what,lookup
86123,single_train,single,which,lookup
86122,single_train,single,which,lookup
86126,single_train,single,what,lookup
86130,single_train,single,how_many,reasoning
86129,single_train,single,which,lookup
86120,single_train,single,list,lookup
86127,single_train,single,which,lookup
86128,single_train,single,which,lookup
116483,single_train,single,how_many,lookup
116485,single_train,single,how_many,reasoning
116484,single_train,single,how_many,lookup
116486,single_train,single,what,lookup
116482,single_train,single,which,lookup
116487,single_train,single,how_many,reasoning
116481,single_train,single,how_many,reasoning
159651,single_train,single,when,lookup
159652,single_train,single,how_many,reasoning
159658,single_train,single,how_many,reasoning
159656,single_train,single,when,reasoning
159654,single_train,single,how_many,lookup
159653,single_train,single,what,lookup
159655,single_train,single,what,lookup
159657,single_train,single,which,reasoning
38557,single_train,single,compare,reasoning
38564,single_train,single,which,lookup
38563,single_train,single,what,lookup
38562,single_train,single,how_many,reasoning
38558,single_train,single,when,reasoning
38559,single_train,single,how_many,lookup
38560,single_train,single,how_many,lookup
38561,single_train,single,how_many,lookup
38556,single_train,single,which,lookup
130427,single_train,single,how_many,reasoning
130435,single_train,single,which,lookup
130424,single_train,single,which,lookup
130436,single_train,single,other,lookup
130433,single_train,single,which,lookup
130426,single_train,single,when,lookup
130430,single_train,single,how_many,reasoning
130437,single_train,single,which,lookup
130425,single_train,single,what,lookup
130434,single_train,single,which,reasoning
130432,single_train,single,what,lookup
130429,single_train,single,when,lookup
130428,single_train,single,what,lookup
130431,single_train,single,how_many,lookup
25382,single_train,single,how_many,reasoning
25379,single_train,single,how_many,lookup
25381,single_train,single,which,lookup
25380,single_train,single,what,lookup
60632,single_train,single,compare,lookup
60636,single_train,single,which,lookup
60633,single_train,single,which,lookup
60635,single_train,single,which,lookup
60630,single_train,single,which,reasoning
60634,single_train,single,other,lookup
60631,single_train,single,which,lookup
132326,single_train,single,how_many,reasoning
132321,single_train,single,what,lookup
132324,single_train,single,what,lookup
135984,single_train,single,which,lookup
135993,single_train,single,count,lookup
135989,single_train,single,what,reasoning
135994,single_train,single,what,lookup
135988,single_train,single,which,lookup
135995,single_train,single,how_many,reasoning
135987,single_train,single,how_many,reasoning
135986,single_train,single,which,lookup
135992,single_train,single,which,lookup
135985,single_train,single,count,lookup
135991,single_train,single,compare,reasoning
135990,single_train,single,which,lookup
69235,single_train,single,what,lookup
69234,single_train,single,how_many,reasoning
69233,single_train,single,which,lookup
69228,single_train,single,which,lookup
69227,single_train,single,which,lookup
69238,single_train,single,how_many,reasoning
69229,single_train,single,which,lookup
69232,single_train,single,compare,reasoning
69231,single_train,single,which,lookup
69230,single_train,single,how_many,reasoning
113066,single_train,single,how_many,reasoning
113064,single_train,single,how_many,reasoning
113070,single_train,single,how_many,reasoning
113065,single_train,single,how_many,lookup
113067,single_train,single,how_many,reasoning
26769,single_train,single,how_many,reasoning
26767,single_train,single,which,lookup
26772,single_train,single,which,lookup
26770,single_train,single,which,reasoning
26768,single_train,single,which,lookup
26771,single_train,single,which,lookup
102590,single_train,single,which,lookup
102587,single_train,single,which,lookup
102586,single_train,single,which,lookup
102589,single_train,single,which,lookup
102585,single_train,single,what,lookup
102591,single_train,single,what,lookup
102588,single_train,single,how_many,reasoning
33519,single_train,single,when,lookup
33526,single_train,single,compare,reasoning
33523,single_train,single,which,lookup
33524,single_train,single,what,lookup
33521,single_train,single,when,reasoning
33518,single_train,single,how_many,lookup
127256,single_train,single,which,reasoning
127260,single_train,single,how_many,reasoning
133347,single_train,single,which,lookup
133343,single_train,single,how_many,lookup
133348,single_train,single,how_many,reasoning
133342,single_train,single,how_many,lookup
133346,single_train,single,how_many,lookup
133344,single_train,single,how_many,reasoning
156518,single_train,single,compare,reasoning
156520,single_train,single,what,lookup
156521,single_train,single,how_many,lookup
156517,single_train,single,which,lookup
156519,single_train,single,how_many,reasoning
40944,single_train,single,how_many,reasoning
40948,single_train,single,how_many,reasoning
40946,single_train,single,when,lookup
40942,single_train,single,how_many,lookup
40947,single_train,single,what,lookup
40945,single_train,single,which,lookup
40943,single_train,single,which,reasoning
19217,single_train,single,compare,reasoning
19223,single_train,single,how_many,reasoning
19215,single_train,single,list,lookup
19221,single_train,single,list,lookup
19216,single_train,single,how_many,reasoning
19218,single_train,single,which,lookup
19219,single_train,single,how_many,reasoning
19213,single_train,single,which,reasoning
19214,single_train,single,which,lookup
33453,single_train,single,when,lookup
33457,single_train,single,which,lookup
33454,single_train,single,how_many,reasoning
33459,single_train,single,when,lookup
33452,single_train,single,what,lookup
33451,single_train,single,when,lookup
33456,single_train,single,what,lookup
33458,single_train,single,which,lookup
33455,single_train,single,how_many,lookup
3932,single_train,single,how_many,reasoning
3933,single_train,single,how_many,lookup
3931,single_train,single,which,lookup
3930,single_train,single,compare,lookup
3929,single_train,single,how_many,lookup
3936,single_train,single,how_many,reasoning
53496,single_train,single,which,lookup
53498,single_train,single,how_many,lookup
53494,single_train,single,list,reasoning
53497,single_train,single,which,lookup
53495,single_train,single,which,reasoning
53500,single_train,single,how_many,lookup
53501,single_train,single,how_many,lookup
53503,single_train,single,how_many,reasoning
53504,single_train,single,how_many,reasoning
53499,single_train,single,other,lookup
97410,single_train,single,how_many,lookup
97411,single_train,single,how_many,reasoning
97414,single_train,single,how_many,reasoning
97409,single_train,single,when,reasoning
16007,single_train,single,how_many,lookup
16011,single_train,single,what,lookup
16012,single_train,single,how_many,lookup
16008,single_train,single,how_many,lookup
16009,single_train,single,how_many,reasoning
16010,single_train,single,how_many,reasoning
16006,single_train,single,how_many,lookup
127291,single_train,single,what,lookup
127294,single_train,single,which,lookup
127292,single_train,single,which,lookup
127295,single_train,single,which,lookup
127293,single_train,single,which,lookup
127290,single_train,single,which,lookup
115887,single_train,single,how_many,lookup
115892,single_train,single,how_many,reasoning
115886,single_train,single,how_many,reasoning
115891,single_train,single,which,lookup
115889,single_train,single,how_many,reasoning
115890,single_train,single,which,lookup
115888,single_train,single,how_many,reasoning
115897,single_train,single,which,lookup
115893,single_train,single,which,lookup
115896,single_train,single,which,lookup
19801,single_train,single,which,lookup
19803,single_train,single,which,lookup
19800,single_train,single,how_many,reasoning
19799,single_train,single,which,lookup
19798,single_train,single,what,lookup
19802,single_train,single,what,reasoning
68439,single_train,single,how_many,reasoning
68438,single_train,single,which,lookup
68436,single_train,single,which,lookup
68435,single_train,single,how_many,reasoning
68433,single_train,single,compare,lookup
68432,single_train,single,which,lookup
68434,single_train,single,what,lookup
68437,single_train,single,what,lookup
123273,single_train,single,how_many,reasoning
123272,single_train,single,how_many,lookup
123270,single_train,single,which,lookup
123266,single_train,single,which,lookup
123267,single_train,single,how_many,lookup
123269,single_train,single,other,lookup
123271,single_train,single,what,lookup
142649,single_train,single,which,lookup
142646,single_train,single,how_many,reasoning
142643,single_train,single,what,lookup
142648,single_train,single,which,lookup
142652,single_train,single,what,reasoning
142653,single_train,single,which,lookup
142645,single_train,single,which,lookup
142644,single_train,single,list,lookup
142650,single_train,single,how_many,reasoning
142647,single_train,single,which,reasoning
4255,single_train,single,which,lookup
4263,single_train,single,how_many,reasoning
4257,single_train,single,what,lookup
4253,single_train,single,which,lookup
4259,single_train,single,how_many,lookup
4256,single_train,single,how_many,lookup
151686,single_train,single,how_many,reasoning
151689,single_train,single,which,lookup
151685,single_train,single,which,lookup
151694,single_train,single,how_many,reasoning
151687,single_train,single,which,lookup
151690,single_train,single,how_many,reasoning
151688,single_train,single,which,lookup
151684,single_train,single,what,reasoning
151692,single_train,single,list,lookup
151683,single_train,single,what,lookup
150516,single_train,single,how_many,reasoning
150510,single_train,single,which,lookup
150512,single_train,single,how_many,reasoning
150509,single_train,single,what,lookup
150511,single_train,single,which,lookup
77457,single_train,single,what,lookup
77455,single_train,single,which,lookup
15998,single_train,single,which,lookup
16000,single_train,single,how_many,lookup
15997,single_train,single,how_many,reasoning
15999,single_train,single,what,lookup
16001,single_train,single,which,lookup
15994,single_train,single,what,lookup
15996,single_train,single,which,lookup
15995,single_train,single,compare,lookup
16002,single_train,single,how_many,reasoning
17257,single_train,single,how_many,lookup
17255,single_train,single,how_many,reasoning
17258,single_train,single,how_many,reasoning
17256,single_train,single,which,lookup
17259,single_train,single,how_many,lookup
17262,single_train,single,how_many,reasoning
17260,single_train,single,how_many,reasoning
17264,single_train,single,which,lookup
17265,single_train,single,how_many,reasoning
17261,single_train,single,how_many,lookup
149027,single_train,single,which,lookup
149024,single_train,single,which,lookup
149020,single_train,single,other,lookup
149028,single_train,single,which,lookup
149019,single_train,single,which,lookup
149021,single_train,single,which,lookup
149026,single_train,single,which,lookup
149023,single_train,single,how_many,lookup
149025,single_train,single,what,lookup
149022,single_train,single,how_many,reasoning
109969,single_train,single,how_many,reasoning
109976,single_train,single,how_many,reasoning
109971,single_train,single,how_many,lookup
109970,single_train,single,which,reasoning
109972,single_train,single,how_many,reasoning
109973,single_train,single,which,lookup
114010,single_train,single,how_many,reasoning
114011,single_train,single,how_many,lookup
114009,single_train,single,compare,reasoning
114012,single_train,single,how_many,reasoning
114016,single_train,single,how_many,reasoning
114013,single_train,single,what,lookup
114008,single_train,single,how_many,lookup
114007,single_train,single,compare,reasoning
114006,single_train,single,how_many,reasoning
75253,single_train,single,list,reasoning
75260,single_train,single,what,lookup
75258,single_train,single,which,lookup
75256,single_train,single,what,lookup
75257,single_train,single,list,lookup
75254,single_train,single,what,lookup
75252,single_train,single,which,lookup
75263,single_train,single,how_many,reasoning
75259,single_train,single,how_many,reasoning
75262,single_train,single,which,lookup
75261,single_train,single,what,lookup
75255,single_train,single,how_many,reasoning
158703,single_train,single,how_many,reasoning
158700,single_train,single,what,lookup
158702,single_train,single,which,reasoning
158701,single_train,single,what,reasoning
158705,single_train,single,when,reasoning
158706,single_train,single,how_many,reasoning
158704,single_train,single,what,reasoning
133635,single_train,single,list,lookup
133637,single_train,single,how_many,reasoning
133638,single_train,single,which,lookup
133639,single_train,single,how_many,lookup
133641,single_train,single,how_many,lookup
133634,single_train,single,which,lookup
133640,single_train,single,how_many,lookup
133644,single_train,single,how_many,reasoning
133631,single_train,single,which,lookup
133642,single_train,single,other,lookup
133643,single_train,single,which,lookup
71730,single_train,single,which,lookup
71738,single_train,single,what,lookup
71735,single_train,single,which,lookup
71734,single_train,single,which,lookup
71736,single_train,single,how_many,reasoning
71739,single_train,single,how_many,reasoning
71731,single_train,single,list,lookup
71732,single_train,single,which,lookup
71733,single_train,single,how_many,reasoning
71737,single_train,single,which,reasoning
158118,single_train,single,list,lookup
158119,single_train,single,which,lookup
158117,single_train,single,which,lookup
158114,single_train,single,what,lookup
158115,single_train,single,which,lookup
158112,single_train,single,what,lookup
158120,single_train,single,how_many,reasoning
158113,single_train,single,which,lookup
5037,single_train,single,how_many,reasoning
5038,single_train,single,what,lookup
5033,single_train,single,how_many,reasoning
5034,single_train,single,how_many,lookup
5032,single_train,single,which,lookup
5031,single_train,single,which,lookup
26552,single_train,single,which,lookup
26555,single_train,single,which,lookup
26548,single_train,single,which,lookup
26553,single_train,single,list,lookup
26554,single_train,single,how_many,reasoning
26556,single_train,single,other,lookup
26551,single_train,single,how_many,reasoning
26558,single_train,single,how_many,reasoning
26549,single_train,single,other,lookup
26550,single_train,single,which,lookup
43121,single_train,single,what,lookup
43125,single_train,single,which,lookup
43133,single_train,single,which,lookup
43123,single_train,single,how_many,reasoning
43130,single_train,single,how_many,reasoning
43131,single_train,single,which,lookup
43126,single_train,single,how_many,reasoning
43124,single_train,single,compare,reasoning
43127,single_train,single,how_many,lookup
43129,single_train,single,which,lookup
43120,single_train,single,how_many,reasoning
43122,single_train,single,what,lookup
21091,single_train,single,how_many,reasoning
21090,single_train,single,what,lookup
21095,single_train,single,how_many,reasoning
21089,single_train,single,which,lookup
21092,single_train,single,how_many,reasoning
21094,single_train,single,which,lookup
21093,single_train,single,which,lookup
153548,single_train,single,what,reasoning
153551,single_train,single,how_many,reasoning
153550,single_train,single,which,reasoning
153546,single_train,single,how_many,reasoning
153547,single_train,single,list,reasoning
133246,single_train,single,how_many,lookup
133240,single_train,single,when,lookup
133243,single_train,single,which,lookup
133242,single_train,single,what,lookup
133245,single_train,single,other,reasoning
133244,single_train,single,which,lookup
133241,single_train,single,how_many,reasoning
122677,single_train,single,other,lookup
122673,single_train,single,what,lookup
122674,single_train,single,what,reasoning
122675,single_train,single,which,lookup
122682,single_train,single,how_many,reasoning
122679,single_train,single,what,lookup
122684,single_train,single,how_many,reasoning
122676,single_train,single,which,lookup
122680,single_train,single,how_many,lookup
122681,single_train,single,which,lookup
49177,single_train,single,which,lookup
49176,single_train,single,how_many,lookup
49171,single_train,single,which,reasoning
49175,single_train,single,how_many,lookup
49178,single_train,single,how_many,reasoning
49173,single_train,single,which,lookup
49172,single_train,single,how_many,lookup
49174,single_train,single,how_many,lookup
20611,single_train,single,which,reasoning
20607,single_train,single,which,lookup
20613,single_train,single,which,lookup
20610,single_train,single,what,lookup
20606,single_train,single,which,lookup
20609,single_train,single,how_many,reasoning
20612,single_train,single,which,lookup
20608,single_train,single,which,reasoning
91248,single_train,single,list,lookup
91246,single_train,single,how_many,reasoning
91253,single_train,single,how_many,reasoning
91251,single_train,single,what,lookup
91252,single_train,single,other,lookup
91254,single_train,single,compare,reasoning
91250,single_train,single,count,lookup
91249,single_train,single,when,reasoning
17837,single_train,single,what,lookup
17838,single_train,single,which,lookup
17843,single_train,single,which,lookup
17842,single_train,single,how_many,reasoning
17836,single_train,single,how_many,lookup
17845,single_train,single,how_many,reasoning
17840,single_train,single,what,lookup
17839,single_train,single,compare,reasoning
17844,single_train,single,what,lookup
17841,single_train,single,which,lookup
69682,single_train,single,how_many,reasoning
69679,single_train,single,when,lookup
69680,single_train,single,other,lookup
69681,single_train,single,which,lookup
69684,single_train,single,what,lookup
145822,single_train,single,which,lookup
145818,single_train,single,which,lookup
145814,single_train,single,which,lookup
145823,single_train,single,which,lookup
145820,single_train,single,how_many,reasoning
145824,single_train,single,how_many,reasoning
145809,single_train,single,which,lookup
145812,single_train,single,how_many,reasoning
145819,single_train,single,which,lookup
145815,single_train,single,which,lookup
145817,single_train,single,which,lookup
82317,single_train,single,how_many,reasoning
82318,single_train,single,count,lookup
82322,single_train,single,count,lookup
82321,single_train,single,what,lookup
82323,single_train,single,what,lookup
82319,single_train,single,how_many,lookup
136570,single_train,single,count,reasoning
136559,single_train,single,what,lookup
136565,single_train,single,how_many,reasoning
136562,single_train,single,how_many,reasoning
136569,single_train,single,how_many,reasoning
136563,single_train,single,which,lookup
136560,single_train,single,count,lookup
136567,single_train,single,what,lookup
136564,single_train,single,how_many,lookup
136561,single_train,single,which,lookup
76481,single_train,single,which,lookup
76485,single_train,single,list,lookup
76487,single_train,single,which,lookup
76484,single_train,single,what,lookup
76486,single_train,single,which,lookup
76489,single_train,single,which,reasoning
76482,single_train,single,which,reasoning
76480,single_train,single,which,lookup
76488,single_train,single,list,lookup
76483,single_train,single,how_many,reasoning
44957,single_train,single,which,lookup
44955,single_train,single,what,lookup
44959,single_train,single,which,lookup
44958,single_train,single,how_many,reasoning
44956,single_train,single,list,lookup
44961,single_train,single,how_many,reasoning
44960,single_train,single,which,lookup
41213,single_train,single,how_many,reasoning
41212,single_train,single,other,lookup
41206,single_train,single,how_many,reasoning
41210,single_train,single,how_many,reasoning
41208,single_train,single,compare,lookup
41203,single_train,single,which,lookup
41207,single_train,single,how_many,lookup
41209,single_train,single,which,lookup
41205,single_train,single,which,lookup
26026,single_train,single,how_many,lookup
26028,single_train,single,how_many,lookup
26032,single_train,single,what,lookup
26036,single_train,single,which,lookup
26033,single_train,single,how_many,reasoning
26029,single_train,single,how_many,reasoning
26027,single_train,single,how_many,reasoning
26031,single_train,single,compare,reasoning
26034,single_train,single,what,lookup
26030,single_train,single,how_many,lookup
26037,single_train,single,how_many,reasoning
80731,single_train,single,compare,reasoning
80728,single_train,single,which,lookup
80730,single_train,single,which,lookup
80729,single_train,single,how_many,reasoning
80732,single_train,single,which,reasoning
80726,single_train,single,what,lookup
80727,single_train,single,count,reasoning
80733,single_train,single,how_many,reasoning
165905,single_train,single,which,lookup
165903,single_train,single,how_many,reasoning
165901,single_train,single,which,lookup
165907,single_train,single,which,lookup
165904,single_train,single,what,lookup
165906,single_train,single,what,lookup
165902,single_train,single,which,lookup
61791,single_train,single,how_many,lookup
61793,single_train,single,which,lookup
61794,single_train,single,how_many,reasoning
11622,single_train,single,when,lookup
11620,single_train,single,how_many,lookup
11626,single_train,single,how_many,reasoning
11621,single_train,single,how_many,reasoning
11623,single_train,single,how_many,reasoning
11625,single_train,single,which,lookup
11619,single_train,single,how_many,lookup
145827,single_train,single,how_many,reasoning
145825,single_train,single,which,lookup
145829,single_train,single,how_many,reasoning
145828,single_train,single,which,lookup
86685,single_train,single,which,lookup
86687,single_train,single,what,lookup
86691,single_train,single,which,lookup
86690,single_train,single,how_many,lookup
86689,single_train,single,how_many,lookup
86694,single_train,single,how_many,reasoning
86686,single_train,single,which,lookup
86692,single_train,single,how_many,reasoning
86688,single_train,single,which,lookup
45961,single_train,single,how_many,lookup
45959,single_train,single,how_many,reasoning
45964,single_train,single,how_many,reasoning
45960,single_train,single,how_many,reasoning
45962,single_train,single,which,lookup
45967,single_train,single,which,lookup
45957,single_train,single,how_many,lookup
78148,single_train,single,other,lookup
78145,single_train,single,other,lookup
78146,single_train,single,when,lookup
78149,single_train,single,which,lookup
78150,single_train,single,how_many,reasoning
78147,single_train,single,which,lookup
78143,single_train,single,how_many,reasoning
78140,single_train,single,when,lookup
78142,single_train,single,which,lookup
78141,single_train,single,other,lookup
78144,single_train,single,what,lookup
56323,single_train,single,how_many,reasoning
56317,single_train,single,which,lookup
56316,single_train,single,compare,lookup
56320,single_train,single,how_many,lookup
56318,single_train,single,how_many,lookup
56321,single_train,single,which,lookup
56315,single_train,single,which,lookup
56319,single_train,single,how_many,lookup
52462,single_train,single,which,lookup
52460,single_train,single,which,reasoning
52464,single_train,single,how_many,lookup
52461,single_train,single,which,lookup
52459,single_train,single,which,reasoning
52465,single_train,single,count,reasoning
52463,single_train,single,which,lookup
150470,single_train,single,which,lookup
150473,single_train,single,how_many,reasoning
150474,single_train,single,which,lookup
150480,single_train,single,how_many,reasoning
150477,single_train,single,which,lookup
150476,single_train,single,which,lookup
103005,single_train,single,how_many,lookup
103000,single_train,single,how_many,reasoning
103007,single_train,single,how_many,reasoning
103004,single_train,single,how_many,reasoning
102999,single_train,single,which,lookup
123126,single_train,single,when,lookup
123125,single_train,single,which,lookup
123128,single_train,single,which,lookup
123120,single_train,single,list,reasoning
123124,single_train,single,which,lookup
123121,single_train,single,which,reasoning
123123,single_train,single,which,lookup
123129,single_train,single,how_many,lookup
123127,single_train,single,how_many,lookup
123122,single_train,single,which,lookup
123131,single_train,single,how_many,reasoning
9697,single_train,single,which,lookup
9690,single_train,single,how_many,reasoning
9691,single_train,single,compare,reasoning
9699,single_train,single,which,lookup
9688,single_train,single,how_many,lookup
9687,single_train,single,how_many,lookup
9689,single_train,single,what,lookup
9700,single_train,single,how_many,reasoning
9694,single_train,single,which,lookup
9693,single_train,single,how_many,reasoning
9692,single_train,single,which,lookup
9695,single_train,single,which,lookup
140027,single_train,single,how_many,reasoning
140025,single_train,single,what,lookup
140024,single_train,single,which,lookup
140026,single_train,single,what,lookup
140022,single_train,single,which,lookup
12261,single_train,single,other,lookup
12264,single_train,single,other,lookup
12262,single_train,single,which,lookup
12257,single_train,single,which,lookup
12263,single_train,single,how_many,reasoning
12265,single_train,single,how_many,lookup
12260,single_train,single,what,lookup
12259,single_train,single,which,lookup
102759,single_train,single,what,lookup
102755,single_train,single,which,lookup
102761,single_train,single,which,lookup
102758,single_train,single,how_many,reasoning
102757,single_train,single,which,lookup
102756,single_train,single,which,lookup
102762,single_train,single,how_many,reasoning
102764,single_train,single,which,lookup
102760,single_train,single,count,lookup
10782,single_train,single,which,lookup
10784,single_train,single,which,lookup
10780,single_train,single,how_many,lookup
10781,single_train,single,how_many,lookup
10786,single_train,single,which,lookup
10788,single_train,single,which,lookup
10783,single_train,single,how_many,reasoning
10785,single_train,single,list,lookup
10787,single_train,single,how_many,reasoning
62586,single_train,single,how_many,reasoning
62584,single_train,single,which,lookup
62581,single_train,single,how_many,reasoning
62583,single_train,single,how_many,reasoning
62582,single_train,single,how_many,lookup
62580,single_train,single,how_many,lookup
126079,single_train,single,which,lookup
126077,single_train,single,which,lookup
126091,single_train,single,how_many,reasoning
126087,single_train,single,how_many,reasoning
126078,single_train,single,which,lookup
126084,single_train,single,how_many,reasoning
126086,single_train,single,list,lookup
126083,single_train,single,which,lookup
126082,single_train,single,what,lookup
139519,single_train,single,other,lookup
139517,single_train,single,how_many,reasoning
139521,single_train,single,how_many,reasoning
139515,single_train,single,other,reasoning
139516,single_train,single,what,lookup
139518,single_train,single,how_many,lookup
139513,single_train,single,how_many,reasoning
139512,single_train,single,how_many,lookup
139514,single_train,single,how_many,reasoning
139520,single_train,single,how_many,lookup
85906,single_train,single,which,lookup
85909,single_train,single,which,lookup
85913,single_train,single,what,lookup
85907,single_train,single,which,lookup
85910,single_train,single,what,lookup
97724,single_train,single,how_many,reasoning
97726,single_train,single,which,lookup
97728,single_train,single,how_many,reasoning
97718,single_train,single,how_many,lookup
97719,single_train,single,how_many,lookup
141434,single_train,single,how_many,lookup
141445,single_train,single,how_many,reasoning
141433,single_train,single,how_many,lookup
141444,single_train,single,how_many,lookup
141443,single_train,single,how_many,lookup
141439,single_train,single,how_many,reasoning
141437,single_train,single,which,reasoning
141440,single_train,single,which,lookup
141435,single_train,single,how_many,reasoning
83224,single_train,single,how_many,lookup
83225,single_train,single,list,lookup
83226,single_train,single,how_many,reasoning
83227,single_train,single,what,lookup
83223,single_train,single,how_many,reasoning
83221,single_train,single,how_many,lookup
83228,single_train,single,how_many,lookup
52602,single_train,single,how_many,reasoning
52601,single_train,single,how_many,lookup
52595,single_train,single,list,reasoning
52599,single_train,single,other,lookup
52598,single_train,single,how_many,lookup
52597,single_train,single,which,reasoning
52596,single_train,single,which,reasoning
52600,single_train,single,which,lookup
49086,single_train,single,how_many,lookup
49089,single_train,single,how_many,lookup
49084,single_train,single,which,lookup
49082,single_train,single,which,reasoning
49087,single_train,single,how_many,lookup
49088,single_train,single,how_many,lookup
49085,single_train,single,how_many,lookup
140327,single_train,single,when,reasoning
140330,single_train,single,which,lookup
140331,single_train,single,how_many,reasoning
140329,single_train,single,which,lookup
140325,single_train,single,other,lookup
140326,single_train,single,which,lookup
140328,single_train,single,what,lookup
87664,single_train,single,which,lookup
87659,single_train,single,which,lookup
87662,single_train,single,which,lookup
87666,single_train,single,which,lookup
87665,single_train,single,which,lookup
87668,single_train,single,what,lookup
87658,single_train,single,which,lookup
87657,single_train,single,which,lookup
80283,single_train,single,what,reasoning
80287,single_train,single,which,lookup
80282,single_train,single,what,lookup
80286,single_train,single,how_many,reasoning
80284,single_train,single,which,lookup
80285,single_train,single,which,reasoning
58852,single_train,single,which,lookup
58848,single_train,single,which,reasoning
58850,single_train,single,how_many,lookup
58849,single_train,single,which,lookup
58847,single_train,single,which,reasoning
58853,single_train,single,how_many,lookup
37183,single_train,single,how_many,lookup
37185,single_train,single,how_many,reasoning
37180,single_train,single,how_many,lookup
37181,single_train,single,how_many,reasoning
37178,single_train,single,how_many,lookup
37179,single_train,single,compare,lookup
37182,single_train,single,which,lookup
118910,single_train,single,how_many,reasoning
118907,single_train,single,what,lookup
118908,single_train,single,how_many,reasoning
118904,single_train,single,which,lookup
118906,single_train,single,how_many,lookup
118905,single_train,single,how_many,reasoning
118902,single_train,single,how_many,lookup
118903,single_train,single,how_many,lookup
166647,single_train,single,other,lookup
166653,single_train,single,how_many,reasoning
166648,single_train,single,which,lookup
166655,single_train,single,what,lookup
166650,single_train,single,what,lookup
166651,single_train,single,other,lookup
166646,single_train,single,which,lookup
166649,single_train,single,how_many,reasoning
166652,single_train,single,which,lookup
152213,single_train,single,which,lookup
152210,single_train,single,which,lookup
152211,single_train,single,how_many,reasoning
152208,single_train,single,what,lookup
27465,single_train,single,which,lookup
27467,single_train,single,how_many,reasoning
27468,single_train,single,which,lookup
27466,single_train,single,other,lookup
144291,single_train,single,how_many,lookup
144287,single_train,single,which,reasoning
144290,single_train,single,other,lookup
144286,single_train,single,how_many,lookup
144292,single_train,single,how_many,reasoning
144294,single_train,single,how_many,reasoning
144289,single_train,single,how_many,reasoning
72312,single_train,single,which,lookup
72315,single_train,single,how_many,reasoning
72313,single_train,single,when,lookup
72314,single_train,single,how_many,lookup
122995,single_train,single,which,lookup
122990,single_train,single,compare,reasoning
122991,single_train,single,which,lookup
122992,single_train,single,compare,reasoning
122994,single_train,single,which,lookup
122993,single_train,single,which,lookup
132684,single_train,single,how_many,reasoning
132686,single_train,single,how_many,reasoning
132682,single_train,single,which,reasoning
132683,single_train,single,which,lookup
132678,single_train,single,which,lookup
134660,single_train,single,which,reasoning
134658,single_train,single,which,lookup
134654,single_train,single,which,lookup
134657,single_train,single,when,reasoning
134659,single_train,single,other,lookup
134661,single_train,single,how_many,reasoning
134655,single_train,single,list,reasoning
32835,single_train,single,how_many,lookup
32838,single_train,single,compare,reasoning
32841,single_train,single,what,lookup
32839,single_train,single,what,lookup
32836,single_train,single,compare,lookup
32840,single_train,single,how_many,lookup
116637,single_train,single,how_many,reasoning
116642,single_train,single,what,lookup
116644,single_train,single,how_many,reasoning
116636,single_train,single,how_many,reasoning
116640,single_train,single,how_many,lookup
116635,single_train,single,how_many,reasoning
116639,single_train,single,which,lookup
116643,single_train,single,what,lookup
116641,single_train,single,how_many,reasoning
116638,single_train,single,how_many,reasoning
67786,single_train,single,which,lookup
67785,single_train,single,what,lookup
67780,single_train,single,when,lookup
67782,single_train,single,when,lookup
67781,single_train,single,other,reasoning
67784,single_train,single,when,lookup
67783,single_train,single,how_many,reasoning
67787,single_train,single,how_many,reasoning
95066,single_train,single,how_many,lookup
95064,single_train,single,what,lookup
95062,single_train,single,what,reasoning
95063,single_train,single,which,lookup
135520,single_train,single,how_many,reasoning
135522,single_train,single,what,lookup
135523,single_train,single,compare,reasoning
135524,single_train,single,which,lookup
135515,single_train,single,which,lookup
28016,single_train,single,which,lookup
28017,single_train,single,how_many,reasoning
28021,single_train,single,which,lookup
28020,single_train,single,list,lookup
28015,single_train,single,how_many,lookup
28018,single_train,single,how_many,reasoning
80904,single_train,single,count,lookup
80902,single_train,single,how_many,reasoning
80896,single_train,single,what,reasoning
80901,single_train,single,compare,reasoning
80903,single_train,single,what,lookup
80898,single_train,single,which,lookup
80899,single_train,single,how_many,reasoning
80905,single_train,single,compare,reasoning
80900,single_train,single,how_many,reasoning
136137,single_train,single,how_many,lookup
136139,single_train,single,which,lookup
136127,single_train,single,which,lookup
136134,single_train,single,count,lookup
136129,single_train,single,which,reasoning
136133,single_train,single,which,lookup
136132,single_train,single,how_many,reasoning
136131,single_train,single,how_many,lookup
136130,single_train,single,which,lookup
136135,single_train,single,what,lookup
136128,single_train,single,which,lookup
136136,single_train,single,how_many,reasoning
127638,single_train,single,which,lookup
127632,single_train,single,what,lookup
127635,single_train,single,how_many,reasoning
127636,single_train,single,which,lookup
127634,single_train,single,what,lookup
127637,single_train,single,which,lookup
127639,single_train,single,how_many,reasoning
127633,single_train,single,which,lookup
48328,single_train,single,how_many,reasoning
48322,single_train,single,which,lookup
48321,single_train,single,list,reasoning
48324,single_train,single,list,lookup
48326,single_train,single,which,lookup
48325,single_train,single,how_many,lookup
48323,single_train,single,which,lookup
48327,single_train,single,how_many,reasoning
107974,single_train,single,how_many,reasoning
107973,single_train,single,how_many,lookup
107977,single_train,single,how_many,reasoning
107975,single_train,single,which,lookup
107979,single_train,single,which,lookup
107976,single_train,single,how_many,reasoning
107978,single_train,single,other,lookup
107972,single_train,single,count,lookup
110850,single_train,single,which,lookup
110861,single_train,single,how_many,reasoning
110856,single_train,single,how_many,reasoning
110854,single_train,single,which,reasoning
110855,single_train,single,which,lookup
110853,single_train,single,how_many,reasoning
110851,single_train,single,which,lookup
110852,single_train,single,which,lookup
110857,single_train,single,how_many,reasoning
75036,single_train,single,how_many,reasoning
75033,single_train,single,which,lookup
75034,single_train,single,list,reasoning
75035,single_train,single,which,lookup
75038,single_train,single,how_many,reasoning
121741,single_train,single,which,lookup
121743,single_train,single,how_many,lookup
121740,single_train,single,list,lookup
121745,single_train,single,which,lookup
121746,single_train,single,how_many,lookup
121742,single_train,single,which,reasoning
121747,single_train,single,how_many,reasoning
54369,single_train,single,which,lookup
54365,single_train,single,list,reasoning
54370,single_train,single,how_many,lookup
54371,single_train,single,how_many,reasoning
54368,single_train,single,how_many,lookup
54367,single_train,single,other,lookup
54373,single_train,single,how_many,reasoning
54366,single_train,single,which,lookup
151428,single_train,single,which,reasoning
151435,single_train,single,how_many,reasoning
151432,single_train,single,which,lookup
151429,single_train,single,which,reasoning
151436,single_train,single,which,lookup
151433,single_train,single,what,lookup
151430,single_train,single,which,reasoning
151438,single_train,single,how_many,reasoning
151431,single_train,single,how_many,reasoning
151434,single_train,single,which,lookup
151437,single_train,single,how_many,lookup
15757,single_train,single,how_many,lookup
15762,single_train,single,what,lookup
15763,single_train,single,how_many,reasoning
15768,single_train,single,what,lookup
15766,single_train,single,how_many,reasoning
15761,single_train,single,how_many,lookup
15767,single_train,single,how_many,reasoning
15764,single_train,single,what,lookup
15758,single_train,single,how_many,lookup
15759,single_train,single,compare,reasoning
15760,single_train,single,how_many,lookup
81285,single_train,single,how_many,reasoning
81288,single_train,single,which,lookup
81289,single_train,single,how_many,reasoning
81284,single_train,single,which,lookup
81282,single_train,single,what,lookup
60151,single_train,single,which,reasoning
60157,single_train,single,how_many,reasoning
60153,single_train,single,other,lookup
60152,single_train,single,other,lookup
60150,single_train,single,which,reasoning
60154,single_train,single,which,lookup
50682,single_train,single,which,lookup
50679,single_train,single,how_many,lookup
50678,single_train,single,how_many,lookup
50677,single_train,single,which,lookup
50676,single_train,single,how_many,lookup
50680,single_train,single,how_many,lookup
50681,single_train,single,which,lookup
50683,single_train,single,how_many,reasoning
50675,single_train,single,how_many,lookup
133423,single_train,single,how_many,lookup
133425,single_train,single,which,lookup
133429,single_train,single,how_many,reasoning
133428,single_train,single,which,lookup
133426,single_train,single,how_many,reasoning
133420,single_train,single,which,lookup
117948,single_train,single,how_many,lookup
117942,single_train,single,which,lookup
117944,single_train,single,which,lookup
117945,single_train,single,other,lookup
117941,single_train,single,what,reasoning
117947,single_train,single,which,lookup
81378,single_train,single,when,lookup
81379,single_train,single,which,lookup
81376,single_train,single,which,reasoning
81383,single_train,single,how_many,reasoning
81373,single_train,single,which,lookup
81381,single_train,single,which,lookup
81375,single_train,single,what,lookup
81377,single_train,single,which,lookup
81374,single_train,single,other,lookup
81380,single_train,single,how_many,reasoning
81382,single_train,single,which,lookup
64415,single_train,single,how_many,lookup
64423,single_train,single,which,lookup
64420,single_train,single,what,lookup
64416,single_train,single,count,lookup
64424,single_train,single,what,lookup
64417,single_train,single,which,lookup
64422,single_train,single,how_many,reasoning
64421,single_train,single,compare,reasoning
105573,single_train,single,how_many,reasoning
105579,single_train,single,when,lookup
105577,single_train,single,how_many,reasoning
105571,single_train,single,other,lookup
105580,single_train,single,what,lookup
105572,single_train,single,which,lookup
105578,single_train,single,how_many,lookup
105574,single_train,single,when,reasoning
76801,single_train,single,other,lookup
76803,single_train,single,how_many,reasoning
76799,single_train,single,which,lookup
76797,single_train,single,which,lookup
164675,single_train,single,how_many,reasoning
164678,single_train,single,compare,lookup
164676,single_train,single,what,lookup
164679,single_train,single,how_many,reasoning
164673,single_train,single,list,reasoning
164684,single_train,single,which,lookup
164677,single_train,single,compare,lookup
164672,single_train,single,which,lookup
164674,single_train,single,which,lookup
164685,single_train,single,how_many,reasoning
49421,single_train,single,which,lookup
49423,single_train,single,how_many,lookup
49422,single_train,single,which,lookup
49424,single_train,single,which,lookup
49420,single_train,single,which,reasoning
49606,single_train,single,how_many,lookup
49605,single_train,single,other,lookup
49610,single_train,single,how_many,reasoning
49603,single_train,single,which,lookup
49611,single_train,single,how_many,reasoning
49602,single_train,single,how_many,lookup
49608,single_train,single,how_many,lookup
49607,single_train,single,how_many,lookup
49604,single_train,single,how_many,lookup
121902,single_train,single,how_many,lookup
121896,single_train,single,how_many,reasoning
121899,single_train,single,how_many,lookup
121900,single_train,single,what,reasoning
121903,single_train,single,how_many,reasoning
121898,single_train,single,which,reasoning
121904,single_train,single,how_many,reasoning
121901,single_train,single,what,lookup
121895,single_train,single,how_many,reasoning
15052,single_train,single,what,lookup
15054,single_train,single,what,lookup
15051,single_train,single,how_many,reasoning
15053,single_train,single,which,lookup
15055,single_train,single,how_many,reasoning
15049,single_train,single,compare,lookup
15050,single_train,single,which,lookup
15048,single_train,single,which,lookup
85307,single_train,single,list,reasoning
85301,single_train,single,which,reasoning
85306,single_train,single,what,lookup
85305,single_train,single,how_many,lookup
85304,single_train,single,how_many,reasoning
85302,single_train,single,what,lookup
13586,single_train,single,what,reasoning
13584,single_train,single,what,lookup
13587,single_train,single,which,lookup
13582,single_train,single,which,lookup
13583,single_train,single,which,lookup
13588,single_train,single,which,lookup
13585,single_train,single,how_many,reasoning
3777,single_train,single,which,lookup
3781,single_train,single,which,lookup
3782,single_train,single,how_many,reasoning
3779,single_train,single,which,lookup
3775,single_train,single,which,lookup
3778,single_train,single,how_many,reasoning
3783,single_train,single,which,lookup
3780,single_train,single,which,lookup
37913,single_train,single,how_many,lookup
37915,single_train,single,how_many,reasoning
37918,single_train,single,count,reasoning
37923,single_train,single,how_many,reasoning
37916,single_train,single,how_many,reasoning
37914,single_train,single,which,lookup
37917,single_train,single,which,lookup
37920,single_train,single,which,lookup
19600,single_train,single,how_many,reasoning
19606,single_train,single,which,lookup
19598,single_train,single,list,lookup
19599,single_train,single,which,lookup
19597,single_train,single,how_many,lookup
19603,single_train,single,how_many,lookup
19607,single_train,single,how_many,reasoning
19602,single_train,single,what,lookup
19601,single_train,single,how_many,lookup
19604,single_train,single,how_many,reasoning
19605,single_train,single,what,lookup
144269,single_train,single,how_many,reasoning
144273,single_train,single,how_many,reasoning
144271,single_train,single,other,lookup
144270,single_train,single,what,lookup
144263,single_train,single,when,lookup
144272,single_train,single,which,lookup
60942,single_train,single,which,lookup
60939,single_train,single,which,lookup
60940,single_train,single,other,lookup
60945,single_train,single,which,reasoning
60943,single_train,single,how_many,lookup
60941,single_train,single,how_many,lookup
60946,single_train,single,how_many,reasoning
60944,single_train,single,which,lookup
135809,single_train,single,what,lookup
135808,single_train,single,count,reasoning
135817,single_train,single,what,lookup
135805,single_train,single,how_many,lookup
135810,single_train,single,count,lookup
135814,single_train,single,count,reasoning
135815,single_train,single,what,lookup
135811,single_train,single,how_many,reasoning
135813,single_train,single,which,lookup
135807,single_train,single,which,lookup
12209,single_train,single,how_many,reasoning
12207,single_train,single,how_many,reasoning
12210,single_train,single,what,lookup
12208,single_train,single,how_many,reasoning
12206,single_train,single,what,lookup
11739,single_train,single,which,lookup
11744,single_train,single,which,lookup
11740,single_train,single,how_many,reasoning
11745,single_train,single,how_many,reasoning
11742,single_train,single,which,lookup
11737,single_train,single,which,lookup
11743,single_train,single,which,lookup
11741,single_train,single,which,lookup
11738,single_train,single,how_many,reasoning
40932,single_train,single,how_many,reasoning
40935,single_train,single,compare,reasoning
40940,single_train,single,how_many,lookup
40939,single_train,single,count,reasoning
40933,single_train,single,what,lookup
40936,single_train,single,how_many,reasoning
40938,single_train,single,which,lookup
40934,single_train,single,what,lookup
135940,single_train,single,how_many,reasoning
135941,single_train,single,which,lookup
135938,single_train,single,count,reasoning
135942,single_train,single,how_many,reasoning
135946,single_train,single,how_many,reasoning
135937,single_train,single,how_many,lookup
135944,single_train,single,how_many,reasoning
114671,single_train,single,how_many,reasoning
114669,single_train,single,how_many,lookup
114668,single_train,single,which,lookup
114670,single_train,single,how_many,reasoning
114674,single_train,single,how_many,reasoning
114675,single_train,single,how_many,reasoning
114673,single_train,single,how_many,lookup
114672,single_train,single,which,lookup
4434,single_train,single,what,lookup
4433,single_train,single,which,reasoning
4430,single_train,single,what,lookup
4431,single_train,single,compare,reasoning
4432,single_train,single,how_many,reasoning
4429,single_train,single,which,reasoning
154153,single_train,single,what,lookup
154158,single_train,single,other,lookup
154160,single_train,single,how_many,reasoning
154157,single_train,single,what,lookup
154156,single_train,single,how_many,reasoning
154154,single_train,single,which,lookup
44524,single_train,single,count,lookup
44520,single_train,single,how_many,lookup
44519,single_train,single,how_many,lookup
44523,single_train,single,which,lookup
44521,single_train,single,which,lookup
44527,single_train,single,which,lookup
44528,single_train,single,which,lookup
44525,single_train,single,which,lookup
44526,single_train,single,how_many,reasoning
44529,single_train,single,how_many,reasoning
44522,single_train,single,how_many,reasoning
44530,single_train,single,which,lookup
66334,single_train,single,what,lookup
66333,single_train,single,how_many,lookup
66339,single_train,single,how_many,reasoning
66335,single_train,single,which,lookup
66337,single_train,single,which,lookup
66340,single_train,single,how_many,reasoning
66338,single_train,single,other,lookup
66336,single_train,single,how_many,reasoning
50169,single_train,single,which,lookup
50168,single_train,single,how_many,lookup
50166,single_train,single,how_many,lookup
50167,single_train,single,how_many,lookup
50164,single_train,single,which,lookup
138813,single_train,single,which,reasoning
138819,single_train,single,how_many,reasoning
138814,single_train,single,how_many,lookup
138815,single_train,single,which,lookup
138816,single_train,single,how_many,reasoning
50726,single_train,single,how_many,reasoning
50721,single_train,single,how_many,lookup
50719,single_train,single,which,lookup
50720,single_train,single,other,lookup
50718,single_train,single,which,reasoning
50716,single_train,single,list,reasoning
50724,single_train,single,how_many,lookup
50722,single_train,single,how_many,lookup
50723,single_train,single,how_many,lookup
111527,single_train,single,what,lookup
111534,single_train,single,which,reasoning
111528,single_train,single,how_many,lookup
111526,single_train,single,how_many,lookup
111532,single_train,single,how_many,reasoning
111531,single_train,single,how_many,reasoning
111536,single_train,single,how_many,reasoning
111529,single_train,single,how_many,reasoning
111533,single_train,single,which,lookup
111535,single_train,single,how_many,lookup
111530,single_train,single,what,lookup
48202,single_train,single,which,lookup
48204,single_train,single,which,lookup
48206,single_train,single,other,lookup
48201,single_train,single,list,reasoning
48205,single_train,single,how_many,lookup
48207,single_train,single,how_many,lookup
48203,single_train,single,other,lookup
48200,single_train,single,which,reasoning
30954,single_train,single,which,lookup
30953,single_train,single,which,lookup
30949,single_train,single,which,lookup
30958,single_train,single,compare,reasoning
30952,single_train,single,how_many,reasoning
30957,single_train,single,what,lookup
30959,single_train,single,how_many,reasoning
30951,single_train,single,how_many,lookup
30955,single_train,single,how_many,reasoning
30950,single_train,single,what,lookup
31016,single_train,single,what,lookup
31020,single_train,single,how_many,lookup
31025,single_train,single,how_many,reasoning
31019,single_train,single,how_many,reasoning
31018,single_train,single,what,lookup
31017,single_train,single,what,lookup
31022,single_train,single,when,reasoning
26208,single_train,single,compare,reasoning
26210,single_train,single,which,lookup
26206,single_train,single,when,lookup
26207,single_train,single,which,lookup
26205,single_train,single,which,lookup
26209,single_train,single,which,lookup
26211,single_train,single,which,lookup
20790,single_train,single,which,lookup
20783,single_train,single,how_many,lookup
20788,single_train,single,how_many,reasoning
20787,single_train,single,which,lookup
20785,single_train,single,how_many,reasoning
20786,single_train,single,which,lookup
80035,single_train,single,how_many,lookup
80030,single_train,single,how_many,lookup
80026,single_train,single,how_many,lookup
80028,single_train,single,compare,reasoning
80029,single_train,single,how_many,lookup
80034,single_train,single,how_many,lookup
80025,single_train,single,how_many,lookup
80027,single_train,single,which,lookup
80036,single_train,single,how_many,reasoning
80032,single_train,single,compare,reasoning
80031,single_train,single,what,lookup
87400,single_train,single,when,lookup
87396,single_train,single,which,lookup
87397,single_train,single,which,lookup
87398,single_train,single,list,reasoning
87402,single_train,single,how_many,reasoning
87401,single_train,single,how_many,lookup
87399,single_train,single,which,lookup
34133,single_train,single,count,lookup
34135,single_train,single,how_many,reasoning
34131,single_train,single,which,reasoning
34134,single_train,single,what,lookup
34129,single_train,single,other,lookup
34126,single_train,single,which,lookup
34132,single_train,single,what,lookup
34125,single_train,single,which,lookup
34128,single_train,single,which,lookup
114837,single_train,single,how_many,reasoning
114839,single_train,single,how_many,lookup
114843,single_train,single,how_many,reasoning
114838,single_train,single,how_many,lookup
94399,single_train,single,what,lookup
94397,single_train,single,what,lookup
94398,single_train,single,what,lookup
94395,single_train,single,which,lookup
94396,single_train,single,which,lookup
160863,single_train,single,how_many,reasoning
160859,single_train,single,what,lookup
160857,single_train,single,what,lookup
160861,single_train,single,what,lookup
160860,single_train,single,how_many,reasoning
160865,single_train,single,how_many,reasoning
161412,single_train,single,which,lookup
161410,single_train,single,which,lookup
161411,single_train,single,other,lookup
161413,single_train,single,how_many,reasoning
161408,single_train,single,which,lookup
135713,single_train,single,how_many,reasoning
135716,single_train,single,which,lookup
135702,single_train,single,which,lookup
135709,single_train,single,list,reasoning
135704,single_train,single,which,lookup
135710,single_train,single,which,lookup
135708,single_train,single,how_many,lookup
135715,single_train,single,what,lookup
135706,single_train,single,how_many,lookup
135711,single_train,single,what,lookup
135703,single_train,single,which,lookup
135714,single_train,single,what,reasoning
135707,single_train,single,what,lookup
101875,single_train,single,how_many,lookup
101879,single_train,single,how_many,reasoning
101878,single_train,single,what,lookup
101871,single_train,single,how_many,lookup
101876,single_train,single,how_many,reasoning
101880,single_train,single,how_many,reasoning
101874,single_train,single,how_many,lookup
101870,single_train,single,how_many,lookup
53318,single_train,single,which,lookup
53320,single_train,single,list,reasoning
53321,single_train,single,how_many,reasoning
53319,single_train,single,other,lookup
53317,single_train,single,which,reasoning
78023,single_train,single,compare,reasoning
78019,single_train,single,how_many,reasoning
78018,single_train,single,what,lookup
78017,single_train,single,other,reasoning
78014,single_train,single,compare,reasoning
78013,single_train,single,how_many,reasoning
78020,single_train,single,which,lookup
78015,single_train,single,which,lookup
78022,single_train,single,which,reasoning
78016,single_train,single,what,lookup
96018,single_train,single,which,lookup
96016,single_train,single,which,lookup
96022,single_train,single,how_many,reasoning
96013,single_train,single,how_many,reasoning
96021,single_train,single,which,lookup
96017,single_train,single,how_many,lookup
96019,single_train,single,what,lookup
96020,single_train,single,how_many,reasoning
37381,single_train,single,which,lookup
37380,single_train,single,how_many,reasoning
37378,single_train,single,what,lookup
37385,single_train,single,how_many,reasoning
53877,single_train,single,how_many,lookup
53880,single_train,single,how_many,lookup
53873,single_train,single,list,reasoning
53874,single_train,single,which,lookup
53881,single_train,single,how_many,lookup
53879,single_train,single,which,lookup
53878,single_train,single,how_many,lookup
53876,single_train,single,compare,lookup
53875,single_train,single,which,lookup
53882,single_train,single,count,reasoning
127441,single_train,single,what,lookup
127442,single_train,single,how_many,reasoning
127439,single_train,single,what,lookup
127440,single_train,single,other,lookup
127450,single_train,single,how_many,reasoning
127445,single_train,single,which,lookup
127449,single_train,single,which,lookup
127443,single_train,single,which,lookup
127446,single_train,single,which,reasoning
36464,single_train,single,what,lookup
36469,single_train,single,which,lookup
36466,single_train,single,which,lookup
36470,single_train,single,what,lookup
36471,single_train,single,how_many,reasoning
36467,single_train,single,how_many,reasoning
85071,single_train,single,which,lookup
85075,single_train,single,how_many,lookup
85078,single_train,single,how_many,reasoning
85077,single_train,single,how_many,reasoning
85076,single_train,single,what,lookup
85073,single_train,single,which,lookup
85070,single_train,single,how_many,reasoning
85074,single_train,single,count,lookup
58543,single_train,single,how_many,reasoning
58539,single_train,single,other,lookup
58535,single_train,single,what,reasoning
58536,single_train,single,which,lookup
58540,single_train,single,which,lookup
58542,single_train,single,count,reasoning
58538,single_train,single,which,lookup
58537,single_train,single,which,reasoning
60064,single_train,single,how_many,lookup
60066,single_train,single,other,lookup
60065,single_train,single,other,lookup
60063,single_train,single,which,reasoning
60067,single_train,single,which,lookup
123627,single_train,single,which,lookup
123628,single_train,single,when,lookup
123630,single_train,single,which,lookup
123625,single_train,single,what,lookup
123634,single_train,single,how_many,reasoning
123629,single_train,single,which,lookup
37558,single_train,single,what,reasoning
37559,single_train,single,which,lookup
37557,single_train,single,which,reasoning
37561,single_train,single,what,lookup
37567,single_train,single,which,reasoning
37560,single_train,single,how_many,reasoning
37562,single_train,single,how_many,reasoning
37564,single_train,single,how_many,reasoning
37568,single_train,single,how_many,reasoning
37563,single_train,single,which,lookup
32593,single_train,single,which,lookup
32601,single_train,single,how_many,reasoning
32597,single_train,single,how_many,reasoning
32594,single_train,single,how_many,reasoning
32596,single_train,single,what,lookup
32591,single_train,single,compare,reasoning
32592,single_train,single,what,lookup
32595,single_train,single,what,lookup
32598,single_train,single,which,lookup
161932,single_train,single,how_many,reasoning
161930,single_train,single,how_many,reasoning
161938,single_train,single,how_many,reasoning
161936,single_train,single,how_many,reasoning
161934,single_train,single,how_many,reasoning
161933,single_train,single,compare,reasoning
161931,single_train,single,how_many,reasoning
161935,single_train,single,how_many,reasoning
165364,single_train,single,which,lookup
165366,single_train,single,what,lookup
165365,single_train,single,how_many,reasoning
165363,single_train,single,other,lookup
165362,single_train,single,what,lookup
109279,single_train,single,what,lookup
109277,single_train,single,how_many,reasoning
109283,single_train,single,how_many,reasoning
109274,single_train,single,what,lookup
109276,single_train,single,which,lookup
109280,single_train,single,how_many,reasoning
109278,single_train,single,how_many,lookup
71162,single_train,single,how_many,reasoning
71161,single_train,single,which,lookup
71164,single_train,single,how_many,reasoning
71159,single_train,single,what,lookup
71163,single_train,single,which,lookup
71160,single_train,single,other,reasoning
141483,single_train,single,how_many,reasoning
141480,single_train,single,how_many,reasoning
141484,single_train,single,how_many,lookup
141474,single_train,single,how_many,lookup
141476,single_train,single,how_many,lookup
141477,single_train,single,how_many,lookup
141479,single_train,single,which,lookup
141478,single_train,single,what,lookup
141482,single_train,single,when,lookup
141475,single_train,single,what,lookup
166214,single_train,single,how_many,reasoning
166208,single_train,single,how_many,reasoning
166212,single_train,single,list,lookup
166210,single_train,single,how_many,reasoning
166209,single_train,single,which,lookup
116620,single_train,single,other,lookup
116622,single_train,single,how_many,reasoning
116617,single_train,single,how_many,reasoning
116615,single_train,single,how_many,lookup
116611,single_train,single,how_many,reasoning
116612,single_train,single,which,lookup
116616,single_train,single,how_many,reasoning
116618,single_train,single,how_many,reasoning
116614,single_train,single,how_many,reasoning
116619,single_train,single,what,lookup
52371,single_train,single,how_many,lookup
52372,single_train,single,how_many,reasoning
52367,single_train,single,which,reasoning
52370,single_train,single,which,lookup
52369,single_train,single,other,lookup
69488,single_train,single,how_many,lookup
69487,single_train,single,what,lookup
69491,single_train,single,what,lookup
69486,single_train,single,which,lookup
69492,single_train,single,how_many,lookup
69490,single_train,single,how_many,lookup
27753,single_train,single,how_many,lookup
27760,single_train,single,what,lookup
27757,single_train,single,what,lookup
27759,single_train,single,how_many,reasoning
27754,single_train,single,which,lookup
27755,single_train,single,which,lookup
27758,single_train,single,what,lookup
27761,single_train,single,which,lookup
27756,single_train,single,how_many,reasoning
59379,single_train,single,which,lookup
59376,single_train,single,how_many,lookup
59378,single_train,single,other,lookup
59377,single_train,single,which,lookup
59380,single_train,single,count,reasoning
81751,single_train,single,how_many,reasoning
81742,single_train,single,other,lookup
81743,single_train,single,which,lookup
81746,single_train,single,which,lookup
81744,single_train,single,how_many,reasoning
81745,single_train,single,how_many,lookup
81747,single_train,single,which,lookup
81741,single_train,single,how_many,lookup
81748,single_train,single,how_many,reasoning
22938,single_train,single,list,lookup
22937,single_train,single,which,lookup
22942,single_train,single,which,lookup
22944,single_train,single,which,lookup
22939,single_train,single,what,lookup
22943,single_train,single,what,lookup
22941,single_train,single,which,lookup
132166,single_train,single,which,lookup
132164,single_train,single,what,lookup
132167,single_train,single,how_many,reasoning
132168,single_train,single,what,reasoning
132169,single_train,single,how_many,reasoning
132203,single_train,single,other,reasoning
132196,single_train,single,what,lookup
132198,single_train,single,what,lookup
132201,single_train,single,how_many,reasoning
132199,single_train,single,when,lookup
132195,single_train,single,what,lookup
132200,single_train,single,what,lookup
132197,single_train,single,how_many,reasoning
104191,single_train,single,which,lookup
104189,single_train,single,which,lookup
104188,single_train,single,how_many,lookup
104190,single_train,single,how_many,reasoning
104195,single_train,single,which,reasoning
104193,single_train,single,what,lookup
104187,single_train,single,which,lookup
104192,single_train,single,what,lookup
104194,single_train,single,how_many,reasoning
76592,single_train,single,how_many,reasoning
76589,single_train,single,how_many,reasoning
76583,single_train,single,what,lookup
76587,single_train,single,which,lookup
76588,single_train,single,which,lookup
76586,single_train,single,how_many,reasoning
76591,single_train,single,which,lookup
76590,single_train,single,which,lookup
76585,single_train,single,which,lookup
76584,single_train,single,which,lookup
4669,single_train,single,how_many,reasoning
4666,single_train,single,which,reasoning
4664,single_train,single,how_many,reasoning
4665,single_train,single,how_many,reasoning
4670,single_train,single,which,lookup
4668,single_train,single,what,lookup
31078,single_train,single,what,lookup
31080,single_train,single,which,lookup
31072,single_train,single,how_many,lookup
31081,single_train,single,how_many,reasoning
31079,single_train,single,how_many,reasoning
31076,single_train,single,how_many,lookup
31075,single_train,single,compare,reasoning
31077,single_train,single,what,reasoning
31073,single_train,single,which,lookup
104633,single_train,single,how_many,reasoning
104631,single_train,single,which,lookup
104632,single_train,single,which,lookup
104624,single_train,single,which,lookup
104622,single_train,single,which,lookup
104626,single_train,single,how_many,lookup
104628,single_train,single,what,lookup
104627,single_train,single,what,lookup
104625,single_train,single,how_many,reasoning
152228,single_train,single,how_many,reasoning
152223,single_train,single,when,lookup
152224,single_train,single,which,lookup
152225,single_train,single,how_many,reasoning
152222,single_train,single,which,lookup
9592,single_train,single,list,lookup
9594,single_train,single,other,lookup
9593,single_train,single,how_many,reasoning
9591,single_train,single,how_many,reasoning
9595,single_train,single,how_many,reasoning
146495,single_train,single,how_many,reasoning
146492,single_train,single,how_many,reasoning
146490,single_train,single,what,lookup
146494,single_train,single,which,lookup
146489,single_train,single,what,lookup
146498,single_train,single,how_many,reasoning
146491,single_train,single,which,lookup
138569,single_train,single,how_many,reasoning
138571,single_train,single,which,lookup
138566,single_train,single,how_many,lookup
138567,single_train,single,compare,reasoning
138568,single_train,single,which,lookup
138570,single_train,single,which,reasoning
55171,single_train,single,how_many,reasoning
55168,single_train,single,other,lookup
55173,single_train,single,how_many,reasoning
55166,single_train,single,which,lookup
55169,single_train,single,how_many,lookup
55167,single_train,single,other,lookup
55170,single_train,single,how_many,lookup
29431,single_train,single,how_many,reasoning
29430,single_train,single,how_many,reasoning
29428,single_train,single,how_many,reasoning
29435,single_train,single,how_many,reasoning
29429,single_train,single,how_many,reasoning
63939,single_train,single,which,reasoning
63946,single_train,single,which,lookup
63944,single_train,single,which,lookup
63945,single_train,single,what,reasoning
63940,single_train,single,which,reasoning
63942,single_train,single,which,lookup
63938,single_train,single,when,lookup
63943,single_train,single,which,reasoning
66187,single_train,single,other,lookup
66185,single_train,single,which,reasoning
66184,single_train,single,which,lookup
66183,single_train,single,which,lookup
66188,single_train,single,which,lookup
66186,single_train,single,which,lookup
47320,single_train,single,which,lookup
47323,single_train,single,how_many,lookup
47321,single_train,single,how_many,lookup
47322,single_train,single,how_many,lookup
47324,single_train,single,how_many,reasoning
47319,single_train,single,which,reasoning
43397,single_train,single,which,lookup
43393,single_train,single,which,lookup
43394,single_train,single,how_many,reasoning
43400,single_train,single,how_many,reasoning
43395,single_train,single,what,lookup
43399,single_train,single,which,reasoning
153203,single_train,single,what,lookup
153201,single_train,single,how_many,lookup
153206,single_train,single,how_many,reasoning
153205,single_train,single,which,lookup
153200,single_train,single,which,lookup
153204,single_train,single,list,lookup
153199,single_train,single,how_many,lookup
107555,single_train,single,which,lookup
107556,single_train,single,how_many,reasoning
107552,single_train,single,how_many,reasoning
107550,single_train,single,count,lookup
107551,single_train,single,how_many,reasoning
107549,single_train,single,how_many,lookup
107557,single_train,single,how_many,reasoning
107553,single_train,single,how_many,lookup
107554,single_train,single,how_many,reasoning
140160,single_train,single,which,lookup
140159,single_train,single,how_many,lookup
140155,single_train,single,which,lookup
140156,single_train,single,how_many,reasoning
140158,single_train,single,other,lookup
140154,single_train,single,what,reasoning
43676,single_train,single,which,lookup
43673,single_train,single,which,lookup
43671,single_train,single,what,lookup
43672,single_train,single,other,lookup
43677,single_train,single,which,lookup
43674,single_train,single,how_many,reasoning
43675,single_train,single,how_many,lookup
141400,single_train,single,how_many,lookup
141396,single_train,single,which,lookup
141399,single_train,single,how_many,reasoning
141398,single_train,single,how_many,lookup
141404,single_train,single,how_many,lookup
141401,single_train,single,what,reasoning
141403,single_train,single,how_many,reasoning
141405,single_train,single,which,reasoning
141402,single_train,single,what,lookup
141406,single_train,single,how_many,reasoning
141397,single_train,single,other,lookup
18873,single_train,single,which,lookup
18876,single_train,single,list,lookup
18877,single_train,single,how_many,reasoning
18871,single_train,single,how_many,reasoning
18870,single_train,single,which,lookup
18868,single_train,single,which,lookup
18872,single_train,single,what,lookup
18869,single_train,single,what,lookup
18875,single_train,single,which,lookup
18874,single_train,single,how_many,reasoning
162910,single_train,single,which,lookup
162911,single_train,single,which,lookup
162914,single_train,single,which,lookup
162916,single_train,single,which,lookup
162917,single_train,single,which,lookup
162915,single_train,single,what,lookup
162912,single_train,single,what,lookup
162918,single_train,single,how_many,reasoning
129023,single_train,single,how_many,reasoning
129027,single_train,single,how_many,reasoning
129024,single_train,single,what,lookup
129020,single_train,single,what,lookup
129030,single_train,single,how_many,reasoning
129029,single_train,single,what,lookup
129022,single_train,single,which,lookup
129028,single_train,single,what,lookup
129026,single_train,single,which,lookup
129025,single_train,single,how_many,lookup
129021,single_train,single,what,lookup
71766,single_train,single,how_many,reasoning
71768,single_train,single,which,lookup
71760,single_train,single,what,lookup
71762,single_train,single,which,lookup
71763,single_train,single,how_many,reasoning
71765,single_train,single,which,lookup
71767,single_train,single,other,lookup
71761,single_train,single,other,lookup
71772,single_train,single,what,lookup
71769,single_train,single,how_many,reasoning
71764,single_train,single,which,lookup
71771,single_train,single,which,reasoning
93858,single_train,single,which,lookup
93856,single_train,single,which,lookup
93855,single_train,single,other,lookup
93861,single_train,single,how_many,reasoning
93857,single_train,single,how_many,reasoning
93859,single_train,single,how_many,reasoning
93854,single_train,single,compare,lookup
130893,single_train,single,what,lookup
130895,single_train,single,how_many,reasoning
130894,single_train,single,which,lookup
130901,single_train,single,what,lookup
130899,single_train,single,what,lookup
130900,single_train,single,other,reasoning
130902,single_train,single,how_many,reasoning
130898,single_train,single,how_many,reasoning
83967,single_train,single,how_many,lookup
83969,single_train,single,count,lookup
83970,single_train,single,how_many,lookup
83971,single_train,single,how_many,lookup
83968,single_train,single,how_many,lookup
121100,single_train,single,how_many,lookup
121103,single_train,single,what,lookup
121097,single_train,single,which,lookup
121098,single_train,single,which,lookup
121105,single_train,single,how_many,reasoning
121101,single_train,single,which,lookup
121102,single_train,single,which,lookup
121104,single_train,single,which,lookup
121096,single_train,single,how_many,reasoning
121099,single_train,single,when,lookup
121095,single_train,single,when,lookup
121094,single_train,single,which,lookup
52401,single_train,single,which,lookup
52402,single_train,single,other,lookup
52404,single_train,single,how_many,lookup
52400,single_train,single,which,reasoning
118397,single_train,single,what,lookup
118396,single_train,single,which,lookup
118399,single_train,single,what,lookup
118398,single_train,single,what,lookup
118395,single_train,single,which,lookup
118394,single_train,single,which,lookup
118400,single_train,single,which,lookup
97340,single_train,single,which,lookup
97338,single_train,single,which,lookup
97337,single_train,single,how_many,reasoning
97339,single_train,single,which,lookup
97336,single_train,single,which,lookup
97335,single_train,single,how_many,lookup
97334,single_train,single,what,lookup
97341,single_train,single,how_many,reasoning
110541,single_train,single,which,lookup
110547,single_train,single,how_many,reasoning
110544,single_train,single,which,lookup
110543,single_train,single,what,lookup
110546,single_train,single,which,lookup
110542,single_train,single,how_many,reasoning
110545,single_train,single,how_many,reasoning
110540,single_train,single,which,lookup
127252,single_train,single,which,reasoning
127247,single_train,single,which,lookup
127245,single_train,single,how_many,reasoning
127246,single_train,single,which,lookup
127249,single_train,single,what,lookup
127250,single_train,single,which,lookup
127244,single_train,single,which,lookup
127248,single_train,single,list,lookup
127251,single_train,single,which,lookup
127243,single_train,single,which,lookup
137607,single_train,single,what,lookup
137609,single_train,single,how_many,lookup
137614,single_train,single,how_many,reasoning
137610,single_train,single,how_many,reasoning
137608,single_train,single,how_many,lookup
137613,single_train,single,what,lookup
111617,single_train,single,what,lookup
111614,single_train,single,how_many,lookup
111610,single_train,single,how_many,lookup
111612,single_train,single,what,lookup
111615,single_train,single,how_many,reasoning
56518,single_train,single,other,lookup
56516,single_train,single,which,lookup
56519,single_train,single,how_many,lookup
56515,single_train,single,which,lookup
56517,single_train,single,which,lookup
56514,single_train,single,list,reasoning
30907,single_train,single,which,lookup
30909,single_train,single,which,lookup
30910,single_train,single,how_many,reasoning
30914,single_train,single,how_many,reasoning
30908,single_train,single,what,lookup
69041,single_train,single,which,lookup
69044,single_train,single,which,lookup
69040,single_train,single,when,lookup
69042,single_train,single,how_many,reasoning
69039,single_train,single,what,lookup
12062,single_train,single,what,lookup
12061,single_train,single,list,lookup
12064,single_train,single,which,lookup
12065,single_train,single,which,lookup
12066,single_train,single,how_many,reasoning
12060,single_train,single,which,lookup
12063,single_train,single,how_many,reasoning
78175,single_train,single,compare,lookup
78176,single_train,single,which,lookup
78174,single_train,single,what,lookup
78179,single_train,single,how_many,lookup
78183,single_train,single,how_many,reasoning
78178,single_train,single,how_many,lookup
78180,single_train,single,how_many,lookup
78177,single_train,single,how_many,reasoning
26983,single_train,single,how_many,reasoning
26981,single_train,single,other,lookup
26989,single_train,single,how_many,reasoning
26984,single_train,single,which,lookup
26986,single_train,single,how_many,reasoning
26985,single_train,single,which,lookup
26982,single_train,single,what,lookup
63163,single_train,single,how_many,lookup
63162,single_train,single,which,reasoning
63157,single_train,single,how_many,reasoning
63156,single_train,single,when,lookup
63159,single_train,single,other,reasoning
63160,single_train,single,which,lookup
63158,single_train,single,which,lookup
63165,single_train,single,how_many,reasoning
63161,single_train,single,how_many,reasoning
63155,single_train,single,how_many,lookup
60770,single_train,single,which,reasoning
60774,single_train,single,other,lookup
60771,single_train,single,which,lookup
60776,single_train,single,how_many,reasoning
60772,single_train,single,which,lookup
60773,single_train,single,how_many,lookup
159515,single_train,single,which,lookup
159517,single_train,single,which,lookup
159518,single_train,single,what,lookup
159525,single_train,single,how_many,reasoning
159516,single_train,single,which,lookup
30404,single_train,single,which,lookup
30399,single_train,single,what,lookup
30406,single_train,single,which,lookup
30400,single_train,single,what,lookup
30402,single_train,single,which,lookup
30398,single_train,single,which,lookup
30409,single_train,single,how_many,reasoning
30403,single_train,single,which,lookup
30401,single_train,single,how_many,reasoning
162568,single_train,single,which,lookup
162575,single_train,single,how_many,reasoning
162569,single_train,single,what,lookup
20200,single_train,single,what,lookup
20198,single_train,single,how_many,reasoning
20199,single_train,single,what,lookup
20206,single_train,single,how_many,reasoning
20201,single_train,single,which,lookup
20195,single_train,single,what,lookup
20202,single_train,single,compare,reasoning
20197,single_train,single,which,lookup
20196,single_train,single,which,lookup
9358,single_train,single,how_many,lookup
9355,single_train,single,which,lookup
9357,single_train,single,how_many,reasoning
9362,single_train,single,how_many,reasoning
9356,single_train,single,which,reasoning
9360,single_train,single,which,lookup
9359,single_train,single,which,lookup
68622,single_train,single,how_many,reasoning
68623,single_train,single,what,lookup
68619,single_train,single,how_many,lookup
68621,single_train,single,which,lookup
68624,single_train,single,other,lookup
68620,single_train,single,which,lookup
68626,single_train,single,how_many,reasoning
149969,single_train,single,which,lookup
149968,single_train,single,how_many,reasoning
149966,single_train,single,which,lookup
149965,single_train,single,what,lookup
149967,single_train,single,which,lookup
149972,single_train,single,how_many,reasoning
149970,single_train,single,other,lookup
89133,single_train,single,how_many,reasoning
89127,single_train,single,which,lookup
89125,single_train,single,which,lookup
89129,single_train,single,when,lookup
89124,single_train,single,which,lookup
89128,single_train,single,how_many,lookup
101655,single_train,single,how_many,reasoning
101654,single_train,single,which,lookup
101652,single_train,single,how_many,lookup
101653,single_train,single,how_many,lookup
135639,single_train,single,which,lookup
135637,single_train,single,which,lookup
135632,single_train,single,which,lookup
135633,single_train,single,how_many,reasoning
135631,single_train,single,when,lookup
135630,single_train,single,which,lookup
65573,single_train,single,how_many,reasoning
65575,single_train,single,how_many,lookup
65576,single_train,single,which,lookup
65574,single_train,single,which,lookup
65570,single_train,single,which,lookup
76091,single_train,single,which,lookup
76092,single_train,single,which,lookup
76096,single_train,single,how_many,reasoning
76095,single_train,single,which,lookup
49485,single_train,single,which,lookup
49487,single_train,single,how_many,lookup
49486,single_train,single,how_many,lookup
49482,single_train,single,list,reasoning
49491,single_train,single,how_many,reasoning
49484,single_train,single,which,lookup
49483,single_train,single,which,lookup
49488,single_train,single,how_many,lookup
49489,single_train,single,how_many,lookup
154006,single_train,single,how_many,reasoning
154000,single_train,single,which,lookup
153999,single_train,single,when,lookup
154001,single_train,single,list,lookup
154002,single_train,single,how_many,reasoning
155719,single_train,single,what,lookup
155717,single_train,single,how_many,reasoning
155716,single_train,single,how_many,reasoning
155713,single_train,single,how_many,reasoning
155710,single_train,single,how_many,reasoning
155712,single_train,single,what,lookup
155711,single_train,single,how_many,lookup
155715,single_train,single,which,reasoning
164865,single_train,single,how_many,reasoning
164857,single_train,single,how_many,reasoning
164858,single_train,single,what,reasoning
164864,single_train,single,which,reasoning
164860,single_train,single,which,lookup
164855,single_train,single,which,reasoning
164866,single_train,single,which,lookup
164862,single_train,single,which,reasoning
164863,single_train,single,how_many,reasoning
164859,single_train,single,which,lookup
164861,single_train,single,how_many,reasoning
33338,single_train,single,when,lookup
33345,single_train,single,how_many,reasoning
33337,single_train,single,what,lookup
33336,single_train,single,what,lookup
33339,single_train,single,how_many,reasoning
33341,single_train,single,compare,reasoning
33340,single_train,single,how_many,lookup
33342,single_train,single,what,lookup
157841,single_train,single,what,lookup
157837,single_train,single,how_many,lookup
157845,single_train,single,which,lookup
157846,single_train,single,what,lookup
157843,single_train,single,how_many,reasoning
157840,single_train,single,how_many,reasoning
157839,single_train,single,which,lookup
157838,single_train,single,which,lookup
141227,single_train,single,how_many,lookup
141225,single_train,single,what,lookup
141215,single_train,single,how_many,lookup
141222,single_train,single,what,lookup
141223,single_train,single,which,lookup
141220,single_train,single,how_many,reasoning
141219,single_train,single,which,lookup
141214,single_train,single,other,lookup
141221,single_train,single,what,lookup
141226,single_train,single,what,lookup
141213,single_train,single,when,lookup
141224,single_train,single,how_many,reasoning
141217,single_train,single,how_many,lookup
141218,single_train,single,other,lookup
141228,single_train,single,how_many,reasoning
141216,single_train,single,how_many,reasoning
89744,single_train,single,which,lookup
89745,single_train,single,which,lookup
89748,single_train,single,how_many,lookup
89746,single_train,single,what,lookup
89749,single_train,single,how_many,lookup
89747,single_train,single,which,lookup
25446,single_train,single,how_many,lookup
25447,single_train,single,which,lookup
25445,single_train,single,which,lookup
25448,single_train,single,how_many,reasoning
25451,single_train,single,how_many,reasoning
25450,single_train,single,other,lookup
25449,single_train,single,how_many,lookup
73002,single_train,single,when,reasoning
73001,single_train,single,which,lookup
73000,single_train,single,what,lookup
72997,single_train,single,how_many,reasoning
72998,single_train,single,which,lookup
72996,single_train,single,which,lookup
72999,single_train,single,which,reasoning
48630,single_train,single,which,reasoning
48634,single_train,single,how_many,lookup
48632,single_train,single,other,lookup
48633,single_train,single,which,lookup
48631,single_train,single,which,lookup
137571,single_train,single,which,lookup
137575,single_train,single,what,lookup
137573,single_train,single,which,lookup
137574,single_train,single,how_many,reasoning
137582,single_train,single,what,lookup
137579,single_train,single,how_many,lookup
137580,single_train,single,what,reasoning
137581,single_train,single,how_many,reasoning
137572,single_train,single,how_many,lookup
137577,single_train,single,how_many,reasoning
137578,single_train,single,what,lookup
137576,single_train,single,how_many,lookup
40447,single_train,single,how_many,reasoning
40448,single_train,single,which,lookup
40451,single_train,single,how_many,reasoning
40449,single_train,single,which,lookup
40452,single_train,single,what,lookup
40446,single_train,single,which,lookup
40444,single_train,single,which,lookup
40450,single_train,single,which,lookup
153633,single_train,single,how_many,reasoning
153632,single_train,single,which,lookup
153631,single_train,single,which,lookup
153628,single_train,single,which,lookup
153629,single_train,single,which,lookup
153637,single_train,single,how_many,reasoning
153630,single_train,single,how_many,reasoning
153627,single_train,single,which,lookup
33055,single_train,single,how_many,lookup
33060,single_train,single,what,lookup
33065,single_train,single,how_many,reasoning
33059,single_train,single,how_many,lookup
33058,single_train,single,how_many,reasoning
33061,single_train,single,which,lookup
33056,single_train,single,what,lookup
96840,single_train,single,which,lookup
96839,single_train,single,how_many,lookup
96838,single_train,single,which,reasoning
96842,single_train,single,which,lookup
96843,single_train,single,what,lookup
96847,single_train,single,how_many,reasoning
96837,single_train,single,compare,reasoning
96844,single_train,single,how_many,lookup
104829,single_train,single,what,lookup
104834,single_train,single,how_many,reasoning
104838,single_train,single,how_many,reasoning
104828,single_train,single,list,reasoning
104833,single_train,single,what,lookup
104832,single_train,single,what,lookup
104831,single_train,single,how_many,lookup
104827,single_train,single,which,lookup
104837,single_train,single,what,lookup
104835,single_train,single,which,lookup
104830,single_train,single,how_many,reasoning
123530,single_train,single,which,lookup
123533,single_train,single,when,lookup
123526,single_train,single,how_many,lookup
123531,single_train,single,what,lookup
123529,single_train,single,which,lookup
123527,single_train,single,which,lookup
123532,single_train,single,which,lookup
123528,single_train,single,which,lookup
123534,single_train,single,how_many,reasoning
22059,single_train,single,which,lookup
22062,single_train,single,what,lookup
22058,single_train,single,count,lookup
22060,single_train,single,how_many,reasoning
22063,single_train,single,how_many,reasoning
22057,single_train,single,which,lookup
22067,single_train,single,how_many,reasoning
106518,single_train,single,how_many,reasoning
106520,single_train,single,how_many,reasoning
106519,single_train,single,count,lookup
106516,single_train,single,count,lookup
106523,single_train,single,how_many,reasoning
106515,single_train,single,how_many,lookup
106517,single_train,single,how_many,reasoning
41054,single_train,single,which,reasoning
41051,single_train,single,which,lookup
41056,single_train,single,how_many,reasoning
41053,single_train,single,how_many,lookup
41057,single_train,single,which,lookup
41055,single_train,single,which,lookup
41050,single_train,single,which,lookup
41052,single_train,single,how_many,reasoning
5674,single_train,single,how_many,reasoning
5672,single_train,single,how_many,reasoning
5673,single_train,single,which,lookup
5675,single_train,single,how_many,reasoning
5671,single_train,single,what,lookup
5677,single_train,single,what,lookup
69672,single_train,single,which,lookup
69673,single_train,single,which,lookup
69676,single_train,single,which,lookup
69678,single_train,single,what,lookup
69671,single_train,single,which,lookup
69675,single_train,single,which,lookup
69674,single_train,single,how_many,reasoning
165345,single_train,single,how_many,reasoning
165338,single_train,single,what,lookup
165344,single_train,single,what,lookup
165340,single_train,single,which,lookup
165341,single_train,single,how_many,reasoning
165346,single_train,single,which,lookup
165343,single_train,single,other,lookup
165347,single_train,single,how_many,reasoning
165339,single_train,single,other,lookup
165342,single_train,single,what,lookup
12334,single_train,single,what,lookup
12331,single_train,single,which,lookup
12335,single_train,single,what,lookup
12332,single_train,single,compare,reasoning
12336,single_train,single,which,lookup
12337,single_train,single,how_many,reasoning
12330,single_train,single,how_many,reasoning
67042,single_train,single,how_many,reasoning
67044,single_train,single,other,lookup
67039,single_train,single,what,lookup
67043,single_train,single,what,lookup
67046,single_train,single,how_many,reasoning
67041,single_train,single,which,lookup
67045,single_train,single,which,lookup
67040,single_train,single,which,lookup
84497,single_train,single,which,reasoning
84493,single_train,single,which,reasoning
84503,single_train,single,how_many,reasoning
84494,single_train,single,what,reasoning
84495,single_train,single,which,lookup
84501,single_train,single,how_many,lookup
84500,single_train,single,which,lookup
84498,single_train,single,which,lookup
84499,single_train,single,how_many,lookup
84496,single_train,single,compare,lookup
57853,single_train,single,how_many,reasoning
57846,single_train,single,how_many,lookup
57851,single_train,single,count,reasoning
57847,single_train,single,compare,reasoning
57845,single_train,single,which,reasoning
143955,single_train,single,how_many,lookup
143951,single_train,single,how_many,lookup
143957,single_train,single,how_many,lookup
143954,single_train,single,how_many,reasoning
47675,single_train,single,how_many,reasoning
47671,single_train,single,other,lookup
47674,single_train,single,count,reasoning
47668,single_train,single,which,reasoning
47670,single_train,single,how_many,lookup
47672,single_train,single,other,lookup
47669,single_train,single,which,reasoning
47673,single_train,single,how_many,lookup
51027,single_train,single,which,lookup
51028,single_train,single,other,lookup
51025,single_train,single,which,reasoning
51026,single_train,single,which,lookup
133751,single_train,single,which,lookup
133756,single_train,single,which,lookup
133760,single_train,single,how_many,reasoning
133752,single_train,single,which,lookup
133758,single_train,single,what,lookup
133757,single_train,single,how_many,reasoning
133759,single_train,single,which,lookup
61477,single_train,single,how_many,lookup
61473,single_train,single,which,lookup
61476,single_train,single,how_many,lookup
61472,single_train,single,which,lookup
61478,single_train,single,how_many,lookup
61471,single_train,single,which,reasoning
61474,single_train,single,how_many,lookup
61475,single_train,single,other,lookup
105161,single_train,single,how_many,reasoning
105159,single_train,single,what,lookup
17647,single_train,single,which,lookup
17652,single_train,single,which,lookup
17656,single_train,single,what,lookup
17655,single_train,single,which,lookup
17654,single_train,single,count,lookup
17648,single_train,single,which,lookup
17653,single_train,single,which,lookup
17650,single_train,single,how_many,reasoning
17651,single_train,single,which,lookup
17649,single_train,single,which,lookup
103841,single_train,single,what,lookup
103845,single_train,single,how_many,reasoning
103835,single_train,single,what,lookup
103837,single_train,single,what,lookup
103838,single_train,single,how_many,reasoning
103839,single_train,single,which,lookup
103840,single_train,single,which,lookup
103843,single_train,single,list,lookup
125983,single_train,single,which,lookup
125992,single_train,single,which,lookup
125991,single_train,single,what,reasoning
125986,single_train,single,which,lookup
125985,single_train,single,how_many,reasoning
125990,single_train,single,what,lookup
125984,single_train,single,what,lookup
125993,single_train,single,what,lookup
125988,single_train,single,what,lookup
157016,single_train,single,which,lookup
157018,single_train,single,how_many,lookup
157011,single_train,single,which,lookup
157009,single_train,single,how_many,reasoning
157008,single_train,single,which,lookup
157006,single_train,single,which,lookup
157017,single_train,single,other,lookup
157007,single_train,single,what,lookup
157015,single_train,single,how_many,reasoning
157010,single_train,single,which,lookup
157014,single_train,single,which,lookup
157019,single_train,single,how_many,reasoning
57339,single_train,single,other,lookup
57342,single_train,single,how_many,lookup
57340,single_train,single,other,lookup
57343,single_train,single,how_many,lookup
57338,single_train,single,which,lookup
57341,single_train,single,which,lookup
110077,single_train,single,how_many,reasoning
110079,single_train,single,how_many,reasoning
110075,single_train,single,list,reasoning
110076,single_train,single,which,lookup
128772,single_train,single,which,lookup
128778,single_train,single,count,lookup
128777,single_train,single,how_many,reasoning
128771,single_train,single,which,lookup
128781,single_train,single,how_many,reasoning
128775,single_train,single,what,lookup
128773,single_train,single,which,lookup
128779,single_train,single,which,lookup
128774,single_train,single,how_many,reasoning
128776,single_train,single,which,lookup
128780,single_train,single,which,lookup
123094,single_train,single,which,lookup
123098,single_train,single,how_many,reasoning
123093,single_train,single,other,lookup
123090,single_train,single,compare,reasoning
123097,single_train,single,which,lookup
123095,single_train,single,how_many,lookup
123092,single_train,single,compare,reasoning
123091,single_train,single,how_many,reasoning
33077,single_train,single,when,lookup
33081,single_train,single,how_many,lookup
33082,single_train,single,what,lookup
33079,single_train,single,when,lookup
33083,single_train,single,compare,reasoning
33078,single_train,single,what,lookup
33080,single_train,single,how_many,reasoning
150961,single_train,single,which,lookup
150960,single_train,single,which,lookup
150955,single_train,single,which,lookup
150959,single_train,single,which,lookup
150956,single_train,single,when,lookup
50173,single_train,single,which,lookup
50176,single_train,single,how_many,lookup
50172,single_train,single,what,reasoning
50177,single_train,single,which,lookup
50178,single_train,single,how_many,lookup
50181,single_train,single,how_many,reasoning
50175,single_train,single,which,lookup
50174,single_train,single,which,lookup
50179,single_train,single,which,lookup
146429,single_train,single,list,lookup
146431,single_train,single,how_many,reasoning
146421,single_train,single,how_many,reasoning
146430,single_train,single,which,lookup
146422,single_train,single,which,lookup
146427,single_train,single,how_many,reasoning
146424,single_train,single,how_many,reasoning
146423,single_train,single,which,lookup
163126,single_train,single,what,lookup
163133,single_train,single,how_many,reasoning
163128,single_train,single,what,lookup
111173,single_train,single,how_many,reasoning
111169,single_train,single,what,lookup
111167,single_train,single,which,lookup
111165,single_train,single,which,lookup
111168,single_train,single,what,lookup
111163,single_train,single,which,lookup
36596,single_train,single,which,lookup
36593,single_train,single,which,lookup
36597,single_train,single,how_many,reasoning
36592,single_train,single,how_many,reasoning
36594,single_train,single,how_many,reasoning
36595,single_train,single,which,lookup
36591,single_train,single,which,lookup
36600,single_train,single,which,lookup
36601,single_train,single,how_many,reasoning
2433,single_train,single,how_many,lookup
2439,single_train,single,which,lookup
2435,single_train,single,which,lookup
2436,single_train,single,how_many,reasoning
2438,single_train,single,how_many,reasoning
2440,single_train,single,what,lookup
2434,single_train,single,what,lookup
2437,single_train,single,how_many,lookup
60268,single_train,single,how_many,lookup
60265,single_train,single,how_many,lookup
60261,single_train,single,list,reasoning
60266,single_train,single,which,lookup
60267,single_train,single,which,lookup
60262,single_train,single,which,lookup
60264,single_train,single,which,lookup
157726,single_train,single,how_many,lookup
157732,single_train,single,how_many,reasoning
157724,single_train,single,which,lookup
157725,single_train,single,when,lookup
157727,single_train,single,how_many,reasoning
157728,single_train,single,when,lookup
157730,single_train,single,other,lookup
157729,single_train,single,what,lookup
157731,single_train,single,how_many,lookup
52126,single_train,single,which,lookup
52133,single_train,single,how_many,reasoning
52129,single_train,single,which,lookup
52131,single_train,single,list,reasoning
52130,single_train,single,how_many,lookup
52127,single_train,single,other,lookup
52125,single_train,single,list,reasoning
52132,single_train,single,count,reasoning
60112,single_train,single,how_many,lookup
60114,single_train,single,how_many,reasoning
60111,single_train,single,how_many,lookup
60110,single_train,single,other,lookup
51775,single_train,single,count,reasoning
51768,single_train,single,which,lookup
51772,single_train,single,how_many,lookup
51769,single_train,single,how_many,lookup
51770,single_train,single,which,lookup
51773,single_train,single,how_many,lookup
51776,single_train,single,how_many,reasoning
165167,single_train,single,how_many,reasoning
165162,single_train,single,when,lookup
165160,single_train,single,which,lookup
165157,single_train,single,how_many,reasoning
165159,single_train,single,other,lookup
165163,single_train,single,which,lookup
165164,single_train,single,how_many,reasoning
165166,single_train,single,when,lookup
165161,single_train,single,how_many,reasoning
165158,single_train,single,how_many,lookup
165155,single_train,single,which,lookup
165154,single_train,single,when,lookup
138690,single_train,single,how_many,lookup
138692,single_train,single,how_many,reasoning
138691,single_train,single,which,lookup
138689,single_train,single,which,lookup
138695,single_train,single,how_many,lookup
138693,single_train,single,how_many,lookup
138698,single_train,single,how_many,reasoning
138696,single_train,single,how_many,reasoning
138694,single_train,single,which,reasoning
146347,single_train,single,which,reasoning
146355,single_train,single,which,lookup
146354,single_train,single,how_many,reasoning
146357,single_train,single,how_many,reasoning
146352,single_train,single,which,reasoning
146351,single_train,single,when,reasoning
146349,single_train,single,which,reasoning
146353,single_train,single,how_many,lookup
146350,single_train,single,how_many,reasoning
146348,single_train,single,what,reasoning
64225,single_train,single,which,lookup
64220,single_train,single,which,lookup
64226,single_train,single,how_many,reasoning
64222,single_train,single,which,lookup
64221,single_train,single,which,lookup
64223,single_train,single,how_many,reasoning
64224,single_train,single,how_many,lookup
126058,single_train,single,how_many,reasoning
126055,single_train,single,which,lookup
126054,single_train,single,how_many,reasoning
126051,single_train,single,which,lookup
126056,single_train,single,which,lookup
2381,single_train,single,how_many,lookup
2388,single_train,single,which,lookup
2385,single_train,single,how_many,lookup
2383,single_train,single,how_many,reasoning
2384,single_train,single,how_many,lookup
2382,single_train,single,when,reasoning
11990,single_train,single,how_many,reasoning
11985,single_train,single,which,lookup
11989,single_train,single,how_many,lookup
11988,single_train,single,what,lookup
11986,single_train,single,how_many,reasoning
11987,single_train,single,which,lookup
11984,single_train,single,other,lookup
11983,single_train,single,which,lookup
77265,single_train,single,what,lookup
77271,single_train,single,which,reasoning
77274,single_train,single,other,lookup
77276,single_train,single,how_many,reasoning
77272,single_train,single,how_many,reasoning
77266,single_train,single,other,reasoning
77268,single_train,single,how_many,reasoning
77275,single_train,single,which,lookup
77270,single_train,single,which,lookup
77267,single_train,single,which,lookup
77273,single_train,single,what,reasoning
55074,single_train,single,which,lookup
55068,single_train,single,list,reasoning
55072,single_train,single,how_many,lookup
55071,single_train,single,other,lookup
55075,single_train,single,how_many,reasoning
55073,single_train,single,which,lookup
55070,single_train,single,which,lookup
54797,single_train,single,which,lookup
54794,single_train,single,other,lookup
54795,single_train,single,how_many,lookup
54793,single_train,single,compare,lookup
54796,single_train,single,which,lookup
54792,single_train,single,which,lookup
55772,single_train,single,which,lookup
55770,single_train,single,which,lookup
55771,single_train,single,which,reasoning
55773,single_train,single,other,lookup
55774,single_train,single,how_many,lookup
55775,single_train,single,which,lookup
55776,single_train,single,which,lookup
153562,single_train,single,which,lookup
153567,single_train,single,how_many,reasoning
153560,single_train,single,how_many,lookup
153565,single_train,single,other,lookup
153563,single_train,single,how_many,reasoning
153566,single_train,single,what,lookup
153561,single_train,single,which,lookup
75461,single_train,single,how_many,reasoning
75457,single_train,single,what,lookup
75456,single_train,single,which,lookup
75459,single_train,single,what,lookup
75455,single_train,single,which,lookup
75458,single_train,single,how_many,reasoning
136310,single_train,single,which,lookup
136307,single_train,single,which,lookup
136302,single_train,single,how_many,reasoning
136305,single_train,single,what,lookup
136309,single_train,single,how_many,reasoning
136303,single_train,single,which,lookup
136301,single_train,single,which,lookup
136304,single_train,single,count,lookup
136306,single_train,single,how_many,reasoning
136308,single_train,single,which,lookup
136300,single_train,single,how_many,lookup
114962,single_train,single,how_many,reasoning
114957,single_train,single,count,reasoning
114956,single_train,single,how_many,reasoning
114959,single_train,single,how_many,reasoning
164870,single_train,single,which,lookup
164877,single_train,single,what,lookup
164875,single_train,single,which,lookup
164872,single_train,single,how_many,reasoning
164871,single_train,single,which,lookup
164873,single_train,single,which,lookup
164876,single_train,single,which,lookup
164874,single_train,single,which,lookup
164869,single_train,single,which,lookup
54591,single_train,single,other,lookup
54590,single_train,single,which,lookup
54588,single_train,single,which,reasoning
54587,single_train,single,which,lookup
54589,single_train,single,which,lookup
54593,single_train,single,which,lookup
54592,single_train,single,how_many,lookup
16660,single_train,single,which,lookup
16659,single_train,single,what,lookup
16661,single_train,single,how_many,reasoning
16658,single_train,single,which,lookup
148191,single_train,single,which,lookup
148197,single_train,single,how_many,reasoning
148195,single_train,single,what,lookup
148194,single_train,single,which,lookup
148196,single_train,single,how_many,reasoning
148193,single_train,single,what,lookup
589,single_train,single,how_many,reasoning
587,single_train,single,how_many,reasoning
588,single_train,single,how_many,reasoning
590,single_train,single,which,lookup
592,single_train,single,how_many,reasoning
595,single_train,single,compare,reasoning
594,single_train,single,what,lookup
586,single_train,single,count,lookup
585,single_train,single,which,lookup
591,single_train,single,how_many,lookup
59762,single_train,single,other,lookup
59760,single_train,single,which,lookup
59763,single_train,single,how_many,lookup
59761,single_train,single,which,lookup
124805,single_train,single,which,reasoning
124808,single_train,single,which,lookup
124811,single_train,single,how_many,reasoning
124809,single_train,single,which,reasoning
124804,single_train,single,which,lookup
124806,single_train,single,which,lookup
141994,single_train,single,which,lookup
141997,single_train,single,which,lookup
141998,single_train,single,how_many,reasoning
141991,single_train,single,what,lookup
142001,single_train,single,which,lookup
142000,single_train,single,what,lookup
141999,single_train,single,how_many,reasoning
141990,single_train,single,how_many,lookup
141995,single_train,single,how_many,reasoning
141996,single_train,single,what,lookup
141992,single_train,single,how_many,reasoning
141993,single_train,single,how_many,lookup
5208,single_train,single,which,lookup
5211,single_train,single,how_many,lookup
5212,single_train,single,how_many,reasoning
5214,single_train,single,which,lookup
5206,single_train,single,which,lookup
5219,single_train,single,how_many,reasoning
5210,single_train,single,which,lookup
5209,single_train,single,how_many,reasoning
5207,single_train,single,compare,reasoning
5213,single_train,single,which,lookup
50527,single_train,single,which,lookup
50530,single_train,single,how_many,lookup
50532,single_train,single,how_many,reasoning
50526,single_train,single,which,lookup
50529,single_train,single,how_many,lookup
50528,single_train,single,which,lookup
50525,single_train,single,which,lookup
120283,single_train,single,which,lookup
120280,single_train,single,which,lookup
120284,single_train,single,how_many,reasoning
120277,single_train,single,how_many,lookup
120276,single_train,single,which,lookup
120282,single_train,single,what,lookup
120279,single_train,single,what,lookup
120286,single_train,single,how_many,reasoning
120281,single_train,single,what,lookup
120285,single_train,single,how_many,reasoning
7257,single_train,single,which,lookup
7259,single_train,single,how_many,reasoning
7253,single_train,single,how_many,reasoning
7252,single_train,single,which,lookup
7254,single_train,single,how_many,reasoning
7256,single_train,single,which,lookup
7255,single_train,single,what,lookup
103989,single_train,single,which,lookup
103990,single_train,single,which,lookup
103995,single_train,single,how_many,reasoning
103993,single_train,single,which,lookup
103992,single_train,single,how_many,reasoning
103991,single_train,single,which,lookup
105841,single_train,single,how_many,reasoning
105842,single_train,single,what,lookup
105843,single_train,single,which,lookup
105839,single_train,single,what,lookup
105848,single_train,single,how_many,reasoning
105840,single_train,single,how_many,lookup
105838,single_train,single,which,lookup
11863,single_train,single,which,lookup
11865,single_train,single,which,reasoning
11867,single_train,single,which,lookup
11868,single_train,single,how_many,reasoning
11866,single_train,single,how_many,reasoning
46111,single_train,single,how_many,reasoning
46106,single_train,single,how_many,lookup
46108,single_train,single,which,lookup
46109,single_train,single,how_many,lookup
46107,single_train,single,what,lookup
157496,single_train,single,which,lookup
157499,single_train,single,how_many,reasoning
157501,single_train,single,how_many,reasoning
157498,single_train,single,which,lookup
157497,single_train,single,how_many,lookup
50981,single_train,single,how_many,lookup
50979,single_train,single,which,lookup
50983,single_train,single,what,lookup
50977,single_train,single,how_many,lookup
50984,single_train,single,how_many,lookup
50985,single_train,single,how_many,reasoning
50980,single_train,single,which,lookup
50978,single_train,single,how_many,reasoning
50976,single_train,single,which,reasoning
50982,single_train,single,how_many,lookup
15624,single_train,single,how_many,reasoning
15620,single_train,single,how_many,reasoning
15619,single_train,single,which,lookup
15621,single_train,single,which,reasoning
15623,single_train,single,how_many,lookup
15622,single_train,single,how_many,lookup
15617,single_train,single,which,lookup
75852,single_train,single,which,lookup
75855,single_train,single,compare,reasoning
75853,single_train,single,what,lookup
75858,single_train,single,which,lookup
75857,single_train,single,what,lookup
75854,single_train,single,how_many,lookup
75856,single_train,single,which,lookup
65300,single_train,single,which,lookup
65308,single_train,single,how_many,reasoning
65307,single_train,single,what,lookup
65302,single_train,single,which,lookup
65310,single_train,single,what,reasoning
65301,single_train,single,how_many,reasoning
65299,single_train,single,what,lookup
65306,single_train,single,what,reasoning
65304,single_train,single,how_many,reasoning
65303,single_train,single,which,lookup
100288,single_train,single,how_many,reasoning
100293,single_train,single,how_many,reasoning
100286,single_train,single,which,lookup
100292,single_train,single,compare,reasoning
100285,single_train,single,how_many,lookup
100289,single_train,single,how_many,reasoning
100290,single_train,single,what,lookup
100287,single_train,single,what,lookup
52080,single_train,single,which,lookup
52078,single_train,single,other,lookup
52079,single_train,single,how_many,lookup
52082,single_train,single,count,reasoning
52076,single_train,single,which,lookup
52077,single_train,single,which,lookup
52081,single_train,single,list,reasoning
100768,single_train,single,how_many,reasoning
100767,single_train,single,what,lookup
100770,single_train,single,which,reasoning
143409,single_train,single,which,lookup
143407,single_train,single,how_many,lookup
143411,single_train,single,which,lookup
143408,single_train,single,how_many,lookup
143410,single_train,single,how_many,reasoning
85767,single_train,single,which,lookup
85773,single_train,single,what,lookup
85775,single_train,single,how_many,reasoning
85772,single_train,single,what,lookup
85771,single_train,single,how_many,lookup
85770,single_train,single,how_many,lookup
73376,single_train,single,which,lookup
73380,single_train,single,compare,reasoning
73379,single_train,single,what,lookup
73373,single_train,single,how_many,lookup
73371,single_train,single,which,lookup
73378,single_train,single,compare,reasoning
73375,single_train,single,which,lookup
26998,single_train,single,how_many,lookup
27006,single_train,single,how_many,lookup
27001,single_train,single,how_many,lookup
27000,single_train,single,how_many,reasoning
27002,single_train,single,how_many,lookup
27003,single_train,single,which,lookup
27005,single_train,single,which,lookup
26999,single_train,single,how_many,lookup
26997,single_train,single,how_many,lookup
27004,single_train,single,how_many,reasoning
126035,single_train,single,how_many,reasoning
126032,single_train,single,which,lookup
126034,single_train,single,which,lookup
126033,single_train,single,which,lookup
108518,single_train,single,how_many,lookup
108519,single_train,single,which,reasoning
108517,single_train,single,how_many,reasoning
108523,single_train,single,how_many,reasoning
47891,single_train,single,how_many,reasoning
47886,single_train,single,which,lookup
47889,single_train,single,how_many,lookup
47888,single_train,single,which,lookup
35154,single_train,single,what,lookup
35150,single_train,single,how_many,lookup
35153,single_train,single,how_many,reasoning
35145,single_train,single,how_many,lookup
35149,single_train,single,which,lookup
35148,single_train,single,how_many,reasoning
35151,single_train,single,which,reasoning
35152,single_train,single,which,lookup
35146,single_train,single,which,lookup
35144,single_train,single,list,reasoning
35147,single_train,single,how_many,reasoning
49543,single_train,single,how_many,lookup
49537,single_train,single,which,reasoning
49538,single_train,single,how_many,lookup
49540,single_train,single,how_many,lookup
49542,single_train,single,how_many,lookup
49539,single_train,single,which,lookup
49541,single_train,single,how_many,lookup
49544,single_train,single,how_many,reasoning
47459,single_train,single,how_many,lookup
47461,single_train,single,how_many,lookup
47463,single_train,single,how_many,lookup
47462,single_train,single,which,lookup
47460,single_train,single,how_many,lookup
47455,single_train,single,which,reasoning
47458,single_train,single,which,lookup
47456,single_train,single,which,lookup
74896,single_train,single,how_many,lookup
74894,single_train,single,which,lookup
74897,single_train,single,how_many,reasoning
74898,single_train,single,which,lookup
74895,single_train,single,how_many,lookup
159945,single_train,single,how_many,reasoning
159943,single_train,single,what,lookup
159942,single_train,single,when,lookup
159944,single_train,single,which,lookup
159946,single_train,single,what,reasoning
159947,single_train,single,which,lookup
27682,single_train,single,how_many,reasoning
27685,single_train,single,which,lookup
27679,single_train,single,what,lookup
27688,single_train,single,how_many,lookup
27681,single_train,single,how_many,reasoning
27692,single_train,single,which,lookup
27684,single_train,single,how_many,reasoning
27678,single_train,single,how_many,lookup
27687,single_train,single,how_many,reasoning
27691,single_train,single,how_many,lookup
27686,single_train,single,how_many,lookup
27689,single_train,single,which,lookup
27683,single_train,single,when,reasoning
27690,single_train,single,how_many,reasoning
27680,single_train,single,when,lookup
150608,single_train,single,which,lookup
150611,single_train,single,how_many,reasoning
150601,single_train,single,which,lookup
150607,single_train,single,how_many,reasoning
150602,single_train,single,when,lookup
150600,single_train,single,which,lookup
150604,single_train,single,which,lookup
150606,single_train,single,which,lookup
150603,single_train,single,how_many,reasoning
150605,single_train,single,which,lookup
129107,single_train,single,how_many,lookup
129110,single_train,single,how_many,lookup
129108,single_train,single,how_many,lookup
129106,single_train,single,what,lookup
129102,single_train,single,which,lookup
129109,single_train,single,what,lookup
129105,single_train,single,how_many,lookup
129101,single_train,single,which,lookup
129100,single_train,single,how_many,lookup
129103,single_train,single,how_many,reasoning
129104,single_train,single,how_many,lookup
164160,single_train,single,how_many,reasoning
164157,single_train,single,which,lookup
164163,single_train,single,what,lookup
164158,single_train,single,what,lookup
164159,single_train,single,which,lookup
164161,single_train,single,which,lookup
164162,single_train,single,how_many,reasoning
164164,single_train,single,what,lookup
164165,single_train,single,which,lookup
10466,single_train,single,which,lookup
10464,single_train,single,how_many,lookup
10461,single_train,single,other,lookup
10467,single_train,single,how_many,reasoning
10460,single_train,single,which,lookup
10463,single_train,single,how_many,reasoning
10465,single_train,single,which,lookup
20373,single_train,single,which,reasoning
20377,single_train,single,which,lookup
20383,single_train,single,how_many,reasoning
20376,single_train,single,what,lookup
20374,single_train,single,what,lookup
20378,single_train,single,which,reasoning
32612,single_train,single,how_many,reasoning
32616,single_train,single,how_many,reasoning
32610,single_train,single,what,lookup
32613,single_train,single,how_many,reasoning
32611,single_train,single,how_many,lookup
32609,single_train,single,compare,reasoning
105091,single_train,single,what,lookup
105092,single_train,single,how_many,lookup
105095,single_train,single,which,lookup
105093,single_train,single,which,lookup
105097,single_train,single,which,reasoning
105096,single_train,single,which,lookup
23914,single_train,single,how_many,reasoning
23911,single_train,single,which,lookup
23912,single_train,single,what,lookup
23917,single_train,single,which,lookup
23918,single_train,single,what,lookup
23921,single_train,single,how_many,reasoning
23916,single_train,single,what,lookup
23913,single_train,single,which,reasoning
23915,single_train,single,how_many,lookup
23919,single_train,single,what,lookup
8806,single_train,single,how_many,reasoning
8807,single_train,single,other,lookup
8804,single_train,single,which,lookup
8811,single_train,single,how_many,reasoning
8805,single_train,single,compare,reasoning
8810,single_train,single,how_many,lookup
94281,single_train,single,which,lookup
94283,single_train,single,what,lookup
94282,single_train,single,which,lookup
94284,single_train,single,how_many,lookup
94278,single_train,single,what,reasoning
62884,single_train,single,which,lookup
62875,single_train,single,how_many,lookup
62883,single_train,single,other,lookup
62877,single_train,single,which,lookup
62881,single_train,single,how_many,reasoning
62886,single_train,single,which,lookup
62878,single_train,single,how_many,reasoning
62880,single_train,single,which,lookup
62879,single_train,single,what,lookup
62876,single_train,single,which,lookup
62882,single_train,single,what,lookup
96115,single_train,single,what,lookup
96112,single_train,single,count,lookup
96117,single_train,single,how_many,reasoning
96111,single_train,single,how_many,lookup
96110,single_train,single,which,lookup
96107,single_train,single,what,reasoning
96109,single_train,single,how_many,reasoning
118604,single_train,single,other,lookup
118599,single_train,single,which,reasoning
118602,single_train,single,which,lookup
118598,single_train,single,which,lookup
118597,single_train,single,which,reasoning
118603,single_train,single,which,lookup
118600,single_train,single,when,lookup
118601,single_train,single,what,lookup
153980,single_train,single,how_many,reasoning
153979,single_train,single,when,lookup
153978,single_train,single,how_many,reasoning
74036,single_train,single,which,lookup
74031,single_train,single,what,lookup
74035,single_train,single,how_many,reasoning
74032,single_train,single,which,lookup
74034,single_train,single,which,lookup
74033,single_train,single,which,lookup
94180,single_train,single,how_many,lookup
94178,single_train,single,which,lookup
94176,single_train,single,which,lookup
94179,single_train,single,which,lookup
94173,single_train,single,list,reasoning
94181,single_train,single,how_many,reasoning
94177,single_train,single,which,lookup
55941,single_train,single,which,lookup
55943,single_train,single,which,lookup
55944,single_train,single,how_many,reasoning
55940,single_train,single,which,reasoning
55945,single_train,single,how_many,reasoning
55939,single_train,single,which,lookup
55942,single_train,single,other,lookup
146009,single_train,single,how_many,reasoning
146006,single_train,single,how_many,reasoning
146003,single_train,single,which,lookup
146010,single_train,single,which,lookup
146005,single_train,single,how_many,lookup
146013,single_train,single,how_many,reasoning
146007,single_train,single,which,lookup
146008,single_train,single,list,lookup
10131,single_train,single,how_many,reasoning
10126,single_train,single,which,lookup
10130,single_train,single,how_many,lookup
10128,single_train,single,how_many,reasoning
10133,single_train,single,which,lookup
10129,single_train,single,how_many,lookup
10127,single_train,single,which,lookup
10132,single_train,single,what,lookup
10125,single_train,single,how_many,reasoning
62929,single_train,single,what,lookup
62931,single_train,single,which,lookup
62936,single_train,single,what,lookup
62933,single_train,single,what,lookup
62939,single_train,single,how_many,reasoning
62937,single_train,single,list,lookup
62935,single_train,single,how_many,reasoning
62932,single_train,single,how_many,reasoning
145040,single_train,single,which,lookup
145038,single_train,single,how_many,reasoning
145036,single_train,single,what,lookup
145043,single_train,single,which,lookup
145039,single_train,single,what,lookup
145037,single_train,single,what,lookup
145035,single_train,single,what,reasoning
145041,single_train,single,how_many,reasoning
38798,single_train,single,how_many,reasoning
38794,single_train,single,how_many,reasoning
38797,single_train,single,which,lookup
38791,single_train,single,which,lookup
38801,single_train,single,how_many,reasoning
38792,single_train,single,which,lookup
38793,single_train,single,which,lookup
38795,single_train,single,which,lookup
38796,single_train,single,which,lookup
123036,single_train,single,which,lookup
123044,single_train,single,how_many,reasoning
123040,single_train,single,which,lookup
123042,single_train,single,how_many,lookup
123038,single_train,single,which,reasoning
123037,single_train,single,how_many,lookup
123043,single_train,single,what,lookup
118702,single_train,single,how_many,reasoning
118695,single_train,single,compare,reasoning
118694,single_train,single,what,reasoning
118696,single_train,single,which,lookup
118692,single_train,single,how_many,reasoning
118700,single_train,single,which,lookup
118701,single_train,single,how_many,reasoning
118698,single_train,single,how_many,lookup
118699,single_train,single,which,lookup
41690,single_train,single,how_many,reasoning
41692,single_train,single,compare,reasoning
41698,single_train,single,how_many,reasoning
41694,single_train,single,how_many,lookup
41688,single_train,single,compare,reasoning
41696,single_train,single,other,lookup
41689,single_train,single,what,lookup
41691,single_train,single,how_many,reasoning
41693,single_train,single,when,lookup
41732,single_train,single,how_many,reasoning
41733,single_train,single,which,lookup
41735,single_train,single,which,lookup
41734,single_train,single,how_many,reasoning
41731,single_train,single,which,lookup
41730,single_train,single,which,lookup
106189,single_train,single,which,lookup
106193,single_train,single,what,lookup
106190,single_train,single,how_many,lookup
106191,single_train,single,what,lookup
106196,single_train,single,how_many,reasoning
106192,single_train,single,how_many,reasoning
106194,single_train,single,how_many,lookup
106197,single_train,single,what,lookup
106195,single_train,single,which,lookup
9253,single_train,single,how_many,reasoning
9250,single_train,single,how_many,reasoning
9247,single_train,single,what,lookup
9249,single_train,single,which,lookup
9248,single_train,single,which,lookup
101536,single_train,single,which,lookup
101538,single_train,single,compare,reasoning
101533,single_train,single,compare,reasoning
101534,single_train,single,how_many,reasoning
101532,single_train,single,how_many,lookup
101537,single_train,single,compare,reasoning
111581,single_train,single,list,reasoning
111579,single_train,single,how_many,lookup
111582,single_train,single,which,lookup
111583,single_train,single,how_many,reasoning
111577,single_train,single,how_many,reasoning
111576,single_train,single,which,lookup
111574,single_train,single,how_many,reasoning
111578,single_train,single,count,lookup
34949,single_train,single,how_many,lookup
34958,single_train,single,how_many,reasoning
34952,single_train,single,how_many,reasoning
34953,single_train,single,which,lookup
34951,single_train,single,how_many,reasoning
34954,single_train,single,what,lookup
34950,single_train,single,what,lookup
158714,single_train,single,which,reasoning
158718,single_train,single,which,lookup
158711,single_train,single,which,lookup
158710,single_train,single,how_many,reasoning
158715,single_train,single,which,lookup
158707,single_train,single,which,lookup
158716,single_train,single,other,lookup
158719,single_train,single,which,lookup
158713,single_train,single,which,lookup
158717,single_train,single,which,lookup
158712,single_train,single,which,lookup
158709,single_train,single,which,lookup
158708,single_train,single,how_many,lookup
29617,single_train,single,which,lookup
29621,single_train,single,which,lookup
29616,single_train,single,count,lookup
29618,single_train,single,how_many,reasoning
29615,single_train,single,which,lookup
29619,single_train,single,which,lookup
29620,single_train,single,count,lookup
113185,single_train,single,count,lookup
113188,single_train,single,how_many,lookup
113189,single_train,single,how_many,reasoning
113191,single_train,single,which,lookup
113193,single_train,single,how_many,reasoning
113190,single_train,single,which,lookup
113184,single_train,single,how_many,reasoning
113186,single_train,single,how_many,reasoning
113187,single_train,single,how_many,reasoning
56144,single_train,single,which,reasoning
56146,single_train,single,which,lookup
56145,single_train,single,which,lookup
56151,single_train,single,count,reasoning
56150,single_train,single,how_many,lookup
56147,single_train,single,how_many,lookup
56149,single_train,single,which,lookup
56148,single_train,single,how_many,lookup
92447,single_train,single,which,lookup
92451,single_train,single,how_many,lookup
92448,single_train,single,which,lookup
92450,single_train,single,what,lookup
92449,single_train,single,how_many,lookup
92452,single_train,single,how_many,lookup
54200,single_train,single,which,lookup
54195,single_train,single,list,lookup
54201,single_train,single,how_many,reasoning
54199,single_train,single,how_many,lookup
54193,single_train,single,which,lookup
54194,single_train,single,which,lookup
54197,single_train,single,other,lookup
54192,single_train,single,list,reasoning
54198,single_train,single,which,lookup
54196,single_train,single,how_many,lookup
116127,single_train,single,how_many,reasoning
116122,single_train,single,how_many,lookup
116118,single_train,single,which,lookup
116119,single_train,single,how_many,reasoning
116121,single_train,single,other,lookup
116120,single_train,single,how_many,reasoning
116123,single_train,single,how_many,reasoning
125475,single_train,single,how_many,reasoning
125472,single_train,single,how_many,lookup
125480,single_train,single,list,reasoning
125473,single_train,single,count,reasoning
125477,single_train,single,how_many,reasoning
125478,single_train,single,which,lookup
125479,single_train,single,how_many,reasoning
125474,single_train,single,how_many,lookup
125476,single_train,single,what,lookup
12661,single_train,single,how_many,reasoning
12657,single_train,single,how_many,reasoning
12650,single_train,single,how_many,lookup
12660,single_train,single,which,lookup
12652,single_train,single,which,lookup
12653,single_train,single,how_many,reasoning
12654,single_train,single,which,lookup
12651,single_train,single,compare,lookup
12656,single_train,single,how_many,lookup
8151,single_train,single,which,lookup
8154,single_train,single,what,lookup
8152,single_train,single,how_many,reasoning
8156,single_train,single,which,reasoning
8155,single_train,single,which,reasoning
8149,single_train,single,what,lookup
33724,single_train,single,how_many,reasoning
33723,single_train,single,how_many,lookup
33721,single_train,single,how_many,lookup
33725,single_train,single,how_many,lookup
33722,single_train,single,what,lookup
131207,single_train,single,how_many,lookup
131206,single_train,single,when,lookup
131211,single_train,single,which,lookup
131203,single_train,single,which,lookup
131201,single_train,single,which,lookup
131204,single_train,single,how_many,reasoning
131205,single_train,single,which,lookup
131208,single_train,single,when,reasoning
131210,single_train,single,other,lookup
131212,single_train,single,how_many,reasoning
137932,single_train,single,how_many,reasoning
137931,single_train,single,which,lookup
33859,single_train,single,how_many,reasoning
33857,single_train,single,what,lookup
33862,single_train,single,compare,reasoning
33860,single_train,single,how_many,lookup
33863,single_train,single,how_many,lookup
33856,single_train,single,which,lookup
33858,single_train,single,which,lookup
33865,single_train,single,when,lookup
33861,single_train,single,compare,lookup
143940,single_train,single,what,lookup
143945,single_train,single,which,lookup
143942,single_train,single,which,lookup
143946,single_train,single,how_many,lookup
143941,single_train,single,which,lookup
143944,single_train,single,when,lookup
14828,single_train,single,how_many,reasoning
14823,single_train,single,which,lookup
14832,single_train,single,how_many,reasoning
14835,single_train,single,how_many,reasoning
14825,single_train,single,which,lookup
14822,single_train,single,what,lookup
14831,single_train,single,which,lookup
14829,single_train,single,which,lookup
14826,single_train,single,which,lookup
14834,single_train,single,which,lookup
14833,single_train,single,which,lookup
14821,single_train,single,which,lookup
14827,single_train,single,what,lookup
14824,single_train,single,how_many,reasoning
104572,single_train,single,what,lookup
104573,single_train,single,which,lookup
104574,single_train,single,how_many,reasoning
104571,single_train,single,what,lookup
116304,single_train,single,which,lookup
116305,single_train,single,how_many,lookup
116303,single_train,single,how_many,reasoning
116307,single_train,single,which,lookup
116312,single_train,single,how_many,reasoning
116306,single_train,single,how_many,reasoning
116308,single_train,single,how_many,lookup
116309,single_train,single,how_many,reasoning
42196,single_train,single,how_many,reasoning
42190,single_train,single,which,lookup
42195,single_train,single,other,lookup
42191,single_train,single,which,lookup
42192,single_train,single,which,lookup
42193,single_train,single,how_many,reasoning
42194,single_train,single,which,reasoning
105954,single_train,single,list,lookup
105956,single_train,single,how_many,reasoning
105955,single_train,single,what,lookup
105953,single_train,single,which,lookup
18157,single_train,single,how_many,lookup
18158,single_train,single,how_many,reasoning
18159,single_train,single,what,reasoning
18156,single_train,single,how_many,lookup
95892,single_train,single,which,lookup
95898,single_train,single,what,lookup
95896,single_train,single,how_many,reasoning
95897,single_train,single,which,lookup
95895,single_train,single,which,lookup
95891,single_train,single,which,lookup
95890,single_train,single,which,lookup
95894,single_train,single,when,lookup
95893,single_train,single,compare,lookup
948,single_train,single,which,lookup
950,single_train,single,which,lookup
955,single_train,single,how_many,reasoning
953,single_train,single,which,lookup
951,single_train,single,which,lookup
952,single_train,single,how_many,reasoning
949,single_train,single,how_many,reasoning
954,single_train,single,which,lookup
141825,single_train,single,what,lookup
141829,single_train,single,which,lookup
141823,single_train,single,which,lookup
141826,single_train,single,which,lookup
141824,single_train,single,how_many,reasoning
141818,single_train,single,how_many,lookup
141827,single_train,single,how_many,reasoning
59023,single_train,single,how_many,lookup
59027,single_train,single,how_many,lookup
59025,single_train,single,other,lookup
59026,single_train,single,how_many,lookup
59022,single_train,single,list,reasoning
59024,single_train,single,which,lookup
41191,single_train,single,how_many,reasoning
41187,single_train,single,which,reasoning
41189,single_train,single,which,lookup
41188,single_train,single,how_many,reasoning
41186,single_train,single,how_many,lookup
84122,single_train,single,what,lookup
84125,single_train,single,how_many,reasoning
84120,single_train,single,which,lookup
84123,single_train,single,which,lookup
84121,single_train,single,what,lookup
84127,single_train,single,how_many,reasoning
84119,single_train,single,which,lookup
17734,single_train,single,how_many,reasoning
17740,single_train,single,what,lookup
17737,single_train,single,how_many,reasoning
17736,single_train,single,which,lookup
84641,single_train,single,how_many,lookup
84643,single_train,single,which,lookup
84639,single_train,single,which,lookup
84646,single_train,single,how_many,reasoning
84644,single_train,single,how_many,lookup
84645,single_train,single,how_many,lookup
84640,single_train,single,compare,lookup
84642,single_train,single,what,lookup
37628,single_train,single,which,lookup
37624,single_train,single,what,lookup
37629,single_train,single,how_many,reasoning
37630,single_train,single,which,lookup
37622,single_train,single,which,lookup
37623,single_train,single,how_many,reasoning
37632,single_train,single,which,lookup
37626,single_train,single,which,lookup
37627,single_train,single,other,lookup
37625,single_train,single,how_many,reasoning
37631,single_train,single,what,lookup
77546,single_train,single,which,lookup
77544,single_train,single,which,lookup
77543,single_train,single,which,lookup
77539,single_train,single,which,lookup
77541,single_train,single,how_many,reasoning
77540,single_train,single,which,lookup
77542,single_train,single,what,lookup
77545,single_train,single,how_many,reasoning
55554,single_train,single,how_many,lookup
55555,single_train,single,how_many,lookup
55551,single_train,single,which,lookup
55556,single_train,single,how_many,lookup
55552,single_train,single,which,reasoning
55553,single_train,single,which,lookup
55557,single_train,single,which,lookup
124908,single_train,single,how_many,reasoning
124911,single_train,single,how_many,reasoning
124919,single_train,single,how_many,reasoning
124910,single_train,single,which,reasoning
124918,single_train,single,which,lookup
124907,single_train,single,how_many,reasoning
124915,single_train,single,how_many,reasoning
124914,single_train,single,how_many,lookup
124912,single_train,single,how_many,reasoning
124909,single_train,single,how_many,reasoning
124913,single_train,single,how_many,lookup
50305,single_train,single,which,lookup
50309,single_train,single,how_many,lookup
50303,single_train,single,which,lookup
50306,single_train,single,which,lookup
50308,single_train,single,how_many,lookup
50302,single_train,single,which,reasoning
50307,single_train,single,other,lookup
50304,single_train,single,which,reasoning
77408,single_train,single,how_many,reasoning
77406,single_train,single,other,lookup
77407,single_train,single,which,lookup
77405,single_train,single,what,lookup
29891,single_train,single,how_many,lookup
29888,single_train,single,which,lookup
29887,single_train,single,which,lookup
29890,single_train,single,how_many,lookup
29886,single_train,single,how_many,reasoning
29889,single_train,single,how_many,reasoning
61138,single_train,single,which,lookup
61139,single_train,single,how_many,lookup
61134,single_train,single,which,reasoning
61136,single_train,single,other,lookup
61135,single_train,single,which,lookup
61137,single_train,single,how_many,lookup
160658,single_train,single,how_many,reasoning
160657,single_train,single,which,lookup
160653,single_train,single,which,lookup
160661,single_train,single,how_many,reasoning
160656,single_train,single,which,lookup
160655,single_train,single,what,lookup
160654,single_train,single,how_many,reasoning
156108,single_train,single,which,lookup
156112,single_train,single,how_many,reasoning
156109,single_train,single,how_many,reasoning
156106,single_train,single,which,reasoning
156110,single_train,single,what,lookup
156107,single_train,single,compare,reasoning
115640,single_train,single,how_many,reasoning
115637,single_train,single,how_many,reasoning
115639,single_train,single,which,lookup
115642,single_train,single,how_many,reasoning
115645,single_train,single,what,lookup
115638,single_train,single,how_many,reasoning
115643,single_train,single,how_many,reasoning
115644,single_train,single,other,lookup
115646,single_train,single,how_many,reasoning
60599,single_train,single,other,lookup
60597,single_train,single,which,lookup
60600,single_train,single,which,lookup
60598,single_train,single,other,lookup
27139,single_train,single,how_many,reasoning
27137,single_train,single,which,lookup
27138,single_train,single,which,lookup
27136,single_train,single,which,reasoning
39390,single_train,single,which,lookup
39399,single_train,single,how_many,reasoning
39391,single_train,single,what,lookup
39395,single_train,single,other,lookup
39393,single_train,single,how_many,reasoning
39392,single_train,single,which,lookup
39394,single_train,single,which,lookup
149564,single_train,single,which,lookup
149562,single_train,single,which,lookup
149563,single_train,single,which,lookup
149565,single_train,single,how_many,reasoning
50342,single_train,single,how_many,lookup
50341,single_train,single,which,lookup
50345,single_train,single,which,lookup
50346,single_train,single,which,lookup
50340,single_train,single,which,lookup
50344,single_train,single,how_many,lookup
50343,single_train,single,which,lookup
61602,single_train,single,which,lookup
61603,single_train,single,other,lookup
61601,single_train,single,which,reasoning
61599,single_train,single,which,lookup
61600,single_train,single,how_many,reasoning
151350,single_train,single,which,lookup
151345,single_train,single,what,lookup
151348,single_train,single,how_many,reasoning
151352,single_train,single,which,lookup
151349,single_train,single,which,reasoning
151351,single_train,single,how_many,reasoning
151347,single_train,single,which,reasoning
151346,single_train,single,which,lookup
151353,single_train,single,how_many,reasoning
54340,single_train,single,other,lookup
54341,single_train,single,which,lookup
54338,single_train,single,which,reasoning
54344,single_train,single,how_many,reasoning
54343,single_train,single,how_many,reasoning
54339,single_train,single,which,lookup
120443,single_train,single,other,lookup
120438,single_train,single,how_many,reasoning
120445,single_train,single,other,lookup
120440,single_train,single,how_many,lookup
120446,single_train,single,what,lookup
120439,single_train,single,list,reasoning
120448,single_train,single,how_many,reasoning
120447,single_train,single,which,lookup
120441,single_train,single,how_many,lookup
120442,single_train,single,which,lookup
120444,single_train,single,which,lookup
8551,single_train,single,compare,lookup
8548,single_train,single,which,lookup
8547,single_train,single,which,lookup
8552,single_train,single,how_many,reasoning
8550,single_train,single,how_many,reasoning
8553,single_train,single,which,lookup
8549,single_train,single,which,lookup
137444,single_train,single,which,lookup
137435,single_train,single,which,lookup
137443,single_train,single,compare,reasoning
137438,single_train,single,which,lookup
137440,single_train,single,how_many,reasoning
137433,single_train,single,which,lookup
137437,single_train,single,which,lookup
137441,single_train,single,which,lookup
137439,single_train,single,which,reasoning
57457,single_train,single,how_many,lookup
57452,single_train,single,which,lookup
57458,single_train,single,which,lookup
57453,single_train,single,which,lookup
57456,single_train,single,which,lookup
92482,single_train,single,how_many,lookup
92481,single_train,single,how_many,reasoning
92477,single_train,single,compare,reasoning
92478,single_train,single,how_many,lookup
92474,single_train,single,what,reasoning
92484,single_train,single,how_many,reasoning
92475,single_train,single,how_many,reasoning
92479,single_train,single,what,lookup
92483,single_train,single,how_many,reasoning
156327,single_train,single,when,reasoning
156329,single_train,single,how_many,reasoning
156331,single_train,single,which,lookup
156324,single_train,single,which,reasoning
156323,single_train,single,what,lookup
156330,single_train,single,which,lookup
156332,single_train,single,which,reasoning
156325,single_train,single,which,lookup
156326,single_train,single,how_many,reasoning
156328,single_train,single,how_many,lookup
33666,single_train,single,what,lookup
33671,single_train,single,how_many,lookup
33665,single_train,single,how_many,lookup
33668,single_train,single,how_many,reasoning
33669,single_train,single,how_many,lookup
33670,single_train,single,what,lookup
33672,single_train,single,how_many,reasoning
81670,single_train,single,what,lookup
81674,single_train,single,what,lookup
81669,single_train,single,which,lookup
81671,single_train,single,which,lookup
81672,single_train,single,how_many,reasoning
81675,single_train,single,which,lookup
81676,single_train,single,how_many,reasoning
155556,single_train,single,how_many,reasoning
155552,single_train,single,how_many,reasoning
155554,single_train,single,what,lookup
155550,single_train,single,what,lookup
155551,single_train,single,which,lookup
120086,single_train,single,which,lookup
120085,single_train,single,when,lookup
120081,single_train,single,what,lookup
120084,single_train,single,how_many,lookup
120083,single_train,single,which,lookup
3959,single_train,single,how_many,reasoning
3960,single_train,single,how_many,lookup
3962,single_train,single,how_many,reasoning
3965,single_train,single,how_many,reasoning
3958,single_train,single,what,lookup
3957,single_train,single,which,lookup
119821,single_train,single,how_many,lookup
119814,single_train,single,list,lookup
119818,single_train,single,which,lookup
119816,single_train,single,which,lookup
119822,single_train,single,which,lookup
119815,single_train,single,which,lookup
119819,single_train,single,what,lookup
119817,single_train,single,which,lookup
119820,single_train,single,what,lookup
4289,single_train,single,when,reasoning
4292,single_train,single,how_many,reasoning
4285,single_train,single,how_many,lookup
4288,single_train,single,how_many,reasoning
4287,single_train,single,which,lookup
4286,single_train,single,which,lookup
4290,single_train,single,which,lookup
4293,single_train,single,which,lookup
49581,single_train,single,how_many,reasoning
49580,single_train,single,how_many,reasoning
49576,single_train,single,how_many,lookup
49577,single_train,single,how_many,lookup
49578,single_train,single,how_many,lookup
49579,single_train,single,what,reasoning
49575,single_train,single,how_many,lookup
49572,single_train,single,which,lookup
49574,single_train,single,which,lookup
49573,single_train,single,which,lookup
33747,single_train,single,what,lookup
33742,single_train,single,how_many,lookup
33743,single_train,single,how_many,reasoning
33741,single_train,single,what,lookup
33745,single_train,single,how_many,reasoning
33740,single_train,single,how_many,lookup
33744,single_train,single,when,lookup
124588,single_train,single,which,lookup
124589,single_train,single,which,lookup
124584,single_train,single,how_many,lookup
124592,single_train,single,which,lookup
124585,single_train,single,how_many,lookup
124595,single_train,single,how_many,reasoning
124590,single_train,single,which,lookup
124591,single_train,single,what,lookup
124587,single_train,single,which,lookup
124586,single_train,single,which,lookup
124593,single_train,single,how_many,reasoning
49180,single_train,single,what,reasoning
49182,single_train,single,how_many,lookup
49185,single_train,single,how_many,lookup
49181,single_train,single,how_many,reasoning
49189,single_train,single,how_many,reasoning
49183,single_train,single,which,lookup
49186,single_train,single,how_many,lookup
49187,single_train,single,which,lookup
49188,single_train,single,how_many,reasoning
49184,single_train,single,how_many,lookup
158916,single_train,single,how_many,reasoning
158910,single_train,single,what,lookup
158912,single_train,single,which,lookup
158908,single_train,single,what,lookup
158906,single_train,single,which,lookup
150305,single_train,single,how_many,reasoning
150303,single_train,single,how_many,reasoning
150299,single_train,single,which,lookup
150297,single_train,single,what,lookup
150298,single_train,single,which,lookup
150302,single_train,single,which,lookup
150301,single_train,single,which,lookup
150300,single_train,single,how_many,reasoning
22634,single_train,single,which,lookup
22632,single_train,single,how_many,reasoning
22633,single_train,single,compare,reasoning
22635,single_train,single,how_many,reasoning
22630,single_train,single,how_many,lookup
22629,single_train,single,how_many,lookup
22631,single_train,single,which,lookup
32441,single_train,single,how_many,reasoning
32444,single_train,single,list,lookup
32440,single_train,single,which,lookup
32439,single_train,single,how_many,lookup
32438,single_train,single,compare,reasoning
32443,single_train,single,what,lookup
32446,single_train,single,how_many,reasoning
32442,single_train,single,which,lookup
67445,single_train,single,list,lookup
67448,single_train,single,when,lookup
67441,single_train,single,how_many,lookup
67451,single_train,single,which,lookup
67447,single_train,single,how_many,reasoning
67453,single_train,single,how_many,lookup
67452,single_train,single,other,lookup
67443,single_train,single,how_many,reasoning
67446,single_train,single,which,lookup
67444,single_train,single,which,lookup
67449,single_train,single,which,lookup
67442,single_train,single,which,lookup
67450,single_train,single,when,lookup
23110,single_train,single,how_many,reasoning
23112,single_train,single,how_many,lookup
23115,single_train,single,which,lookup
23113,single_train,single,how_many,reasoning
23114,single_train,single,what,lookup
23116,single_train,single,how_many,reasoning
23111,single_train,single,what,lookup
130866,single_train,single,which,lookup
130871,single_train,single,which,lookup
130865,single_train,single,which,lookup
130867,single_train,single,which,lookup
130872,single_train,single,which,lookup
130869,single_train,single,what,lookup
130870,single_train,single,other,lookup
27212,single_train,single,how_many,reasoning
27214,single_train,single,how_many,reasoning
27210,single_train,single,which,lookup
27213,single_train,single,which,lookup
27209,single_train,single,compare,reasoning
27211,single_train,single,which,reasoning
113797,single_train,single,how_many,reasoning
113799,single_train,single,how_many,lookup
113805,single_train,single,how_many,reasoning
113800,single_train,single,which,lookup
113802,single_train,single,what,lookup
113798,single_train,single,which,lookup
59415,single_train,single,how_many,lookup
59414,single_train,single,which,lookup
59416,single_train,single,how_many,lookup
59411,single_train,single,which,lookup
59412,single_train,single,how_many,reasoning
59413,single_train,single,how_many,reasoning
19916,single_train,single,how_many,reasoning
19920,single_train,single,how_many,reasoning
19919,single_train,single,how_many,reasoning
19914,single_train,single,how_many,lookup
19917,single_train,single,which,lookup
19918,single_train,single,other,lookup
19923,single_train,single,which,lookup
19915,single_train,single,how_many,reasoning
19924,single_train,single,how_many,reasoning
19922,single_train,single,other,lookup
96710,single_train,single,how_many,reasoning
96704,single_train,single,which,lookup
96708,single_train,single,what,lookup
96709,single_train,single,what,lookup
96706,single_train,single,which,lookup
96711,single_train,single,which,lookup
96707,single_train,single,when,lookup
57412,single_train,single,how_many,lookup
57410,single_train,single,how_many,lookup
57413,single_train,single,which,lookup
57409,single_train,single,list,reasoning
57411,single_train,single,other,lookup
146509,single_train,single,which,lookup
146515,single_train,single,which,lookup
146519,single_train,single,how_many,reasoning
146518,single_train,single,which,lookup
146517,single_train,single,which,lookup
146516,single_train,single,how_many,reasoning
146514,single_train,single,which,lookup
139746,single_train,single,how_many,reasoning
139739,single_train,single,when,lookup
139741,single_train,single,how_many,reasoning
139748,single_train,single,which,lookup
139749,single_train,single,what,reasoning
139744,single_train,single,when,reasoning
139747,single_train,single,which,lookup
139745,single_train,single,which,lookup
97590,single_train,single,how_many,reasoning
97589,single_train,single,which,reasoning
97588,single_train,single,compare,lookup
49829,single_train,single,how_many,lookup
49827,single_train,single,which,lookup
49830,single_train,single,how_many,lookup
49828,single_train,single,which,lookup
49832,single_train,single,which,lookup
49831,single_train,single,how_many,lookup
49826,single_train,single,which,lookup
46496,single_train,single,how_many,reasoning
46492,single_train,single,how_many,reasoning
46495,single_train,single,which,lookup
46486,single_train,single,how_many,lookup
46491,single_train,single,which,lookup
46490,single_train,single,how_many,lookup
46493,single_train,single,how_many,lookup
46489,single_train,single,how_many,reasoning
46487,single_train,single,what,lookup
46488,single_train,single,which,lookup
104308,single_train,single,which,lookup
104310,single_train,single,how_many,reasoning
104304,single_train,single,what,lookup
104307,single_train,single,how_many,reasoning
104306,single_train,single,what,lookup
104309,single_train,single,which,lookup
34365,single_train,single,which,lookup
34367,single_train,single,which,lookup
34373,single_train,single,other,lookup
34366,single_train,single,which,lookup
34369,single_train,single,how_many,lookup
34368,single_train,single,which,lookup
34372,single_train,single,which,lookup
34370,single_train,single,which,lookup
34371,single_train,single,how_many,reasoning
4394,single_train,single,how_many,reasoning
4391,single_train,single,how_many,reasoning
4390,single_train,single,which,lookup
4392,single_train,single,what,lookup
4386,single_train,single,which,lookup
4388,single_train,single,which,lookup
4389,single_train,single,which,lookup
4385,single_train,single,which,lookup
4387,single_train,single,how_many,reasoning
4384,single_train,single,which,lookup
132861,single_train,single,how_many,reasoning
132868,single_train,single,how_many,reasoning
132859,single_train,single,other,reasoning
132860,single_train,single,what,lookup
132858,single_train,single,what,lookup
132863,single_train,single,count,lookup
132865,single_train,single,how_many,reasoning
132864,single_train,single,which,lookup
14208,single_train,single,which,reasoning
14211,single_train,single,how_many,reasoning
14210,single_train,single,which,reasoning
23969,single_train,single,how_many,reasoning
23963,single_train,single,which,lookup
23965,single_train,single,when,lookup
23962,single_train,single,how_many,lookup
23966,single_train,single,how_many,reasoning
23964,single_train,single,how_many,reasoning
35322,single_train,single,how_many,reasoning
35321,single_train,single,how_many,lookup
35313,single_train,single,other,lookup
35315,single_train,single,how_many,reasoning
35312,single_train,single,how_many,lookup
35320,single_train,single,which,reasoning
35314,single_train,single,which,lookup
35317,single_train,single,which,lookup
35316,single_train,single,how_many,lookup
35318,single_train,single,how_many,reasoning
35319,single_train,single,which,lookup
124576,single_train,single,which,lookup
124581,single_train,single,what,lookup
124582,single_train,single,how_many,reasoning
124575,single_train,single,which,reasoning
124579,single_train,single,which,lookup
124574,single_train,single,which,lookup
124578,single_train,single,which,lookup
124577,single_train,single,other,lookup
120098,single_train,single,which,lookup
120097,single_train,single,what,reasoning
120099,single_train,single,which,reasoning
120093,single_train,single,which,reasoning
120091,single_train,single,which,reasoning
120095,single_train,single,which,lookup
120100,single_train,single,how_many,reasoning
120094,single_train,single,which,lookup
120096,single_train,single,which,reasoning
120090,single_train,single,which,lookup
120092,single_train,single,which,reasoning
89349,single_train,single,which,lookup
89348,single_train,single,which,lookup
89346,single_train,single,how_many,lookup
89350,single_train,single,how_many,reasoning
89342,single_train,single,which,lookup
89344,single_train,single,how_many,lookup
68881,single_train,single,other,lookup
68883,single_train,single,how_many,reasoning
68882,single_train,single,what,lookup
68880,single_train,single,which,lookup
57971,single_train,single,list,reasoning
57975,single_train,single,other,lookup
57974,single_train,single,compare,lookup
57973,single_train,single,which,lookup
57972,single_train,single,which,lookup
57976,single_train,single,how_many,lookup
57977,single_train,single,count,reasoning
57979,single_train,single,how_many,reasoning
102441,single_train,single,which,lookup
102442,single_train,single,how_many,reasoning
102445,single_train,single,which,lookup
102444,single_train,single,other,lookup
102446,single_train,single,how_many,reasoning
102439,single_train,single,which,lookup
71839,single_train,single,how_many,reasoning
71841,single_train,single,what,lookup
71838,single_train,single,what,lookup
71842,single_train,single,how_many,reasoning
71836,single_train,single,what,lookup
161608,single_train,single,which,lookup
161606,single_train,single,how_many,lookup
161602,single_train,single,which,lookup
161611,single_train,single,how_many,reasoning
161607,single_train,single,how_many,reasoning
161600,single_train,single,how_many,lookup
161603,single_train,single,how_many,reasoning
161605,single_train,single,list,lookup
161604,single_train,single,which,lookup
56565,single_train,single,other,lookup
56564,single_train,single,how_many,lookup
56562,single_train,single,how_many,reasoning
56563,single_train,single,which,lookup
56561,single_train,single,which,lookup
56566,single_train,single,how_many,lookup
54516,single_train,single,which,lookup
54514,single_train,single,which,lookup
54515,single_train,single,which,lookup
54517,single_train,single,how_many,lookup
54518,single_train,single,how_many,lookup
54513,single_train,single,list,reasoning
68066,single_train,single,which,lookup
68061,single_train,single,which,lookup
68064,single_train,single,how_many,reasoning
68063,single_train,single,which,lookup
68062,single_train,single,which,reasoning
68067,single_train,single,which,reasoning
68065,single_train,single,what,lookup
157978,single_train,single,what,lookup
157982,single_train,single,what,lookup
157981,single_train,single,how_many,reasoning
157980,single_train,single,what,lookup
157979,single_train,single,other,lookup
157983,single_train,single,how_many,reasoning
17956,single_train,single,what,lookup
17958,single_train,single,which,lookup
17957,single_train,single,other,lookup
17962,single_train,single,what,lookup
17961,single_train,single,what,lookup
17960,single_train,single,other,lookup
17959,single_train,single,how_many,reasoning
139491,single_train,single,which,lookup
139489,single_train,single,how_many,lookup
139497,single_train,single,how_many,lookup
139488,single_train,single,how_many,lookup
139493,single_train,single,how_many,lookup
139487,single_train,single,what,lookup
139492,single_train,single,what,lookup
139498,single_train,single,how_many,reasoning
139496,single_train,single,what,lookup
147061,single_train,single,which,lookup
147059,single_train,single,which,lookup
147063,single_train,single,which,lookup
147057,single_train,single,which,lookup
147058,single_train,single,which,lookup
147060,single_train,single,what,lookup
147062,single_train,single,which,lookup
126482,single_train,single,which,lookup
126483,single_train,single,how_many,reasoning
126481,single_train,single,which,lookup
126480,single_train,single,what,lookup
69154,single_train,single,when,lookup
69157,single_train,single,which,lookup
69150,single_train,single,how_many,reasoning
69151,single_train,single,count,lookup
69153,single_train,single,how_many,reasoning
69152,single_train,single,compare,reasoning
69155,single_train,single,count,lookup
95587,single_train,single,how_many,reasoning
95579,single_train,single,how_many,reasoning
95580,single_train,single,how_many,reasoning
95578,single_train,single,what,reasoning
95581,single_train,single,compare,lookup
121790,single_train,single,which,reasoning
121794,single_train,single,how_many,lookup
121795,single_train,single,how_many,reasoning
121791,single_train,single,what,reasoning
121796,single_train,single,how_many,reasoning
121792,single_train,single,what,reasoning
79010,single_train,single,what,lookup
79013,single_train,single,how_many,reasoning
79006,single_train,single,what,lookup
79008,single_train,single,what,lookup
79007,single_train,single,what,lookup
79009,single_train,single,how_many,reasoning
155583,single_train,single,what,lookup
155582,single_train,single,how_many,reasoning
155589,single_train,single,how_many,reasoning
155585,single_train,single,how_many,reasoning
155581,single_train,single,how_many,lookup
155580,single_train,single,count,lookup
155579,single_train,single,which,lookup
155584,single_train,single,which,lookup
143189,single_train,single,list,lookup
143190,single_train,single,which,lookup
143183,single_train,single,which,lookup
143188,single_train,single,which,lookup
143187,single_train,single,how_many,lookup
143182,single_train,single,count,lookup
143181,single_train,single,what,reasoning
143191,single_train,single,how_many,reasoning
98050,single_train,single,what,lookup
98053,single_train,single,how_many,reasoning
98052,single_train,single,what,lookup
98058,single_train,single,when,lookup
98051,single_train,single,other,lookup
135023,single_train,single,which,reasoning
135026,single_train,single,how_many,reasoning
135017,single_train,single,how_many,reasoning
135024,single_train,single,what,lookup
135016,single_train,single,count,lookup
135020,single_train,single,how_many,lookup
135021,single_train,single,how_many,reasoning
135015,single_train,single,how_many,lookup
135019,single_train,single,how_many,lookup
135022,single_train,single,how_many,reasoning
135018,single_train,single,how_many,reasoning
159169,single_train,single,which,lookup
159176,single_train,single,which,lookup
159171,single_train,single,how_many,reasoning
159170,single_train,single,which,lookup
159178,single_train,single,which,lookup
159179,single_train,single,how_many,reasoning
159177,single_train,single,which,lookup
159168,single_train,single,how_many,lookup
159175,single_train,single,how_many,reasoning
63185,single_train,single,how_many,reasoning
63183,single_train,single,which,lookup
63184,single_train,single,list,lookup
63187,single_train,single,which,lookup
63190,single_train,single,how_many,reasoning
63180,single_train,single,which,lookup
63181,single_train,single,which,lookup
63182,single_train,single,how_many,reasoning
63186,single_train,single,how_many,reasoning
73589,single_train,single,which,lookup
73587,single_train,single,which,lookup
73596,single_train,single,which,lookup
73594,single_train,single,how_many,reasoning
73591,single_train,single,which,lookup
73590,single_train,single,how_many,reasoning
73595,single_train,single,which,lookup
73593,single_train,single,which,lookup
40579,single_train,single,how_many,reasoning
40580,single_train,single,what,lookup
40581,single_train,single,list,lookup
40585,single_train,single,which,lookup
40577,single_train,single,other,lookup
40578,single_train,single,which,lookup
40576,single_train,single,what,lookup
40583,single_train,single,how_many,reasoning
40582,single_train,single,which,lookup
40584,single_train,single,which,lookup
129995,single_train,single,which,lookup
129996,single_train,single,how_many,lookup
130002,single_train,single,which,lookup
130003,single_train,single,how_many,reasoning
129994,single_train,single,what,lookup
129997,single_train,single,how_many,reasoning
130000,single_train,single,which,lookup
130001,single_train,single,what,lookup
59293,single_train,single,how_many,lookup
59290,single_train,single,which,reasoning
59292,single_train,single,other,lookup
59291,single_train,single,which,lookup
59289,single_train,single,which,reasoning
59294,single_train,single,how_many,lookup
99585,single_train,single,how_many,lookup
99583,single_train,single,what,lookup
99581,single_train,single,which,lookup
99584,single_train,single,how_many,reasoning
49614,single_train,single,how_many,lookup
49617,single_train,single,which,lookup
49616,single_train,single,how_many,lookup
49618,single_train,single,how_many,lookup
49621,single_train,single,how_many,reasoning
49615,single_train,single,how_many,lookup
49613,single_train,single,which,lookup
49612,single_train,single,which,reasoning
142020,single_train,single,other,lookup
142018,single_train,single,how_many,reasoning
142023,single_train,single,what,lookup
142025,single_train,single,what,lookup
142019,single_train,single,how_many,lookup
142021,single_train,single,how_many,reasoning
142026,single_train,single,which,lookup
142024,single_train,single,which,lookup
142022,single_train,single,how_many,lookup
142016,single_train,single,which,lookup
142017,single_train,single,how_many,reasoning
142015,single_train,single,what,lookup
10454,single_train,single,which,lookup
10452,single_train,single,how_many,lookup
10449,single_train,single,compare,lookup
10455,single_train,single,how_many,reasoning
10448,single_train,single,how_many,lookup
10453,single_train,single,which,lookup
10457,single_train,single,which,lookup
10450,single_train,single,how_many,lookup
57528,single_train,single,which,lookup
57531,single_train,single,which,lookup
57529,single_train,single,how_many,lookup
57526,single_train,single,which,reasoning
57532,single_train,single,list,reasoning
57530,single_train,single,which,lookup
57527,single_train,single,which,lookup
57533,single_train,single,list,reasoning
121857,single_train,single,which,reasoning
121863,single_train,single,which,lookup
121858,single_train,single,how_many,lookup
121862,single_train,single,how_many,lookup
121861,single_train,single,how_many,lookup
121856,single_train,single,which,reasoning
123342,single_train,single,how_many,lookup
123338,single_train,single,which,lookup
123339,single_train,single,when,lookup
123336,single_train,single,which,lookup
123341,single_train,single,how_many,lookup
123337,single_train,single,which,lookup
119353,single_train,single,count,lookup
119352,single_train,single,how_many,lookup
119356,single_train,single,which,lookup
119351,single_train,single,which,lookup
119348,single_train,single,which,reasoning
119359,single_train,single,how_many,reasoning
119358,single_train,single,how_many,reasoning
119350,single_train,single,how_many,lookup
119355,single_train,single,how_many,lookup
119354,single_train,single,which,reasoning
119349,single_train,single,how_many,lookup
152201,single_train,single,how_many,lookup
152202,single_train,single,which,lookup
152203,single_train,single,which,lookup
152199,single_train,single,how_many,lookup
152207,single_train,single,how_many,reasoning
152200,single_train,single,how_many,reasoning
48513,single_train,single,other,lookup
48511,single_train,single,which,reasoning
48515,single_train,single,how_many,lookup
48512,single_train,single,which,lookup
48516,single_train,single,how_many,lookup
48514,single_train,single,which,lookup
48517,single_train,single,count,reasoning
147270,single_train,single,how_many,reasoning
147269,single_train,single,which,lookup
147265,single_train,single,what,lookup
147264,single_train,single,how_many,reasoning
147267,single_train,single,what,reasoning
147266,single_train,single,other,lookup
147262,single_train,single,when,reasoning
147263,single_train,single,how_many,lookup
94752,single_train,single,how_many,reasoning
94749,single_train,single,what,lookup
94751,single_train,single,what,lookup
94750,single_train,single,how_many,reasoning
94748,single_train,single,how_many,lookup
94745,single_train,single,how_many,reasoning
94747,single_train,single,how_many,lookup
94744,single_train,single,which,reasoning
13956,single_train,single,which,lookup
13953,single_train,single,which,lookup
13952,single_train,single,how_many,lookup
13955,single_train,single,which,lookup
13954,single_train,single,how_many,reasoning
57422,single_train,single,how_many,reasoning
57415,single_train,single,list,reasoning
57417,single_train,single,which,lookup
57420,single_train,single,which,lookup
57421,single_train,single,how_many,lookup
57418,single_train,single,how_many,lookup
57419,single_train,single,other,lookup
57416,single_train,single,list,reasoning
9397,single_train,single,which,lookup
9401,single_train,single,what,lookup
9406,single_train,single,how_many,reasoning
9395,single_train,single,what,lookup
9399,single_train,single,which,lookup
9400,single_train,single,what,reasoning
9402,single_train,single,which,reasoning
9404,single_train,single,other,lookup
9398,single_train,single,how_many,reasoning
46862,single_train,single,other,lookup
46863,single_train,single,which,lookup
46861,single_train,single,which,lookup
46864,single_train,single,how_many,lookup
46860,single_train,single,how_many,reasoning
55205,single_train,single,other,lookup
55206,single_train,single,how_many,lookup
55209,single_train,single,what,reasoning
55207,single_train,single,how_many,lookup
55204,single_train,single,which,lookup
55210,single_train,single,how_many,reasoning
55203,single_train,single,which,reasoning
55202,single_train,single,which,reasoning
37363,single_train,single,how_many,reasoning
37359,single_train,single,how_many,reasoning
37360,single_train,single,what,lookup
37362,single_train,single,which,lookup
37361,single_train,single,count,reasoning
37356,single_train,single,what,lookup
37358,single_train,single,which,lookup
163392,single_train,single,how_many,reasoning
163396,single_train,single,how_many,reasoning
163390,single_train,single,count,lookup
163394,single_train,single,other,lookup
163389,single_train,single,which,lookup
163395,single_train,single,which,lookup
163397,single_train,single,which,lookup
163393,single_train,single,what,lookup
163391,single_train,single,what,lookup
105337,single_train,single,what,lookup
105338,single_train,single,how_many,reasoning
105342,single_train,single,how_many,reasoning
105339,single_train,single,what,lookup
105336,single_train,single,what,lookup
105335,single_train,single,which,lookup
52833,single_train,single,which,reasoning
52836,single_train,single,which,lookup
52834,single_train,single,other,lookup
52832,single_train,single,which,reasoning
52840,single_train,single,how_many,reasoning
52837,single_train,single,how_many,lookup
14760,single_train,single,which,lookup
14761,single_train,single,how_many,reasoning
14758,single_train,single,how_many,lookup
14756,single_train,single,which,lookup
14759,single_train,single,compare,reasoning
14757,single_train,single,how_many,reasoning
14764,single_train,single,how_many,reasoning
14754,single_train,single,which,lookup
75370,single_train,single,how_many,reasoning
75366,single_train,single,how_many,reasoning
75365,single_train,single,which,lookup
75360,single_train,single,other,lookup
75363,single_train,single,how_many,lookup
75364,single_train,single,how_many,lookup
75361,single_train,single,which,lookup
75359,single_train,single,what,lookup
75362,single_train,single,how_many,reasoning
137629,single_train,single,which,lookup
137625,single_train,single,when,lookup
137627,single_train,single,which,lookup
137628,single_train,single,how_many,reasoning
137631,single_train,single,which,lookup
137632,single_train,single,how_many,reasoning
137630,single_train,single,list,reasoning
121823,single_train,single,how_many,reasoning
121822,single_train,single,which,lookup
121818,single_train,single,how_many,lookup
121817,single_train,single,list,lookup
121820,single_train,single,what,lookup
121819,single_train,single,which,reasoning
121821,single_train,single,how_many,lookup
38843,single_train,single,how_many,lookup
38840,single_train,single,what,lookup
38846,single_train,single,compare,reasoning
38852,single_train,single,how_many,reasoning
38845,single_train,single,which,lookup
38842,single_train,single,how_many,reasoning
38849,single_train,single,how_many,lookup
38851,single_train,single,which,reasoning
38847,single_train,single,which,lookup
38841,single_train,single,which,lookup
38839,single_train,single,which,lookup
38850,single_train,single,which,lookup
140275,single_train,single,how_many,reasoning
140269,single_train,single,what,lookup
140272,single_train,single,which,lookup
140270,single_train,single,which,lookup
140274,single_train,single,which,lookup
140279,single_train,single,how_many,reasoning
140278,single_train,single,which,lookup
140271,single_train,single,how_many,reasoning
53101,single_train,single,how_many,reasoning
53099,single_train,single,how_many,lookup
53097,single_train,single,which,lookup
53098,single_train,single,other,lookup
53095,single_train,single,which,reasoning
53094,single_train,single,list,reasoning
53100,single_train,single,which,lookup
120985,single_train,single,which,lookup
120987,single_train,single,how_many,lookup
120991,single_train,single,how_many,lookup
120986,single_train,single,how_many,reasoning
120988,single_train,single,which,lookup
120989,single_train,single,what,lookup
120993,single_train,single,how_many,lookup
120990,single_train,single,list,lookup
120992,single_train,single,which,lookup
61565,single_train,single,how_many,reasoning
61562,single_train,single,other,lookup
61559,single_train,single,which,lookup
61566,single_train,single,how_many,reasoning
61558,single_train,single,which,reasoning
61564,single_train,single,list,reasoning
61563,single_train,single,which,lookup
61561,single_train,single,how_many,lookup
61560,single_train,single,which,lookup
107596,single_train,single,how_many,reasoning
107597,single_train,single,which,lookup
107594,single_train,single,how_many,reasoning
107592,single_train,single,how_many,lookup
107590,single_train,single,what,lookup
107595,single_train,single,count,reasoning
107591,single_train,single,how_many,lookup
52481,single_train,single,which,lookup
52484,single_train,single,how_many,lookup
52480,single_train,single,which,lookup
52483,single_train,single,how_many,lookup
52478,single_train,single,list,reasoning
52479,single_train,single,which,lookup
52482,single_train,single,how_many,lookup
81204,single_train,single,which,lookup
81208,single_train,single,which,lookup
81209,single_train,single,which,lookup
81207,single_train,single,how_many,reasoning
81206,single_train,single,which,lookup
81205,single_train,single,which,lookup
83148,single_train,single,count,lookup
83154,single_train,single,what,lookup
83149,single_train,single,which,lookup
83153,single_train,single,how_many,reasoning
83147,single_train,single,which,lookup
83152,single_train,single,how_many,lookup
83150,single_train,single,how_many,reasoning
83151,single_train,single,which,lookup
52499,single_train,single,how_many,reasoning
52495,single_train,single,which,lookup
52498,single_train,single,which,lookup
52496,single_train,single,how_many,reasoning
52501,single_train,single,how_many,reasoning
52493,single_train,single,which,lookup
52492,single_train,single,which,reasoning
52497,single_train,single,how_many,lookup
52494,single_train,single,how_many,reasoning
48590,single_train,single,other,lookup
48587,single_train,single,list,reasoning
48592,single_train,single,how_many,lookup
48593,single_train,single,how_many,reasoning
48588,single_train,single,which,lookup
48589,single_train,single,which,lookup
48591,single_train,single,how_many,lookup
32162,single_train,single,which,lookup
32165,single_train,single,how_many,reasoning
32163,single_train,single,compare,lookup
32172,single_train,single,which,lookup
32170,single_train,single,how_many,lookup
32169,single_train,single,which,reasoning
32167,single_train,single,how_many,lookup
32166,single_train,single,what,lookup
32168,single_train,single,which,lookup
32171,single_train,single,what,lookup
39,single_train,single,which,lookup
38,single_train,single,what,lookup
34,single_train,single,how_many,lookup
32,single_train,single,how_many,lookup
40,single_train,single,what,lookup
41,single_train,single,which,lookup
35,single_train,single,how_many,reasoning
36,single_train,single,which,lookup
37,single_train,single,other,lookup
165304,single_train,single,what,reasoning
165313,single_train,single,how_many,reasoning
165314,single_train,single,which,reasoning
165309,single_train,single,how_many,reasoning
165307,single_train,single,when,reasoning
165311,single_train,single,which,reasoning
165310,single_train,single,when,reasoning
165312,single_train,single,how_many,reasoning
165308,single_train,single,what,reasoning
165306,single_train,single,which,lookup
24822,single_train,single,how_many,reasoning
24818,single_train,single,how_many,reasoning
24814,single_train,single,how_many,reasoning
24817,single_train,single,what,lookup
24812,single_train,single,which,reasoning
24808,single_train,single,count,lookup
24811,single_train,single,which,lookup
24820,single_train,single,what,lookup
24809,single_train,single,what,lookup
24810,single_train,single,how_many,reasoning
24816,single_train,single,how_many,reasoning
24813,single_train,single,which,lookup
24807,single_train,single,what,reasoning
24821,single_train,single,what,lookup
24819,single_train,single,which,lookup
24815,single_train,single,what,lookup
63812,single_train,single,which,lookup
63809,single_train,single,how_many,reasoning
63813,single_train,single,how_many,reasoning
63808,single_train,single,what,reasoning
63811,single_train,single,which,lookup
63806,single_train,single,what,lookup
63807,single_train,single,count,lookup
63810,single_train,single,which,lookup
84578,single_train,single,which,lookup
84581,single_train,single,which,lookup
84583,single_train,single,how_many,lookup
84585,single_train,single,how_many,reasoning
84584,single_train,single,how_many,lookup
84582,single_train,single,which,lookup
84580,single_train,single,how_many,lookup
84577,single_train,single,which,lookup
84579,single_train,single,which,lookup
44147,single_train,single,which,lookup
44153,single_train,single,how_many,reasoning
44151,single_train,single,which,lookup
44155,single_train,single,compare,reasoning
44149,single_train,single,how_many,reasoning
44152,single_train,single,how_many,reasoning
44148,single_train,single,what,lookup
44150,single_train,single,how_many,reasoning
12044,single_train,single,how_many,reasoning
12041,single_train,single,how_many,reasoning
12043,single_train,single,which,lookup
12046,single_train,single,what,reasoning
12042,single_train,single,how_many,reasoning
12045,single_train,single,how_many,reasoning
12039,single_train,single,count,lookup
12040,single_train,single,how_many,lookup
12038,single_train,single,which,lookup
12048,single_train,single,which,lookup
140975,single_train,single,when,lookup
140971,single_train,single,how_many,lookup
140972,single_train,single,how_many,reasoning
140974,single_train,single,how_many,lookup
140970,single_train,single,which,lookup
140976,single_train,single,how_many,reasoning
140973,single_train,single,how_many,lookup
140968,single_train,single,how_many,reasoning
64811,single_train,single,how_many,reasoning
64814,single_train,single,how_many,reasoning
64815,single_train,single,compare,reasoning
64817,single_train,single,how_many,reasoning
64818,single_train,single,which,lookup
64812,single_train,single,which,lookup
64819,single_train,single,which,lookup
64816,single_train,single,which,lookup
64821,single_train,single,how_many,reasoning
56544,single_train,single,how_many,reasoning
56543,single_train,single,how_many,lookup
56538,single_train,single,which,reasoning
56542,single_train,single,which,lookup
56540,single_train,single,how_many,lookup
56539,single_train,single,how_many,lookup
56546,single_train,single,how_many,reasoning
56537,single_train,single,list,reasoning
72590,single_train,single,what,lookup
72589,single_train,single,what,reasoning
72591,single_train,single,when,reasoning
72588,single_train,single,which,lookup
70440,single_train,single,what,lookup
70437,single_train,single,how_many,lookup
70436,single_train,single,which,lookup
70439,single_train,single,when,reasoning
70441,single_train,single,which,lookup
70438,single_train,single,which,lookup
129412,single_train,single,which,lookup
129418,single_train,single,which,lookup
129419,single_train,single,how_many,reasoning
129416,single_train,single,which,lookup
129411,single_train,single,what,lookup
129417,single_train,single,other,lookup
129413,single_train,single,how_many,lookup
129414,single_train,single,other,lookup
129415,single_train,single,when,lookup
123446,single_train,single,which,lookup
123447,single_train,single,which,lookup
123448,single_train,single,which,lookup
123443,single_train,single,which,lookup
123444,single_train,single,how_many,lookup
123445,single_train,single,which,lookup
123442,single_train,single,which,lookup
108844,single_train,single,how_many,reasoning
108843,single_train,single,how_many,reasoning
108839,single_train,single,how_many,lookup
108840,single_train,single,how_many,lookup
108838,single_train,single,which,reasoning
108842,single_train,single,count,lookup
108841,single_train,single,how_many,reasoning
108847,single_train,single,how_many,reasoning
26087,single_train,single,which,reasoning
26082,single_train,single,how_many,lookup
26083,single_train,single,how_many,lookup
26090,single_train,single,when,lookup
26084,single_train,single,which,lookup
26086,single_train,single,what,lookup
26089,single_train,single,how_many,reasoning
26088,single_train,single,how_many,lookup
26085,single_train,single,how_many,reasoning
68227,single_train,single,how_many,reasoning
68221,single_train,single,how_many,lookup
68216,single_train,single,which,lookup
68217,single_train,single,compare,reasoning
68219,single_train,single,how_many,reasoning
68222,single_train,single,how_many,lookup
68223,single_train,single,how_many,reasoning
68218,single_train,single,which,lookup
68220,single_train,single,how_many,lookup
148013,single_train,single,which,lookup
148022,single_train,single,how_many,reasoning
148015,single_train,single,how_many,reasoning
148018,single_train,single,which,lookup
148012,single_train,single,which,lookup
148016,single_train,single,which,lookup
148017,single_train,single,which,lookup
148019,single_train,single,which,lookup
148014,single_train,single,which,lookup
124049,single_train,single,which,reasoning
124050,single_train,single,when,lookup
124048,single_train,single,which,lookup
124051,single_train,single,what,reasoning
124052,single_train,single,which,lookup
124047,single_train,single,which,reasoning
130917,single_train,single,what,lookup
130918,single_train,single,how_many,reasoning
130920,single_train,single,when,lookup
130915,single_train,single,which,lookup
51018,single_train,single,which,reasoning
51021,single_train,single,other,lookup
51020,single_train,single,which,lookup
51019,single_train,single,which,lookup
51022,single_train,single,how_many,lookup
51024,single_train,single,how_many,reasoning
71261,single_train,single,how_many,lookup
71270,single_train,single,how_many,lookup
71263,single_train,single,which,lookup
71267,single_train,single,what,lookup
71271,single_train,single,what,lookup
71262,single_train,single,compare,reasoning
71274,single_train,single,what,lookup
71266,single_train,single,how_many,lookup
71268,single_train,single,how_many,reasoning
71272,single_train,single,what,lookup
135041,single_train,single,which,lookup
135043,single_train,single,which,lookup
135047,single_train,single,other,lookup
135040,single_train,single,which,lookup
135046,single_train,single,which,lookup
135039,single_train,single,what,lookup
135044,single_train,single,which,lookup
135049,single_train,single,how_many,reasoning
135045,single_train,single,how_many,reasoning
74129,single_train,single,what,lookup
74133,single_train,single,how_many,reasoning
74135,single_train,single,which,lookup
74137,single_train,single,how_many,reasoning
74132,single_train,single,which,lookup
74130,single_train,single,which,lookup
74131,single_train,single,how_many,reasoning
74136,single_train,single,when,lookup
74128,single_train,single,how_many,lookup
20850,single_train,single,what,lookup
20846,single_train,single,what,lookup
20847,single_train,single,when,reasoning
20851,single_train,single,when,reasoning
20854,single_train,single,how_many,reasoning
20848,single_train,single,which,lookup
20849,single_train,single,other,lookup
20845,single_train,single,other,lookup
20844,single_train,single,which,lookup
3057,single_train,single,how_many,reasoning
3051,single_train,single,what,lookup
3056,single_train,single,which,lookup
3055,single_train,single,which,lookup
3060,single_train,single,how_many,reasoning
3054,single_train,single,when,lookup
7529,single_train,single,other,lookup
7527,single_train,single,how_many,reasoning
7530,single_train,single,which,lookup
7531,single_train,single,how_many,reasoning
7533,single_train,single,other,lookup
7532,single_train,single,what,lookup
7534,single_train,single,which,lookup
7528,single_train,single,which,lookup
61486,single_train,single,what,reasoning
61485,single_train,single,count,reasoning
61482,single_train,single,which,lookup
61483,single_train,single,other,lookup
23563,single_train,single,compare,reasoning
23561,single_train,single,how_many,lookup
23564,single_train,single,how_many,reasoning
23565,single_train,single,what,lookup
23562,single_train,single,which,lookup
23568,single_train,single,how_many,reasoning
67149,single_train,single,how_many,reasoning
67146,single_train,single,what,lookup
67152,single_train,single,how_many,reasoning
67147,single_train,single,which,reasoning
67148,single_train,single,which,lookup
148371,single_train,single,which,lookup
148373,single_train,single,how_many,reasoning
148372,single_train,single,which,lookup
148374,single_train,single,which,lookup
148370,single_train,single,which,lookup
148379,single_train,single,how_many,reasoning
90016,single_train,single,how_many,reasoning
90012,single_train,single,what,lookup
90009,single_train,single,which,lookup
90015,single_train,single,which,lookup
90008,single_train,single,how_many,reasoning
90011,single_train,single,other,reasoning
90013,single_train,single,how_many,lookup
90014,single_train,single,when,reasoning
90010,single_train,single,how_many,lookup
90007,single_train,single,how_many,reasoning
47035,single_train,single,which,lookup
47032,single_train,single,which,reasoning
47038,single_train,single,which,lookup
47037,single_train,single,other,lookup
47036,single_train,single,list,lookup
47034,single_train,single,which,lookup
47033,single_train,single,which,reasoning
47039,single_train,single,how_many,lookup
47042,single_train,single,how_many,reasoning
135614,single_train,single,which,lookup
135608,single_train,single,which,lookup
135605,single_train,single,how_many,reasoning
135609,single_train,single,how_many,reasoning
135611,single_train,single,other,reasoning
135604,single_train,single,which,lookup
135610,single_train,single,which,lookup
135607,single_train,single,count,lookup
135606,single_train,single,which,lookup
97171,single_train,single,which,lookup
97176,single_train,single,how_many,reasoning
97173,single_train,single,which,lookup
97172,single_train,single,what,lookup
97175,single_train,single,how_many,reasoning
139804,single_train,single,which,lookup
139808,single_train,single,which,lookup
139806,single_train,single,how_many,reasoning
139800,single_train,single,how_many,reasoning
139805,single_train,single,how_many,lookup
139801,single_train,single,which,reasoning
139807,single_train,single,which,lookup
65607,single_train,single,which,lookup
65609,single_train,single,which,lookup
65604,single_train,single,which,lookup
65603,single_train,single,which,lookup
65608,single_train,single,which,lookup
65606,single_train,single,how_many,reasoning
65605,single_train,single,which,lookup
51194,single_train,single,how_many,lookup
51193,single_train,single,how_many,lookup
51192,single_train,single,how_many,lookup
51189,single_train,single,which,lookup
51191,single_train,single,other,lookup
51188,single_train,single,which,reasoning
51197,single_train,single,how_many,reasoning
147092,single_train,single,how_many,lookup
147100,single_train,single,how_many,reasoning
147099,single_train,single,which,lookup
147090,single_train,single,which,lookup
147098,single_train,single,other,lookup
147096,single_train,single,how_many,reasoning
147097,single_train,single,which,lookup
147091,single_train,single,what,lookup
147094,single_train,single,other,lookup
147095,single_train,single,how_many,lookup
147093,single_train,single,how_many,reasoning
103896,single_train,single,which,lookup
103900,single_train,single,how_many,lookup
103898,single_train,single,which,lookup
103897,single_train,single,which,lookup
103902,single_train,single,which,lookup
103899,single_train,single,how_many,reasoning
103901,single_train,single,other,lookup
108460,single_train,single,how_many,reasoning
108467,single_train,single,how_many,reasoning
108462,single_train,single,how_many,reasoning
108464,single_train,single,how_many,reasoning
108457,single_train,single,how_many,reasoning
108468,single_train,single,how_many,reasoning
108461,single_train,single,how_many,lookup
108459,single_train,single,how_many,lookup
108463,single_train,single,how_many,reasoning
126179,single_train,single,which,lookup
126182,single_train,single,when,lookup
126177,single_train,single,which,lookup
126178,single_train,single,which,lookup
126180,single_train,single,how_many,reasoning
126183,single_train,single,which,lookup
126181,single_train,single,what,lookup
50487,single_train,single,which,lookup
50486,single_train,single,which,lookup
50490,single_train,single,how_many,lookup
50489,single_train,single,how_many,lookup
50488,single_train,single,which,lookup
50491,single_train,single,which,lookup
50485,single_train,single,which,lookup
50484,single_train,single,which,lookup
123768,single_train,single,how_many,lookup
123765,single_train,single,what,lookup
123766,single_train,single,how_many,lookup
123764,single_train,single,which,reasoning
123767,single_train,single,when,lookup
123761,single_train,single,what,reasoning
92469,single_train,single,other,reasoning
92466,single_train,single,which,lookup
92468,single_train,single,which,lookup
92465,single_train,single,which,lookup
92467,single_train,single,which,lookup
92472,single_train,single,what,lookup
92471,single_train,single,when,lookup
91101,single_train,single,how_many,reasoning
91102,single_train,single,which,reasoning
91103,single_train,single,which,reasoning
91104,single_train,single,list,lookup
91105,single_train,single,count,lookup
91107,single_train,single,when,reasoning
91108,single_train,single,what,lookup
91106,single_train,single,what,lookup
150130,single_train,single,which,lookup
150128,single_train,single,how_many,reasoning
150129,single_train,single,other,lookup
150131,single_train,single,what,lookup
150132,single_train,single,what,lookup
152179,single_train,single,which,lookup
152180,single_train,single,how_many,lookup
152185,single_train,single,how_many,reasoning
152176,single_train,single,how_many,lookup
152181,single_train,single,how_many,reasoning
152178,single_train,single,how_many,reasoning
152182,single_train,single,which,lookup
152177,single_train,single,which,reasoning
110634,single_train,single,how_many,reasoning
110629,single_train,single,how_many,lookup
110630,single_train,single,how_many,reasoning
110628,single_train,single,count,lookup
119828,single_train,single,which,lookup
119831,single_train,single,what,lookup
119836,single_train,single,how_many,reasoning
119834,single_train,single,which,lookup
119826,single_train,single,list,reasoning
119832,single_train,single,what,lookup
119829,single_train,single,which,lookup
119833,single_train,single,which,lookup
119827,single_train,single,how_many,reasoning
119830,single_train,single,which,lookup
124353,single_train,single,what,lookup
124358,single_train,single,which,lookup
124361,single_train,single,how_many,reasoning
124354,single_train,single,list,reasoning
124357,single_train,single,other,lookup
124359,single_train,single,what,lookup
124356,single_train,single,other,lookup
90875,single_train,single,when,lookup
90874,single_train,single,what,reasoning
90873,single_train,single,when,reasoning
90872,single_train,single,which,reasoning
90877,single_train,single,how_many,reasoning
90869,single_train,single,list,reasoning
90870,single_train,single,which,reasoning
90871,single_train,single,which,lookup
90876,single_train,single,how_many,reasoning
81625,single_train,single,which,lookup
81623,single_train,single,which,lookup
81626,single_train,single,how_many,reasoning
81624,single_train,single,how_many,lookup
78766,single_train,single,which,lookup
78764,single_train,single,which,lookup
78767,single_train,single,how_many,reasoning
78765,single_train,single,how_many,lookup
78769,single_train,single,how_many,reasoning
78768,single_train,single,which,lookup
116356,single_train,single,how_many,reasoning
116358,single_train,single,how_many,reasoning
116359,single_train,single,how_many,reasoning
116354,single_train,single,how_many,reasoning
116361,single_train,single,which,lookup
116355,single_train,single,how_many,lookup
116360,single_train,single,how_many,reasoning
116357,single_train,single,how_many,reasoning
90211,single_train,single,compare,lookup
90216,single_train,single,how_many,lookup
90213,single_train,single,what,lookup
90217,single_train,single,how_many,reasoning
90218,single_train,single,how_many,reasoning
90210,single_train,single,how_many,reasoning
90214,single_train,single,how_many,lookup
90215,single_train,single,when,reasoning
90209,single_train,single,how_many,reasoning
68407,single_train,single,which,lookup
68417,single_train,single,other,lookup
68414,single_train,single,which,lookup
68408,single_train,single,which,lookup
68412,single_train,single,which,reasoning
68413,single_train,single,what,lookup
68411,single_train,single,list,lookup
75913,single_train,single,what,lookup
75915,single_train,single,how_many,reasoning
75918,single_train,single,how_many,reasoning
75920,single_train,single,how_many,reasoning
75914,single_train,single,compare,reasoning
75909,single_train,single,which,reasoning
75919,single_train,single,what,lookup
75911,single_train,single,which,lookup
75916,single_train,single,how_many,reasoning
75912,single_train,single,how_many,reasoning
75910,single_train,single,how_many,reasoning
11726,single_train,single,how_many,lookup
11731,single_train,single,how_many,lookup
11729,single_train,single,how_many,reasoning
11730,single_train,single,what,lookup
11727,single_train,single,how_many,lookup
11732,single_train,single,how_many,reasoning
11728,single_train,single,which,lookup
26426,single_train,single,which,lookup
26428,single_train,single,what,lookup
26424,single_train,single,which,lookup
26427,single_train,single,how_many,reasoning
26425,single_train,single,which,lookup
72186,single_train,single,which,lookup
72187,single_train,single,how_many,lookup
72185,single_train,single,which,lookup
72188,single_train,single,how_many,reasoning
109474,single_train,single,what,lookup
109475,single_train,single,what,lookup
109473,single_train,single,what,lookup
109476,single_train,single,how_many,reasoning
109477,single_train,single,which,lookup
109478,single_train,single,what,lookup
96247,single_train,single,which,reasoning
96255,single_train,single,how_many,reasoning
96251,single_train,single,what,lookup
96249,single_train,single,list,lookup
96253,single_train,single,which,lookup
96250,single_train,single,what,lookup
96246,single_train,single,what,reasoning
96252,single_train,single,what,lookup
96254,single_train,single,which,lookup
61388,single_train,single,how_many,reasoning
61386,single_train,single,which,lookup
61384,single_train,single,which,lookup
61382,single_train,single,list,reasoning
61387,single_train,single,how_many,lookup
61383,single_train,single,which,reasoning
61385,single_train,single,other,lookup
61389,single_train,single,how_many,reasoning
96830,single_train,single,which,lookup
96835,single_train,single,what,lookup
96827,single_train,single,which,reasoning
96836,single_train,single,how_many,reasoning
96826,single_train,single,list,lookup
96829,single_train,single,which,lookup
106145,single_train,single,how_many,reasoning
106144,single_train,single,which,lookup
106143,single_train,single,which,lookup
106142,single_train,single,what,lookup
53748,single_train,single,how_many,lookup
53752,single_train,single,how_many,reasoning
53751,single_train,single,count,reasoning
53746,single_train,single,list,reasoning
53749,single_train,single,other,lookup
53745,single_train,single,list,reasoning
53750,single_train,single,how_many,lookup
53747,single_train,single,which,lookup
159058,single_train,single,which,lookup
159055,single_train,single,how_many,lookup
159059,single_train,single,how_many,reasoning
159054,single_train,single,which,lookup
159056,single_train,single,which,lookup
159063,single_train,single,how_many,reasoning
159057,single_train,single,how_many,reasoning
89037,single_train,single,what,reasoning
89040,single_train,single,when,lookup
89041,single_train,single,which,lookup
89036,single_train,single,what,reasoning
89042,single_train,single,when,lookup
89038,single_train,single,which,lookup
89043,single_train,single,which,lookup
89044,single_train,single,how_many,reasoning
89039,single_train,single,compare,lookup
106349,single_train,single,which,lookup
106353,single_train,single,which,lookup
106351,single_train,single,which,lookup
106350,single_train,single,what,lookup
106352,single_train,single,which,reasoning
106354,single_train,single,other,lookup
124305,single_train,single,what,lookup
124307,single_train,single,which,lookup
124306,single_train,single,which,lookup
124310,single_train,single,which,lookup
124308,single_train,single,what,lookup
124304,single_train,single,which,lookup
124309,single_train,single,what,lookup
124303,single_train,single,which,reasoning
58461,single_train,single,which,reasoning
58465,single_train,single,list,reasoning
58462,single_train,single,other,lookup
58464,single_train,single,how_many,lookup
58463,single_train,single,which,lookup
9703,single_train,single,how_many,reasoning
9709,single_train,single,compare,reasoning
9708,single_train,single,which,lookup
9707,single_train,single,compare,lookup
9705,single_train,single,what,lookup
9706,single_train,single,which,lookup
9702,single_train,single,which,lookup
9704,single_train,single,which,lookup
100652,single_train,single,what,lookup
100645,single_train,single,other,lookup
100649,single_train,single,list,lookup
100650,single_train,single,which,lookup
100653,single_train,single,list,lookup
100651,single_train,single,how_many,reasoning
43831,single_train,single,compare,reasoning
43829,single_train,single,which,lookup
43832,single_train,single,compare,reasoning
43833,single_train,single,which,lookup
43830,single_train,single,compare,reasoning
152396,single_train,single,which,lookup
152402,single_train,single,other,lookup
152398,single_train,single,when,lookup
152401,single_train,single,which,lookup
152403,single_train,single,which,lookup
152394,single_train,single,what,lookup
152400,single_train,single,which,lookup
152399,single_train,single,which,lookup
152395,single_train,single,which,lookup
152404,single_train,single,how_many,reasoning
152397,single_train,single,how_many,reasoning
52271,single_train,single,how_many,lookup
52270,single_train,single,which,lookup
52267,single_train,single,which,reasoning
52268,single_train,single,other,lookup
52272,single_train,single,count,reasoning
52269,single_train,single,other,lookup
154587,single_train,single,which,lookup
154592,single_train,single,how_many,reasoning
154586,single_train,single,list,lookup
154589,single_train,single,what,lookup
154588,single_train,single,how_many,reasoning
154585,single_train,single,which,lookup
50999,single_train,single,list,reasoning
51002,single_train,single,other,lookup
51004,single_train,single,how_many,lookup
50997,single_train,single,what,reasoning
51000,single_train,single,which,lookup
51003,single_train,single,how_many,lookup
50998,single_train,single,which,lookup
51006,single_train,single,how_many,reasoning
51001,single_train,single,how_many,lookup
10604,single_train,single,list,lookup
10603,single_train,single,which,lookup
10605,single_train,single,which,lookup
10602,single_train,single,how_many,reasoning
10601,single_train,single,which,lookup
10599,single_train,single,which,lookup
10606,single_train,single,how_many,reasoning
160472,single_train,single,what,lookup
160478,single_train,single,which,lookup
160479,single_train,single,how_many,reasoning
160476,single_train,single,what,lookup
160477,single_train,single,other,lookup
46363,single_train,single,when,lookup
46364,single_train,single,which,lookup
46371,single_train,single,compare,reasoning
46367,single_train,single,which,lookup
46373,single_train,single,how_many,reasoning
46369,single_train,single,how_many,reasoning
108577,single_train,single,how_many,reasoning
108576,single_train,single,when,lookup
108574,single_train,single,how_many,reasoning
108580,single_train,single,how_many,reasoning
14302,single_train,single,which,lookup
14304,single_train,single,which,lookup
14307,single_train,single,how_many,lookup
14309,single_train,single,what,lookup
14308,single_train,single,how_many,reasoning
14306,single_train,single,which,lookup
14303,single_train,single,which,lookup
73991,single_train,single,which,lookup
73987,single_train,single,which,lookup
73993,single_train,single,how_many,reasoning
73989,single_train,single,which,lookup
73990,single_train,single,which,reasoning
117971,single_train,single,which,lookup
117972,single_train,single,which,reasoning
117973,single_train,single,which,lookup
117980,single_train,single,how_many,reasoning
117975,single_train,single,what,lookup
117976,single_train,single,which,lookup
117977,single_train,single,which,lookup
25916,single_train,single,how_many,lookup
25918,single_train,single,which,reasoning
25919,single_train,single,how_many,reasoning
25923,single_train,single,which,lookup
25917,single_train,single,which,lookup
25920,single_train,single,how_many,lookup
25922,single_train,single,how_many,reasoning
25926,single_train,single,how_many,reasoning
25925,single_train,single,how_many,lookup
25921,single_train,single,how_many,lookup
25924,single_train,single,how_many,lookup
156651,single_train,single,how_many,reasoning
156650,single_train,single,which,lookup
156657,single_train,single,which,lookup
156656,single_train,single,which,lookup
156648,single_train,single,which,lookup
156655,single_train,single,what,lookup
156652,single_train,single,which,lookup
20135,single_train,single,how_many,reasoning
20133,single_train,single,other,lookup
20130,single_train,single,which,lookup
20134,single_train,single,what,lookup
20129,single_train,single,count,lookup
20132,single_train,single,which,lookup
20128,single_train,single,how_many,lookup
111439,single_train,single,how_many,lookup
111445,single_train,single,other,lookup
111440,single_train,single,how_many,reasoning
111442,single_train,single,how_many,lookup
111443,single_train,single,how_many,reasoning
111437,single_train,single,how_many,reasoning
111444,single_train,single,which,lookup
111441,single_train,single,count,lookup
47486,single_train,single,other,reasoning
47484,single_train,single,list,reasoning
47487,single_train,single,how_many,lookup
47488,single_train,single,how_many,reasoning
47485,single_train,single,which,lookup
125667,single_train,single,which,reasoning
125669,single_train,single,which,lookup
125670,single_train,single,how_many,reasoning
125671,single_train,single,what,lookup
125673,single_train,single,how_many,reasoning
125668,single_train,single,other,reasoning
125672,single_train,single,what,lookup
142442,single_train,single,when,lookup
142440,single_train,single,how_many,lookup
142446,single_train,single,which,lookup
142444,single_train,single,which,lookup
142448,single_train,single,what,lookup
142452,single_train,single,how_many,lookup
142443,single_train,single,how_many,reasoning
142451,single_train,single,how_many,reasoning
142447,single_train,single,how_many,reasoning
142453,single_train,single,which,lookup
142454,single_train,single,how_many,lookup
142441,single_train,single,other,reasoning
142445,single_train,single,what,lookup
142450,single_train,single,which,lookup
142449,single_train,single,what,lookup
17006,single_train,single,what,lookup
17009,single_train,single,which,lookup
17010,single_train,single,which,lookup
17005,single_train,single,how_many,lookup
17011,single_train,single,how_many,reasoning
17007,single_train,single,which,lookup
17008,single_train,single,how_many,reasoning
123878,single_train,single,when,lookup
123876,single_train,single,other,lookup
123880,single_train,single,how_many,reasoning
123877,single_train,single,other,lookup
123873,single_train,single,which,lookup
123881,single_train,single,how_many,reasoning
123875,single_train,single,which,lookup
123874,single_train,single,which,lookup
114046,single_train,single,how_many,reasoning
114041,single_train,single,how_many,lookup
114042,single_train,single,compare,reasoning
114040,single_train,single,which,lookup
114043,single_train,single,what,lookup
114039,single_train,single,how_many,reasoning
53896,single_train,single,how_many,lookup
53894,single_train,single,other,lookup
53891,single_train,single,which,lookup
53890,single_train,single,what,reasoning
53892,single_train,single,which,lookup
53898,single_train,single,how_many,reasoning
53895,single_train,single,which,lookup
53897,single_train,single,count,reasoning
53893,single_train,single,how_many,lookup
163244,single_train,single,how_many,reasoning
163241,single_train,single,which,lookup
10840,single_train,single,which,reasoning
10842,single_train,single,how_many,reasoning
10844,single_train,single,which,lookup
10843,single_train,single,count,reasoning
10841,single_train,single,which,reasoning
10845,single_train,single,compare,reasoning
161446,single_train,single,how_many,reasoning
161449,single_train,single,what,reasoning
161447,single_train,single,how_many,lookup
161448,single_train,single,how_many,reasoning
161451,single_train,single,what,lookup
161450,single_train,single,count,lookup
161452,single_train,single,how_many,reasoning
109166,single_train,single,how_many,reasoning
109163,single_train,single,how_many,reasoning
109168,single_train,single,how_many,reasoning
109164,single_train,single,which,lookup
109162,single_train,single,how_many,reasoning
109165,single_train,single,which,lookup
82922,single_train,single,which,lookup
82924,single_train,single,how_many,reasoning
82925,single_train,single,what,lookup
82926,single_train,single,count,lookup
82921,single_train,single,compare,reasoning
82923,single_train,single,which,lookup
82928,single_train,single,compare,reasoning
78724,single_train,single,which,lookup
78725,single_train,single,how_many,reasoning
78729,single_train,single,how_many,reasoning
78723,single_train,single,how_many,lookup
21367,single_train,single,which,reasoning
21372,single_train,single,what,reasoning
21369,single_train,single,how_many,reasoning
21371,single_train,single,which,lookup
21366,single_train,single,how_many,reasoning
21365,single_train,single,which,lookup
21370,single_train,single,which,reasoning
21368,single_train,single,which,reasoning
21364,single_train,single,which,lookup
104163,single_train,single,which,lookup
104167,single_train,single,which,reasoning
104168,single_train,single,how_many,lookup
104169,single_train,single,how_many,reasoning
59814,single_train,single,how_many,lookup
59819,single_train,single,list,reasoning
59815,single_train,single,which,lookup
59813,single_train,single,how_many,lookup
59820,single_train,single,how_many,reasoning
59818,single_train,single,count,reasoning
59810,single_train,single,which,lookup
59812,single_train,single,other,lookup
59816,single_train,single,which,lookup
59811,single_train,single,which,lookup
93373,single_train,single,compare,reasoning
93375,single_train,single,compare,lookup
93376,single_train,single,which,lookup
93379,single_train,single,how_many,reasoning
93378,single_train,single,how_many,lookup
93380,single_train,single,how_many,reasoning
93377,single_train,single,how_many,lookup
93381,single_train,single,how_many,reasoning
93374,single_train,single,which,lookup
124759,single_train,single,how_many,reasoning
124757,single_train,single,how_many,lookup
124756,single_train,single,when,lookup
124762,single_train,single,compare,reasoning
124753,single_train,single,how_many,lookup
124761,single_train,single,how_many,reasoning
124755,single_train,single,compare,lookup
124760,single_train,single,how_many,lookup
124752,single_train,single,how_many,reasoning
124754,single_train,single,which,reasoning
53714,single_train,single,list,reasoning
53713,single_train,single,how_many,lookup
53710,single_train,single,which,reasoning
53716,single_train,single,how_many,reasoning
53711,single_train,single,other,lookup
53712,single_train,single,how_many,lookup
139704,single_train,single,how_many,reasoning
139693,single_train,single,which,lookup
139698,single_train,single,which,lookup
139696,single_train,single,how_many,reasoning
139695,single_train,single,when,lookup
139702,single_train,single,what,lookup
139700,single_train,single,which,reasoning
139703,single_train,single,which,lookup
139697,single_train,single,which,lookup
139699,single_train,single,which,lookup
45653,single_train,single,what,lookup
45659,single_train,single,what,lookup
45655,single_train,single,how_many,reasoning
45656,single_train,single,what,lookup
45652,single_train,single,which,lookup
45657,single_train,single,what,lookup
45658,single_train,single,how_many,reasoning
45661,single_train,single,how_many,reasoning
45654,single_train,single,which,lookup
162869,single_train,single,what,lookup
162871,single_train,single,list,lookup
162876,single_train,single,how_many,reasoning
162870,single_train,single,how_many,lookup
58910,single_train,single,list,reasoning
58914,single_train,single,which,lookup
58911,single_train,single,which,reasoning
58912,single_train,single,which,lookup
58913,single_train,single,how_many,lookup
60072,single_train,single,how_many,lookup
60070,single_train,single,which,reasoning
60071,single_train,single,which,lookup
60078,single_train,single,how_many,reasoning
60075,single_train,single,how_many,lookup
60074,single_train,single,which,lookup
60073,single_train,single,other,lookup
60069,single_train,single,which,reasoning
59584,single_train,single,other,lookup
59583,single_train,single,which,lookup
59587,single_train,single,which,lookup
59586,single_train,single,how_many,lookup
59582,single_train,single,which,reasoning
59585,single_train,single,which,lookup
124286,single_train,single,which,lookup
124284,single_train,single,count,lookup
124287,single_train,single,which,lookup
124285,single_train,single,what,lookup
124278,single_train,single,list,lookup
124289,single_train,single,what,lookup
124283,single_train,single,which,lookup
124290,single_train,single,how_many,reasoning
124282,single_train,single,what,lookup
124280,single_train,single,which,lookup
124279,single_train,single,list,reasoning
124288,single_train,single,how_many,lookup
53787,single_train,single,count,reasoning
53786,single_train,single,list,reasoning
53785,single_train,single,how_many,reasoning
53783,single_train,single,other,lookup
53788,single_train,single,how_many,reasoning
53780,single_train,single,which,lookup
53781,single_train,single,which,lookup
53779,single_train,single,how_many,reasoning
53784,single_train,single,which,lookup
53782,single_train,single,other,lookup
111433,single_train,single,how_many,reasoning
111434,single_train,single,how_many,reasoning
111432,single_train,single,how_many,lookup
111436,single_train,single,how_many,reasoning
111431,single_train,single,which,lookup
111435,single_train,single,what,lookup
146449,single_train,single,which,lookup
146453,single_train,single,how_many,reasoning
146459,single_train,single,how_many,reasoning
146458,single_train,single,how_many,lookup
146454,single_train,single,which,lookup
146450,single_train,single,how_many,reasoning
146451,single_train,single,which,lookup
146456,single_train,single,which,lookup
146447,single_train,single,which,lookup
146452,single_train,single,count,lookup
146448,single_train,single,which,lookup
166394,single_train,single,which,lookup
166399,single_train,single,other,lookup
166393,single_train,single,which,lookup
166401,single_train,single,how_many,reasoning
166395,single_train,single,how_many,reasoning
166396,single_train,single,what,lookup
126291,single_train,single,what,reasoning
126290,single_train,single,which,lookup
126298,single_train,single,which,lookup
126299,single_train,single,which,reasoning
126300,single_train,single,which,lookup
126302,single_train,single,which,lookup
126292,single_train,single,which,lookup
126293,single_train,single,how_many,reasoning
55666,single_train,single,which,lookup
55668,single_train,single,which,lookup
55671,single_train,single,how_many,reasoning
55667,single_train,single,how_many,lookup
55665,single_train,single,which,lookup
55664,single_train,single,list,reasoning
72370,single_train,single,which,lookup
72369,single_train,single,what,reasoning
72371,single_train,single,which,reasoning
72374,single_train,single,which,reasoning
72372,single_train,single,how_many,reasoning
72373,single_train,single,other,lookup
65484,single_train,single,which,lookup
65491,single_train,single,what,lookup
65488,single_train,single,which,lookup
65490,single_train,single,how_many,reasoning
65492,single_train,single,other,lookup
65485,single_train,single,count,lookup
65487,single_train,single,how_many,reasoning
141143,single_train,single,what,lookup
141141,single_train,single,how_many,lookup
141139,single_train,single,which,lookup
141144,single_train,single,how_many,reasoning
141145,single_train,single,which,lookup
141146,single_train,single,which,lookup
141137,single_train,single,which,lookup
141142,single_train,single,other,lookup
141140,single_train,single,how_many,reasoning
141138,single_train,single,which,lookup
1491,single_train,single,what,lookup
1492,single_train,single,how_many,lookup
1493,single_train,single,which,lookup
1495,single_train,single,how_many,reasoning
1496,single_train,single,how_many,lookup
1497,single_train,single,how_many,reasoning
158693,single_train,single,what,reasoning
158695,single_train,single,how_many,reasoning
158694,single_train,single,when,reasoning
158699,single_train,single,how_many,reasoning
158692,single_train,single,what,lookup
158697,single_train,single,when,reasoning
158698,single_train,single,how_many,reasoning
158696,single_train,single,what,reasoning
8481,single_train,single,which,lookup
8489,single_train,single,how_many,reasoning
8483,single_train,single,what,lookup
8482,single_train,single,how_many,reasoning
8487,single_train,single,what,lookup
8484,single_train,single,which,lookup
8480,single_train,single,what,lookup
34457,single_train,single,list,lookup
34456,single_train,single,which,lookup
34466,single_train,single,which,lookup
34460,single_train,single,what,lookup
34463,single_train,single,how_many,reasoning
34458,single_train,single,which,lookup
34467,single_train,single,how_many,reasoning
34464,single_train,single,which,lookup
34461,single_train,single,list,lookup
34462,single_train,single,which,lookup
34459,single_train,single,how_many,reasoning
34468,single_train,single,what,lookup
79584,single_train,single,which,lookup
79579,single_train,single,which,lookup
79575,single_train,single,how_many,lookup
79582,single_train,single,how_many,reasoning
79580,single_train,single,which,lookup
79585,single_train,single,which,lookup
79576,single_train,single,what,reasoning
111390,single_train,single,how_many,lookup
111389,single_train,single,how_many,reasoning
111388,single_train,single,how_many,reasoning
111386,single_train,single,how_many,reasoning
111393,single_train,single,how_many,reasoning
144239,single_train,single,how_many,reasoning
144238,single_train,single,which,lookup
144236,single_train,single,what,lookup
144234,single_train,single,what,lookup
144237,single_train,single,what,lookup
144228,single_train,single,what,lookup
144235,single_train,single,how_many,reasoning
144230,single_train,single,what,lookup
144229,single_train,single,how_many,lookup
152965,single_train,single,what,lookup
152967,single_train,single,other,lookup
152962,single_train,single,what,lookup
152964,single_train,single,how_many,reasoning
152971,single_train,single,how_many,reasoning
152963,single_train,single,which,lookup
152968,single_train,single,which,lookup
152966,single_train,single,which,lookup
29061,single_train,single,which,lookup
29058,single_train,single,how_many,reasoning
29063,single_train,single,list,lookup
29062,single_train,single,what,lookup
29059,single_train,single,which,lookup
29055,single_train,single,which,lookup
29060,single_train,single,which,lookup
29057,single_train,single,which,lookup
29056,single_train,single,list,lookup
39596,single_train,single,which,lookup
39595,single_train,single,which,lookup
39603,single_train,single,which,lookup
39594,single_train,single,which,lookup
39597,single_train,single,how_many,reasoning
39598,single_train,single,which,lookup
39600,single_train,single,which,lookup
39602,single_train,single,which,lookup
39599,single_train,single,which,lookup
57705,single_train,single,list,reasoning
57709,single_train,single,which,lookup
57706,single_train,single,list,reasoning
57708,single_train,single,which,reasoning
57707,single_train,single,which,reasoning
32226,single_train,single,how_many,reasoning
32223,single_train,single,how_many,lookup
32227,single_train,single,how_many,lookup
32224,single_train,single,what,reasoning
32230,single_train,single,what,lookup
32228,single_train,single,compare,reasoning
32232,single_train,single,how_many,reasoning
158159,single_train,single,which,lookup
158158,single_train,single,when,lookup
158161,single_train,single,list,lookup
158162,single_train,single,when,lookup
158154,single_train,single,which,lookup
36722,single_train,single,count,lookup
36723,single_train,single,which,reasoning
36724,single_train,single,how_many,reasoning
36727,single_train,single,how_many,reasoning
36726,single_train,single,which,lookup
36725,single_train,single,what,lookup
36730,single_train,single,compare,reasoning
36721,single_train,single,how_many,lookup
18891,single_train,single,what,lookup
18892,single_train,single,which,lookup
18893,single_train,single,what,lookup
18888,single_train,single,what,lookup
18887,single_train,single,when,lookup
18894,single_train,single,how_many,reasoning
18889,single_train,single,how_many,reasoning
89882,single_train,single,how_many,lookup
89877,single_train,single,how_many,reasoning
89879,single_train,single,which,lookup
89878,single_train,single,list,lookup
89881,single_train,single,count,lookup
89876,single_train,single,what,reasoning
89880,single_train,single,how_many,lookup
89883,single_train,single,how_many,reasoning
65649,single_train,single,list,lookup
65648,single_train,single,what,lookup
65646,single_train,single,which,lookup
65644,single_train,single,which,lookup
65647,single_train,single,how_many,reasoning
65650,single_train,single,how_many,reasoning
65645,single_train,single,list,lookup
44165,single_train,single,other,lookup
44166,single_train,single,which,lookup
44170,single_train,single,which,lookup
44172,single_train,single,which,lookup
44173,single_train,single,which,lookup
44169,single_train,single,which,lookup
44164,single_train,single,how_many,lookup
44167,single_train,single,how_many,reasoning
44168,single_train,single,what,lookup
82606,single_train,single,which,lookup
82609,single_train,single,how_many,reasoning
82613,single_train,single,which,lookup
82614,single_train,single,other,lookup
82615,single_train,single,how_many,reasoning
82611,single_train,single,other,lookup
82608,single_train,single,which,lookup
82612,single_train,single,how_many,reasoning
82610,single_train,single,which,lookup
82607,single_train,single,how_many,lookup
46014,single_train,single,how_many,lookup
46010,single_train,single,which,lookup
46012,single_train,single,which,lookup
46019,single_train,single,which,lookup
46016,single_train,single,how_many,lookup
46018,single_train,single,which,lookup
46017,single_train,single,how_many,reasoning
46015,single_train,single,what,lookup
46011,single_train,single,compare,lookup
46013,single_train,single,how_many,reasoning
136545,single_train,single,what,lookup
136549,single_train,single,which,lookup
136557,single_train,single,which,lookup
136550,single_train,single,which,lookup
136547,single_train,single,how_many,reasoning
136548,single_train,single,how_many,reasoning
136551,single_train,single,which,lookup
136556,single_train,single,how_many,reasoning
136554,single_train,single,count,lookup
121557,single_train,single,how_many,lookup
121555,single_train,single,which,lookup
121553,single_train,single,which,reasoning
121556,single_train,single,how_many,lookup
121554,single_train,single,how_many,lookup
121558,single_train,single,count,lookup
121563,single_train,single,how_many,reasoning
121560,single_train,single,how_many,lookup
121559,single_train,single,how_many,lookup
78212,single_train,single,how_many,reasoning
78216,single_train,single,how_many,reasoning
78213,single_train,single,what,lookup
78211,single_train,single,when,lookup
114781,single_train,single,how_many,reasoning
114777,single_train,single,which,lookup
114776,single_train,single,which,lookup
49779,single_train,single,which,reasoning
49782,single_train,single,other,lookup
49785,single_train,single,how_many,lookup
49784,single_train,single,how_many,lookup
49780,single_train,single,which,lookup
49783,single_train,single,how_many,lookup
65162,single_train,single,which,lookup
65153,single_train,single,other,lookup
65160,single_train,single,which,lookup
65154,single_train,single,which,lookup
65161,single_train,single,what,lookup
65164,single_train,single,list,lookup
65165,single_train,single,which,lookup
65156,single_train,single,what,lookup
65166,single_train,single,how_many,reasoning
65158,single_train,single,which,lookup
65152,single_train,single,which,lookup
65155,single_train,single,how_many,reasoning
65159,single_train,single,how_many,reasoning
75100,single_train,single,what,lookup
75102,single_train,single,which,lookup
75103,single_train,single,other,lookup
75099,single_train,single,what,lookup
75101,single_train,single,how_many,reasoning
75098,single_train,single,which,lookup
37990,single_train,single,what,lookup
37992,single_train,single,how_many,reasoning
37996,single_train,single,what,lookup
37994,single_train,single,which,lookup
37991,single_train,single,which,lookup
37989,single_train,single,what,lookup
37995,single_train,single,how_many,reasoning
37488,single_train,single,which,reasoning
37487,single_train,single,which,lookup
37480,single_train,single,which,lookup
37481,single_train,single,which,lookup
37489,single_train,single,which,lookup
37482,single_train,single,which,lookup
37485,single_train,single,which,lookup
37490,single_train,single,how_many,reasoning
37484,single_train,single,other,reasoning
154084,single_train,single,other,lookup
154087,single_train,single,which,lookup
154083,single_train,single,what,lookup
154085,single_train,single,which,lookup
154086,single_train,single,how_many,reasoning
154088,single_train,single,other,lookup
33111,single_train,single,when,lookup
33109,single_train,single,how_many,lookup
33110,single_train,single,what,lookup
33119,single_train,single,how_many,reasoning
33113,single_train,single,what,lookup
33115,single_train,single,when,reasoning
131301,single_train,single,how_many,lookup
131300,single_train,single,how_many,lookup
131302,single_train,single,how_many,reasoning
131303,single_train,single,what,lookup
131308,single_train,single,compare,reasoning
131307,single_train,single,how_many,lookup
131299,single_train,single,what,reasoning
2227,single_train,single,which,lookup
2221,single_train,single,which,lookup
2222,single_train,single,what,lookup
2225,single_train,single,what,lookup
2231,single_train,single,which,lookup
2230,single_train,single,which,lookup
2226,single_train,single,how_many,reasoning
2224,single_train,single,how_many,reasoning
2223,single_train,single,which,lookup
2228,single_train,single,other,lookup
2229,single_train,single,how_many,reasoning
25739,single_train,single,how_many,reasoning
25738,single_train,single,how_many,reasoning
25741,single_train,single,which,lookup
25736,single_train,single,how_many,reasoning
25740,single_train,single,which,lookup
25737,single_train,single,what,lookup
25742,single_train,single,how_many,reasoning
84450,single_train,single,how_many,lookup
84446,single_train,single,compare,reasoning
84445,single_train,single,what,lookup
84451,single_train,single,how_many,lookup
84447,single_train,single,compare,lookup
84453,single_train,single,how_many,reasoning
84448,single_train,single,which,reasoning
42077,single_train,single,which,lookup
42081,single_train,single,which,lookup
42086,single_train,single,how_many,reasoning
42082,single_train,single,other,lookup
42084,single_train,single,which,lookup
42083,single_train,single,which,lookup
42079,single_train,single,which,lookup
42078,single_train,single,other,lookup
42080,single_train,single,how_many,reasoning
81816,single_train,single,which,lookup
81815,single_train,single,other,lookup
81814,single_train,single,which,lookup
136642,single_train,single,which,lookup
136643,single_train,single,how_many,reasoning
136637,single_train,single,how_many,lookup
136647,single_train,single,how_many,reasoning
136639,single_train,single,which,lookup
136638,single_train,single,what,lookup
136644,single_train,single,which,lookup
136640,single_train,single,how_many,reasoning
46789,single_train,single,which,lookup
46784,single_train,single,which,reasoning
46788,single_train,single,what,lookup
46786,single_train,single,which,lookup
46785,single_train,single,which,reasoning
46792,single_train,single,how_many,reasoning
46790,single_train,single,how_many,lookup
50265,single_train,single,which,lookup
50264,single_train,single,how_many,lookup
50271,single_train,single,how_many,reasoning
50263,single_train,single,which,reasoning
50268,single_train,single,how_many,lookup
50270,single_train,single,how_many,reasoning
50269,single_train,single,how_many,lookup
50267,single_train,single,which,lookup
50266,single_train,single,what,lookup
146096,single_train,single,which,reasoning
146094,single_train,single,which,lookup
146098,single_train,single,how_many,reasoning
146102,single_train,single,how_many,reasoning
146097,single_train,single,other,lookup
146100,single_train,single,what,lookup
146099,single_train,single,how_many,reasoning
146095,single_train,single,how_many,reasoning
162292,single_train,single,which,lookup
162291,single_train,single,how_many,lookup
162290,single_train,single,how_many,lookup
162295,single_train,single,other,lookup
162293,single_train,single,how_many,reasoning
51170,single_train,single,which,lookup
51172,single_train,single,which,lookup
51174,single_train,single,how_many,lookup
51175,single_train,single,which,lookup
51171,single_train,single,which,reasoning
51176,single_train,single,how_many,lookup
51173,single_train,single,other,lookup
136917,single_train,single,count,reasoning
136913,single_train,single,which,lookup
136905,single_train,single,which,lookup
136910,single_train,single,which,lookup
136909,single_train,single,which,lookup
136907,single_train,single,which,lookup
136908,single_train,single,how_many,reasoning
136911,single_train,single,which,lookup
136912,single_train,single,how_many,reasoning
136916,single_train,single,which,lookup
136914,single_train,single,which,lookup
136915,single_train,single,how_many,reasoning
103951,single_train,single,which,lookup
103947,single_train,single,what,lookup
103948,single_train,single,which,lookup
103952,single_train,single,what,lookup
103949,single_train,single,how_many,reasoning
35818,single_train,single,when,reasoning
35813,single_train,single,which,reasoning
35814,single_train,single,how_many,reasoning
35812,single_train,single,what,lookup
35815,single_train,single,count,lookup
107749,single_train,single,what,lookup
107747,single_train,single,when,reasoning
107748,single_train,single,what,lookup
107742,single_train,single,when,reasoning
107745,single_train,single,how_many,reasoning
107750,single_train,single,list,lookup
107752,single_train,single,how_many,reasoning
107746,single_train,single,what,reasoning
107744,single_train,single,which,lookup
107743,single_train,single,list,lookup
158780,single_train,single,what,lookup
158779,single_train,single,which,lookup
158781,single_train,single,how_many,reasoning
130246,single_train,single,which,lookup
130247,single_train,single,how_many,reasoning
130251,single_train,single,how_many,reasoning
130255,single_train,single,how_many,reasoning
130248,single_train,single,what,reasoning
130250,single_train,single,how_many,lookup
130244,single_train,single,what,lookup
113413,single_train,single,how_many,reasoning
113411,single_train,single,how_many,reasoning
113414,single_train,single,how_many,reasoning
113415,single_train,single,how_many,reasoning
113419,single_train,single,how_many,reasoning
6343,single_train,single,what,lookup
6351,single_train,single,how_many,reasoning
6345,single_train,single,how_many,reasoning
6347,single_train,single,which,lookup
6344,single_train,single,how_many,reasoning
6342,single_train,single,which,lookup
6346,single_train,single,which,lookup
59784,single_train,single,which,reasoning
59789,single_train,single,how_many,lookup
59788,single_train,single,how_many,lookup
59785,single_train,single,which,lookup
59786,single_train,single,which,lookup
59787,single_train,single,compare,lookup
131753,single_train,single,which,lookup
131747,single_train,single,what,lookup
131750,single_train,single,how_many,reasoning
131744,single_train,single,other,lookup
131754,single_train,single,how_many,reasoning
131746,single_train,single,how_many,reasoning
131748,single_train,single,which,lookup
131749,single_train,single,what,lookup
131743,single_train,single,what,lookup
152303,single_train,single,when,lookup
152310,single_train,single,how_many,reasoning
152305,single_train,single,what,lookup
152307,single_train,single,what,lookup
152306,single_train,single,which,lookup
152304,single_train,single,how_many,reasoning
152302,single_train,single,what,lookup
152301,single_train,single,when,lookup
4814,single_train,single,how_many,reasoning
4816,single_train,single,compare,reasoning
4813,single_train,single,how_many,lookup
4818,single_train,single,how_many,reasoning
4812,single_train,single,other,lookup
4822,single_train,single,how_many,reasoning
4817,single_train,single,what,lookup
4820,single_train,single,count,lookup
4815,single_train,single,how_many,lookup
133811,single_train,single,how_many,reasoning
133809,single_train,single,how_many,lookup
133804,single_train,single,what,lookup
133808,single_train,single,which,lookup
133807,single_train,single,how_many,reasoning
133814,single_train,single,which,lookup
133815,single_train,single,how_many,reasoning
133813,single_train,single,how_many,lookup
133805,single_train,single,how_many,lookup
133806,single_train,single,which,lookup
133812,single_train,single,how_many,lookup
133810,single_train,single,how_many,lookup
29289,single_train,single,how_many,reasoning
29288,single_train,single,how_many,reasoning
29287,single_train,single,which,lookup
29295,single_train,single,how_many,reasoning
29291,single_train,single,how_many,reasoning
29286,single_train,single,how_many,reasoning
29290,single_train,single,how_many,reasoning
58026,single_train,single,how_many,reasoning
58023,single_train,single,which,lookup
58024,single_train,single,how_many,lookup
58022,single_train,single,which,reasoning
58021,single_train,single,list,reasoning
136424,single_train,single,which,lookup
136427,single_train,single,how_many,reasoning
136430,single_train,single,count,reasoning
136428,single_train,single,which,lookup
136433,single_train,single,what,lookup
136432,single_train,single,how_many,reasoning
136425,single_train,single,which,lookup
136429,single_train,single,how_many,reasoning
136426,single_train,single,what,lookup
85394,single_train,single,which,lookup
85392,single_train,single,how_many,lookup
85388,single_train,single,how_many,reasoning
85389,single_train,single,how_many,lookup
85390,single_train,single,how_many,lookup
85393,single_train,single,how_many,lookup
16974,single_train,single,what,lookup
16977,single_train,single,how_many,reasoning
16980,single_train,single,which,lookup
16978,single_train,single,how_many,lookup
16979,single_train,single,compare,lookup
16976,single_train,single,compare,reasoning
16975,single_train,single,which,lookup
147431,single_train,single,what,lookup
147430,single_train,single,what,lookup
147433,single_train,single,which,reasoning
147432,single_train,single,what,lookup
146340,single_train,single,how_many,lookup
146339,single_train,single,how_many,lookup
146344,single_train,single,how_many,reasoning
146346,single_train,single,how_many,reasoning
146341,single_train,single,how_many,reasoning
146338,single_train,single,which,lookup
62966,single_train,single,what,lookup
62971,single_train,single,compare,reasoning
62967,single_train,single,compare,reasoning
62969,single_train,single,how_many,reasoning
62968,single_train,single,how_many,lookup
62970,single_train,single,which,lookup
62972,single_train,single,which,lookup
62973,single_train,single,how_many,reasoning
84714,single_train,single,which,reasoning
84717,single_train,single,how_many,reasoning
84715,single_train,single,compare,lookup
84719,single_train,single,how_many,reasoning
84718,single_train,single,how_many,lookup
84716,single_train,single,what,lookup
84712,single_train,single,which,lookup
84713,single_train,single,which,lookup
51714,single_train,single,how_many,lookup
51711,single_train,single,how_many,reasoning
51715,single_train,single,which,lookup
51712,single_train,single,which,lookup
51713,single_train,single,other,lookup
51709,single_train,single,which,lookup
51716,single_train,single,how_many,lookup
51710,single_train,single,which,lookup
126729,single_train,single,which,lookup
126728,single_train,single,what,lookup
126734,single_train,single,how_many,reasoning
126730,single_train,single,how_many,reasoning
126731,single_train,single,which,lookup
126727,single_train,single,how_many,lookup
116681,single_train,single,how_many,reasoning
116674,single_train,single,how_many,reasoning
116675,single_train,single,which,lookup
116672,single_train,single,which,lookup
116676,single_train,single,how_many,reasoning
116673,single_train,single,how_many,lookup
116671,single_train,single,how_many,reasoning
116680,single_train,single,which,lookup
116677,single_train,single,how_many,reasoning
139209,single_train,single,how_many,lookup
139210,single_train,single,which,lookup
139215,single_train,single,how_many,reasoning
139211,single_train,single,which,lookup
139214,single_train,single,which,lookup
139218,single_train,single,how_many,reasoning
139213,single_train,single,other,lookup
139212,single_train,single,how_many,reasoning
139216,single_train,single,how_many,lookup
56911,single_train,single,which,lookup
56912,single_train,single,how_many,reasoning
56910,single_train,single,other,lookup
56909,single_train,single,which,reasoning
56908,single_train,single,which,reasoning
85691,single_train,single,how_many,lookup
85688,single_train,single,which,reasoning
85693,single_train,single,how_many,lookup
85694,single_train,single,other,lookup
85684,single_train,single,how_many,lookup
85685,single_train,single,what,reasoning
85686,single_train,single,compare,lookup
85692,single_train,single,what,lookup
85687,single_train,single,which,lookup
85690,single_train,single,other,reasoning
85689,single_train,single,what,lookup
120373,single_train,single,how_many,reasoning
120372,single_train,single,how_many,reasoning
120375,single_train,single,how_many,reasoning
120374,single_train,single,how_many,reasoning
120370,single_train,single,how_many,reasoning
120371,single_train,single,how_many,reasoning
61060,single_train,single,which,reasoning
61064,single_train,single,which,lookup
61063,single_train,single,how_many,lookup
61062,single_train,single,which,lookup
61066,single_train,single,which,lookup
61065,single_train,single,other,lookup
61061,single_train,single,which,reasoning
704,single_train,single,how_many,reasoning
693,single_train,single,how_many,reasoning
697,single_train,single,what,lookup
698,single_train,single,how_many,lookup
695,single_train,single,how_many,reasoning
696,single_train,single,which,lookup
694,single_train,single,how_many,reasoning
692,single_train,single,what,lookup
700,single_train,single,how_many,reasoning
34224,single_train,single,how_many,reasoning
34222,single_train,single,how_many,lookup
34229,single_train,single,how_many,reasoning
34223,single_train,single,count,reasoning
34226,single_train,single,which,lookup
146435,single_train,single,how_many,reasoning
146446,single_train,single,how_many,reasoning
146437,single_train,single,which,lookup
146434,single_train,single,which,lookup
146439,single_train,single,how_many,reasoning
146443,single_train,single,how_many,reasoning
146444,single_train,single,which,lookup
146433,single_train,single,which,lookup
146432,single_train,single,which,lookup
146438,single_train,single,which,lookup
146445,single_train,single,which,lookup
146436,single_train,single,when,lookup
146442,single_train,single,which,lookup
21285,single_train,single,which,lookup
21288,single_train,single,how_many,lookup
21286,single_train,single,what,lookup
21289,single_train,single,which,lookup
21287,single_train,single,which,lookup
165091,single_train,single,how_many,lookup
165098,single_train,single,which,lookup
165096,single_train,single,what,lookup
165099,single_train,single,which,lookup
165094,single_train,single,how_many,reasoning
165095,single_train,single,what,lookup
165097,single_train,single,which,lookup
54299,single_train,single,how_many,lookup
54301,single_train,single,count,reasoning
54298,single_train,single,which,lookup
54300,single_train,single,how_many,lookup
54296,single_train,single,other,lookup
54303,single_train,single,how_many,reasoning
54295,single_train,single,which,lookup
54302,single_train,single,how_many,reasoning
54293,single_train,single,which,lookup
54297,single_train,single,other,lookup
54294,single_train,single,list,reasoning
84567,single_train,single,how_many,reasoning
84565,single_train,single,how_many,lookup
84561,single_train,single,which,lookup
84566,single_train,single,how_many,reasoning
84562,single_train,single,which,lookup
84563,single_train,single,which,lookup
84568,single_train,single,how_many,reasoning
84564,single_train,single,how_many,reasoning
146551,single_train,single,how_many,reasoning
146544,single_train,single,what,lookup
146546,single_train,single,what,lookup
146553,single_train,single,which,lookup
146540,single_train,single,which,lookup
146550,single_train,single,what,lookup
146542,single_train,single,which,lookup
146543,single_train,single,how_many,reasoning
146548,single_train,single,what,lookup
146545,single_train,single,list,lookup
36363,single_train,single,which,reasoning
36359,single_train,single,how_many,lookup
36365,single_train,single,which,lookup
36360,single_train,single,which,lookup
36361,single_train,single,how_many,lookup
36362,single_train,single,how_many,reasoning
36364,single_train,single,compare,lookup
117580,single_train,single,how_many,reasoning
117582,single_train,single,which,lookup
117585,single_train,single,what,lookup
117583,single_train,single,what,lookup
117578,single_train,single,how_many,lookup
117586,single_train,single,how_many,reasoning
117579,single_train,single,list,lookup
117581,single_train,single,when,lookup
117584,single_train,single,how_many,reasoning
93477,single_train,single,how_many,reasoning
93473,single_train,single,how_many,lookup
93469,single_train,single,list,reasoning
93470,single_train,single,how_many,reasoning
93474,single_train,single,what,reasoning
93475,single_train,single,how_many,reasoning
93472,single_train,single,what,lookup
93476,single_train,single,how_many,reasoning
17756,single_train,single,how_many,reasoning
17750,single_train,single,what,lookup
17759,single_train,single,how_many,reasoning
17752,single_train,single,how_many,reasoning
17754,single_train,single,what,lookup
17753,single_train,single,which,lookup
17755,single_train,single,which,lookup
17751,single_train,single,when,lookup
166060,single_train,single,which,lookup
166055,single_train,single,what,lookup
166058,single_train,single,which,reasoning
166057,single_train,single,what,lookup
166061,single_train,single,how_many,reasoning
166059,single_train,single,other,lookup
78563,single_train,single,what,lookup
78566,single_train,single,how_many,reasoning
78560,single_train,single,which,lookup
78568,single_train,single,how_many,reasoning
78564,single_train,single,other,lookup
78565,single_train,single,which,lookup
66691,single_train,single,how_many,lookup
66690,single_train,single,how_many,lookup
66694,single_train,single,how_many,reasoning
66685,single_train,single,how_many,reasoning
66688,single_train,single,how_many,reasoning
66689,single_train,single,which,lookup
66692,single_train,single,how_many,reasoning
66687,single_train,single,how_many,lookup
66686,single_train,single,how_many,lookup
66693,single_train,single,when,lookup
40728,single_train,single,how_many,reasoning
40729,single_train,single,what,lookup
40736,single_train,single,how_many,reasoning
40732,single_train,single,how_many,reasoning
40727,single_train,single,how_many,lookup
40726,single_train,single,how_many,lookup
40730,single_train,single,how_many,lookup
40731,single_train,single,how_many,lookup
55762,single_train,single,which,reasoning
55761,single_train,single,which,lookup
55764,single_train,single,other,lookup
55763,single_train,single,which,lookup
55760,single_train,single,list,reasoning
55766,single_train,single,which,lookup
55767,single_train,single,how_many,lookup
55765,single_train,single,how_many,lookup
140356,single_train,single,other,lookup
140351,single_train,single,how_many,reasoning
140348,single_train,single,what,lookup
140353,single_train,single,how_many,lookup
140358,single_train,single,how_many,reasoning
140355,single_train,single,what,lookup
140361,single_train,single,how_many,reasoning
140362,single_train,single,when,reasoning
140350,single_train,single,when,lookup
140357,single_train,single,which,lookup
140359,single_train,single,what,lookup
140352,single_train,single,other,lookup
140360,single_train,single,list,lookup
140354,single_train,single,how_many,reasoning
30563,single_train,single,what,lookup
30561,single_train,single,how_many,reasoning
30562,single_train,single,how_many,lookup
30559,single_train,single,what,lookup
30558,single_train,single,how_many,lookup
30560,single_train,single,when,lookup
30564,single_train,single,how_many,reasoning
30566,single_train,single,compare,reasoning
103319,single_train,single,how_many,reasoning
103315,single_train,single,which,lookup
27054,single_train,single,which,lookup
27049,single_train,single,how_many,lookup
27059,single_train,single,how_many,reasoning
27053,single_train,single,what,lookup
27052,single_train,single,which,lookup
27056,single_train,single,which,lookup
27051,single_train,single,how_many,reasoning
27050,single_train,single,how_many,reasoning
27057,single_train,single,what,lookup
27058,single_train,single,compare,reasoning
47841,single_train,single,which,lookup
47838,single_train,single,which,lookup
47839,single_train,single,how_many,lookup
47837,single_train,single,which,lookup
47840,single_train,single,other,lookup
96286,single_train,single,when,lookup
96288,single_train,single,count,lookup
96291,single_train,single,how_many,reasoning
96290,single_train,single,how_many,lookup
96287,single_train,single,count,lookup
96289,single_train,single,what,lookup
96284,single_train,single,which,reasoning
118560,single_train,single,other,lookup
118558,single_train,single,which,lookup
118561,single_train,single,which,lookup
118554,single_train,single,which,reasoning
118563,single_train,single,when,lookup
118557,single_train,single,which,lookup
118562,single_train,single,which,lookup
118564,single_train,single,what,lookup
118555,single_train,single,list,reasoning
118556,single_train,single,which,lookup
38277,single_train,single,which,lookup
38272,single_train,single,which,lookup
38271,single_train,single,which,lookup
38275,single_train,single,how_many,lookup
38274,single_train,single,how_many,reasoning
38276,single_train,single,what,lookup
38278,single_train,single,how_many,reasoning
38273,single_train,single,which,lookup
114551,single_train,single,how_many,reasoning
114553,single_train,single,how_many,reasoning
114552,single_train,single,what,lookup
27011,single_train,single,which,lookup
27015,single_train,single,how_many,lookup
27012,single_train,single,which,lookup
27010,single_train,single,how_many,reasoning
27007,single_train,single,how_many,lookup
27014,single_train,single,how_many,reasoning
27013,single_train,single,which,lookup
27008,single_train,single,what,lookup
27009,single_train,single,which,lookup
33509,single_train,single,what,lookup
33511,single_train,single,compare,reasoning
33516,single_train,single,which,lookup
33514,single_train,single,how_many,lookup
33513,single_train,single,what,lookup
33510,single_train,single,what,lookup
33515,single_train,single,how_many,reasoning
140147,single_train,single,other,lookup
140145,single_train,single,how_many,reasoning
140150,single_train,single,other,reasoning
140148,single_train,single,what,lookup
140143,single_train,single,how_many,lookup
140146,single_train,single,what,lookup
79489,single_train,single,how_many,reasoning
79483,single_train,single,which,lookup
79482,single_train,single,which,lookup
79486,single_train,single,what,lookup
79485,single_train,single,other,reasoning
79484,single_train,single,how_many,reasoning
79481,single_train,single,what,lookup
79487,single_train,single,which,lookup
79488,single_train,single,how_many,reasoning
112020,single_train,single,count,lookup
112025,single_train,single,how_many,reasoning
112018,single_train,single,how_many,lookup
112017,single_train,single,what,lookup
112024,single_train,single,which,lookup
55059,single_train,single,how_many,reasoning
55058,single_train,single,which,lookup
55064,single_train,single,how_many,lookup
55063,single_train,single,which,lookup
55060,single_train,single,which,lookup
55061,single_train,single,how_many,lookup
55065,single_train,single,how_many,lookup
55807,single_train,single,how_many,reasoning
55802,single_train,single,which,reasoning
55804,single_train,single,which,lookup
55803,single_train,single,other,lookup
55805,single_train,single,count,reasoning
62859,single_train,single,how_many,lookup
62860,single_train,single,how_many,reasoning
62856,single_train,single,how_many,reasoning
62861,single_train,single,how_many,lookup
62855,single_train,single,how_many,lookup
62858,single_train,single,how_many,reasoning
62863,single_train,single,how_many,reasoning
62857,single_train,single,what,lookup
62854,single_train,single,how_many,reasoning
62853,single_train,single,which,reasoning
139677,single_train,single,what,lookup
139680,single_train,single,when,lookup
139670,single_train,single,how_many,lookup
139673,single_train,single,how_many,reasoning
139676,single_train,single,what,lookup
139674,single_train,single,how_many,lookup
139678,single_train,single,how_many,reasoning
139679,single_train,single,which,lookup
139675,single_train,single,other,lookup
139671,single_train,single,how_many,lookup
147416,single_train,single,how_many,reasoning
147411,single_train,single,which,lookup
147412,single_train,single,which,lookup
147413,single_train,single,compare,reasoning
147408,single_train,single,which,lookup
15153,single_train,single,how_many,lookup
15155,single_train,single,list,lookup
15151,single_train,single,how_many,reasoning
15149,single_train,single,how_many,reasoning
15157,single_train,single,how_many,reasoning
15150,single_train,single,how_many,reasoning
15152,single_train,single,which,lookup
142499,single_train,single,which,lookup
142490,single_train,single,which,lookup
142491,single_train,single,other,lookup
142498,single_train,single,how_many,lookup
142495,single_train,single,other,lookup
142500,single_train,single,how_many,reasoning
142496,single_train,single,which,lookup
142494,single_train,single,which,lookup
51415,single_train,single,which,lookup
51416,single_train,single,how_many,lookup
51418,single_train,single,which,lookup
51420,single_train,single,how_many,lookup
51414,single_train,single,which,lookup
51417,single_train,single,what,lookup
51423,single_train,single,how_many,reasoning
51413,single_train,single,which,lookup
51419,single_train,single,which,lookup
101147,single_train,single,list,lookup
101145,single_train,single,how_many,reasoning
101146,single_train,single,what,lookup
101143,single_train,single,which,lookup
101144,single_train,single,what,lookup
31180,single_train,single,which,lookup
31182,single_train,single,what,lookup
31187,single_train,single,how_many,reasoning
31186,single_train,single,which,lookup
31178,single_train,single,which,lookup
31184,single_train,single,how_many,reasoning
31179,single_train,single,what,lookup
31183,single_train,single,which,lookup
31185,single_train,single,what,lookup
31181,single_train,single,how_many,reasoning
24747,single_train,single,what,lookup
24743,single_train,single,which,lookup
24755,single_train,single,how_many,reasoning
24749,single_train,single,when,lookup
24742,single_train,single,which,lookup
24748,single_train,single,how_many,reasoning
24746,single_train,single,what,lookup
24750,single_train,single,which,lookup
24745,single_train,single,what,lookup
24741,single_train,single,which,lookup
24751,single_train,single,how_many,reasoning
27120,single_train,single,which,lookup
27127,single_train,single,what,lookup
27125,single_train,single,how_many,reasoning
27124,single_train,single,how_many,reasoning
27122,single_train,single,which,reasoning
27119,single_train,single,what,lookup
27118,single_train,single,what,lookup
27126,single_train,single,which,reasoning
27121,single_train,single,how_many,reasoning
27123,single_train,single,which,lookup
113268,single_train,single,how_many,lookup
113271,single_train,single,which,lookup
113269,single_train,single,which,lookup
113274,single_train,single,how_many,reasoning
68995,single_train,single,which,reasoning
68999,single_train,single,which,lookup
68994,single_train,single,how_many,reasoning
68996,single_train,single,which,reasoning
69000,single_train,single,which,lookup
68992,single_train,single,which,reasoning
69004,single_train,single,which,reasoning
69003,single_train,single,which,lookup
68997,single_train,single,which,lookup
68991,single_train,single,which,lookup
68998,single_train,single,how_many,reasoning
69002,single_train,single,which,reasoning
68993,single_train,single,what,lookup
69001,single_train,single,which,lookup
56179,single_train,single,which,lookup
56181,single_train,single,how_many,lookup
56183,single_train,single,how_many,reasoning
56182,single_train,single,how_many,lookup
56184,single_train,single,how_many,reasoning
56180,single_train,single,other,lookup
69160,single_train,single,other,lookup
69161,single_train,single,which,lookup
69162,single_train,single,how_many,reasoning
69164,single_train,single,how_many,reasoning
69159,single_train,single,which,lookup
77930,single_train,single,how_many,lookup
77935,single_train,single,how_many,reasoning
77934,single_train,single,how_many,lookup
77933,single_train,single,when,reasoning
77931,single_train,single,compare,reasoning
77928,single_train,single,which,reasoning
77929,single_train,single,how_many,lookup
77926,single_train,single,how_many,lookup
77927,single_train,single,how_many,reasoning
77925,single_train,single,what,reasoning
77924,single_train,single,how_many,lookup
48284,single_train,single,how_many,lookup
48280,single_train,single,which,lookup
48279,single_train,single,which,reasoning
48286,single_train,single,how_many,reasoning
48283,single_train,single,how_many,lookup
48278,single_train,single,list,reasoning
48287,single_train,single,how_many,reasoning
48281,single_train,single,other,lookup
48282,single_train,single,which,lookup
88901,single_train,single,how_many,lookup
88902,single_train,single,how_many,reasoning
88900,single_train,single,when,lookup
88897,single_train,single,compare,lookup
88898,single_train,single,which,lookup
88899,single_train,single,how_many,lookup
127663,single_train,single,which,lookup
127665,single_train,single,what,lookup
127666,single_train,single,how_many,reasoning
127664,single_train,single,count,reasoning
127669,single_train,single,how_many,reasoning
100827,single_train,single,how_many,reasoning
100824,single_train,single,which,lookup
100826,single_train,single,which,lookup
100825,single_train,single,other,lookup
100821,single_train,single,what,reasoning
102146,single_train,single,other,lookup
102145,single_train,single,what,lookup
102148,single_train,single,how_many,reasoning
102141,single_train,single,what,lookup
102143,single_train,single,which,lookup
102144,single_train,single,how_many,reasoning
102142,single_train,single,what,lookup
163185,single_train,single,how_many,reasoning
163180,single_train,single,how_many,lookup
163174,single_train,single,how_many,reasoning
163181,single_train,single,how_many,reasoning
163173,single_train,single,how_many,lookup
163171,single_train,single,what,lookup
163172,single_train,single,what,lookup
163178,single_train,single,which,lookup
163177,single_train,single,how_many,reasoning
163179,single_train,single,how_many,lookup
163175,single_train,single,what,lookup
92642,single_train,single,which,lookup
92644,single_train,single,what,lookup
92640,single_train,single,list,lookup
92637,single_train,single,what,reasoning
92638,single_train,single,how_many,reasoning
92643,single_train,single,how_many,lookup
92641,single_train,single,when,reasoning
92639,single_train,single,how_many,reasoning
92645,single_train,single,what,lookup
92648,single_train,single,how_many,reasoning
92647,single_train,single,how_many,reasoning
92646,single_train,single,how_many,reasoning
76511,single_train,single,what,reasoning
76510,single_train,single,how_many,reasoning
76520,single_train,single,how_many,reasoning
76513,single_train,single,which,reasoning
76515,single_train,single,which,reasoning
76512,single_train,single,how_many,reasoning
76516,single_train,single,how_many,reasoning
76509,single_train,single,what,lookup
76514,single_train,single,what,lookup
101794,single_train,single,which,lookup
101795,single_train,single,how_many,reasoning
101792,single_train,single,how_many,reasoning
101789,single_train,single,which,lookup
101790,single_train,single,what,lookup
101791,single_train,single,which,lookup
81200,single_train,single,which,lookup
81201,single_train,single,compare,reasoning
81199,single_train,single,which,lookup
56529,single_train,single,which,lookup
56531,single_train,single,how_many,lookup
56530,single_train,single,which,lookup
56535,single_train,single,how_many,lookup
56532,single_train,single,how_many,lookup
56533,single_train,single,which,lookup
56534,single_train,single,how_many,lookup
37162,single_train,single,what,reasoning
37160,single_train,single,what,lookup
37159,single_train,single,when,reasoning
37169,single_train,single,how_many,reasoning
37163,single_train,single,which,lookup
37165,single_train,single,how_many,reasoning
37158,single_train,single,what,lookup
37161,single_train,single,how_many,reasoning
37164,single_train,single,which,reasoning
37166,single_train,single,which,lookup
125647,single_train,single,how_many,reasoning
125655,single_train,single,how_many,reasoning
125645,single_train,single,which,lookup
125651,single_train,single,how_many,reasoning
125650,single_train,single,which,lookup
125646,single_train,single,which,lookup
125648,single_train,single,which,lookup
125649,single_train,single,how_many,lookup
125653,single_train,single,what,lookup
125654,single_train,single,which,lookup
123701,single_train,single,what,lookup
123699,single_train,single,which,lookup
123694,single_train,single,what,reasoning
123695,single_train,single,which,lookup
123698,single_train,single,what,lookup
123700,single_train,single,what,lookup
69875,single_train,single,which,lookup
69871,single_train,single,which,lookup
69877,single_train,single,which,lookup
69876,single_train,single,how_many,reasoning
69872,single_train,single,how_many,reasoning
69873,single_train,single,which,lookup
69870,single_train,single,other,lookup
69880,single_train,single,how_many,reasoning
69869,single_train,single,which,lookup
69874,single_train,single,which,reasoning
60184,single_train,single,which,lookup
60189,single_train,single,how_many,reasoning
60185,single_train,single,other,lookup
60182,single_train,single,which,lookup
60187,single_train,single,which,lookup
60183,single_train,single,which,lookup
60188,single_train,single,how_many,lookup
60181,single_train,single,list,reasoning
60186,single_train,single,how_many,lookup
154578,single_train,single,how_many,reasoning
154577,single_train,single,which,lookup
154584,single_train,single,which,lookup
154580,single_train,single,what,lookup
154583,single_train,single,which,lookup
154575,single_train,single,what,lookup
154579,single_train,single,which,lookup
154581,single_train,single,how_many,reasoning
150244,single_train,single,which,lookup
150250,single_train,single,how_many,reasoning
150247,single_train,single,when,lookup
150243,single_train,single,how_many,lookup
150239,single_train,single,which,lookup
150245,single_train,single,how_many,reasoning
150246,single_train,single,which,lookup
150241,single_train,single,how_many,lookup
150242,single_train,single,how_many,reasoning
150240,single_train,single,which,lookup
69736,single_train,single,which,lookup
69732,single_train,single,compare,reasoning
69739,single_train,single,which,reasoning
69735,single_train,single,which,lookup
69738,single_train,single,how_many,reasoning
69734,single_train,single,how_many,reasoning
69733,single_train,single,how_many,reasoning
69743,single_train,single,other,lookup
69741,single_train,single,what,lookup
69745,single_train,single,how_many,reasoning
69740,single_train,single,what,reasoning
69742,single_train,single,how_many,reasoning
69737,single_train,single,which,lookup
69731,single_train,single,how_many,reasoning
137050,single_train,single,how_many,lookup
137046,single_train,single,which,lookup
137049,single_train,single,which,lookup
137052,single_train,single,which,lookup
137048,single_train,single,how_many,lookup
137051,single_train,single,which,reasoning
151846,single_train,single,which,lookup
151844,single_train,single,which,lookup
151845,single_train,single,what,reasoning
151848,single_train,single,which,lookup
151849,single_train,single,how_many,lookup
151847,single_train,single,how_many,reasoning
151853,single_train,single,how_many,reasoning
151978,single_train,single,what,lookup
151980,single_train,single,what,lookup
151975,single_train,single,other,lookup
151974,single_train,single,what,lookup
151976,single_train,single,how_many,lookup
151979,single_train,single,other,lookup
151981,single_train,single,how_many,reasoning
151977,single_train,single,how_many,reasoning
102750,single_train,single,which,lookup
102746,single_train,single,which,lookup
102754,single_train,single,how_many,reasoning
102745,single_train,single,which,lookup
102747,single_train,single,how_many,reasoning
102752,single_train,single,other,lookup
102748,single_train,single,which,lookup
102749,single_train,single,which,lookup
102751,single_train,single,which,lookup
85488,single_train,single,which,lookup
85483,single_train,single,which,lookup
85492,single_train,single,how_many,lookup
85485,single_train,single,which,lookup
85489,single_train,single,which,lookup
85491,single_train,single,how_many,lookup
85493,single_train,single,how_many,reasoning
85482,single_train,single,which,lookup
85486,single_train,single,compare,lookup
85484,single_train,single,which,lookup
85490,single_train,single,how_many,lookup
85494,single_train,single,what,reasoning
22430,single_train,single,which,lookup
22423,single_train,single,what,lookup
22422,single_train,single,how_many,lookup
22428,single_train,single,which,lookup
22429,single_train,single,how_many,reasoning
22427,single_train,single,what,lookup
22424,single_train,single,which,lookup
22425,single_train,single,how_many,reasoning
22426,single_train,single,which,lookup
18910,single_train,single,what,lookup
18915,single_train,single,how_many,reasoning
18914,single_train,single,which,lookup
18911,single_train,single,how_many,reasoning
18909,single_train,single,compare,lookup
59874,single_train,single,list,lookup
59878,single_train,single,how_many,reasoning
59873,single_train,single,which,lookup
59872,single_train,single,which,reasoning
59875,single_train,single,how_many,lookup
59871,single_train,single,which,reasoning
95727,single_train,single,how_many,reasoning
95721,single_train,single,compare,lookup
95723,single_train,single,what,lookup
95728,single_train,single,how_many,reasoning
95722,single_train,single,when,lookup
119103,single_train,single,which,lookup
119105,single_train,single,which,lookup
119104,single_train,single,other,lookup
119100,single_train,single,compare,reasoning
119101,single_train,single,how_many,lookup
109138,single_train,single,compare,lookup
109139,single_train,single,which,reasoning
109136,single_train,single,how_many,reasoning
109135,single_train,single,what,reasoning
109132,single_train,single,how_many,reasoning
82108,single_train,single,other,reasoning
82105,single_train,single,which,lookup
82111,single_train,single,how_many,reasoning
82104,single_train,single,when,lookup
126892,single_train,single,which,lookup
126891,single_train,single,which,lookup
126889,single_train,single,which,lookup
126885,single_train,single,which,lookup
126884,single_train,single,which,reasoning
126888,single_train,single,other,lookup
126886,single_train,single,how_many,reasoning
50443,single_train,single,what,reasoning
50444,single_train,single,how_many,reasoning
50438,single_train,single,which,lookup
50439,single_train,single,how_many,lookup
50437,single_train,single,compare,reasoning
50440,single_train,single,how_many,lookup
117927,single_train,single,what,lookup
117926,single_train,single,what,reasoning
117925,single_train,single,which,lookup
117924,single_train,single,which,reasoning
117923,single_train,single,which,lookup
75585,single_train,single,which,reasoning
75586,single_train,single,how_many,reasoning
75588,single_train,single,list,lookup
75589,single_train,single,which,lookup
75590,single_train,single,how_many,reasoning
113504,single_train,single,how_many,reasoning
113495,single_train,single,compare,reasoning
113498,single_train,single,which,lookup
113497,single_train,single,how_many,reasoning
41250,single_train,single,how_many,reasoning
41253,single_train,single,other,reasoning
64398,single_train,single,other,lookup
64390,single_train,single,how_many,reasoning
64388,single_train,single,how_many,lookup
7992,single_train,single,how_many,reasoning
7985,single_train,single,how_many,reasoning
7989,single_train,single,how_many,reasoning
7983,single_train,single,count,reasoning
7987,single_train,single,how_many,lookup
4352,single_train,single,how_many,reasoning
4343,single_train,single,which,lookup
4348,single_train,single,which,reasoning
4345,single_train,single,how_many,reasoning
54274,single_train,single,how_many,reasoning
54267,single_train,single,which,lookup
54266,single_train,single,which,lookup
134214,single_train,single,which,lookup
134210,single_train,single,how_many,lookup
134212,single_train,single,how_many,reasoning
3047,single_train,single,how_many,reasoning
3045,single_train,single,how_many,lookup
49029,single_train,single,how_many,lookup
49028,single_train,single,which,lookup
83117,single_train,single,how_many,lookup
83123,single_train,single,how_many,reasoning
83114,single_train,single,how_many,lookup
83116,single_train,single,compare,reasoning
83119,single_train,single,how_many,reasoning
83121,single_train,single,what,lookup
110622,single_train,single,how_many,reasoning
110626,single_train,single,how_many,reasoning
110624,single_train,single,list,lookup
53729,single_train,single,which,lookup
53735,single_train,single,how_many,reasoning
53730,single_train,single,other,lookup
53734,single_train,single,count,reasoning
53736,single_train,single,how_many,reasoning
53728,single_train,single,which,lookup
46818,single_train,single,list,reasoning
46816,single_train,single,how_many,lookup
134961,single_train,single,how_many,reasoning
134957,single_train,single,compare,reasoning
96366,single_train,single,how_many,reasoning
8922,single_train,single,how_many,reasoning
125258,single_train,single,how_many,reasoning
157324,single_train,single,how_many,reasoning
248,single_train,single,how_many,reasoning
256,single_train,single,how_many,reasoning
252,single_train,single,how_many,reasoning
70052,single_train,single,how_many,reasoning
119063,single_train,single,how_many,reasoning
28518,single_train,single,how_many,reasoning
28521,single_train,single,how_many,reasoning
67101,single_train,single,how_many,reasoning
67104,single_train,single,how_many,reasoning
160442,single_train,single,how_many,reasoning
160444,single_train,single,how_many,reasoning
160438,single_train,single,how_many,reasoning
113172,single_train,single,how_many,reasoning
113176,single_train,single,how_many,reasoning
51793,single_train,single,how_many,reasoning
108087,single_train,single,how_many,reasoning
108090,single_train,single,how_many,reasoning
118977,single_train,single,how_many,reasoning
10697,single_train,single,how_many,reasoning
10705,single_train,single,how_many,reasoning
43243,single_train,single,how_many,reasoning
43247,single_train,single,how_many,reasoning
126656,single_train,single,how_many,reasoning
126660,single_train,single,how_many,reasoning
106944,single_train,single,how_many,reasoning
106940,single_train,single,how_many,reasoning
143918,single_train,single,how_many,reasoning
143922,single_train,single,how_many,reasoning
33574,single_train,single,how_many,reasoning
33578,single_train,single,when,reasoning
44106,single_train,single,how_many,reasoning
44102,single_train,single,how_many,reasoning
90883,single_train,single,how_many,reasoning
90885,single_train,single,how_many,reasoning
41554,single_train,single,how_many,reasoning
41560,single_train,single,how_many,reasoning
30937,single_train,single,when,reasoning
49518,single_train,single,how_many,reasoning
152611,single_train,single,how_many,reasoning
152615,single_train,single,how_many,reasoning
131283,single_train,single,how_many,reasoning
131280,single_train,single,how_many,reasoning
131286,single_train,single,how_many,reasoning
109851,single_train,single,how_many,reasoning
109855,single_train,single,how_many,reasoning
109847,single_train,single,how_many,reasoning
52774,single_train,single,how_many,reasoning
52773,single_train,single,how_many,reasoning
115277,single_train,single,how_many,reasoning
115278,single_train,single,how_many,reasoning
38776,single_train,single,how_many,reasoning
38780,single_train,single,how_many,reasoning
38773,single_train,single,how_many,reasoning
94578,single_train,single,how_many,reasoning
165103,single_train,single,how_many,reasoning
56721,single_train,single,how_many,reasoning
56719,single_train,single,how_many,reasoning
56720,single_train,single,how_many,reasoning
9510,single_train,single,how_many,reasoning
9503,single_train,single,how_many,reasoning
9506,single_train,single,how_many,reasoning
87691,single_train,single,how_many,reasoning
87692,single_train,single,how_many,reasoning
87693,single_train,single,how_many,reasoning
27243,single_train,single,how_many,reasoning
27240,single_train,single,how_many,reasoning
82218,single_train,single,how_many,reasoning
82221,single_train,single,how_many,reasoning
82224,single_train,single,how_many,reasoning
62796,single_train,single,how_many,reasoning
62793,single_train,single,how_many,reasoning
60961,single_train,single,count,reasoning
27173,single_train,single,how_many,reasoning
166443,single_train,single,how_many,reasoning
126668,single_train,single,how_many,reasoning
126671,single_train,single,how_many,reasoning
56449,single_train,single,count,reasoning
56450,single_train,single,how_many,reasoning
6142,single_train,single,how_many,reasoning
6138,single_train,single,how_many,reasoning
60137,single_train,single,how_many,reasoning
60139,single_train,single,how_many,reasoning
73318,single_train,single,how_many,reasoning
73311,single_train,single,how_many,reasoning
70258,single_train,single,how_many,reasoning
129395,single_train,single,how_many,reasoning
129391,single_train,single,how_many,reasoning
105742,single_train,single,how_many,reasoning
109581,single_train,single,how_many,reasoning
109585,single_train,single,how_many,reasoning
29547,single_train,single,how_many,reasoning
29550,single_train,single,how_many,reasoning
61512,single_train,single,how_many,reasoning
61511,single_train,single,how_many,reasoning
10007,single_train,single,how_many,reasoning
10009,single_train,single,how_many,reasoning
10013,single_train,single,how_many,reasoning
48133,single_train,single,count,reasoning
44535,single_train,single,how_many,reasoning
44542,single_train,single,how_many,reasoning
44539,single_train,single,how_many,reasoning
107710,single_train,single,how_many,reasoning
107707,single_train,single,how_many,reasoning
161029,single_train,single,how_many,reasoning
57076,single_train,single,how_many,reasoning
69479,single_train,single,how_many,reasoning
69485,single_train,single,how_many,reasoning
122917,single_train,single,how_many,reasoning
7235,single_train,single,how_many,reasoning
52060,single_train,single,how_many,reasoning
114445,single_train,single,how_many,reasoning
114449,single_train,single,compare,reasoning
81727,single_train,single,which,reasoning
40209,single_train,single,how_many,reasoning
40206,single_train,single,how_many,reasoning
125047,single_train,single,how_many,reasoning
145536,single_train,single,how_many,reasoning
145529,single_train,single,how_many,reasoning
145533,single_train,single,how_many,reasoning
15517,single_train,single,how_many,reasoning
15521,single_train,single,how_many,reasoning
41974,single_train,single,how_many,reasoning
67898,single_train,single,how_many,reasoning
67894,single_train,single,how_many,reasoning
67890,single_train,single,how_many,reasoning
59781,single_train,single,count,reasoning
59783,single_train,single,how_many,reasoning
59782,single_train,single,how_many,reasoning
46057,single_train,single,how_many,reasoning
46060,single_train,single,how_many,reasoning
60529,single_train,single,count,reasoning
119464,single_train,single,how_many,reasoning
82285,single_train,single,how_many,reasoning
82289,single_train,single,how_many,reasoning
82293,single_train,single,how_many,reasoning
82296,single_train,single,how_many,reasoning
58973,single_train,single,what,reasoning
58975,single_train,single,how_many,reasoning
71596,single_train,single,which,reasoning
71593,single_train,single,how_many,reasoning
71600,single_train,single,how_many,reasoning
109396,single_train,single,how_many,reasoning
145518,single_train,single,how_many,reasoning
145514,single_train,single,how_many,reasoning
36773,single_train,single,how_many,reasoning
36777,single_train,single,how_many,reasoning
36781,single_train,single,how_many,reasoning
101741,single_train,single,which,reasoning
101738,single_train,single,which,reasoning
115533,single_train,single,how_many,reasoning
115536,single_train,single,how_many,reasoning
40396,single_train,single,how_many,reasoning
157567,single_train,single,how_many,reasoning
134981,single_train,single,how_many,reasoning
134986,single_train,single,how_many,reasoning
134984,single_train,single,how_many,reasoning
134978,single_train,single,how_many,reasoning
11440,single_train,single,how_many,reasoning
11442,single_train,single,how_many,reasoning
81434,single_train,single,how_many,reasoning
81437,single_train,single,which,lookup
81433,single_train,single,other,lookup
81430,single_train,single,how_many,lookup
81431,single_train,single,what,lookup
81438,single_train,single,how_many,reasoning
81429,single_train,single,how_many,lookup
111705,single_train,single,count,lookup
111706,single_train,single,which,lookup
111704,single_train,single,how_many,lookup
111708,single_train,single,how_many,reasoning
22594,single_train,single,when,lookup
22596,single_train,single,which,lookup
31423,single_train,single,which,lookup
31427,single_train,single,how_many,reasoning
31421,single_train,single,which,lookup
31420,single_train,single,which,lookup
31419,single_train,single,how_many,lookup
31422,single_train,single,what,lookup
22498,single_train,single,how_many,reasoning
22496,single_train,single,how_many,reasoning
22497,single_train,single,how_many,reasoning
22499,single_train,single,what,lookup
22500,single_train,single,how_many,lookup
22501,single_train,single,how_many,reasoning
144896,single_train,single,which,lookup
144889,single_train,single,other,lookup
144895,single_train,single,count,lookup
144890,single_train,single,when,lookup
144888,single_train,single,what,lookup
10953,single_train,single,how_many,reasoning
10952,single_train,single,which,lookup
10951,single_train,single,which,reasoning
10948,single_train,single,which,lookup
10957,single_train,single,which,reasoning
10955,single_train,single,what,lookup
10949,single_train,single,which,lookup
10950,single_train,single,which,lookup
10956,single_train,single,which,lookup
10954,single_train,single,which,lookup
149397,single_train,single,how_many,reasoning
149393,single_train,single,what,lookup
149390,single_train,single,which,lookup
149396,single_train,single,how_many,reasoning
149395,single_train,single,which,lookup
93963,single_train,single,which,lookup
93962,single_train,single,list,reasoning
93965,single_train,single,how_many,lookup
93964,single_train,single,how_many,lookup
93960,single_train,single,which,reasoning
93961,single_train,single,what,reasoning
111741,single_train,single,how_many,reasoning
111732,single_train,single,which,lookup
111736,single_train,single,which,lookup
162676,single_train,single,how_many,reasoning
162675,single_train,single,which,lookup
162671,single_train,single,how_many,lookup
162673,single_train,single,when,lookup
162672,single_train,single,how_many,lookup
162674,single_train,single,how_many,reasoning
66291,single_train,single,which,lookup
66293,single_train,single,which,lookup
66292,single_train,single,how_many,reasoning
66290,single_train,single,what,lookup
41171,single_train,single,which,reasoning
41168,single_train,single,how_many,reasoning
41167,single_train,single,how_many,reasoning
41170,single_train,single,which,reasoning
41175,single_train,single,how_many,reasoning
41169,single_train,single,how_many,lookup
138402,single_train,single,which,lookup
138405,single_train,single,what,lookup
138406,single_train,single,how_many,reasoning
138403,single_train,single,which,lookup
138404,single_train,single,how_many,reasoning
134093,single_train,single,which,lookup
134090,single_train,single,which,lookup
134092,single_train,single,how_many,lookup
134091,single_train,single,how_many,reasoning
134094,single_train,single,how_many,reasoning
134095,single_train,single,what,lookup
134088,single_train,single,which,reasoning
13124,single_train,single,which,lookup
13122,single_train,single,which,lookup
13123,single_train,single,how_many,reasoning
13121,single_train,single,what,lookup
13120,single_train,single,which,lookup
40196,single_train,single,how_many,lookup
40198,single_train,single,which,lookup
40199,single_train,single,how_many,reasoning
40197,single_train,single,which,lookup
40202,single_train,single,how_many,reasoning
40200,single_train,single,list,lookup
120653,single_train,single,which,lookup
120651,single_train,single,which,lookup
120656,single_train,single,how_many,reasoning
120649,single_train,single,which,lookup
120652,single_train,single,which,lookup
120654,single_train,single,what,lookup
136670,single_train,single,how_many,reasoning
136673,single_train,single,how_many,reasoning
136675,single_train,single,list,lookup
136666,single_train,single,how_many,lookup
136664,single_train,single,how_many,lookup
136669,single_train,single,how_many,reasoning
136667,single_train,single,how_many,reasoning
136665,single_train,single,count,lookup
136668,single_train,single,how_many,lookup
136672,single_train,single,which,lookup
80866,single_train,single,how_many,reasoning
80867,single_train,single,which,lookup
80861,single_train,single,what,lookup
80864,single_train,single,what,lookup
80859,single_train,single,which,lookup
80865,single_train,single,what,lookup
80872,single_train,single,how_many,reasoning
80869,single_train,single,what,lookup
80862,single_train,single,how_many,reasoning
80868,single_train,single,which,lookup
80863,single_train,single,what,lookup
112320,single_train,single,what,lookup
112319,single_train,single,which,lookup
112317,single_train,single,how_many,reasoning
112321,single_train,single,which,lookup
112314,single_train,single,which,lookup
112315,single_train,single,other,lookup
112316,single_train,single,which,lookup
112318,single_train,single,what,lookup
44881,single_train,single,which,lookup
44875,single_train,single,how_many,reasoning
44872,single_train,single,which,lookup
44873,single_train,single,which,lookup
44874,single_train,single,which,lookup
44879,single_train,single,how_many,reasoning
44878,single_train,single,which,lookup
44877,single_train,single,which,lookup
44876,single_train,single,which,lookup
114876,single_train,single,how_many,reasoning
114881,single_train,single,which,lookup
114878,single_train,single,how_many,reasoning
114875,single_train,single,how_many,lookup
114879,single_train,single,which,lookup
114877,single_train,single,which,lookup
114874,single_train,single,how_many,lookup
114873,single_train,single,how_many,reasoning
114880,single_train,single,other,lookup
138530,single_train,single,how_many,reasoning
138532,single_train,single,other,lookup
138533,single_train,single,how_many,reasoning
138535,single_train,single,how_many,reasoning
138531,single_train,single,which,lookup
114667,single_train,single,how_many,reasoning
114662,single_train,single,count,lookup
114663,single_train,single,how_many,reasoning
161833,single_train,single,other,lookup
161827,single_train,single,other,lookup
161831,single_train,single,when,lookup
161832,single_train,single,how_many,reasoning
161830,single_train,single,which,lookup
161829,single_train,single,how_many,reasoning
161826,single_train,single,which,lookup
161834,single_train,single,which,lookup
161828,single_train,single,how_many,lookup
158450,single_train,single,compare,reasoning
158452,single_train,single,what,lookup
158457,single_train,single,how_many,reasoning
158460,single_train,single,how_many,reasoning
158456,single_train,single,what,lookup
158453,single_train,single,how_many,reasoning
93914,single_train,single,count,lookup
93917,single_train,single,how_many,reasoning
93911,single_train,single,how_many,reasoning
93910,single_train,single,compare,reasoning
93912,single_train,single,which,lookup
93913,single_train,single,when,reasoning
93915,single_train,single,how_many,lookup
93916,single_train,single,how_many,lookup
71634,single_train,single,which,lookup
71633,single_train,single,how_many,reasoning
71632,single_train,single,which,lookup
71630,single_train,single,what,lookup
71631,single_train,single,which,lookup
155791,single_train,single,how_many,reasoning
155788,single_train,single,how_many,reasoning
155786,single_train,single,which,lookup
155787,single_train,single,how_many,lookup
155789,single_train,single,which,lookup
155790,single_train,single,which,lookup
155785,single_train,single,which,lookup
27156,single_train,single,how_many,reasoning
27165,single_train,single,how_many,lookup
27159,single_train,single,how_many,lookup
27161,single_train,single,when,lookup
27163,single_train,single,what,lookup
27162,single_train,single,how_many,reasoning
27158,single_train,single,what,lookup
27166,single_train,single,how_many,reasoning
27164,single_train,single,how_many,lookup
27154,single_train,single,how_many,lookup
27160,single_train,single,how_many,reasoning
27155,single_train,single,what,lookup
27157,single_train,single,how_many,reasoning
26711,single_train,single,which,lookup
26708,single_train,single,which,lookup
26712,single_train,single,how_many,reasoning
26709,single_train,single,how_many,reasoning
26710,single_train,single,other,reasoning
26707,single_train,single,when,lookup
26713,single_train,single,how_many,reasoning
109992,single_train,single,which,lookup
109993,single_train,single,how_many,reasoning
109997,single_train,single,how_many,reasoning
109991,single_train,single,how_many,lookup
109989,single_train,single,which,lookup
109990,single_train,single,how_many,reasoning
109995,single_train,single,count,lookup
109996,single_train,single,which,lookup
122297,single_train,single,which,lookup
122303,single_train,single,how_many,reasoning
122302,single_train,single,which,lookup
122304,single_train,single,which,lookup
122305,single_train,single,compare,reasoning
122300,single_train,single,which,lookup
122301,single_train,single,which,lookup
122299,single_train,single,count,reasoning
122306,single_train,single,how_many,reasoning
122298,single_train,single,which,lookup
122296,single_train,single,which,lookup
29040,single_train,single,which,lookup
29047,single_train,single,which,lookup
29044,single_train,single,which,reasoning
29048,single_train,single,which,lookup
29038,single_train,single,which,reasoning
29045,single_train,single,how_many,reasoning
29046,single_train,single,what,lookup
29039,single_train,single,list,lookup
29043,single_train,single,which,lookup
29041,single_train,single,how_many,reasoning
29042,single_train,single,which,lookup
29049,single_train,single,how_many,reasoning
88738,single_train,single,which,lookup
88735,single_train,single,what,reasoning
88741,single_train,single,how_many,reasoning
88734,single_train,single,which,lookup
88736,single_train,single,which,lookup
88737,single_train,single,what,lookup
88733,single_train,single,what,reasoning
6012,single_train,single,how_many,reasoning
6007,single_train,single,how_many,reasoning
6004,single_train,single,how_many,lookup
6005,single_train,single,count,lookup
6006,single_train,single,compare,reasoning
6009,single_train,single,how_many,reasoning
104286,single_train,single,how_many,reasoning
92659,single_train,single,how_many,lookup
92650,single_train,single,what,reasoning
92652,single_train,single,which,lookup
92660,single_train,single,how_many,reasoning
92657,single_train,single,how_many,lookup
92655,single_train,single,list,lookup
92653,single_train,single,when,lookup
92651,single_train,single,which,reasoning
92658,single_train,single,how_many,reasoning
92656,single_train,single,how_many,lookup
92654,single_train,single,count,reasoning
92649,single_train,single,compare,reasoning
156742,single_train,single,how_many,reasoning
156749,single_train,single,how_many,reasoning
156744,single_train,single,how_many,reasoning
156743,single_train,single,how_many,reasoning
156745,single_train,single,other,lookup
63986,single_train,single,how_many,reasoning
63980,single_train,single,which,lookup
63982,single_train,single,how_many,reasoning
63985,single_train,single,which,lookup
63984,single_train,single,what,reasoning
63979,single_train,single,which,lookup
63983,single_train,single,how_many,lookup
63981,single_train,single,which,lookup
63989,single_train,single,how_many,reasoning
63988,single_train,single,which,lookup
99475,single_train,single,what,lookup
99481,single_train,single,when,lookup
99482,single_train,single,which,lookup
99477,single_train,single,how_many,lookup
99478,single_train,single,how_many,reasoning
99480,single_train,single,which,reasoning
99476,single_train,single,which,reasoning
99483,single_train,single,how_many,reasoning
13976,single_train,single,how_many,reasoning
13972,single_train,single,which,lookup
13971,single_train,single,what,lookup
13974,single_train,single,what,lookup
13970,single_train,single,what,lookup
122441,single_train,single,which,reasoning
122448,single_train,single,how_many,reasoning
122440,single_train,single,which,reasoning
122442,single_train,single,which,reasoning
122443,single_train,single,which,lookup
122445,single_train,single,which,lookup
122447,single_train,single,which,lookup
122449,single_train,single,how_many,reasoning
122444,single_train,single,which,lookup
126844,single_train,single,which,lookup
126853,single_train,single,which,lookup
126845,single_train,single,which,lookup
126846,single_train,single,which,lookup
126850,single_train,single,how_many,reasoning
126848,single_train,single,which,lookup
126851,single_train,single,which,lookup
126849,single_train,single,which,lookup
126847,single_train,single,how_many,reasoning
164592,single_train,single,how_many,reasoning
164590,single_train,single,how_many,reasoning
164588,single_train,single,how_many,reasoning
164589,single_train,single,which,lookup
41229,single_train,single,list,lookup
41221,single_train,single,which,lookup
41227,single_train,single,how_many,reasoning
41225,single_train,single,what,lookup
41224,single_train,single,how_many,reasoning
41222,single_train,single,what,lookup
41230,single_train,single,how_many,reasoning
41223,single_train,single,which,reasoning
41226,single_train,single,which,lookup
41228,single_train,single,which,lookup
92980,single_train,single,which,lookup
92976,single_train,single,which,reasoning
92979,single_train,single,which,lookup
92975,single_train,single,which,lookup
92972,single_train,single,list,reasoning
92974,single_train,single,which,reasoning
92977,single_train,single,which,reasoning
92981,single_train,single,which,lookup
92978,single_train,single,which,reasoning
92982,single_train,single,how_many,reasoning
92973,single_train,single,list,reasoning
100279,single_train,single,how_many,reasoning
100275,single_train,single,how_many,reasoning
100272,single_train,single,when,lookup
100277,single_train,single,how_many,lookup
100278,single_train,single,which,lookup
100274,single_train,single,how_many,lookup
100276,single_train,single,what,lookup
152155,single_train,single,which,lookup
152152,single_train,single,which,lookup
152156,single_train,single,how_many,reasoning
152154,single_train,single,how_many,lookup
152153,single_train,single,other,lookup
29128,single_train,single,how_many,lookup
29127,single_train,single,how_many,reasoning
29125,single_train,single,what,lookup
29132,single_train,single,what,lookup
29126,single_train,single,what,lookup
29124,single_train,single,how_many,lookup
29130,single_train,single,what,lookup
44213,single_train,single,compare,reasoning
44209,single_train,single,how_many,reasoning
44207,single_train,single,how_many,reasoning
44212,single_train,single,which,lookup
44211,single_train,single,what,reasoning
44205,single_train,single,which,reasoning
44208,single_train,single,what,reasoning
44206,single_train,single,how_many,lookup
44204,single_train,single,how_many,lookup
14077,single_train,single,count,lookup
14078,single_train,single,how_many,lookup
14072,single_train,single,how_many,reasoning
14080,single_train,single,which,lookup
14079,single_train,single,which,lookup
14076,single_train,single,how_many,lookup
14073,single_train,single,how_many,lookup
14075,single_train,single,how_many,reasoning
14074,single_train,single,which,lookup
74696,single_train,single,what,reasoning
74698,single_train,single,which,reasoning
74695,single_train,single,which,lookup
74700,single_train,single,which,reasoning
74701,single_train,single,how_many,reasoning
74697,single_train,single,which,lookup
74699,single_train,single,what,reasoning
73579,single_train,single,what,lookup
73581,single_train,single,which,lookup
73580,single_train,single,which,lookup
73576,single_train,single,when,lookup
73577,single_train,single,which,lookup
73582,single_train,single,how_many,reasoning
73575,single_train,single,what,lookup
73578,single_train,single,how_many,reasoning
4868,single_train,single,how_many,reasoning
4863,single_train,single,what,lookup
4865,single_train,single,how_many,reasoning
4864,single_train,single,which,lookup
93196,single_train,single,how_many,reasoning
93189,single_train,single,when,reasoning
93194,single_train,single,how_many,lookup
93191,single_train,single,when,lookup
93195,single_train,single,what,lookup
93190,single_train,single,which,lookup
93193,single_train,single,count,lookup
93192,single_train,single,how_many,reasoning
93197,single_train,single,how_many,reasoning
102416,single_train,single,how_many,reasoning
102415,single_train,single,what,lookup
102418,single_train,single,which,lookup
102417,single_train,single,what,lookup
102414,single_train,single,which,lookup
154209,single_train,single,how_many,lookup
154208,single_train,single,what,reasoning
154211,single_train,single,how_many,reasoning
154213,single_train,single,other,lookup
154215,single_train,single,how_many,reasoning
154212,single_train,single,what,lookup
154214,single_train,single,which,lookup
34058,single_train,single,which,lookup
34059,single_train,single,which,lookup
34057,single_train,single,which,lookup
34053,single_train,single,how_many,lookup
34055,single_train,single,how_many,lookup
34060,single_train,single,which,lookup
34054,single_train,single,which,lookup
34056,single_train,single,how_many,reasoning
20227,single_train,single,how_many,lookup
20222,single_train,single,which,lookup
20229,single_train,single,how_many,reasoning
20223,single_train,single,how_many,reasoning
20228,single_train,single,how_many,reasoning
20221,single_train,single,how_many,lookup
20226,single_train,single,compare,reasoning
20225,single_train,single,how_many,lookup
20224,single_train,single,how_many,reasoning
28903,single_train,single,which,lookup
28905,single_train,single,which,lookup
28908,single_train,single,which,lookup
28904,single_train,single,other,lookup
28906,single_train,single,how_many,reasoning
28907,single_train,single,which,lookup
13127,single_train,single,what,lookup
13130,single_train,single,how_many,reasoning
13136,single_train,single,how_many,reasoning
13132,single_train,single,how_many,reasoning
13131,single_train,single,how_many,reasoning
13133,single_train,single,what,lookup
13126,single_train,single,how_many,lookup
13135,single_train,single,which,lookup
13128,single_train,single,how_many,reasoning
13129,single_train,single,how_many,reasoning
87694,single_train,single,which,reasoning
87699,single_train,single,which,lookup
87695,single_train,single,which,lookup
87698,single_train,single,how_many,reasoning
87700,single_train,single,how_many,reasoning
87696,single_train,single,what,reasoning
87701,single_train,single,how_many,reasoning
87697,single_train,single,which,lookup
121432,single_train,single,what,lookup
121431,single_train,single,which,lookup
121440,single_train,single,how_many,reasoning
121433,single_train,single,which,lookup
121439,single_train,single,what,lookup
121442,single_train,single,how_many,reasoning
121438,single_train,single,what,lookup
121434,single_train,single,which,lookup
121437,single_train,single,what,lookup
91300,single_train,single,when,lookup
91303,single_train,single,how_many,reasoning
91294,single_train,single,which,reasoning
91302,single_train,single,how_many,reasoning
91299,single_train,single,what,lookup
91296,single_train,single,which,lookup
91293,single_train,single,what,reasoning
91295,single_train,single,which,reasoning
91298,single_train,single,which,lookup
91301,single_train,single,which,lookup
91297,single_train,single,how_many,lookup
98327,single_train,single,which,lookup
98324,single_train,single,how_many,lookup
98333,single_train,single,how_many,reasoning
98326,single_train,single,which,lookup
106136,single_train,single,how_many,reasoning
106141,single_train,single,how_many,reasoning
106139,single_train,single,which,lookup
106138,single_train,single,what,lookup
106140,single_train,single,what,lookup
133298,single_train,single,which,reasoning
133296,single_train,single,count,reasoning
133295,single_train,single,when,reasoning
133297,single_train,single,which,lookup
133301,single_train,single,how_many,reasoning
99773,single_train,single,how_many,reasoning
99777,single_train,single,how_many,reasoning
99776,single_train,single,how_many,lookup
99775,single_train,single,which,lookup
99774,single_train,single,what,lookup
68846,single_train,single,how_many,lookup
68847,single_train,single,which,lookup
68844,single_train,single,which,lookup
68842,single_train,single,how_many,reasoning
68843,single_train,single,how_many,lookup
68848,single_train,single,how_many,reasoning
68851,single_train,single,which,lookup
106006,single_train,single,how_many,reasoning
106004,single_train,single,when,reasoning
106002,single_train,single,which,lookup
106003,single_train,single,how_many,reasoning
106001,single_train,single,how_many,reasoning
106007,single_train,single,what,lookup
106005,single_train,single,how_many,lookup
138193,single_train,single,what,lookup
138194,single_train,single,how_many,reasoning
138197,single_train,single,how_many,reasoning
138192,single_train,single,which,lookup
11829,single_train,single,what,lookup
11828,single_train,single,which,lookup
11825,single_train,single,what,lookup
11826,single_train,single,how_many,lookup
11827,single_train,single,how_many,reasoning
11830,single_train,single,which,lookup
11834,single_train,single,which,lookup
11824,single_train,single,how_many,lookup
11831,single_train,single,how_many,reasoning
19905,single_train,single,how_many,reasoning
19899,single_train,single,how_many,lookup
19902,single_train,single,what,reasoning
19901,single_train,single,how_many,lookup
92772,single_train,single,how_many,lookup
92778,single_train,single,how_many,reasoning
92773,single_train,single,what,lookup
92776,single_train,single,how_many,lookup
92779,single_train,single,how_many,reasoning
92777,single_train,single,how_many,reasoning
92775,single_train,single,how_many,lookup
104484,single_train,single,how_many,lookup
104485,single_train,single,what,lookup
104487,single_train,single,how_many,reasoning
104490,single_train,single,how_many,lookup
104495,single_train,single,how_many,reasoning
104489,single_train,single,which,lookup
104492,single_train,single,what,lookup
104491,single_train,single,how_many,reasoning
104494,single_train,single,which,lookup
104488,single_train,single,which,lookup
104493,single_train,single,what,lookup
104486,single_train,single,which,lookup
31906,single_train,single,how_many,reasoning
31904,single_train,single,what,lookup
31913,single_train,single,how_many,reasoning
31908,single_train,single,which,lookup
31903,single_train,single,what,lookup
31905,single_train,single,when,lookup
31909,single_train,single,how_many,reasoning
31907,single_train,single,what,lookup
154955,single_train,single,how_many,reasoning
154952,single_train,single,what,lookup
154954,single_train,single,which,lookup
154957,single_train,single,which,lookup
154958,single_train,single,which,lookup
25482,single_train,single,which,lookup
25486,single_train,single,how_many,reasoning
25485,single_train,single,which,lookup
25489,single_train,single,how_many,reasoning
25483,single_train,single,how_many,reasoning
25484,single_train,single,which,reasoning
25480,single_train,single,which,reasoning
25487,single_train,single,which,lookup
25488,single_train,single,which,lookup
10513,single_train,single,what,lookup
10514,single_train,single,what,lookup
10519,single_train,single,which,lookup
10520,single_train,single,how_many,reasoning
10517,single_train,single,how_many,lookup
10515,single_train,single,what,lookup
10516,single_train,single,how_many,reasoning
10518,single_train,single,which,lookup
93921,single_train,single,what,lookup
93922,single_train,single,when,lookup
93919,single_train,single,which,lookup
93918,single_train,single,what,reasoning
93920,single_train,single,list,reasoning
93924,single_train,single,how_many,reasoning
146886,single_train,single,what,lookup
146884,single_train,single,how_many,reasoning
146888,single_train,single,how_many,reasoning
146883,single_train,single,which,lookup
146885,single_train,single,how_many,reasoning
146879,single_train,single,which,lookup
146880,single_train,single,how_many,reasoning
146887,single_train,single,how_many,reasoning
146882,single_train,single,how_many,reasoning
146881,single_train,single,which,reasoning
128120,single_train,single,what,lookup
128123,single_train,single,how_many,reasoning
160028,single_train,single,which,lookup
160030,single_train,single,which,lookup
160025,single_train,single,when,lookup
160029,single_train,single,when,lookup
160027,single_train,single,how_many,reasoning
160026,single_train,single,when,lookup
125940,single_train,single,when,lookup
125941,single_train,single,which,lookup
125942,single_train,single,which,lookup
125944,single_train,single,which,lookup
125936,single_train,single,which,lookup
125938,single_train,single,which,lookup
125943,single_train,single,when,lookup
125939,single_train,single,how_many,reasoning
125946,single_train,single,list,lookup
110976,single_train,single,how_many,reasoning
110975,single_train,single,which,lookup
110969,single_train,single,which,lookup
110970,single_train,single,how_many,lookup
110974,single_train,single,which,lookup
110980,single_train,single,how_many,reasoning
110972,single_train,single,how_many,reasoning
102448,single_train,single,which,lookup
102447,single_train,single,which,lookup
102449,single_train,single,how_many,reasoning
102450,single_train,single,which,lookup
21665,single_train,single,compare,lookup
21668,single_train,single,how_many,lookup
21670,single_train,single,how_many,lookup
21667,single_train,single,compare,reasoning
21669,single_train,single,which,lookup
21671,single_train,single,how_many,reasoning
21675,single_train,single,how_many,reasoning
21664,single_train,single,how_many,lookup
21666,single_train,single,which,lookup
131832,single_train,single,what,lookup
131834,single_train,single,how_many,reasoning
131826,single_train,single,which,lookup
131830,single_train,single,what,lookup
131833,single_train,single,what,lookup
78338,single_train,single,how_many,reasoning
78334,single_train,single,other,reasoning
78333,single_train,single,how_many,lookup
78331,single_train,single,how_many,reasoning
78335,single_train,single,which,lookup
78332,single_train,single,what,lookup
78329,single_train,single,what,lookup
78328,single_train,single,which,lookup
78330,single_train,single,what,lookup
78337,single_train,single,which,lookup
156762,single_train,single,how_many,reasoning
156763,single_train,single,compare,reasoning
156765,single_train,single,which,lookup
156761,single_train,single,how_many,lookup
156759,single_train,single,which,reasoning
156764,single_train,single,how_many,lookup
156768,single_train,single,how_many,reasoning
102224,single_train,single,which,lookup
102218,single_train,single,how_many,lookup
102217,single_train,single,what,lookup
102223,single_train,single,when,reasoning
102216,single_train,single,how_many,lookup
102225,single_train,single,how_many,lookup
102222,single_train,single,how_many,reasoning
103405,single_train,single,what,lookup
103402,single_train,single,which,lookup
103400,single_train,single,how_many,reasoning
103406,single_train,single,other,reasoning
103403,single_train,single,which,lookup
103401,single_train,single,which,lookup
103399,single_train,single,which,lookup
103398,single_train,single,what,lookup
103404,single_train,single,how_many,reasoning
103408,single_train,single,how_many,reasoning
81730,single_train,single,which,lookup
81738,single_train,single,compare,lookup
81735,single_train,single,how_many,lookup
81737,single_train,single,what,lookup
81733,single_train,single,how_many,reasoning
81739,single_train,single,when,lookup
81736,single_train,single,what,lookup
81732,single_train,single,when,lookup
81740,single_train,single,how_many,reasoning
81734,single_train,single,which,lookup
81731,single_train,single,what,lookup
146894,single_train,single,which,lookup
146897,single_train,single,when,reasoning
146898,single_train,single,compare,lookup
146895,single_train,single,how_many,reasoning
146896,single_train,single,how_many,reasoning
102278,single_train,single,which,lookup
102281,single_train,single,how_many,reasoning
160947,single_train,single,other,lookup
160945,single_train,single,how_many,reasoning
160946,single_train,single,what,lookup
160948,single_train,single,what,lookup
160943,single_train,single,list,lookup
160942,single_train,single,what,lookup
160944,single_train,single,what,lookup
21975,single_train,single,how_many,lookup
21981,single_train,single,how_many,reasoning
21984,single_train,single,how_many,lookup
21976,single_train,single,what,lookup
21977,single_train,single,how_many,lookup
21980,single_train,single,how_many,lookup
21978,single_train,single,how_many,reasoning
21979,single_train,single,how_many,lookup
127968,single_train,single,which,lookup
127969,single_train,single,which,reasoning
127970,single_train,single,how_many,reasoning
127973,single_train,single,how_many,reasoning
96748,single_train,single,how_many,lookup
96752,single_train,single,when,lookup
96753,single_train,single,which,lookup
96751,single_train,single,which,lookup
42578,single_train,single,which,lookup
42580,single_train,single,how_many,reasoning
42581,single_train,single,what,lookup
42585,single_train,single,which,lookup
42583,single_train,single,how_many,reasoning
42579,single_train,single,which,lookup
42577,single_train,single,which,lookup
42586,single_train,single,how_many,reasoning
42582,single_train,single,which,lookup
42584,single_train,single,which,lookup
111568,single_train,single,other,lookup
111573,single_train,single,how_many,reasoning
111570,single_train,single,how_many,reasoning
111569,single_train,single,what,lookup
111567,single_train,single,which,lookup
111571,single_train,single,which,lookup
69857,single_train,single,how_many,lookup
69860,single_train,single,which,lookup
69862,single_train,single,how_many,reasoning
69856,single_train,single,how_many,reasoning
69854,single_train,single,which,lookup
69855,single_train,single,how_many,lookup
69861,single_train,single,which,lookup
68472,single_train,single,which,lookup
68473,single_train,single,what,lookup
68470,single_train,single,how_many,lookup
68468,single_train,single,when,lookup
68471,single_train,single,how_many,reasoning
68477,single_train,single,what,lookup
68469,single_train,single,when,lookup
68479,single_train,single,how_many,reasoning
68475,single_train,single,how_many,reasoning
68474,single_train,single,what,lookup
24717,single_train,single,which,lookup
24718,single_train,single,how_many,reasoning
24719,single_train,single,which,lookup
24716,single_train,single,which,lookup
24715,single_train,single,what,lookup
107716,single_train,single,how_many,reasoning
107713,single_train,single,which,lookup
107715,single_train,single,which,lookup
107718,single_train,single,other,lookup
107714,single_train,single,which,lookup
107720,single_train,single,how_many,reasoning
89404,single_train,single,how_many,lookup
89407,single_train,single,compare,reasoning
89400,single_train,single,how_many,lookup
89401,single_train,single,compare,reasoning
89406,single_train,single,how_many,lookup
89399,single_train,single,list,lookup
89402,single_train,single,how_many,reasoning
89398,single_train,single,what,reasoning
89405,single_train,single,what,lookup
89403,single_train,single,what,lookup
3474,single_train,single,how_many,reasoning
3467,single_train,single,which,lookup
3469,single_train,single,how_many,lookup
3472,single_train,single,other,lookup
3471,single_train,single,how_many,reasoning
3470,single_train,single,which,lookup
3468,single_train,single,how_many,reasoning
3465,single_train,single,how_many,lookup
3466,single_train,single,which,lookup
75080,single_train,single,how_many,reasoning
75073,single_train,single,what,lookup
75072,single_train,single,which,lookup
75077,single_train,single,how_many,reasoning
75074,single_train,single,how_many,reasoning
75076,single_train,single,which,lookup
75078,single_train,single,which,lookup
75075,single_train,single,which,lookup
75079,single_train,single,which,lookup
156307,single_train,single,how_many,reasoning
156312,single_train,single,which,lookup
156311,single_train,single,how_many,reasoning
156309,single_train,single,which,reasoning
156304,single_train,single,how_many,lookup
156308,single_train,single,when,lookup
156313,single_train,single,which,lookup
156305,single_train,single,how_many,lookup
156310,single_train,single,how_many,reasoning
127471,single_train,single,other,lookup
127473,single_train,single,how_many,reasoning
127470,single_train,single,when,lookup
127467,single_train,single,which,lookup
127468,single_train,single,which,lookup
127466,single_train,single,when,lookup
127472,single_train,single,which,lookup
127469,single_train,single,how_many,reasoning
127477,single_train,single,how_many,reasoning
124877,single_train,single,which,reasoning
124881,single_train,single,which,lookup
124878,single_train,single,how_many,lookup
124880,single_train,single,what,lookup
124882,single_train,single,which,lookup
124875,single_train,single,which,lookup
124879,single_train,single,what,lookup
124876,single_train,single,which,lookup
88621,single_train,single,which,lookup
88620,single_train,single,list,lookup
88623,single_train,single,which,lookup
153992,single_train,single,what,lookup
153998,single_train,single,how_many,reasoning
153993,single_train,single,what,lookup
153997,single_train,single,which,lookup
153996,single_train,single,how_many,lookup
153994,single_train,single,how_many,reasoning
153995,single_train,single,which,lookup
97906,single_train,single,which,lookup
97907,single_train,single,which,lookup
97902,single_train,single,how_many,lookup
97901,single_train,single,how_many,lookup
97911,single_train,single,how_many,lookup
97905,single_train,single,when,reasoning
97903,single_train,single,how_many,reasoning
159620,single_train,single,which,lookup
159616,single_train,single,which,lookup
159619,single_train,single,what,lookup
159618,single_train,single,which,lookup
159614,single_train,single,how_many,lookup
159615,single_train,single,how_many,lookup
159617,single_train,single,how_many,reasoning
28489,single_train,single,what,lookup
28490,single_train,single,which,reasoning
28488,single_train,single,which,lookup
28485,single_train,single,what,lookup
28486,single_train,single,which,lookup
28487,single_train,single,how_many,reasoning
28484,single_train,single,which,lookup
23229,single_train,single,what,lookup
23233,single_train,single,which,lookup
23228,single_train,single,how_many,reasoning
23232,single_train,single,other,lookup
23230,single_train,single,how_many,reasoning
23234,single_train,single,how_many,reasoning
91053,single_train,single,which,reasoning
91051,single_train,single,what,reasoning
91054,single_train,single,which,lookup
91058,single_train,single,how_many,lookup
91059,single_train,single,how_many,reasoning
91060,single_train,single,how_many,reasoning
91062,single_train,single,how_many,reasoning
91052,single_train,single,what,reasoning
91056,single_train,single,which,lookup
91061,single_train,single,how_many,reasoning
91057,single_train,single,how_many,lookup
91055,single_train,single,what,reasoning
145269,single_train,single,what,lookup
145278,single_train,single,how_many,reasoning
145270,single_train,single,when,lookup
145273,single_train,single,how_many,lookup
145274,single_train,single,how_many,reasoning
145272,single_train,single,how_many,reasoning
145271,single_train,single,what,lookup
153183,single_train,single,list,lookup
153176,single_train,single,which,lookup
153177,single_train,single,which,lookup
153178,single_train,single,how_many,reasoning
153175,single_train,single,what,lookup
153181,single_train,single,how_many,reasoning
153179,single_train,single,which,lookup
153180,single_train,single,how_many,lookup
153182,single_train,single,which,lookup
153184,single_train,single,which,lookup
15770,single_train,single,which,lookup
15771,single_train,single,how_many,lookup
15769,single_train,single,how_many,lookup
15773,single_train,single,how_many,reasoning
112378,single_train,single,how_many,lookup
112382,single_train,single,count,lookup
112381,single_train,single,which,lookup
112383,single_train,single,how_many,reasoning
112377,single_train,single,which,lookup
112379,single_train,single,which,lookup
153208,single_train,single,what,lookup
153207,single_train,single,what,lookup
153210,single_train,single,how_many,reasoning
153211,single_train,single,what,lookup
153212,single_train,single,how_many,reasoning
153209,single_train,single,when,lookup
88817,single_train,single,how_many,lookup
88816,single_train,single,how_many,lookup
88818,single_train,single,how_many,lookup
88821,single_train,single,how_many,lookup
88815,single_train,single,how_many,reasoning
13176,single_train,single,which,lookup
13172,single_train,single,how_many,lookup
13178,single_train,single,how_many,lookup
13177,single_train,single,other,lookup
13181,single_train,single,what,lookup
13173,single_train,single,what,reasoning
74808,single_train,single,which,lookup
74812,single_train,single,how_many,reasoning
74807,single_train,single,what,reasoning
74813,single_train,single,which,lookup
74809,single_train,single,which,lookup
74810,single_train,single,how_many,reasoning
74811,single_train,single,which,lookup
74792,single_train,single,what,lookup
74789,single_train,single,what,lookup
74794,single_train,single,which,lookup
74790,single_train,single,which,lookup
74795,single_train,single,how_many,reasoning
74791,single_train,single,how_many,reasoning
74793,single_train,single,what,lookup
151013,single_train,single,other,lookup
151012,single_train,single,which,lookup
151014,single_train,single,when,lookup
151015,single_train,single,how_many,reasoning
151019,single_train,single,how_many,reasoning
151017,single_train,single,what,lookup
28556,single_train,single,how_many,reasoning
28551,single_train,single,how_many,reasoning
28549,single_train,single,which,lookup
28550,single_train,single,how_many,reasoning
28548,single_train,single,how_many,reasoning
15376,single_train,single,other,lookup
15373,single_train,single,how_many,lookup
15368,single_train,single,other,lookup
15377,single_train,single,which,lookup
15369,single_train,single,which,lookup
15370,single_train,single,how_many,reasoning
15371,single_train,single,how_many,lookup
15374,single_train,single,how_many,reasoning
15378,single_train,single,how_many,reasoning
15367,single_train,single,compare,reasoning
156778,single_train,single,which,reasoning
156781,single_train,single,how_many,lookup
156782,single_train,single,which,lookup
156780,single_train,single,how_many,lookup
66945,single_train,single,how_many,reasoning
66943,single_train,single,which,lookup
66949,single_train,single,how_many,reasoning
66942,single_train,single,which,lookup
104593,single_train,single,how_many,reasoning
104588,single_train,single,which,lookup
104589,single_train,single,which,lookup
104587,single_train,single,which,lookup
104591,single_train,single,other,lookup
147896,single_train,single,how_many,reasoning
147900,single_train,single,how_many,reasoning
147894,single_train,single,which,lookup
147895,single_train,single,which,lookup
147893,single_train,single,which,lookup
32677,single_train,single,what,lookup
32681,single_train,single,which,lookup
32684,single_train,single,what,lookup
32676,single_train,single,how_many,lookup
32678,single_train,single,how_many,lookup
32679,single_train,single,compare,reasoning
32682,single_train,single,how_many,reasoning
32680,single_train,single,how_many,lookup
32685,single_train,single,which,lookup
142787,single_train,single,what,lookup
142785,single_train,single,how_many,reasoning
142788,single_train,single,which,lookup
142790,single_train,single,what,lookup
142786,single_train,single,how_many,reasoning
142784,single_train,single,which,lookup
142795,single_train,single,which,lookup
142793,single_train,single,which,lookup
142783,single_train,single,what,lookup
142791,single_train,single,how_many,lookup
142794,single_train,single,how_many,lookup
142792,single_train,single,what,lookup
142789,single_train,single,how_many,reasoning
23720,single_train,single,how_many,reasoning
23717,single_train,single,which,lookup
23727,single_train,single,which,lookup
23726,single_train,single,which,lookup
23722,single_train,single,what,lookup
23724,single_train,single,how_many,reasoning
23721,single_train,single,what,lookup
23719,single_train,single,which,lookup
35308,single_train,single,which,reasoning
35304,single_train,single,which,reasoning
35307,single_train,single,which,lookup
35305,single_train,single,how_many,reasoning
35309,single_train,single,which,reasoning
35311,single_train,single,how_many,reasoning
35303,single_train,single,how_many,reasoning
35306,single_train,single,how_many,reasoning
35310,single_train,single,how_many,lookup
114744,single_train,single,compare,reasoning
114741,single_train,single,which,lookup
114739,single_train,single,how_many,reasoning
114747,single_train,single,how_many,lookup
114740,single_train,single,which,lookup
114742,single_train,single,how_many,reasoning
114746,single_train,single,how_many,lookup
114745,single_train,single,which,lookup
114743,single_train,single,how_many,reasoning
114738,single_train,single,how_many,reasoning
155370,single_train,single,what,lookup
155368,single_train,single,which,lookup
155367,single_train,single,other,lookup
155371,single_train,single,which,lookup
155369,single_train,single,how_many,reasoning
155372,single_train,single,what,lookup
72817,single_train,single,how_many,lookup
72823,single_train,single,which,lookup
72821,single_train,single,which,lookup
72819,single_train,single,which,lookup
72818,single_train,single,which,lookup
72820,single_train,single,how_many,reasoning
72824,single_train,single,how_many,reasoning
157822,single_train,single,other,lookup
157817,single_train,single,how_many,reasoning
157825,single_train,single,which,lookup
157823,single_train,single,which,lookup
157820,single_train,single,which,lookup
157819,single_train,single,other,lookup
157821,single_train,single,when,lookup
157815,single_train,single,which,lookup
157826,single_train,single,count,lookup
157824,single_train,single,how_many,reasoning
157816,single_train,single,which,lookup
4518,single_train,single,which,lookup
4515,single_train,single,how_many,reasoning
4516,single_train,single,which,lookup
4517,single_train,single,list,reasoning
4513,single_train,single,which,lookup
4511,single_train,single,which,lookup
4514,single_train,single,how_many,reasoning
4512,single_train,single,list,lookup
111193,single_train,single,which,lookup
111195,single_train,single,how_many,reasoning
121998,single_train,single,what,lookup
121993,single_train,single,which,lookup
121999,single_train,single,which,lookup
121997,single_train,single,what,reasoning
122001,single_train,single,how_many,reasoning
121996,single_train,single,which,reasoning
121994,single_train,single,which,lookup
121995,single_train,single,which,reasoning
119991,single_train,single,which,reasoning
119996,single_train,single,when,lookup
119997,single_train,single,what,lookup
119995,single_train,single,which,lookup
119992,single_train,single,which,lookup
119989,single_train,single,which,lookup
119994,single_train,single,other,lookup
119990,single_train,single,which,lookup
15309,single_train,single,which,lookup
15316,single_train,single,how_many,reasoning
15314,single_train,single,other,lookup
15310,single_train,single,which,lookup
15313,single_train,single,what,lookup
15312,single_train,single,how_many,reasoning
15311,single_train,single,which,reasoning
152432,single_train,single,how_many,reasoning
152429,single_train,single,what,lookup
152425,single_train,single,when,reasoning
152426,single_train,single,which,lookup
152428,single_train,single,how_many,reasoning
152427,single_train,single,which,lookup
69890,single_train,single,how_many,reasoning
69889,single_train,single,what,lookup
69892,single_train,single,how_many,reasoning
69888,single_train,single,what,lookup
130148,single_train,single,when,reasoning
130146,single_train,single,which,lookup
130141,single_train,single,which,lookup
130149,single_train,single,how_many,reasoning
130140,single_train,single,how_many,lookup
130142,single_train,single,how_many,reasoning
130144,single_train,single,how_many,lookup
130147,single_train,single,which,lookup
34114,single_train,single,which,lookup
34116,single_train,single,which,lookup
34112,single_train,single,which,lookup
34113,single_train,single,which,lookup
34117,single_train,single,which,lookup
34115,single_train,single,how_many,reasoning
34118,single_train,single,which,lookup
4610,single_train,single,what,lookup
4611,single_train,single,which,lookup
4609,single_train,single,which,lookup
4614,single_train,single,what,lookup
161495,single_train,single,what,lookup
161496,single_train,single,how_many,reasoning
161493,single_train,single,how_many,reasoning
161490,single_train,single,which,lookup
161494,single_train,single,which,lookup
159292,single_train,single,how_many,reasoning
159291,single_train,single,what,lookup
159289,single_train,single,what,lookup
11903,single_train,single,how_many,reasoning
11901,single_train,single,which,lookup
11902,single_train,single,which,lookup
11900,single_train,single,which,reasoning
16804,single_train,single,what,lookup
16803,single_train,single,which,lookup
16809,single_train,single,which,lookup
16802,single_train,single,how_many,lookup
16806,single_train,single,which,reasoning
16805,single_train,single,how_many,reasoning
16808,single_train,single,how_many,reasoning
16812,single_train,single,how_many,reasoning
75764,single_train,single,how_many,reasoning
75759,single_train,single,other,lookup
75762,single_train,single,what,reasoning
75761,single_train,single,how_many,reasoning
75758,single_train,single,when,reasoning
75760,single_train,single,which,lookup
75357,single_train,single,list,lookup
75356,single_train,single,list,lookup
75354,single_train,single,which,lookup
75358,single_train,single,how_many,reasoning
75352,single_train,single,which,lookup
75351,single_train,single,which,reasoning
75355,single_train,single,when,lookup
75353,single_train,single,how_many,reasoning
152754,single_train,single,when,lookup
152752,single_train,single,which,lookup
152758,single_train,single,how_many,reasoning
152753,single_train,single,when,lookup
152756,single_train,single,count,reasoning
152755,single_train,single,how_many,reasoning
97033,single_train,single,count,lookup
97030,single_train,single,which,reasoning
97031,single_train,single,how_many,reasoning
97036,single_train,single,what,lookup
97032,single_train,single,which,reasoning
97029,single_train,single,list,reasoning
159638,single_train,single,how_many,reasoning
159634,single_train,single,which,lookup
159635,single_train,single,what,lookup
159629,single_train,single,which,lookup
115281,single_train,single,how_many,lookup
115285,single_train,single,how_many,reasoning
115288,single_train,single,which,lookup
115287,single_train,single,how_many,reasoning
115280,single_train,single,how_many,reasoning
115282,single_train,single,how_many,lookup
104887,single_train,single,which,lookup
138313,single_train,single,count,lookup
138310,single_train,single,how_many,lookup
138309,single_train,single,which,lookup
138312,single_train,single,what,lookup
138308,single_train,single,what,lookup
138314,single_train,single,how_many,lookup
138315,single_train,single,how_many,reasoning
138311,single_train,single,how_many,reasoning
33795,single_train,single,how_many,reasoning
33790,single_train,single,which,lookup
33789,single_train,single,what,lookup
33788,single_train,single,how_many,lookup
72712,single_train,single,which,lookup
72719,single_train,single,how_many,reasoning
72715,single_train,single,which,lookup
72714,single_train,single,when,lookup
72713,single_train,single,how_many,reasoning
72718,single_train,single,which,lookup
72717,single_train,single,what,lookup
72716,single_train,single,how_many,reasoning
104388,single_train,single,which,lookup
104382,single_train,single,which,lookup
104389,single_train,single,other,lookup
104386,single_train,single,which,lookup
104384,single_train,single,which,lookup
104387,single_train,single,how_many,reasoning
104381,single_train,single,which,lookup
104383,single_train,single,how_many,reasoning
164452,single_train,single,when,lookup
164457,single_train,single,how_many,reasoning
164455,single_train,single,how_many,reasoning
164454,single_train,single,what,lookup
164456,single_train,single,how_many,lookup
163622,single_train,single,how_many,reasoning
163624,single_train,single,other,lookup
163620,single_train,single,which,lookup
163621,single_train,single,how_many,lookup
163625,single_train,single,how_many,reasoning
163627,single_train,single,how_many,reasoning
163623,single_train,single,how_many,reasoning
163619,single_train,single,how_many,reasoning
163628,single_train,single,which,lookup
163629,single_train,single,how_many,reasoning
6941,single_train,single,how_many,reasoning
6938,single_train,single,how_many,lookup
6945,single_train,single,how_many,reasoning
6934,single_train,single,how_many,lookup
6940,single_train,single,which,lookup
6939,single_train,single,which,lookup
6944,single_train,single,which,lookup
6935,single_train,single,which,lookup
6936,single_train,single,which,lookup
6937,single_train,single,how_many,reasoning
15122,single_train,single,how_many,reasoning
15111,single_train,single,how_many,lookup
15119,single_train,single,which,lookup
15116,single_train,single,how_many,lookup
15114,single_train,single,compare,reasoning
15112,single_train,single,count,lookup
15118,single_train,single,how_many,reasoning
15115,single_train,single,how_many,reasoning
15120,single_train,single,what,lookup
15121,single_train,single,which,lookup
15113,single_train,single,compare,reasoning
124247,single_train,single,which,lookup
124242,single_train,single,how_many,reasoning
124243,single_train,single,how_many,lookup
124246,single_train,single,how_many,lookup
124245,single_train,single,which,lookup
124241,single_train,single,how_many,lookup
124248,single_train,single,how_many,lookup
124244,single_train,single,compare,reasoning
35030,single_train,single,compare,reasoning
35029,single_train,single,how_many,reasoning
35033,single_train,single,what,lookup
35031,single_train,single,what,lookup
35027,single_train,single,how_many,lookup
35032,single_train,single,compare,reasoning
35028,single_train,single,other,lookup
17888,single_train,single,what,lookup
17887,single_train,single,which,lookup
17886,single_train,single,which,lookup
102957,single_train,single,which,lookup
102960,single_train,single,which,lookup
102963,single_train,single,how_many,reasoning
102959,single_train,single,how_many,reasoning
102962,single_train,single,which,lookup
102954,single_train,single,which,lookup
102953,single_train,single,which,lookup
119484,single_train,single,which,reasoning
119487,single_train,single,what,lookup
119486,single_train,single,which,lookup
119488,single_train,single,what,lookup
119483,single_train,single,which,reasoning
119485,single_train,single,which,lookup
31295,single_train,single,which,reasoning
31292,single_train,single,how_many,reasoning
31291,single_train,single,which,lookup
31294,single_train,single,which,lookup
31293,single_train,single,which,lookup
119607,single_train,single,which,lookup
119606,single_train,single,which,lookup
119608,single_train,single,which,lookup
119609,single_train,single,how_many,lookup
119610,single_train,single,which,lookup
143752,single_train,single,how_many,reasoning
143754,single_train,single,how_many,lookup
143746,single_train,single,other,lookup
143755,single_train,single,how_many,lookup
143750,single_train,single,list,lookup
143747,single_train,single,which,lookup
143756,single_train,single,how_many,reasoning
143753,single_train,single,how_many,lookup
143751,single_train,single,how_many,lookup
43653,single_train,single,how_many,lookup
43651,single_train,single,how_many,reasoning
43650,single_train,single,what,lookup
43647,single_train,single,how_many,lookup
43649,single_train,single,how_many,reasoning
43645,single_train,single,how_many,reasoning
43654,single_train,single,which,lookup
43648,single_train,single,how_many,reasoning
43646,single_train,single,how_many,reasoning
42290,single_train,single,how_many,lookup
42292,single_train,single,how_many,reasoning
42296,single_train,single,how_many,lookup
42297,single_train,single,how_many,reasoning
42294,single_train,single,how_many,lookup
42293,single_train,single,how_many,reasoning
42291,single_train,single,how_many,lookup
158100,single_train,single,which,lookup
158105,single_train,single,which,lookup
158106,single_train,single,how_many,reasoning
158108,single_train,single,when,lookup
158101,single_train,single,other,lookup
158109,single_train,single,which,lookup
158107,single_train,single,what,lookup
158104,single_train,single,which,reasoning
109043,single_train,single,which,lookup
109044,single_train,single,which,lookup
109041,single_train,single,which,lookup
109045,single_train,single,how_many,reasoning
109042,single_train,single,how_many,reasoning
153378,single_train,single,how_many,reasoning
153377,single_train,single,which,lookup
153366,single_train,single,which,lookup
153376,single_train,single,which,lookup
153371,single_train,single,how_many,reasoning
153372,single_train,single,which,lookup
153368,single_train,single,which,lookup
153365,single_train,single,which,lookup
153367,single_train,single,how_many,reasoning
153375,single_train,single,how_many,reasoning
153373,single_train,single,which,lookup
153374,single_train,single,which,lookup
153369,single_train,single,which,lookup
153370,single_train,single,which,lookup
153364,single_train,single,which,lookup
125691,single_train,single,which,lookup
125692,single_train,single,how_many,reasoning
81853,single_train,single,when,reasoning
81854,single_train,single,which,lookup
81851,single_train,single,count,lookup
81858,single_train,single,which,lookup
81859,single_train,single,how_many,reasoning
81850,single_train,single,how_many,reasoning
81857,single_train,single,other,lookup
81171,single_train,single,how_many,reasoning
81170,single_train,single,list,lookup
81168,single_train,single,how_many,reasoning
81172,single_train,single,what,lookup
81169,single_train,single,what,lookup
81167,single_train,single,which,lookup
81165,single_train,single,what,lookup
67590,single_train,single,other,lookup
67591,single_train,single,what,lookup
67594,single_train,single,how_many,lookup
67593,single_train,single,other,lookup
67595,single_train,single,how_many,reasoning
67592,single_train,single,how_many,reasoning
67589,single_train,single,which,reasoning
12096,single_train,single,how_many,reasoning
12097,single_train,single,how_many,lookup
12099,single_train,single,other,lookup
12098,single_train,single,what,lookup
12100,single_train,single,what,lookup
12093,single_train,single,when,reasoning
12102,single_train,single,when,lookup
12103,single_train,single,how_many,reasoning
12101,single_train,single,compare,reasoning
12094,single_train,single,which,lookup
12095,single_train,single,which,lookup
16715,single_train,single,how_many,reasoning
16716,single_train,single,how_many,lookup
16712,single_train,single,how_many,reasoning
16711,single_train,single,how_many,reasoning
16714,single_train,single,how_many,lookup
16710,single_train,single,which,lookup
16709,single_train,single,how_many,lookup
16719,single_train,single,how_many,reasoning
81252,single_train,single,how_many,reasoning
81246,single_train,single,how_many,reasoning
81248,single_train,single,count,reasoning
81247,single_train,single,how_many,reasoning
107142,single_train,single,which,lookup
107144,single_train,single,how_many,reasoning
107146,single_train,single,how_many,lookup
107148,single_train,single,what,lookup
107147,single_train,single,how_many,reasoning
107141,single_train,single,when,reasoning
107145,single_train,single,which,reasoning
107149,single_train,single,what,lookup
107151,single_train,single,how_many,reasoning
107143,single_train,single,how_many,lookup
24671,single_train,single,how_many,lookup
24670,single_train,single,how_many,lookup
24673,single_train,single,how_many,lookup
24677,single_train,single,how_many,reasoning
24674,single_train,single,which,lookup
24678,single_train,single,how_many,lookup
24680,single_train,single,how_many,reasoning
24679,single_train,single,when,lookup
24676,single_train,single,how_many,reasoning
24669,single_train,single,how_many,lookup
24672,single_train,single,how_many,reasoning
24675,single_train,single,how_many,reasoning
163983,single_train,single,which,lookup
163982,single_train,single,what,lookup
163979,single_train,single,compare,reasoning
163980,single_train,single,how_many,reasoning
163984,single_train,single,which,lookup
163981,single_train,single,when,lookup
77199,single_train,single,which,lookup
77201,single_train,single,which,reasoning
77202,single_train,single,how_many,reasoning
77206,single_train,single,how_many,reasoning
77200,single_train,single,what,lookup
156320,single_train,single,other,lookup
156321,single_train,single,which,lookup
156317,single_train,single,which,lookup
156322,single_train,single,how_many,reasoning
156315,single_train,single,which,lookup
156319,single_train,single,what,lookup
156318,single_train,single,how_many,reasoning
66838,single_train,single,what,reasoning
66847,single_train,single,how_many,reasoning
66837,single_train,single,which,lookup
66840,single_train,single,how_many,reasoning
66845,single_train,single,list,lookup
66841,single_train,single,which,reasoning
66842,single_train,single,which,lookup
66843,single_train,single,how_many,reasoning
66839,single_train,single,which,reasoning
11035,single_train,single,which,lookup
11042,single_train,single,how_many,reasoning
11036,single_train,single,how_many,lookup
11038,single_train,single,how_many,reasoning
11041,single_train,single,when,lookup
11034,single_train,single,how_many,lookup
11037,single_train,single,how_many,lookup
93741,single_train,single,what,lookup
93737,single_train,single,which,reasoning
93740,single_train,single,how_many,lookup
93733,single_train,single,list,reasoning
93732,single_train,single,what,reasoning
93734,single_train,single,how_many,reasoning
93736,single_train,single,which,lookup
93738,single_train,single,which,lookup
28452,single_train,single,which,reasoning
28457,single_train,single,how_many,reasoning
28450,single_train,single,how_many,reasoning
28454,single_train,single,which,lookup
28449,single_train,single,which,reasoning
28451,single_train,single,which,lookup
28453,single_train,single,how_many,reasoning
28447,single_train,single,which,lookup
12497,single_train,single,what,reasoning
12500,single_train,single,which,lookup
12502,single_train,single,which,lookup
12503,single_train,single,how_many,reasoning
12496,single_train,single,which,lookup
12498,single_train,single,which,lookup
12499,single_train,single,how_many,reasoning
74586,single_train,single,which,reasoning
74582,single_train,single,how_many,lookup
74585,single_train,single,how_many,reasoning
74583,single_train,single,how_many,lookup
74587,single_train,single,how_many,reasoning
74584,single_train,single,how_many,lookup
150633,single_train,single,which,lookup
150634,single_train,single,which,lookup
150629,single_train,single,what,lookup
150640,single_train,single,how_many,reasoning
150630,single_train,single,other,lookup
150635,single_train,single,when,lookup
150638,single_train,single,what,lookup
38908,single_train,single,how_many,reasoning
38904,single_train,single,what,lookup
38905,single_train,single,which,lookup
38903,single_train,single,how_many,lookup
38906,single_train,single,how_many,reasoning
148354,single_train,single,which,lookup
148356,single_train,single,which,lookup
148351,single_train,single,how_many,lookup
148355,single_train,single,which,lookup
148350,single_train,single,what,lookup
148352,single_train,single,which,lookup
148357,single_train,single,which,lookup
148353,single_train,single,how_many,reasoning
78327,single_train,single,what,lookup
78321,single_train,single,how_many,reasoning
78323,single_train,single,which,lookup
78320,single_train,single,which,lookup
78318,single_train,single,which,lookup
78325,single_train,single,what,lookup
78324,single_train,single,how_many,reasoning
78322,single_train,single,which,lookup
78319,single_train,single,list,lookup
144065,single_train,single,when,lookup
144067,single_train,single,how_many,lookup
144074,single_train,single,other,lookup
144072,single_train,single,how_many,reasoning
144075,single_train,single,how_many,lookup
144073,single_train,single,how_many,lookup
144066,single_train,single,how_many,lookup
8025,single_train,single,which,lookup
8022,single_train,single,which,reasoning
8028,single_train,single,how_many,reasoning
8023,single_train,single,how_many,reasoning
8020,single_train,single,which,lookup
8026,single_train,single,other,lookup
8024,single_train,single,list,lookup
8021,single_train,single,compare,lookup
68296,single_train,single,what,lookup
68301,single_train,single,how_many,reasoning
68298,single_train,single,what,lookup
126345,single_train,single,what,lookup
126346,single_train,single,which,lookup
126342,single_train,single,other,lookup
126344,single_train,single,how_many,reasoning
126341,single_train,single,what,lookup
126347,single_train,single,how_many,reasoning
126343,single_train,single,how_many,lookup
128281,single_train,single,what,lookup
128282,single_train,single,which,lookup
128278,single_train,single,which,lookup
128277,single_train,single,how_many,reasoning
128279,single_train,single,what,lookup
128276,single_train,single,which,lookup
128283,single_train,single,what,lookup
128275,single_train,single,what,reasoning
128274,single_train,single,which,lookup
127960,single_train,single,what,lookup
127961,single_train,single,other,lookup
127962,single_train,single,how_many,lookup
127959,single_train,single,how_many,reasoning
127963,single_train,single,how_many,reasoning
127958,single_train,single,which,lookup
3900,single_train,single,how_many,reasoning
3903,single_train,single,how_many,reasoning
3901,single_train,single,what,lookup
3897,single_train,single,how_many,lookup
3898,single_train,single,compare,reasoning
3902,single_train,single,how_many,lookup
150546,single_train,single,which,lookup
150547,single_train,single,which,lookup
150552,single_train,single,how_many,reasoning
150549,single_train,single,how_many,reasoning
150548,single_train,single,other,lookup
125208,single_train,single,other,lookup
125210,single_train,single,how_many,lookup
125209,single_train,single,how_many,lookup
125205,single_train,single,list,lookup
125211,single_train,single,how_many,lookup
125212,single_train,single,how_many,reasoning
125207,single_train,single,list,lookup
125206,single_train,single,list,lookup
99699,single_train,single,which,lookup
99701,single_train,single,which,lookup
99703,single_train,single,what,lookup
99702,single_train,single,how_many,reasoning
99704,single_train,single,how_many,reasoning
99700,single_train,single,other,reasoning
34779,single_train,single,which,lookup
34781,single_train,single,how_many,reasoning
34777,single_train,single,how_many,reasoning
34774,single_train,single,how_many,lookup
34778,single_train,single,how_many,reasoning
34776,single_train,single,what,lookup
34775,single_train,single,what,lookup
34780,single_train,single,how_many,reasoning
66938,single_train,single,how_many,reasoning
66936,single_train,single,what,lookup
66940,single_train,single,other,lookup
66939,single_train,single,what,lookup
66935,single_train,single,what,lookup
66941,single_train,single,which,lookup
18701,single_train,single,what,lookup
18702,single_train,single,compare,reasoning
74989,single_train,single,how_many,reasoning
74992,single_train,single,how_many,reasoning
74987,single_train,single,which,lookup
74988,single_train,single,which,lookup
74986,single_train,single,which,lookup
131383,single_train,single,how_many,reasoning
131385,single_train,single,how_many,lookup
131382,single_train,single,which,lookup
131388,single_train,single,which,lookup
131381,single_train,single,what,lookup
131387,single_train,single,how_many,reasoning
131386,single_train,single,which,lookup
131384,single_train,single,what,lookup
137865,single_train,single,how_many,reasoning
137860,single_train,single,which,reasoning
137864,single_train,single,which,reasoning
137862,single_train,single,which,lookup
137861,single_train,single,how_many,reasoning
137869,single_train,single,how_many,reasoning
137868,single_train,single,which,lookup
137859,single_train,single,other,lookup
137858,single_train,single,which,reasoning
137867,single_train,single,other,lookup
137866,single_train,single,what,lookup
137863,single_train,single,list,reasoning
79838,single_train,single,which,lookup
79841,single_train,single,count,lookup
79837,single_train,single,how_many,lookup
79842,single_train,single,which,reasoning
79839,single_train,single,how_many,reasoning
79840,single_train,single,which,lookup
100017,single_train,single,which,lookup
100020,single_train,single,when,reasoning
100019,single_train,single,count,lookup
100021,single_train,single,which,reasoning
100012,single_train,single,which,reasoning
100013,single_train,single,which,lookup
100018,single_train,single,what,reasoning
58012,single_train,single,how_many,lookup
58009,single_train,single,which,lookup
58008,single_train,single,which,reasoning
58006,single_train,single,which,reasoning
58010,single_train,single,which,lookup
58007,single_train,single,which,reasoning
58011,single_train,single,which,lookup
58013,single_train,single,how_many,lookup
94034,single_train,single,how_many,reasoning
94030,single_train,single,how_many,reasoning
94029,single_train,single,how_many,lookup
94033,single_train,single,how_many,lookup
94035,single_train,single,how_many,reasoning
94032,single_train,single,how_many,reasoning
64150,single_train,single,compare,reasoning
64151,single_train,single,how_many,lookup
64148,single_train,single,compare,reasoning
64147,single_train,single,how_many,lookup
64149,single_train,single,compare,reasoning
101069,single_train,single,which,lookup
101071,single_train,single,which,lookup
101070,single_train,single,how_many,reasoning
141067,single_train,single,which,lookup
141066,single_train,single,how_many,lookup
141069,single_train,single,what,lookup
141073,single_train,single,what,lookup
141068,single_train,single,which,lookup
141070,single_train,single,other,lookup
141071,single_train,single,which,lookup
141072,single_train,single,how_many,reasoning
21947,single_train,single,how_many,reasoning
21941,single_train,single,which,lookup
21946,single_train,single,how_many,lookup
21943,single_train,single,how_many,reasoning
21942,single_train,single,which,lookup
97928,single_train,single,how_many,reasoning
97933,single_train,single,how_many,reasoning
97927,single_train,single,how_many,reasoning
97929,single_train,single,how_many,lookup
23262,single_train,single,how_many,reasoning
23260,single_train,single,how_many,reasoning
23257,single_train,single,which,lookup
23258,single_train,single,how_many,reasoning
23256,single_train,single,other,lookup
23261,single_train,single,which,lookup
23255,single_train,single,which,lookup
23259,single_train,single,count,lookup
12377,single_train,single,how_many,lookup
12381,single_train,single,how_many,reasoning
12378,single_train,single,what,lookup
12382,single_train,single,what,lookup
12379,single_train,single,which,lookup
12383,single_train,single,how_many,reasoning
71645,single_train,single,how_many,reasoning
71643,single_train,single,what,lookup
71642,single_train,single,which,lookup
71644,single_train,single,which,lookup
18293,single_train,single,what,lookup
18290,single_train,single,which,lookup
18289,single_train,single,what,lookup
18291,single_train,single,what,reasoning
18288,single_train,single,how_many,lookup
18294,single_train,single,how_many,lookup
148509,single_train,single,how_many,reasoning
148505,single_train,single,how_many,reasoning
148514,single_train,single,which,lookup
148504,single_train,single,how_many,lookup
148516,single_train,single,how_many,reasoning
148510,single_train,single,which,lookup
148508,single_train,single,which,lookup
148512,single_train,single,what,lookup
148506,single_train,single,which,lookup
148503,single_train,single,which,lookup
148502,single_train,single,which,lookup
148515,single_train,single,which,lookup
148511,single_train,single,which,lookup
148507,single_train,single,which,lookup
97365,single_train,single,what,lookup
97357,single_train,single,how_many,reasoning
97356,single_train,single,which,lookup
97361,single_train,single,how_many,reasoning
97364,single_train,single,which,lookup
97363,single_train,single,which,lookup
30266,single_train,single,which,lookup
30265,single_train,single,how_many,reasoning
30262,single_train,single,what,lookup
30269,single_train,single,how_many,reasoning
30267,single_train,single,how_many,lookup
30264,single_train,single,when,lookup
30263,single_train,single,how_many,lookup
30268,single_train,single,how_many,lookup
151235,single_train,single,which,lookup
151238,single_train,single,which,lookup
151239,single_train,single,which,lookup
151234,single_train,single,which,lookup
151237,single_train,single,how_many,reasoning
151240,single_train,single,how_many,reasoning
151236,single_train,single,when,lookup
97749,single_train,single,other,lookup
97751,single_train,single,how_many,reasoning
97744,single_train,single,how_many,lookup
97750,single_train,single,which,lookup
97746,single_train,single,which,lookup
97748,single_train,single,what,lookup
119759,single_train,single,which,reasoning
119756,single_train,single,which,lookup
119760,single_train,single,which,lookup
119755,single_train,single,which,reasoning
119762,single_train,single,what,reasoning
119761,single_train,single,which,lookup
119757,single_train,single,which,lookup
119764,single_train,single,how_many,reasoning
119758,single_train,single,which,reasoning
75166,single_train,single,how_many,lookup
75171,single_train,single,which,reasoning
75170,single_train,single,which,lookup
75167,single_train,single,what,lookup
75168,single_train,single,how_many,reasoning
72899,single_train,single,what,lookup
72900,single_train,single,how_many,reasoning
72903,single_train,single,how_many,reasoning
72904,single_train,single,which,lookup
72905,single_train,single,which,lookup
72906,single_train,single,which,lookup
72901,single_train,single,how_many,lookup
124113,single_train,single,how_many,lookup
124117,single_train,single,what,reasoning
124112,single_train,single,what,lookup
124118,single_train,single,how_many,reasoning
124120,single_train,single,how_many,reasoning
124122,single_train,single,how_many,reasoning
124123,single_train,single,how_many,reasoning
124114,single_train,single,which,lookup
124116,single_train,single,how_many,reasoning
124111,single_train,single,how_many,lookup
124115,single_train,single,how_many,reasoning
124121,single_train,single,how_many,reasoning
124119,single_train,single,how_many,reasoning
133864,single_train,single,how_many,reasoning
133858,single_train,single,what,lookup
133867,single_train,single,how_many,reasoning
133860,single_train,single,how_many,reasoning
133861,single_train,single,what,lookup
133857,single_train,single,which,lookup
133866,single_train,single,what,lookup
133859,single_train,single,which,lookup
133862,single_train,single,other,lookup
133863,single_train,single,what,lookup
88716,single_train,single,how_many,reasoning
88715,single_train,single,how_many,reasoning
88709,single_train,single,which,lookup
88713,single_train,single,how_many,lookup
88708,single_train,single,which,reasoning
88710,single_train,single,which,lookup
88714,single_train,single,how_many,reasoning
32131,single_train,single,how_many,lookup
32134,single_train,single,which,lookup
32132,single_train,single,which,lookup
32130,single_train,single,how_many,reasoning
32135,single_train,single,which,lookup
32137,single_train,single,compare,reasoning
32133,single_train,single,how_many,reasoning
32129,single_train,single,compare,reasoning
100797,single_train,single,what,lookup
100800,single_train,single,what,lookup
100799,single_train,single,how_many,reasoning
100798,single_train,single,which,lookup
127272,single_train,single,which,lookup
127273,single_train,single,how_many,reasoning
127274,single_train,single,what,lookup
127270,single_train,single,which,lookup
127271,single_train,single,list,lookup
127277,single_train,single,what,lookup
156882,single_train,single,which,lookup
156881,single_train,single,which,lookup
156884,single_train,single,how_many,reasoning
156883,single_train,single,which,lookup
30152,single_train,single,which,lookup
30147,single_train,single,how_many,reasoning
30149,single_train,single,which,lookup
30145,single_train,single,which,lookup
30154,single_train,single,how_many,reasoning
30148,single_train,single,how_many,lookup
30153,single_train,single,which,lookup
30151,single_train,single,which,lookup
30146,single_train,single,what,lookup
30150,single_train,single,which,lookup
30144,single_train,single,how_many,reasoning
101864,single_train,single,which,lookup
101863,single_train,single,how_many,reasoning
101862,single_train,single,what,lookup
101861,single_train,single,list,lookup
101869,single_train,single,how_many,reasoning
156620,single_train,single,which,lookup
156624,single_train,single,how_many,reasoning
156615,single_train,single,which,lookup
156616,single_train,single,which,lookup
156614,single_train,single,which,lookup
156619,single_train,single,which,lookup
156618,single_train,single,which,lookup
110553,single_train,single,other,lookup
110550,single_train,single,compare,lookup
110549,single_train,single,what,lookup
110551,single_train,single,how_many,reasoning
110555,single_train,single,how_many,reasoning
34716,single_train,single,how_many,reasoning
34708,single_train,single,other,lookup
34707,single_train,single,which,lookup
34711,single_train,single,what,lookup
34710,single_train,single,how_many,reasoning
34713,single_train,single,which,lookup
34712,single_train,single,how_many,reasoning
107027,single_train,single,which,lookup
107033,single_train,single,which,lookup
107034,single_train,single,how_many,reasoning
107030,single_train,single,how_many,reasoning
107028,single_train,single,which,lookup
163730,single_train,single,how_many,reasoning
163727,single_train,single,which,lookup
163729,single_train,single,what,lookup
163731,single_train,single,what,lookup
163728,single_train,single,count,lookup
163732,single_train,single,what,lookup
112281,single_train,single,how_many,reasoning
112277,single_train,single,what,lookup
112283,single_train,single,how_many,reasoning
112278,single_train,single,count,lookup
112279,single_train,single,which,lookup
112280,single_train,single,how_many,reasoning
112285,single_train,single,how_many,lookup
112282,single_train,single,compare,reasoning
112284,single_train,single,which,reasoning
140755,single_train,single,which,lookup
140756,single_train,single,which,lookup
140750,single_train,single,how_many,reasoning
140751,single_train,single,which,lookup
140757,single_train,single,which,lookup
140753,single_train,single,what,lookup
140749,single_train,single,which,lookup
140758,single_train,single,what,lookup
140748,single_train,single,how_many,lookup
140752,single_train,single,how_many,reasoning
140754,single_train,single,how_many,reasoning
140747,single_train,single,how_many,lookup
98212,single_train,single,how_many,reasoning
98207,single_train,single,which,lookup
98209,single_train,single,how_many,reasoning
98203,single_train,single,when,lookup
98208,single_train,single,other,reasoning
98206,single_train,single,how_many,reasoning
98205,single_train,single,which,lookup
93263,single_train,single,when,lookup
93265,single_train,single,how_many,lookup
93261,single_train,single,how_many,reasoning
93267,single_train,single,how_many,lookup
93266,single_train,single,how_many,reasoning
93264,single_train,single,count,lookup
93262,single_train,single,how_many,reasoning
93260,single_train,single,what,reasoning
155678,single_train,single,which,lookup
155681,single_train,single,what,lookup
155677,single_train,single,which,lookup
155679,single_train,single,which,lookup
155680,single_train,single,which,lookup
155674,single_train,single,how_many,lookup
155683,single_train,single,how_many,reasoning
155673,single_train,single,when,lookup
38693,single_train,single,which,lookup
38690,single_train,single,how_many,reasoning
38688,single_train,single,what,lookup
38683,single_train,single,how_many,reasoning
38694,single_train,single,how_many,reasoning
38697,single_train,single,which,lookup
38684,single_train,single,how_many,lookup
38686,single_train,single,how_many,reasoning
38689,single_train,single,which,lookup
38692,single_train,single,how_many,reasoning
38685,single_train,single,how_many,lookup
38691,single_train,single,which,lookup
38687,single_train,single,what,lookup
162618,single_train,single,other,lookup
162614,single_train,single,which,lookup
162615,single_train,single,which,lookup
162619,single_train,single,which,lookup
162616,single_train,single,how_many,reasoning
162613,single_train,single,which,lookup
162617,single_train,single,how_many,lookup
97128,single_train,single,which,lookup
97127,single_train,single,which,reasoning
97129,single_train,single,which,lookup
79859,single_train,single,how_many,reasoning
79866,single_train,single,how_many,reasoning
79861,single_train,single,which,lookup
79865,single_train,single,which,lookup
79860,single_train,single,what,lookup
79863,single_train,single,how_many,reasoning
79862,single_train,single,which,lookup
79857,single_train,single,what,lookup
79864,single_train,single,what,lookup
129240,single_train,single,which,lookup
129246,single_train,single,how_many,reasoning
129242,single_train,single,how_many,reasoning
129241,single_train,single,how_many,lookup
129236,single_train,single,which,reasoning
129244,single_train,single,which,reasoning
129239,single_train,single,which,lookup
74740,single_train,single,which,lookup
74733,single_train,single,what,lookup
74736,single_train,single,how_many,reasoning
74737,single_train,single,what,lookup
74741,single_train,single,how_many,reasoning
74734,single_train,single,how_many,lookup
74738,single_train,single,which,lookup
74735,single_train,single,which,lookup
74506,single_train,single,how_many,reasoning
74501,single_train,single,what,lookup
74499,single_train,single,which,lookup
74504,single_train,single,count,reasoning
74502,single_train,single,how_many,reasoning
158049,single_train,single,which,lookup
158057,single_train,single,which,lookup
158058,single_train,single,how_many,reasoning
158053,single_train,single,which,lookup
158051,single_train,single,how_many,reasoning
158052,single_train,single,how_many,reasoning
158055,single_train,single,which,lookup
158054,single_train,single,other,lookup
12880,single_train,single,how_many,reasoning
12884,single_train,single,how_many,reasoning
12877,single_train,single,how_many,lookup
12879,single_train,single,which,lookup
12881,single_train,single,what,lookup
12878,single_train,single,which,lookup
100124,single_train,single,which,reasoning
100127,single_train,single,how_many,reasoning
100133,single_train,single,which,reasoning
100134,single_train,single,which,lookup
100129,single_train,single,what,reasoning
100130,single_train,single,how_many,reasoning
100135,single_train,single,how_many,reasoning
100131,single_train,single,how_many,reasoning
21229,single_train,single,how_many,reasoning
21231,single_train,single,which,lookup
21228,single_train,single,count,lookup
21227,single_train,single,which,lookup
151162,single_train,single,which,lookup
151160,single_train,single,which,lookup
151163,single_train,single,which,lookup
151159,single_train,single,how_many,lookup
161889,single_train,single,when,lookup
161891,single_train,single,which,lookup
161886,single_train,single,which,lookup
161885,single_train,single,which,lookup
161888,single_train,single,when,reasoning
161895,single_train,single,how_many,reasoning
161890,single_train,single,what,lookup
161892,single_train,single,how_many,reasoning
161887,single_train,single,which,lookup
74315,single_train,single,which,lookup
74316,single_train,single,how_many,reasoning
74317,single_train,single,which,lookup
74313,single_train,single,when,lookup
74314,single_train,single,which,reasoning
14298,single_train,single,how_many,reasoning
14293,single_train,single,what,lookup
14297,single_train,single,what,lookup
14300,single_train,single,what,lookup
14296,single_train,single,which,lookup
14294,single_train,single,which,lookup
14295,single_train,single,how_many,reasoning
14289,single_train,single,what,lookup
14288,single_train,single,which,lookup
14291,single_train,single,how_many,reasoning
14299,single_train,single,how_many,lookup
14292,single_train,single,how_many,lookup
63195,single_train,single,which,lookup
63193,single_train,single,which,lookup
63196,single_train,single,how_many,reasoning
63192,single_train,single,which,lookup
63199,single_train,single,which,lookup
63191,single_train,single,how_many,lookup
63198,single_train,single,how_many,lookup
105198,single_train,single,list,lookup
105201,single_train,single,which,lookup
105204,single_train,single,which,lookup
105200,single_train,single,which,lookup
105202,single_train,single,how_many,reasoning
105199,single_train,single,which,reasoning
159463,single_train,single,which,lookup
159461,single_train,single,how_many,lookup
159462,single_train,single,how_many,reasoning
159460,single_train,single,which,lookup
23337,single_train,single,how_many,reasoning
23335,single_train,single,which,lookup
23336,single_train,single,which,lookup
23334,single_train,single,which,lookup
124397,single_train,single,which,lookup
124395,single_train,single,other,lookup
124391,single_train,single,which,reasoning
124392,single_train,single,which,lookup
124393,single_train,single,compare,reasoning
124399,single_train,single,how_many,reasoning
124396,single_train,single,what,lookup
124390,single_train,single,what,reasoning
124398,single_train,single,which,lookup
35242,single_train,single,compare,reasoning
35247,single_train,single,what,lookup
35244,single_train,single,when,lookup
35249,single_train,single,how_many,reasoning
35245,single_train,single,how_many,reasoning
35243,single_train,single,what,lookup
35246,single_train,single,which,lookup
23197,single_train,single,which,lookup
23202,single_train,single,which,lookup
23204,single_train,single,which,lookup
23201,single_train,single,which,lookup
23199,single_train,single,which,lookup
23198,single_train,single,what,lookup
23206,single_train,single,which,lookup
23207,single_train,single,how_many,reasoning
23200,single_train,single,how_many,reasoning
23203,single_train,single,how_many,reasoning
71054,single_train,single,how_many,lookup
71057,single_train,single,how_many,lookup
71055,single_train,single,what,lookup
71053,single_train,single,which,lookup
71058,single_train,single,how_many,reasoning
133058,single_train,single,compare,reasoning
133062,single_train,single,count,lookup
133061,single_train,single,which,lookup
133064,single_train,single,how_many,reasoning
133065,single_train,single,how_many,lookup
133063,single_train,single,how_many,lookup
133059,single_train,single,how_many,lookup
133066,single_train,single,how_many,lookup
133060,single_train,single,how_many,reasoning
133057,single_train,single,how_many,lookup
76193,single_train,single,which,reasoning
76191,single_train,single,what,lookup
76192,single_train,single,which,lookup
76187,single_train,single,what,lookup
76189,single_train,single,which,lookup
76188,single_train,single,what,lookup
67432,single_train,single,how_many,reasoning
67433,single_train,single,other,reasoning
67431,single_train,single,what,lookup
67429,single_train,single,which,lookup
67434,single_train,single,how_many,reasoning
67430,single_train,single,what,lookup
24853,single_train,single,which,lookup
24855,single_train,single,how_many,reasoning
24857,single_train,single,which,lookup
24860,single_train,single,how_many,reasoning
24859,single_train,single,which,lookup
24854,single_train,single,which,lookup
24858,single_train,single,which,lookup
27986,single_train,single,how_many,reasoning
27983,single_train,single,which,lookup
27991,single_train,single,how_many,reasoning
27985,single_train,single,which,lookup
27989,single_train,single,which,lookup
27987,single_train,single,what,lookup
27990,single_train,single,how_many,reasoning
102732,single_train,single,what,lookup
102733,single_train,single,how_many,reasoning
102731,single_train,single,which,lookup
102730,single_train,single,how_many,reasoning
102728,single_train,single,what,lookup
102726,single_train,single,what,lookup
102725,single_train,single,how_many,lookup
102724,single_train,single,which,lookup
83429,single_train,single,when,lookup
83427,single_train,single,how_many,lookup
83428,single_train,single,how_many,reasoning
83434,single_train,single,how_many,lookup
83430,single_train,single,how_many,lookup
83432,single_train,single,how_many,lookup
83433,single_train,single,when,reasoning
83431,single_train,single,what,lookup
83435,single_train,single,how_many,reasoning
122819,single_train,single,which,lookup
122817,single_train,single,when,lookup
122812,single_train,single,how_many,reasoning
122813,single_train,single,how_many,lookup
122822,single_train,single,how_many,reasoning
122811,single_train,single,which,reasoning
122818,single_train,single,which,lookup
141500,single_train,single,how_many,lookup
141504,single_train,single,which,lookup
141502,single_train,single,how_many,reasoning
141503,single_train,single,what,lookup
141506,single_train,single,what,lookup
141499,single_train,single,how_many,lookup
141498,single_train,single,how_many,reasoning
141496,single_train,single,which,lookup
141501,single_train,single,which,lookup
141505,single_train,single,how_many,reasoning
72760,single_train,single,how_many,reasoning
72767,single_train,single,which,lookup
72764,single_train,single,which,reasoning
72763,single_train,single,what,reasoning
72762,single_train,single,how_many,reasoning
72765,single_train,single,how_many,reasoning
72761,single_train,single,what,lookup
87071,single_train,single,which,lookup
87069,single_train,single,when,lookup
87075,single_train,single,what,lookup
87070,single_train,single,which,lookup
87073,single_train,single,when,lookup
87076,single_train,single,what,lookup
87072,single_train,single,when,lookup
163240,single_train,single,how_many,reasoning
163238,single_train,single,how_many,lookup
163237,single_train,single,how_many,reasoning
163236,single_train,single,which,lookup
163239,single_train,single,which,lookup
163235,single_train,single,which,lookup
161525,single_train,single,how_many,reasoning
161518,single_train,single,when,lookup
161517,single_train,single,how_many,reasoning
161516,single_train,single,what,lookup
161519,single_train,single,other,lookup
161520,single_train,single,what,lookup
161514,single_train,single,which,lookup
161515,single_train,single,when,lookup
161521,single_train,single,how_many,reasoning
152875,single_train,single,how_many,reasoning
152869,single_train,single,which,lookup
152873,single_train,single,how_many,reasoning
152868,single_train,single,which,lookup
152867,single_train,single,what,lookup
152870,single_train,single,how_many,reasoning
152871,single_train,single,what,lookup
152872,single_train,single,which,lookup
152874,single_train,single,which,lookup
125910,single_train,single,which,lookup
125911,single_train,single,what,lookup
125912,single_train,single,which,lookup
125916,single_train,single,when,lookup
125917,single_train,single,which,lookup
125914,single_train,single,which,lookup
125918,single_train,single,which,lookup
125915,single_train,single,which,lookup
125913,single_train,single,how_many,reasoning
5061,single_train,single,how_many,reasoning
5058,single_train,single,how_many,lookup
5059,single_train,single,which,lookup
5062,single_train,single,what,lookup
5063,single_train,single,which,lookup
5060,single_train,single,which,lookup
5065,single_train,single,how_many,reasoning
5064,single_train,single,which,lookup
74292,single_train,single,other,lookup
74284,single_train,single,which,lookup
74289,single_train,single,what,reasoning
74290,single_train,single,which,lookup
74285,single_train,single,what,lookup
74287,single_train,single,how_many,reasoning
74291,single_train,single,how_many,reasoning
74286,single_train,single,which,lookup
74288,single_train,single,which,lookup
87499,single_train,single,which,lookup
87498,single_train,single,what,lookup
87497,single_train,single,which,lookup
87494,single_train,single,which,lookup
87493,single_train,single,which,lookup
87501,single_train,single,how_many,reasoning
87502,single_train,single,how_many,reasoning
87496,single_train,single,what,lookup
87500,single_train,single,how_many,reasoning
87495,single_train,single,which,lookup
130965,single_train,single,when,reasoning
130966,single_train,single,which,lookup
130970,single_train,single,how_many,reasoning
130967,single_train,single,how_many,reasoning
130968,single_train,single,which,lookup
46212,single_train,single,how_many,lookup
46217,single_train,single,how_many,lookup
46219,single_train,single,how_many,reasoning
46225,single_train,single,how_many,reasoning
46215,single_train,single,compare,reasoning
46216,single_train,single,what,reasoning
46226,single_train,single,what,lookup
46213,single_train,single,how_many,lookup
46214,single_train,single,which,reasoning
46220,single_train,single,how_many,reasoning
46218,single_train,single,which,reasoning
46222,single_train,single,how_many,reasoning
46221,single_train,single,other,lookup
46223,single_train,single,how_many,lookup
94321,single_train,single,how_many,lookup
94315,single_train,single,how_many,reasoning
94320,single_train,single,how_many,reasoning
7062,single_train,single,how_many,reasoning
7057,single_train,single,which,lookup
7055,single_train,single,which,lookup
7061,single_train,single,which,lookup
7056,single_train,single,which,lookup
7059,single_train,single,which,lookup
7058,single_train,single,how_many,reasoning
7060,single_train,single,which,lookup
7066,single_train,single,how_many,reasoning
147912,single_train,single,which,lookup
147909,single_train,single,which,lookup
147911,single_train,single,other,lookup
147917,single_train,single,how_many,reasoning
147908,single_train,single,list,lookup
147915,single_train,single,which,lookup
147914,single_train,single,how_many,reasoning
125328,single_train,single,which,lookup
125315,single_train,single,what,reasoning
125322,single_train,single,which,lookup
125316,single_train,single,which,reasoning
125323,single_train,single,which,reasoning
125325,single_train,single,which,lookup
125326,single_train,single,which,lookup
125320,single_train,single,which,lookup
125327,single_train,single,which,lookup
125324,single_train,single,which,lookup
125319,single_train,single,which,lookup
100493,single_train,single,which,lookup
100494,single_train,single,when,lookup
100492,single_train,single,how_many,reasoning
100496,single_train,single,how_many,reasoning
100491,single_train,single,which,reasoning
100489,single_train,single,which,reasoning
104241,single_train,single,how_many,reasoning
104238,single_train,single,which,lookup
104233,single_train,single,which,lookup
68019,single_train,single,which,lookup
68017,single_train,single,which,lookup
68013,single_train,single,when,lookup
68022,single_train,single,which,lookup
68023,single_train,single,how_many,reasoning
68016,single_train,single,how_many,reasoning
68020,single_train,single,how_many,reasoning
68021,single_train,single,other,lookup
68015,single_train,single,how_many,lookup
68018,single_train,single,which,lookup
68014,single_train,single,other,lookup
147647,single_train,single,how_many,reasoning
147644,single_train,single,other,lookup
147648,single_train,single,which,lookup
147645,single_train,single,other,lookup
147646,single_train,single,which,lookup
90815,single_train,single,how_many,reasoning
90816,single_train,single,how_many,reasoning
90811,single_train,single,when,lookup
90813,single_train,single,what,lookup
90814,single_train,single,how_many,reasoning
90809,single_train,single,when,lookup
90812,single_train,single,what,lookup
90810,single_train,single,what,lookup
91290,single_train,single,how_many,reasoning
91288,single_train,single,how_many,lookup
91291,single_train,single,how_many,reasoning
91287,single_train,single,how_many,reasoning
91289,single_train,single,other,lookup
17077,single_train,single,how_many,reasoning
17078,single_train,single,how_many,reasoning
17074,single_train,single,how_many,lookup
17075,single_train,single,what,lookup
17076,single_train,single,how_many,reasoning
17079,single_train,single,how_many,reasoning
40664,single_train,single,which,lookup
40662,single_train,single,how_many,lookup
40659,single_train,single,which,lookup
40663,single_train,single,how_many,reasoning
40666,single_train,single,how_many,reasoning
40660,single_train,single,which,lookup
40661,single_train,single,how_many,reasoning
40658,single_train,single,how_many,lookup
40665,single_train,single,which,lookup
98668,single_train,single,which,lookup
98670,single_train,single,which,lookup
98669,single_train,single,how_many,lookup
98675,single_train,single,which,lookup
98674,single_train,single,how_many,reasoning
98672,single_train,single,how_many,reasoning
98673,single_train,single,which,lookup
98678,single_train,single,how_many,reasoning
98671,single_train,single,how_many,reasoning
103684,single_train,single,which,lookup
103687,single_train,single,how_many,reasoning
103685,single_train,single,which,lookup
103686,single_train,single,which,lookup
67317,single_train,single,which,lookup
67319,single_train,single,which,lookup
67320,single_train,single,how_many,reasoning
67318,single_train,single,count,lookup
67321,single_train,single,what,lookup
139057,single_train,single,how_many,lookup
139063,single_train,single,how_many,reasoning
139059,single_train,single,how_many,reasoning
139058,single_train,single,which,lookup
139056,single_train,single,how_many,reasoning
139060,single_train,single,which,lookup
82653,single_train,single,how_many,lookup
82656,single_train,single,count,lookup
82662,single_train,single,how_many,reasoning
82657,single_train,single,how_many,lookup
82654,single_train,single,how_many,reasoning
82651,single_train,single,how_many,lookup
82655,single_train,single,what,lookup
137927,single_train,single,how_many,reasoning
137926,single_train,single,which,lookup
137921,single_train,single,how_many,reasoning
137925,single_train,single,when,reasoning
137920,single_train,single,how_many,lookup
106954,single_train,single,list,lookup
106956,single_train,single,how_many,reasoning
106950,single_train,single,how_many,lookup
106946,single_train,single,how_many,reasoning
106952,single_train,single,how_many,reasoning
106945,single_train,single,which,reasoning
97505,single_train,single,what,lookup
97498,single_train,single,what,lookup
97500,single_train,single,which,lookup
97501,single_train,single,how_many,reasoning
97499,single_train,single,list,lookup
97503,single_train,single,which,lookup
97502,single_train,single,what,lookup
74612,single_train,single,what,lookup
74617,single_train,single,which,lookup
74618,single_train,single,how_many,reasoning
74614,single_train,single,how_many,reasoning
74613,single_train,single,which,lookup
74616,single_train,single,which,lookup
74619,single_train,single,what,lookup
79745,single_train,single,which,lookup
79752,single_train,single,how_many,reasoning
79751,single_train,single,which,lookup
79750,single_train,single,which,lookup
79746,single_train,single,what,lookup
133972,single_train,single,how_many,lookup
133967,single_train,single,what,lookup
133969,single_train,single,which,lookup
133968,single_train,single,which,lookup
133973,single_train,single,which,lookup
133970,single_train,single,how_many,reasoning
133974,single_train,single,how_many,reasoning
133978,single_train,single,how_many,reasoning
133971,single_train,single,which,lookup
82812,single_train,single,how_many,reasoning
82807,single_train,single,which,lookup
82806,single_train,single,which,lookup
82808,single_train,single,how_many,reasoning
82805,single_train,single,what,lookup
128904,single_train,single,how_many,reasoning
128902,single_train,single,other,lookup
128899,single_train,single,what,lookup
128898,single_train,single,what,lookup
128894,single_train,single,which,lookup
128897,single_train,single,how_many,reasoning
128903,single_train,single,which,lookup
128895,single_train,single,what,reasoning
128896,single_train,single,which,lookup
128900,single_train,single,when,lookup
163271,single_train,single,how_many,lookup
163273,single_train,single,how_many,reasoning
163277,single_train,single,how_many,reasoning
163269,single_train,single,how_many,lookup
163272,single_train,single,how_many,lookup
163270,single_train,single,how_many,reasoning
149955,single_train,single,how_many,reasoning
149952,single_train,single,which,lookup
149959,single_train,single,how_many,reasoning
149957,single_train,single,which,lookup
149954,single_train,single,which,lookup
149953,single_train,single,which,lookup
41341,single_train,single,which,lookup
41340,single_train,single,which,reasoning
41339,single_train,single,how_many,reasoning
41342,single_train,single,how_many,reasoning
41337,single_train,single,which,reasoning
41336,single_train,single,which,lookup
41335,single_train,single,which,lookup
41338,single_train,single,how_many,reasoning
129549,single_train,single,which,reasoning
129548,single_train,single,which,lookup
129553,single_train,single,which,lookup
129546,single_train,single,what,lookup
129551,single_train,single,which,lookup
129550,single_train,single,what,lookup
129547,single_train,single,other,lookup
129554,single_train,single,how_many,reasoning
41343,single_train,single,how_many,lookup
41345,single_train,single,how_many,reasoning
41347,single_train,single,how_many,reasoning
41352,single_train,single,how_many,reasoning
41348,single_train,single,which,lookup
41350,single_train,single,how_many,reasoning
41344,single_train,single,what,lookup
41346,single_train,single,how_many,reasoning
41349,single_train,single,which,lookup
132491,single_train,single,how_many,lookup
132486,single_train,single,how_many,reasoning
132484,single_train,single,compare,reasoning
132492,single_train,single,how_many,reasoning
132489,single_train,single,how_many,reasoning
132487,single_train,single,which,lookup
132483,single_train,single,what,lookup
132488,single_train,single,how_many,lookup
132485,single_train,single,which,lookup
132490,single_train,single,count,lookup
22547,single_train,single,list,lookup
22549,single_train,single,how_many,reasoning
22546,single_train,single,how_many,lookup
22544,single_train,single,how_many,lookup
22545,single_train,single,which,lookup
22553,single_train,single,how_many,reasoning
120475,single_train,single,which,lookup
120481,single_train,single,how_many,reasoning
120477,single_train,single,which,lookup
126494,single_train,single,which,lookup
126498,single_train,single,what,lookup
126495,single_train,single,how_many,lookup
126496,single_train,single,which,lookup
126499,single_train,single,other,lookup
126497,single_train,single,how_many,reasoning
11017,single_train,single,which,reasoning
11019,single_train,single,other,lookup
11016,single_train,single,which,lookup
11014,single_train,single,how_many,reasoning
11012,single_train,single,what,lookup
11013,single_train,single,which,lookup
11011,single_train,single,how_many,reasoning
11015,single_train,single,other,lookup
74748,single_train,single,which,lookup
74746,single_train,single,which,lookup
74745,single_train,single,how_many,reasoning
74742,single_train,single,how_many,lookup
74744,single_train,single,how_many,lookup
74743,single_train,single,what,lookup
128383,single_train,single,which,lookup
128385,single_train,single,what,lookup
128387,single_train,single,what,lookup
128386,single_train,single,which,lookup
128384,single_train,single,how_many,reasoning
128390,single_train,single,which,lookup
128388,single_train,single,how_many,reasoning
128389,single_train,single,what,lookup
128382,single_train,single,count,reasoning
104056,single_train,single,how_many,reasoning
104055,single_train,single,which,lookup
104053,single_train,single,which,lookup
104060,single_train,single,how_many,reasoning
143524,single_train,single,how_many,reasoning
143523,single_train,single,what,lookup
143521,single_train,single,what,lookup
143514,single_train,single,which,lookup
143513,single_train,single,list,lookup
143520,single_train,single,which,lookup
143515,single_train,single,how_many,reasoning
143518,single_train,single,which,lookup
143525,single_train,single,what,lookup
8630,single_train,single,what,lookup
8628,single_train,single,how_many,reasoning
8625,single_train,single,which,lookup
8632,single_train,single,how_many,reasoning
8627,single_train,single,what,lookup
8629,single_train,single,which,lookup
12421,single_train,single,how_many,lookup
12427,single_train,single,compare,reasoning
12426,single_train,single,which,lookup
12425,single_train,single,which,lookup
12424,single_train,single,how_many,reasoning
12422,single_train,single,which,lookup
12423,single_train,single,how_many,lookup
21906,single_train,single,how_many,reasoning
21901,single_train,single,which,lookup
21903,single_train,single,how_many,reasoning
21907,single_train,single,which,lookup
21904,single_train,single,how_many,reasoning
21902,single_train,single,which,lookup
21900,single_train,single,how_many,reasoning
18728,single_train,single,how_many,reasoning
18724,single_train,single,count,reasoning
18732,single_train,single,which,lookup
18726,single_train,single,how_many,reasoning
18725,single_train,single,how_many,reasoning
18727,single_train,single,how_many,lookup
18731,single_train,single,how_many,reasoning
18730,single_train,single,which,lookup
18729,single_train,single,which,lookup
97789,single_train,single,which,reasoning
97791,single_train,single,how_many,reasoning
97788,single_train,single,what,lookup
97787,single_train,single,when,reasoning
97792,single_train,single,how_many,reasoning
97793,single_train,single,which,lookup
97790,single_train,single,how_many,reasoning
26526,single_train,single,when,lookup
26527,single_train,single,how_many,reasoning
26532,single_train,single,how_many,lookup
26530,single_train,single,what,lookup
26528,single_train,single,which,lookup
26529,single_train,single,how_many,reasoning
26531,single_train,single,what,lookup
110483,single_train,single,how_many,reasoning
110478,single_train,single,when,reasoning
110481,single_train,single,count,lookup
110477,single_train,single,count,lookup
110476,single_train,single,which,lookup
110480,single_train,single,when,reasoning
110479,single_train,single,how_many,reasoning
110482,single_train,single,how_many,lookup
43703,single_train,single,what,lookup
43708,single_train,single,how_many,reasoning
43705,single_train,single,which,reasoning
43707,single_train,single,which,lookup
43706,single_train,single,compare,reasoning
43704,single_train,single,which,lookup
43702,single_train,single,which,lookup
109698,single_train,single,which,lookup
109704,single_train,single,how_many,reasoning
109701,single_train,single,count,lookup
109703,single_train,single,which,lookup
109707,single_train,single,how_many,reasoning
109697,single_train,single,which,lookup
19290,single_train,single,which,lookup
19288,single_train,single,when,lookup
19287,single_train,single,what,lookup
19286,single_train,single,which,lookup
19284,single_train,single,which,lookup
19292,single_train,single,which,lookup
19283,single_train,single,what,lookup
19289,single_train,single,how_many,reasoning
19285,single_train,single,how_many,reasoning
19291,single_train,single,other,lookup
27082,single_train,single,which,lookup
27081,single_train,single,how_many,reasoning
27086,single_train,single,how_many,reasoning
27085,single_train,single,what,lookup
27084,single_train,single,which,lookup
27083,single_train,single,how_many,reasoning
73080,single_train,single,list,lookup
73082,single_train,single,how_many,reasoning
73077,single_train,single,how_many,lookup
73081,single_train,single,which,lookup
73079,single_train,single,how_many,reasoning
73078,single_train,single,which,lookup
7108,single_train,single,how_many,reasoning
7102,single_train,single,how_many,lookup
7103,single_train,single,other,lookup
7101,single_train,single,how_many,reasoning
7107,single_train,single,which,lookup
7098,single_train,single,what,lookup
7100,single_train,single,how_many,reasoning
7105,single_train,single,which,lookup
7106,single_train,single,compare,lookup
7099,single_train,single,which,lookup
7104,single_train,single,how_many,reasoning
139930,single_train,single,which,lookup
139936,single_train,single,which,lookup
139935,single_train,single,what,lookup
139934,single_train,single,how_many,reasoning
139928,single_train,single,how_many,reasoning
139926,single_train,single,which,lookup
117632,single_train,single,which,lookup
117630,single_train,single,what,lookup
117625,single_train,single,how_many,reasoning
117633,single_train,single,how_many,reasoning
117626,single_train,single,which,reasoning
117624,single_train,single,which,lookup
117631,single_train,single,when,reasoning
117629,single_train,single,which,reasoning
117628,single_train,single,which,lookup
117627,single_train,single,which,lookup
30603,single_train,single,which,lookup
30605,single_train,single,how_many,reasoning
30604,single_train,single,what,lookup
30607,single_train,single,what,lookup
30606,single_train,single,how_many,reasoning
30610,single_train,single,how_many,reasoning
140034,single_train,single,how_many,lookup
140032,single_train,single,which,lookup
140035,single_train,single,which,lookup
140033,single_train,single,how_many,reasoning
140030,single_train,single,what,lookup
150237,single_train,single,which,lookup
150234,single_train,single,list,reasoning
150228,single_train,single,how_many,reasoning
150229,single_train,single,when,lookup
150236,single_train,single,which,lookup
150233,single_train,single,which,lookup
150227,single_train,single,which,lookup
150226,single_train,single,which,lookup
150232,single_train,single,which,lookup
150225,single_train,single,which,lookup
150230,single_train,single,which,lookup
150235,single_train,single,which,lookup
150238,single_train,single,how_many,reasoning
134393,single_train,single,how_many,reasoning
134385,single_train,single,how_many,lookup
134384,single_train,single,count,lookup
134383,single_train,single,how_many,reasoning
134389,single_train,single,which,lookup
134386,single_train,single,how_many,reasoning
134387,single_train,single,when,reasoning
134388,single_train,single,how_many,lookup
158376,single_train,single,which,lookup
158374,single_train,single,what,lookup
158377,single_train,single,how_many,reasoning
158366,single_train,single,what,lookup
158370,single_train,single,which,lookup
158368,single_train,single,what,lookup
158373,single_train,single,how_many,reasoning
158372,single_train,single,which,lookup
158369,single_train,single,how_many,reasoning
98967,single_train,single,how_many,reasoning
98965,single_train,single,how_many,reasoning
98964,single_train,single,what,reasoning
98974,single_train,single,how_many,reasoning
98972,single_train,single,other,lookup
98969,single_train,single,which,reasoning
98970,single_train,single,how_many,reasoning
98968,single_train,single,count,lookup
98966,single_train,single,what,lookup
88230,single_train,single,how_many,reasoning
88228,single_train,single,how_many,lookup
88226,single_train,single,what,reasoning
88229,single_train,single,how_many,lookup
36329,single_train,single,how_many,reasoning
36327,single_train,single,what,lookup
36325,single_train,single,how_many,reasoning
36322,single_train,single,how_many,lookup
36324,single_train,single,which,lookup
36326,single_train,single,which,lookup
36323,single_train,single,which,lookup
36328,single_train,single,which,lookup
30580,single_train,single,which,lookup
30582,single_train,single,how_many,reasoning
30578,single_train,single,which,lookup
120892,single_train,single,which,lookup
120896,single_train,single,how_many,lookup
120889,single_train,single,list,reasoning
120893,single_train,single,which,lookup
120894,single_train,single,what,lookup
120890,single_train,single,list,reasoning
120897,single_train,single,how_many,reasoning
120898,single_train,single,how_many,reasoning
120895,single_train,single,which,lookup
120891,single_train,single,which,lookup
120888,single_train,single,which,reasoning
150336,single_train,single,other,lookup
150337,single_train,single,list,lookup
150341,single_train,single,how_many,reasoning
150343,single_train,single,how_many,reasoning
150338,single_train,single,how_many,reasoning
150340,single_train,single,list,lookup
150339,single_train,single,which,lookup
22208,single_train,single,when,lookup
22209,single_train,single,how_many,reasoning
22204,single_train,single,which,lookup
22203,single_train,single,how_many,lookup
22206,single_train,single,compare,reasoning
22205,single_train,single,compare,reasoning
165506,single_train,single,how_many,reasoning
165504,single_train,single,which,lookup
165508,single_train,single,what,lookup
165509,single_train,single,how_many,reasoning
165507,single_train,single,when,lookup
165505,single_train,single,how_many,lookup
157099,single_train,single,compare,reasoning
157104,single_train,single,compare,reasoning
157098,single_train,single,which,lookup
76697,single_train,single,which,lookup
76698,single_train,single,which,lookup
76704,single_train,single,how_many,reasoning
76699,single_train,single,what,lookup
62735,single_train,single,which,lookup
62733,single_train,single,how_many,lookup
62724,single_train,single,how_many,lookup
62731,single_train,single,how_many,lookup
62723,single_train,single,how_many,lookup
62727,single_train,single,which,lookup
62728,single_train,single,what,lookup
62730,single_train,single,how_many,reasoning
62729,single_train,single,how_many,lookup
62726,single_train,single,how_many,reasoning
128455,single_train,single,how_many,reasoning
128457,single_train,single,which,lookup
128454,single_train,single,which,lookup
128458,single_train,single,which,lookup
128462,single_train,single,how_many,reasoning
128456,single_train,single,what,lookup
128460,single_train,single,what,lookup
128459,single_train,single,which,reasoning
99711,single_train,single,how_many,reasoning
99713,single_train,single,which,lookup
99721,single_train,single,what,reasoning
99712,single_train,single,what,lookup
99714,single_train,single,how_many,reasoning
99716,single_train,single,which,lookup
99719,single_train,single,which,lookup
99717,single_train,single,how_many,reasoning
99715,single_train,single,which,lookup
89098,single_train,single,how_many,lookup
89100,single_train,single,how_many,reasoning
89096,single_train,single,how_many,reasoning
89101,single_train,single,how_many,reasoning
89097,single_train,single,list,lookup
159802,single_train,single,list,lookup
159798,single_train,single,what,lookup
159804,single_train,single,how_many,reasoning
159801,single_train,single,what,lookup
159799,single_train,single,which,lookup
159803,single_train,single,what,lookup
159796,single_train,single,which,lookup
159795,single_train,single,which,lookup
159797,single_train,single,how_many,reasoning
142553,single_train,single,how_many,lookup
142548,single_train,single,which,lookup
142551,single_train,single,how_many,lookup
142547,single_train,single,what,lookup
142550,single_train,single,how_many,reasoning
142552,single_train,single,which,lookup
106848,single_train,single,which,reasoning
106851,single_train,single,how_many,reasoning
106845,single_train,single,which,lookup
106852,single_train,single,compare,reasoning
106849,single_train,single,how_many,reasoning
106850,single_train,single,how_many,reasoning
106854,single_train,single,how_many,reasoning
106843,single_train,single,how_many,reasoning
106847,single_train,single,when,reasoning
106846,single_train,single,how_many,reasoning
148866,single_train,single,which,reasoning
148861,single_train,single,count,lookup
148867,single_train,single,how_many,reasoning
148864,single_train,single,what,lookup
148863,single_train,single,how_many,reasoning
148868,single_train,single,what,lookup
148860,single_train,single,what,lookup
148871,single_train,single,how_many,reasoning
148869,single_train,single,what,reasoning
148862,single_train,single,what,lookup
148865,single_train,single,count,reasoning
138955,single_train,single,how_many,reasoning
138952,single_train,single,how_many,reasoning
138956,single_train,single,how_many,reasoning
138950,single_train,single,what,lookup
138954,single_train,single,which,lookup
138953,single_train,single,when,lookup
138951,single_train,single,how_many,lookup
138949,single_train,single,how_many,reasoning
17937,single_train,single,how_many,reasoning
17933,single_train,single,how_many,reasoning
17932,single_train,single,which,lookup
17935,single_train,single,how_many,reasoning
17934,single_train,single,which,lookup
97828,single_train,single,what,lookup
97833,single_train,single,what,lookup
97827,single_train,single,how_many,reasoning
97831,single_train,single,when,lookup
97824,single_train,single,how_many,lookup
97829,single_train,single,how_many,lookup
97830,single_train,single,which,lookup
97826,single_train,single,which,lookup
97832,single_train,single,what,lookup
97825,single_train,single,what,lookup
28717,single_train,single,how_many,reasoning
28712,single_train,single,which,lookup
28720,single_train,single,which,lookup
28713,single_train,single,how_many,reasoning
28711,single_train,single,how_many,reasoning
28721,single_train,single,how_many,reasoning
28714,single_train,single,which,lookup
28716,single_train,single,which,lookup
28719,single_train,single,how_many,lookup
137596,single_train,single,how_many,reasoning
137591,single_train,single,which,lookup
137586,single_train,single,how_many,lookup
137590,single_train,single,how_many,lookup
137588,single_train,single,which,lookup
137593,single_train,single,what,lookup
137592,single_train,single,how_many,reasoning
137587,single_train,single,what,lookup
137595,single_train,single,which,lookup
137589,single_train,single,how_many,reasoning
153353,single_train,single,which,lookup
153354,single_train,single,which,lookup
153349,single_train,single,what,lookup
153351,single_train,single,which,lookup
153350,single_train,single,which,lookup
153352,single_train,single,how_many,reasoning
119021,single_train,single,which,lookup
119020,single_train,single,which,lookup
119018,single_train,single,which,reasoning
119017,single_train,single,which,reasoning
119022,single_train,single,which,lookup
119019,single_train,single,which,lookup
119023,single_train,single,how_many,reasoning
99824,single_train,single,when,lookup
99828,single_train,single,which,lookup
99826,single_train,single,how_many,reasoning
99833,single_train,single,how_many,reasoning
99830,single_train,single,which,lookup
99827,single_train,single,how_many,reasoning
99825,single_train,single,which,lookup
99829,single_train,single,how_many,lookup
13138,single_train,single,which,reasoning
13142,single_train,single,compare,reasoning
13146,single_train,single,other,lookup
13145,single_train,single,which,reasoning
13137,single_train,single,how_many,lookup
13148,single_train,single,how_many,reasoning
13139,single_train,single,which,lookup
13144,single_train,single,how_many,reasoning
13147,single_train,single,which,lookup
13140,single_train,single,how_many,reasoning
13143,single_train,single,which,lookup
13141,single_train,single,which,lookup
42661,single_train,single,which,lookup
42659,single_train,single,which,lookup
42660,single_train,single,how_many,reasoning
42658,single_train,single,when,lookup
42662,single_train,single,what,lookup
101261,single_train,single,which,lookup
101260,single_train,single,how_many,reasoning
101265,single_train,single,which,lookup
101263,single_train,single,which,lookup
101264,single_train,single,when,reasoning
101267,single_train,single,which,lookup
101257,single_train,single,which,reasoning
109111,single_train,single,how_many,reasoning
109109,single_train,single,other,reasoning
109108,single_train,single,which,lookup
109114,single_train,single,how_many,reasoning
109110,single_train,single,what,lookup
37956,single_train,single,how_many,reasoning
37961,single_train,single,how_many,reasoning
37951,single_train,single,how_many,reasoning
37952,single_train,single,which,reasoning
37955,single_train,single,which,lookup
37957,single_train,single,how_many,reasoning
37953,single_train,single,how_many,reasoning
37954,single_train,single,how_many,reasoning
11369,single_train,single,which,lookup
11378,single_train,single,how_many,reasoning
11373,single_train,single,which,lookup
11367,single_train,single,which,lookup
11376,single_train,single,what,lookup
11368,single_train,single,how_many,reasoning
11370,single_train,single,other,lookup
11372,single_train,single,how_many,reasoning
11365,single_train,single,which,lookup
11374,single_train,single,what,lookup
11366,single_train,single,other,lookup
11371,single_train,single,which,lookup
11377,single_train,single,which,lookup
89410,single_train,single,which,lookup
89411,single_train,single,what,lookup
89408,single_train,single,what,reasoning
89414,single_train,single,how_many,reasoning
89409,single_train,single,how_many,lookup
118186,single_train,single,how_many,lookup
118189,single_train,single,how_many,lookup
118191,single_train,single,how_many,lookup
118190,single_train,single,how_many,lookup
118188,single_train,single,other,lookup
118185,single_train,single,how_many,reasoning
118187,single_train,single,how_many,reasoning
5086,single_train,single,how_many,reasoning
5083,single_train,single,which,lookup
5080,single_train,single,what,lookup
5085,single_train,single,which,lookup
5087,single_train,single,which,lookup
5084,single_train,single,how_many,lookup
5081,single_train,single,which,lookup
5082,single_train,single,how_many,reasoning
26822,single_train,single,which,reasoning
26816,single_train,single,how_many,reasoning
26819,single_train,single,how_many,reasoning
26821,single_train,single,what,reasoning
26818,single_train,single,what,reasoning
26817,single_train,single,which,lookup
26823,single_train,single,how_many,reasoning
26820,single_train,single,what,reasoning
46153,single_train,single,how_many,lookup
46160,single_train,single,which,lookup
46154,single_train,single,what,lookup
46158,single_train,single,how_many,lookup
46159,single_train,single,which,lookup
46156,single_train,single,how_many,reasoning
46157,single_train,single,how_many,lookup
46155,single_train,single,how_many,lookup
46162,single_train,single,how_many,reasoning
159016,single_train,single,which,lookup
159018,single_train,single,how_many,reasoning
159012,single_train,single,which,lookup
159014,single_train,single,how_many,reasoning
159017,single_train,single,how_many,lookup
159013,single_train,single,which,lookup
159020,single_train,single,which,lookup
49492,single_train,single,which,reasoning
49497,single_train,single,how_many,lookup
49495,single_train,single,which,lookup
49498,single_train,single,how_many,reasoning
49496,single_train,single,how_many,lookup
49494,single_train,single,how_many,lookup
49499,single_train,single,how_many,reasoning
162425,single_train,single,what,lookup
162422,single_train,single,which,lookup
162424,single_train,single,what,lookup
162418,single_train,single,how_many,reasoning
162419,single_train,single,which,lookup
162416,single_train,single,how_many,lookup
162421,single_train,single,how_many,lookup
162415,single_train,single,how_many,lookup
162417,single_train,single,how_many,lookup
162420,single_train,single,compare,reasoning
96566,single_train,single,which,lookup
96561,single_train,single,list,lookup
96558,single_train,single,which,lookup
96565,single_train,single,list,lookup
96567,single_train,single,which,lookup
96557,single_train,single,which,reasoning
96560,single_train,single,which,lookup
96564,single_train,single,which,lookup
96556,single_train,single,which,lookup
124695,single_train,single,which,reasoning
124700,single_train,single,what,lookup
124698,single_train,single,what,lookup
124701,single_train,single,which,lookup
124697,single_train,single,which,lookup
124694,single_train,single,list,reasoning
14477,single_train,single,how_many,reasoning
14473,single_train,single,what,lookup
14476,single_train,single,compare,reasoning
14472,single_train,single,what,lookup
14479,single_train,single,what,lookup
14475,single_train,single,how_many,lookup
14474,single_train,single,how_many,reasoning
14480,single_train,single,which,reasoning
40001,single_train,single,what,lookup
39996,single_train,single,which,lookup
39999,single_train,single,how_many,reasoning
39997,single_train,single,how_many,reasoning
39995,single_train,single,what,lookup
40000,single_train,single,how_many,lookup
39994,single_train,single,what,lookup
164224,single_train,single,list,lookup
164226,single_train,single,how_many,reasoning
164218,single_train,single,which,lookup
164217,single_train,single,how_many,lookup
164221,single_train,single,how_many,lookup
164220,single_train,single,how_many,reasoning
9754,single_train,single,which,lookup
9759,single_train,single,how_many,reasoning
9760,single_train,single,what,lookup
9762,single_train,single,how_many,reasoning
9758,single_train,single,how_many,lookup
9753,single_train,single,how_many,lookup
9757,single_train,single,what,lookup
9755,single_train,single,how_many,lookup
9756,single_train,single,how_many,reasoning
32846,single_train,single,what,lookup
32848,single_train,single,what,lookup
32847,single_train,single,how_many,reasoning
32845,single_train,single,how_many,lookup
32849,single_train,single,what,lookup
156088,single_train,single,which,lookup
156087,single_train,single,other,lookup
156086,single_train,single,what,lookup
34632,single_train,single,which,lookup
34631,single_train,single,how_many,lookup
34629,single_train,single,count,lookup
34628,single_train,single,how_many,reasoning
34625,single_train,single,which,lookup
34626,single_train,single,other,lookup
34633,single_train,single,other,lookup
34627,single_train,single,how_many,lookup
63210,single_train,single,count,reasoning
63220,single_train,single,how_many,reasoning
63212,single_train,single,how_many,reasoning
63215,single_train,single,how_many,reasoning
63213,single_train,single,how_many,lookup
63209,single_train,single,how_many,reasoning
63216,single_train,single,how_many,reasoning
63218,single_train,single,what,lookup
63214,single_train,single,which,reasoning
105817,single_train,single,what,lookup
105820,single_train,single,how_many,reasoning
105818,single_train,single,how_many,reasoning
105815,single_train,single,which,lookup
105816,single_train,single,other,lookup
14082,single_train,single,how_many,lookup
14091,single_train,single,how_many,reasoning
14083,single_train,single,count,lookup
14086,single_train,single,what,lookup
14085,single_train,single,compare,reasoning
154038,single_train,single,which,lookup
154041,single_train,single,which,lookup
154039,single_train,single,how_many,reasoning
154040,single_train,single,how_many,reasoning
63696,single_train,single,which,lookup
63701,single_train,single,what,lookup
63707,single_train,single,which,lookup
63706,single_train,single,which,lookup
63700,single_train,single,how_many,reasoning
63703,single_train,single,which,lookup
63698,single_train,single,which,lookup
63702,single_train,single,other,lookup
63705,single_train,single,what,lookup
63697,single_train,single,how_many,reasoning
63704,single_train,single,how_many,reasoning
63695,single_train,single,which,lookup
100365,single_train,single,when,lookup
100368,single_train,single,how_many,lookup
100370,single_train,single,how_many,reasoning
100369,single_train,single,how_many,reasoning
100367,single_train,single,how_many,reasoning
100374,single_train,single,how_many,reasoning
100366,single_train,single,count,lookup
1809,single_train,single,how_many,lookup
1803,single_train,single,how_many,lookup
1813,single_train,single,how_many,reasoning
1807,single_train,single,how_many,lookup
1814,single_train,single,compare,reasoning
1804,single_train,single,how_many,lookup
1810,single_train,single,how_many,reasoning
1806,single_train,single,compare,reasoning
98320,single_train,single,how_many,reasoning
98319,single_train,single,when,lookup
98318,single_train,single,how_many,lookup
98317,single_train,single,how_many,lookup
98323,single_train,single,how_many,lookup
44059,single_train,single,which,lookup
44065,single_train,single,what,reasoning
44061,single_train,single,which,lookup
44067,single_train,single,how_many,reasoning
44064,single_train,single,which,lookup
44062,single_train,single,how_many,reasoning
44063,single_train,single,how_many,lookup
44066,single_train,single,which,lookup
44060,single_train,single,other,lookup
16018,single_train,single,which,lookup
16025,single_train,single,which,lookup
16026,single_train,single,how_many,reasoning
16023,single_train,single,how_many,reasoning
16022,single_train,single,which,lookup
16019,single_train,single,how_many,reasoning
16020,single_train,single,how_many,lookup
16024,single_train,single,which,lookup
16021,single_train,single,which,reasoning
16017,single_train,single,what,reasoning
16016,single_train,single,how_many,reasoning
30801,single_train,single,how_many,reasoning
30797,single_train,single,other,lookup
30798,single_train,single,how_many,lookup
30799,single_train,single,how_many,reasoning
30796,single_train,single,how_many,lookup
30804,single_train,single,how_many,reasoning
30800,single_train,single,how_many,lookup
30803,single_train,single,which,lookup
91891,single_train,single,which,lookup
91895,single_train,single,how_many,reasoning
91898,single_train,single,how_many,reasoning
91890,single_train,single,list,reasoning
91894,single_train,single,how_many,lookup
91896,single_train,single,how_many,lookup
91892,single_train,single,when,reasoning
91889,single_train,single,which,reasoning
91893,single_train,single,which,lookup
91897,single_train,single,how_many,reasoning
91888,single_train,single,which,reasoning
15006,single_train,single,which,lookup
14998,single_train,single,what,lookup
15005,single_train,single,what,lookup
15001,single_train,single,how_many,reasoning
15004,single_train,single,how_many,reasoning
15000,single_train,single,how_many,reasoning
14999,single_train,single,what,lookup
15002,single_train,single,which,lookup
15009,single_train,single,other,lookup
15011,single_train,single,how_many,reasoning
135179,single_train,single,which,lookup
135177,single_train,single,which,lookup
135180,single_train,single,what,lookup
135183,single_train,single,how_many,reasoning
135178,single_train,single,what,lookup
135182,single_train,single,which,reasoning
142775,single_train,single,what,lookup
142772,single_train,single,which,lookup
142776,single_train,single,other,lookup
142777,single_train,single,what,lookup
142771,single_train,single,what,lookup
142773,single_train,single,how_many,lookup
142782,single_train,single,how_many,reasoning
142774,single_train,single,how_many,reasoning
148344,single_train,single,which,lookup
148346,single_train,single,which,lookup
148343,single_train,single,how_many,reasoning
148342,single_train,single,when,lookup
148341,single_train,single,other,lookup
148338,single_train,single,which,lookup
148345,single_train,single,other,lookup
148340,single_train,single,how_many,lookup
163546,single_train,single,which,lookup
163547,single_train,single,which,lookup
163553,single_train,single,which,lookup
105390,single_train,single,what,lookup
105393,single_train,single,how_many,reasoning
105386,single_train,single,what,lookup
105389,single_train,single,how_many,reasoning
105388,single_train,single,which,lookup
164327,single_train,single,which,lookup
164326,single_train,single,how_many,lookup
164329,single_train,single,how_many,reasoning
164328,single_train,single,which,lookup
164331,single_train,single,what,lookup
164333,single_train,single,how_many,reasoning
90527,single_train,single,which,reasoning
90530,single_train,single,count,lookup
90528,single_train,single,how_many,lookup
90532,single_train,single,how_many,lookup
90534,single_train,single,how_many,reasoning
90533,single_train,single,how_many,reasoning
90529,single_train,single,compare,lookup
90531,single_train,single,count,lookup
75045,single_train,single,which,lookup
75048,single_train,single,what,lookup
75044,single_train,single,which,lookup
75046,single_train,single,what,reasoning
75047,single_train,single,how_many,reasoning
75049,single_train,single,which,lookup
103079,single_train,single,which,lookup
103080,single_train,single,what,reasoning
103075,single_train,single,what,lookup
103076,single_train,single,what,reasoning
103078,single_train,single,how_many,reasoning
22742,single_train,single,which,lookup
22741,single_train,single,how_many,lookup
22739,single_train,single,which,lookup
22737,single_train,single,how_many,lookup
22738,single_train,single,what,lookup
9914,single_train,single,how_many,reasoning
9913,single_train,single,which,lookup
9910,single_train,single,which,lookup
9911,single_train,single,how_many,reasoning
9909,single_train,single,what,lookup
9912,single_train,single,how_many,lookup
9908,single_train,single,which,lookup
75570,single_train,single,how_many,lookup
75564,single_train,single,which,lookup
75563,single_train,single,how_many,lookup
75569,single_train,single,what,lookup
75568,single_train,single,how_many,reasoning
75567,single_train,single,which,lookup
75571,single_train,single,compare,reasoning
160489,single_train,single,how_many,lookup
160490,single_train,single,which,lookup
160488,single_train,single,when,lookup
131509,single_train,single,which,lookup
131508,single_train,single,count,lookup
131517,single_train,single,how_many,reasoning
131511,single_train,single,how_many,lookup
131513,single_train,single,which,lookup
131507,single_train,single,which,reasoning
131514,single_train,single,how_many,reasoning
131512,single_train,single,how_many,lookup
39805,single_train,single,other,lookup
39807,single_train,single,how_many,reasoning
39808,single_train,single,what,lookup
39806,single_train,single,compare,reasoning
39811,single_train,single,how_many,reasoning
39804,single_train,single,which,lookup
137544,single_train,single,how_many,reasoning
137543,single_train,single,which,lookup
137545,single_train,single,which,lookup
137548,single_train,single,how_many,reasoning
137542,single_train,single,count,lookup
137546,single_train,single,what,lookup
137550,single_train,single,how_many,reasoning
3215,single_train,single,which,lookup
3216,single_train,single,compare,reasoning
3207,single_train,single,list,lookup
3211,single_train,single,which,lookup
3213,single_train,single,how_many,reasoning
3210,single_train,single,what,lookup
3208,single_train,single,compare,reasoning
3209,single_train,single,how_many,reasoning
74719,single_train,single,how_many,reasoning
74718,single_train,single,which,lookup
74721,single_train,single,other,lookup
74724,single_train,single,which,lookup
74717,single_train,single,what,lookup
74720,single_train,single,which,lookup
74723,single_train,single,list,lookup
154224,single_train,single,how_many,reasoning
154219,single_train,single,how_many,reasoning
154217,single_train,single,other,reasoning
154221,single_train,single,which,lookup
154218,single_train,single,which,lookup
154222,single_train,single,how_many,reasoning
154216,single_train,single,which,lookup
154220,single_train,single,which,lookup
147280,single_train,single,what,reasoning
147281,single_train,single,how_many,reasoning
147278,single_train,single,which,lookup
147276,single_train,single,how_many,lookup
147272,single_train,single,how_many,reasoning
147277,single_train,single,how_many,reasoning
147271,single_train,single,how_many,lookup
147273,single_train,single,how_many,reasoning
147274,single_train,single,how_many,lookup
147279,single_train,single,count,lookup
106239,single_train,single,what,lookup
106236,single_train,single,what,lookup
106240,single_train,single,when,lookup
106244,single_train,single,which,lookup
106245,single_train,single,how_many,reasoning
106242,single_train,single,which,lookup
106238,single_train,single,which,lookup
106243,single_train,single,other,reasoning
106235,single_train,single,other,lookup
106241,single_train,single,how_many,reasoning
106234,single_train,single,how_many,lookup
8061,single_train,single,which,lookup
8057,single_train,single,what,lookup
8065,single_train,single,what,lookup
8055,single_train,single,what,lookup
8060,single_train,single,which,lookup
8059,single_train,single,what,lookup
8062,single_train,single,which,lookup
8058,single_train,single,how_many,reasoning
8056,single_train,single,what,reasoning
8066,single_train,single,how_many,reasoning
39455,single_train,single,which,lookup
39456,single_train,single,what,lookup
39454,single_train,single,which,lookup
39453,single_train,single,how_many,reasoning
39452,single_train,single,what,lookup
39450,single_train,single,how_many,lookup
39451,single_train,single,other,lookup
69956,single_train,single,how_many,reasoning
69958,single_train,single,other,reasoning
69955,single_train,single,which,lookup
69953,single_train,single,when,lookup
69954,single_train,single,what,lookup
116997,single_train,single,which,lookup
116991,single_train,single,how_many,lookup
116993,single_train,single,which,lookup
116994,single_train,single,which,lookup
116996,single_train,single,how_many,reasoning
116995,single_train,single,which,reasoning
116992,single_train,single,compare,reasoning
164153,single_train,single,which,lookup
164149,single_train,single,which,lookup
164151,single_train,single,which,lookup
164154,single_train,single,what,lookup
164152,single_train,single,how_many,reasoning
164156,single_train,single,how_many,reasoning
164155,single_train,single,which,lookup
149294,single_train,single,which,lookup
149301,single_train,single,how_many,lookup
149297,single_train,single,how_many,lookup
149296,single_train,single,which,lookup
149302,single_train,single,how_many,reasoning
149300,single_train,single,which,lookup
149295,single_train,single,how_many,reasoning
149299,single_train,single,compare,reasoning
149292,single_train,single,what,lookup
149293,single_train,single,which,lookup
149298,single_train,single,when,lookup
2862,single_train,single,which,lookup
2861,single_train,single,how_many,reasoning
2864,single_train,single,which,lookup
2859,single_train,single,which,lookup
2863,single_train,single,which,lookup
2860,single_train,single,which,lookup
2858,single_train,single,how_many,lookup
2867,single_train,single,what,lookup
2868,single_train,single,which,lookup
2865,single_train,single,how_many,reasoning
124208,single_train,single,which,lookup
124202,single_train,single,list,lookup
124210,single_train,single,when,lookup
124205,single_train,single,which,lookup
124209,single_train,single,which,lookup
124207,single_train,single,other,lookup
124203,single_train,single,which,lookup
124206,single_train,single,which,reasoning
139651,single_train,single,which,lookup
139655,single_train,single,which,lookup
139652,single_train,single,other,lookup
139657,single_train,single,which,lookup
139654,single_train,single,how_many,reasoning
139650,single_train,single,how_many,reasoning
139653,single_train,single,which,lookup
139659,single_train,single,which,lookup
139658,single_train,single,how_many,reasoning
139649,single_train,single,how_many,lookup
132675,single_train,single,how_many,reasoning
132677,single_train,single,how_many,reasoning
132673,single_train,single,count,lookup
132672,single_train,single,which,reasoning
132674,single_train,single,which,lookup
149321,single_train,single,what,lookup
149328,single_train,single,which,lookup
149331,single_train,single,which,lookup
149325,single_train,single,which,lookup
149323,single_train,single,what,lookup
149326,single_train,single,how_many,reasoning
149327,single_train,single,which,lookup
149322,single_train,single,how_many,reasoning
149329,single_train,single,which,lookup
149330,single_train,single,which,lookup
117910,single_train,single,how_many,reasoning
117905,single_train,single,which,reasoning
117902,single_train,single,what,lookup
117903,single_train,single,what,reasoning
117907,single_train,single,which,reasoning
117904,single_train,single,which,lookup
117908,single_train,single,what,lookup
117906,single_train,single,what,lookup
117909,single_train,single,how_many,reasoning
1602,single_train,single,what,reasoning
1607,single_train,single,which,lookup
1604,single_train,single,how_many,reasoning
1608,single_train,single,which,lookup
1606,single_train,single,what,lookup
1601,single_train,single,which,reasoning
13454,single_train,single,which,lookup
13450,single_train,single,which,lookup
13448,single_train,single,how_many,lookup
13449,single_train,single,what,reasoning
13455,single_train,single,how_many,reasoning
13452,single_train,single,which,lookup
13451,single_train,single,how_many,reasoning
13453,single_train,single,which,lookup
160829,single_train,single,what,lookup
160828,single_train,single,which,lookup
160835,single_train,single,what,lookup
160833,single_train,single,which,lookup
160831,single_train,single,how_many,reasoning
160826,single_train,single,what,lookup
160825,single_train,single,which,lookup
160832,single_train,single,what,lookup
160830,single_train,single,what,lookup
160827,single_train,single,how_many,reasoning
160834,single_train,single,what,lookup
90357,single_train,single,which,lookup
90362,single_train,single,how_many,reasoning
90359,single_train,single,how_many,lookup
90364,single_train,single,how_many,reasoning
90363,single_train,single,how_many,reasoning
90356,single_train,single,how_many,reasoning
96308,single_train,single,how_many,reasoning
96307,single_train,single,what,lookup
96302,single_train,single,what,reasoning
96312,single_train,single,how_many,reasoning
96311,single_train,single,how_many,reasoning
96303,single_train,single,how_many,reasoning
44286,single_train,single,how_many,lookup
44289,single_train,single,compare,reasoning
44287,single_train,single,count,lookup
44291,single_train,single,how_many,reasoning
44288,single_train,single,which,lookup
44290,single_train,single,how_many,reasoning
90203,single_train,single,how_many,lookup
90201,single_train,single,how_many,reasoning
90207,single_train,single,how_many,reasoning
90206,single_train,single,how_many,reasoning
90204,single_train,single,other,lookup
90202,single_train,single,which,reasoning
90205,single_train,single,how_many,lookup
21134,single_train,single,how_many,reasoning
21131,single_train,single,which,lookup
21135,single_train,single,how_many,reasoning
21133,single_train,single,how_many,lookup
21130,single_train,single,list,lookup
21129,single_train,single,how_many,reasoning
21137,single_train,single,how_many,reasoning
76616,single_train,single,what,lookup
76612,single_train,single,other,lookup
76619,single_train,single,which,lookup
76614,single_train,single,how_many,reasoning
76611,single_train,single,which,lookup
76617,single_train,single,what,lookup
76618,single_train,single,how_many,reasoning
76615,single_train,single,which,lookup
76613,single_train,single,which,lookup
137970,single_train,single,how_many,reasoning
137967,single_train,single,how_many,reasoning
137969,single_train,single,which,lookup
30391,single_train,single,how_many,lookup
30396,single_train,single,which,lookup
30390,single_train,single,what,lookup
30394,single_train,single,how_many,lookup
30395,single_train,single,which,lookup
30397,single_train,single,how_many,reasoning
30392,single_train,single,which,lookup
49746,single_train,single,which,lookup
49749,single_train,single,how_many,lookup
49744,single_train,single,which,lookup
49748,single_train,single,how_many,lookup
49747,single_train,single,how_many,lookup
49745,single_train,single,which,lookup
49743,single_train,single,which,lookup
86004,single_train,single,what,lookup
86001,single_train,single,which,reasoning
86005,single_train,single,other,lookup
86000,single_train,single,which,lookup
86003,single_train,single,other,lookup
86002,single_train,single,which,lookup
73216,single_train,single,which,lookup
73215,single_train,single,count,lookup
73217,single_train,single,how_many,reasoning
73219,single_train,single,what,lookup
73220,single_train,single,how_many,reasoning
67608,single_train,single,how_many,reasoning
67606,single_train,single,which,lookup
67607,single_train,single,which,lookup
138009,single_train,single,which,lookup
138010,single_train,single,how_many,reasoning
138008,single_train,single,count,lookup
103732,single_train,single,how_many,reasoning
44439,single_train,single,which,lookup
44437,single_train,single,how_many,reasoning
121174,single_train,single,which,lookup
121175,single_train,single,which,lookup
64312,single_train,single,how_many,reasoning
64308,single_train,single,how_many,reasoning
64310,single_train,single,how_many,lookup
64314,single_train,single,other,reasoning
64316,single_train,single,how_many,reasoning
64306,single_train,single,what,lookup
134862,single_train,single,how_many,reasoning
134864,single_train,single,how_many,lookup
22087,single_train,single,compare,reasoning
22090,single_train,single,how_many,reasoning
22081,single_train,single,how_many,lookup
22083,single_train,single,how_many,reasoning
22085,single_train,single,how_many,lookup
21554,single_train,single,how_many,reasoning
21558,single_train,single,how_many,reasoning
117319,single_train,single,how_many,reasoning
117323,single_train,single,how_many,reasoning
117327,single_train,single,how_many,reasoning
149404,single_train,single,how_many,reasoning
149401,single_train,single,how_many,reasoning
162002,single_train,single,how_many,reasoning
114028,single_train,single,how_many,reasoning
114020,single_train,single,how_many,reasoning
114024,single_train,single,how_many,reasoning
15015,single_train,single,how_many,reasoning
15019,single_train,single,how_many,reasoning
106503,single_train,single,how_many,reasoning
133669,single_train,single,how_many,reasoning
133663,single_train,single,how_many,reasoning
36039,single_train,single,how_many,reasoning
165328,single_train,single,how_many,reasoning
165334,single_train,single,how_many,reasoning
101844,single_train,single,how_many,reasoning
101840,single_train,single,how_many,reasoning
43604,single_train,single,how_many,reasoning
76921,single_train,single,how_many,reasoning
76923,single_train,single,how_many,reasoning
76917,single_train,single,how_many,reasoning
13489,single_train,single,how_many,reasoning
108937,single_train,single,how_many,reasoning
108934,single_train,single,how_many,reasoning
40316,single_train,single,how_many,reasoning
65740,single_train,single,how_many,reasoning
65736,single_train,single,how_many,reasoning
89633,single_train,single,how_many,reasoning
89632,single_train,single,how_many,reasoning
130854,single_train,single,how_many,reasoning
130850,single_train,single,how_many,reasoning
130847,single_train,single,how_many,reasoning
130726,single_train,single,how_many,reasoning
25708,single_train,single,compare,reasoning
25712,single_train,single,how_many,reasoning
25704,single_train,single,how_many,reasoning
15939,single_train,single,how_many,reasoning
15943,single_train,single,how_many,reasoning
30973,single_train,single,how_many,reasoning
30976,single_train,single,compare,reasoning
64710,single_train,single,how_many,reasoning
26003,single_train,single,how_many,reasoning
42779,single_train,single,how_many,reasoning
73462,single_train,single,how_many,reasoning
73458,single_train,single,how_many,reasoning
76858,single_train,single,how_many,reasoning
76855,single_train,single,how_many,reasoning
110567,single_train,single,how_many,reasoning
78689,single_train,single,how_many,reasoning
118532,single_train,single,how_many,reasoning
118531,single_train,single,how_many,reasoning
28317,single_train,single,how_many,reasoning
28314,single_train,single,how_many,reasoning
47438,single_test,single,which,reasoning
47445,single_test,single,how_many,reasoning
47441,single_test,single,how_many,lookup
47443,single_test,single,how_many,lookup
47442,single_test,single,which,lookup
47444,single_test,single,how_many,reasoning
47439,single_test,single,which,lookup
47440,single_test,single,how_many,lookup
47437,single_test,single,how_many,lookup
55001,single_test,single,how_many,reasoning
54995,single_test,single,which,lookup
54993,single_test,single,list,reasoning
54994,single_test,single,which,reasoning
55000,single_test,single,which,lookup
54998,single_test,single,how_many,lookup
54997,single_test,single,how_many,lookup
54999,single_test,single,which,lookup
54996,single_test,single,which,lookup
102806,single_test,single,which,lookup
161917,single_test,single,how_many,reasoning
161920,single_test,single,how_many,reasoning
161915,single_test,single,which,lookup
161916,single_test,single,which,lookup
161919,single_test,single,how_many,reasoning
79659,single_test,single,which,lookup
79660,single_test,single,other,reasoning
79664,single_test,single,what,lookup
79662,single_test,single,other,reasoning
79661,single_test,single,which,reasoning
79663,single_test,single,how_many,reasoning
88442,single_test,single,how_many,reasoning
88441,single_test,single,which,lookup
88436,single_test,single,how_many,lookup
88440,single_test,single,how_many,lookup
88437,single_test,single,which,lookup
88443,single_test,single,how_many,reasoning
88439,single_test,single,which,lookup
81513,single_test,single,which,lookup
81516,single_test,single,how_many,reasoning
81515,single_test,single,which,lookup
120750,single_test,single,what,lookup
120753,single_test,single,how_many,reasoning
120749,single_test,single,how_many,lookup
120748,single_test,single,compare,reasoning
120752,single_test,single,how_many,reasoning
120751,single_test,single,how_many,lookup
127352,single_test,single,when,lookup
127354,single_test,single,which,lookup
127359,single_test,single,how_many,reasoning
127356,single_test,single,which,lookup
127353,single_test,single,other,lookup
127362,single_test,single,which,lookup
127357,single_test,single,other,lookup
127358,single_test,single,which,lookup
127363,single_test,single,how_many,reasoning
127355,single_test,single,how_many,reasoning
127360,single_test,single,which,lookup
127361,single_test,single,when,lookup
59892,single_test,single,how_many,reasoning
59889,single_test,single,other,lookup
59888,single_test,single,other,lookup
59890,single_test,single,which,lookup
59894,single_test,single,how_many,reasoning
59886,single_test,single,which,reasoning
59891,single_test,single,which,lookup
59887,single_test,single,which,lookup
116506,single_test,single,other,reasoning
116500,single_test,single,how_many,lookup
116505,single_test,single,what,lookup
116502,single_test,single,how_many,reasoning
116496,single_test,single,how_many,reasoning
116499,single_test,single,how_many,reasoning
116504,single_test,single,how_many,reasoning
116501,single_test,single,how_many,reasoning
116503,single_test,single,what,lookup
116497,single_test,single,which,lookup
116498,single_test,single,how_many,reasoning
77788,single_test,single,what,lookup
77789,single_test,single,other,lookup
77790,single_test,single,which,lookup
77791,single_test,single,how_many,reasoning
77795,single_test,single,how_many,reasoning
128683,single_test,single,other,lookup
128686,single_test,single,which,lookup
128689,single_test,single,how_many,reasoning
128684,single_test,single,which,lookup
128681,single_test,single,how_many,reasoning
128685,single_test,single,how_many,reasoning
128682,single_test,single,what,lookup
128679,single_test,single,how_many,lookup
128680,single_test,single,which,lookup
128678,single_test,single,which,lookup
110883,single_test,single,how_many,reasoning
110886,single_test,single,which,reasoning
110882,single_test,single,what,lookup
110881,single_test,single,how_many,reasoning
110885,single_test,single,how_many,lookup
110887,single_test,single,how_many,reasoning
110880,single_test,single,which,lookup
60662,single_test,single,how_many,reasoning
60656,single_test,single,which,reasoning
60659,single_test,single,which,lookup
60657,single_test,single,which,lookup
60658,single_test,single,other,lookup
134204,single_test,single,how_many,reasoning
134203,single_test,single,which,lookup
134202,single_test,single,when,lookup
57662,single_test,single,count,reasoning
57656,single_test,single,list,reasoning
57657,single_test,single,list,reasoning
57663,single_test,single,how_many,reasoning
57658,single_test,single,which,reasoning
57659,single_test,single,which,lookup
57660,single_test,single,other,lookup
57661,single_test,single,other,lookup
60170,single_test,single,how_many,lookup
60168,single_test,single,how_many,lookup
60167,single_test,single,how_many,lookup
60169,single_test,single,which,lookup
60165,single_test,single,which,reasoning
60166,single_test,single,which,lookup
60171,single_test,single,count,reasoning
53581,single_test,single,how_many,lookup
53575,single_test,single,which,reasoning
53580,single_test,single,which,lookup
53579,single_test,single,how_many,lookup
53582,single_test,single,how_many,reasoning
53577,single_test,single,which,lookup
53576,single_test,single,which,lookup
53578,single_test,single,other,lookup
101551,single_test,single,when,lookup
101552,single_test,single,which,lookup
101557,single_test,single,how_many,reasoning
101547,single_test,single,which,lookup
101550,single_test,single,how_many,reasoning
101556,single_test,single,which,lookup
101549,single_test,single,which,lookup
25782,single_test,single,how_many,reasoning
25779,single_test,single,how_many,reasoning
25780,single_test,single,how_many,lookup
25781,single_test,single,which,lookup
25785,single_test,single,which,lookup
25786,single_test,single,how_many,reasoning
3297,single_test,single,which,lookup
3300,single_test,single,which,lookup
3293,single_test,single,when,lookup
3301,single_test,single,when,lookup
3294,single_test,single,which,lookup
3296,single_test,single,how_many,lookup
3295,single_test,single,how_many,reasoning
3302,single_test,single,how_many,reasoning
3298,single_test,single,when,lookup
3292,single_test,single,which,lookup
129880,single_test,single,which,lookup
129881,single_test,single,which,lookup
129889,single_test,single,which,lookup
129883,single_test,single,which,lookup
129884,single_test,single,other,lookup
129882,single_test,single,when,reasoning
129890,single_test,single,how_many,reasoning
129886,single_test,single,how_many,reasoning
129885,single_test,single,how_many,lookup
121876,single_test,single,what,lookup
121881,single_test,single,which,lookup
121879,single_test,single,what,lookup
121884,single_test,single,what,lookup
121877,single_test,single,which,lookup
121885,single_test,single,how_many,reasoning
121880,single_test,single,when,reasoning
121882,single_test,single,what,lookup
121883,single_test,single,which,lookup
8565,single_test,single,how_many,lookup
8568,single_test,single,which,lookup
8570,single_test,single,list,reasoning
8569,single_test,single,count,lookup
8567,single_test,single,how_many,reasoning
8571,single_test,single,how_many,reasoning
8566,single_test,single,which,lookup
123250,single_test,single,other,lookup
123253,single_test,single,how_many,reasoning
123249,single_test,single,compare,reasoning
123248,single_test,single,how_many,lookup
123251,single_test,single,which,lookup
123252,single_test,single,which,reasoning
74213,single_test,single,how_many,reasoning
74210,single_test,single,which,lookup
74216,single_test,single,how_many,reasoning
74212,single_test,single,what,lookup
74211,single_test,single,which,reasoning
105916,single_test,single,what,reasoning
105914,single_test,single,how_many,reasoning
105911,single_test,single,what,lookup
105915,single_test,single,what,lookup
105917,single_test,single,which,lookup
105913,single_test,single,which,lookup
79724,single_test,single,how_many,reasoning
79731,single_test,single,which,lookup
79726,single_test,single,compare,lookup
79732,single_test,single,compare,lookup
79725,single_test,single,how_many,lookup
79727,single_test,single,how_many,reasoning
79722,single_test,single,which,lookup
79728,single_test,single,what,lookup
79721,single_test,single,which,lookup
79730,single_test,single,how_many,reasoning
79729,single_test,single,which,lookup
79723,single_test,single,what,lookup
49111,single_test,single,which,lookup
49110,single_test,single,which,reasoning
49114,single_test,single,how_many,lookup
49115,single_test,single,how_many,lookup
49113,single_test,single,how_many,lookup
49109,single_test,single,which,reasoning
49112,single_test,single,other,lookup
149176,single_test,single,what,lookup
149172,single_test,single,how_many,reasoning
149173,single_test,single,what,lookup
149171,single_test,single,what,lookup
149168,single_test,single,which,lookup
149166,single_test,single,how_many,lookup
149170,single_test,single,what,reasoning
149174,single_test,single,other,lookup
149169,single_test,single,how_many,reasoning
149178,single_test,single,which,lookup
149179,single_test,single,how_many,reasoning
149175,single_test,single,how_many,lookup
149177,single_test,single,other,lookup
66170,single_test,single,how_many,reasoning
66167,single_test,single,how_many,lookup
66171,single_test,single,which,lookup
66175,single_test,single,other,lookup
66173,single_test,single,how_many,reasoning
66177,single_test,single,how_many,reasoning
66168,single_test,single,which,lookup
66169,single_test,single,which,reasoning
66172,single_test,single,which,lookup
62174,single_test,single,how_many,reasoning
62170,single_test,single,what,lookup
62173,single_test,single,which,reasoning
62166,single_test,single,when,lookup
62169,single_test,single,how_many,reasoning
62168,single_test,single,which,lookup
62171,single_test,single,when,lookup
62167,single_test,single,what,lookup
78120,single_test,single,how_many,reasoning
78119,single_test,single,which,lookup
78122,single_test,single,which,lookup
78118,single_test,single,which,lookup
78117,single_test,single,what,lookup
78123,single_test,single,what,lookup
62150,single_test,single,which,lookup
62147,single_test,single,how_many,reasoning
62144,single_test,single,what,lookup
62149,single_test,single,which,lookup
62148,single_test,single,how_many,reasoning
62151,single_test,single,which,lookup
62146,single_test,single,which,lookup
62145,single_test,single,how_many,lookup
106871,single_test,single,how_many,reasoning
106870,single_test,single,which,lookup
106865,single_test,single,which,lookup
106866,single_test,single,what,lookup
106867,single_test,single,how_many,reasoning
106869,single_test,single,list,reasoning
58688,single_test,single,how_many,reasoning
58684,single_test,single,which,lookup
58683,single_test,single,which,lookup
58681,single_test,single,which,reasoning
58687,single_test,single,how_many,lookup
58685,single_test,single,how_many,lookup
58686,single_test,single,which,lookup
22376,single_test,single,which,reasoning
22375,single_test,single,which,lookup
22372,single_test,single,compare,reasoning
22373,single_test,single,which,lookup
22374,single_test,single,how_many,reasoning
22377,single_test,single,which,lookup
22371,single_test,single,how_many,reasoning
22378,single_test,single,how_many,reasoning
22379,single_test,single,count,reasoning
46346,single_test,single,compare,lookup
46344,single_test,single,how_many,reasoning
46350,single_test,single,other,lookup
46341,single_test,single,which,lookup
46352,single_test,single,how_many,reasoning
46345,single_test,single,which,lookup
46351,single_test,single,which,lookup
46348,single_test,single,how_many,reasoning
46342,single_test,single,other,lookup
46349,single_test,single,which,lookup
146759,single_test,single,what,lookup
146760,single_test,single,which,lookup
146755,single_test,single,which,lookup
146763,single_test,single,how_many,reasoning
146766,single_test,single,how_many,reasoning
146758,single_test,single,which,lookup
146757,single_test,single,how_many,reasoning
146761,single_test,single,how_many,reasoning
146762,single_test,single,which,lookup
148798,single_test,single,which,lookup
148804,single_test,single,what,lookup
148799,single_test,single,how_many,reasoning
148802,single_test,single,which,lookup
148803,single_test,single,how_many,reasoning
148805,single_test,single,what,lookup
148797,single_test,single,which,lookup
148801,single_test,single,other,lookup
112837,single_test,single,how_many,reasoning
112843,single_test,single,other,lookup
112842,single_test,single,how_many,lookup
112835,single_test,single,how_many,lookup
112844,single_test,single,which,lookup
112839,single_test,single,count,lookup
112841,single_test,single,how_many,reasoning
112836,single_test,single,how_many,reasoning
112838,single_test,single,how_many,reasoning
112840,single_test,single,how_many,lookup
91757,single_test,single,how_many,reasoning
91752,single_test,single,when,lookup
91756,single_test,single,how_many,reasoning
91754,single_test,single,compare,lookup
91753,single_test,single,which,lookup
91755,single_test,single,which,lookup
91751,single_test,single,when,reasoning
146480,single_test,single,which,lookup
146484,single_test,single,which,lookup
146483,single_test,single,how_many,lookup
146488,single_test,single,how_many,reasoning
146482,single_test,single,what,lookup
146479,single_test,single,what,lookup
146485,single_test,single,how_many,reasoning
146481,single_test,single,how_many,reasoning
91024,single_test,single,what,reasoning
91030,single_test,single,how_many,reasoning
91026,single_test,single,when,reasoning
91029,single_test,single,which,lookup
91028,single_test,single,how_many,lookup
91023,single_test,single,which,lookup
91025,single_test,single,compare,lookup
52072,single_test,single,how_many,lookup
52071,single_test,single,which,lookup
52068,single_test,single,list,reasoning
52070,single_test,single,how_many,lookup
19967,single_test,single,which,lookup
19969,single_test,single,how_many,reasoning
19971,single_test,single,other,lookup
19973,single_test,single,how_many,reasoning
19968,single_test,single,which,lookup
19972,single_test,single,which,lookup
19966,single_test,single,what,lookup
90613,single_test,single,list,lookup
90619,single_test,single,how_many,reasoning
90614,single_test,single,which,lookup
90621,single_test,single,how_many,reasoning
90612,single_test,single,what,reasoning
90617,single_test,single,what,lookup
90615,single_test,single,list,lookup
90616,single_test,single,how_many,lookup
90618,single_test,single,how_many,lookup
90620,single_test,single,how_many,reasoning
32561,single_test,single,what,lookup
32560,single_test,single,how_many,reasoning
32558,single_test,single,which,lookup
32559,single_test,single,which,lookup
32557,single_test,single,what,lookup
86402,single_test,single,which,lookup
86410,single_test,single,how_many,lookup
86408,single_test,single,when,lookup
86409,single_test,single,which,lookup
86405,single_test,single,which,lookup
86403,single_test,single,how_many,reasoning
86406,single_test,single,list,lookup
86404,single_test,single,how_many,reasoning
82439,single_test,single,which,lookup
82437,single_test,single,which,lookup
82438,single_test,single,how_many,reasoning
82440,single_test,single,which,lookup
82436,single_test,single,what,lookup
82441,single_test,single,which,lookup
82435,single_test,single,when,lookup
37818,single_test,single,how_many,lookup
37812,single_test,single,which,lookup
37813,single_test,single,what,lookup
37814,single_test,single,which,lookup
37815,single_test,single,how_many,reasoning
37819,single_test,single,how_many,reasoning
37816,single_test,single,what,lookup
37817,single_test,single,what,lookup
37822,single_test,single,how_many,reasoning
161038,single_test,single,which,lookup
161036,single_test,single,how_many,lookup
161034,single_test,single,what,lookup
161039,single_test,single,what,lookup
161042,single_test,single,how_many,reasoning
161037,single_test,single,how_many,reasoning
161035,single_test,single,compare,reasoning
124257,single_test,single,what,lookup
124251,single_test,single,which,reasoning
124252,single_test,single,which,lookup
124250,single_test,single,which,lookup
124253,single_test,single,which,lookup
124254,single_test,single,which,lookup
124258,single_test,single,what,lookup
124259,single_test,single,how_many,reasoning
31166,single_test,single,how_many,reasoning
31164,single_test,single,other,lookup
31160,single_test,single,which,lookup
31162,single_test,single,how_many,reasoning
31168,single_test,single,which,lookup
31165,single_test,single,what,lookup
31169,single_test,single,what,lookup
31161,single_test,single,what,lookup
31159,single_test,single,what,lookup
151821,single_test,single,which,lookup
151817,single_test,single,which,lookup
151816,single_test,single,what,lookup
151819,single_test,single,which,lookup
151818,single_test,single,which,lookup
151820,single_test,single,which,lookup
81076,single_test,single,other,lookup
81073,single_test,single,which,reasoning
81070,single_test,single,how_many,reasoning
81068,single_test,single,how_many,reasoning
81071,single_test,single,what,lookup
81069,single_test,single,how_many,reasoning
81072,single_test,single,how_many,lookup
45353,single_test,single,how_many,lookup
45350,single_test,single,which,lookup
45349,single_test,single,how_many,lookup
45354,single_test,single,how_many,reasoning
45351,single_test,single,compare,reasoning
45352,single_test,single,what,lookup
4155,single_test,single,what,lookup
4158,single_test,single,how_many,reasoning
4160,single_test,single,what,lookup
4162,single_test,single,which,lookup
4161,single_test,single,how_many,lookup
29470,single_test,single,when,lookup
29471,single_test,single,how_many,reasoning
29475,single_test,single,which,reasoning
29474,single_test,single,how_many,lookup
29473,single_test,single,which,lookup
29472,single_test,single,how_many,lookup
29468,single_test,single,how_many,lookup
29479,single_test,single,how_many,reasoning
115437,single_test,single,how_many,lookup
115438,single_test,single,how_many,reasoning
115441,single_test,single,list,lookup
115439,single_test,single,how_many,reasoning
115434,single_test,single,how_many,reasoning
115443,single_test,single,how_many,reasoning
115436,single_test,single,how_many,reasoning
115440,single_test,single,how_many,reasoning
115442,single_test,single,how_many,lookup
115435,single_test,single,how_many,lookup
44216,single_test,single,what,lookup
44219,single_test,single,what,lookup
44214,single_test,single,which,lookup
44220,single_test,single,how_many,reasoning
44217,single_test,single,how_many,reasoning
44215,single_test,single,what,lookup
154933,single_test,single,which,lookup
154934,single_test,single,other,reasoning
154939,single_test,single,what,lookup
109918,single_test,single,how_many,lookup
109914,single_test,single,count,lookup
109913,single_test,single,how_many,lookup
109916,single_test,single,how_many,reasoning
109915,single_test,single,how_many,lookup
105234,single_test,single,how_many,reasoning
105236,single_test,single,which,reasoning
105235,single_test,single,which,lookup
105227,single_test,single,how_many,reasoning
105233,single_test,single,what,lookup
130070,single_test,single,which,lookup
130069,single_test,single,other,lookup
130063,single_test,single,which,lookup
130066,single_test,single,which,lookup
130064,single_test,single,which,lookup
130068,single_test,single,how_many,lookup
130067,single_test,single,how_many,reasoning
130062,single_test,single,what,lookup
106758,single_test,single,which,lookup
106764,single_test,single,what,lookup
106760,single_test,single,which,lookup
106763,single_test,single,how_many,reasoning
106759,single_test,single,compare,reasoning
106762,single_test,single,compare,lookup
106756,single_test,single,when,lookup
106765,single_test,single,which,lookup
106761,single_test,single,which,lookup
106757,single_test,single,which,lookup
96320,single_test,single,how_many,reasoning
96313,single_test,single,how_many,reasoning
96314,single_test,single,which,lookup
96321,single_test,single,how_many,reasoning
30064,single_test,single,which,reasoning
30059,single_test,single,how_many,lookup
30060,single_test,single,what,reasoning
30061,single_test,single,how_many,reasoning
30063,single_test,single,how_many,lookup
56947,single_test,single,count,reasoning
56945,single_test,single,which,lookup
56942,single_test,single,how_many,reasoning
56944,single_test,single,how_many,lookup
56943,single_test,single,which,reasoning
56946,single_test,single,how_many,lookup
150712,single_test,single,how_many,reasoning
150706,single_test,single,when,lookup
150710,single_test,single,which,lookup
150703,single_test,single,how_many,lookup
150707,single_test,single,which,lookup
150705,single_test,single,how_many,reasoning
150708,single_test,single,how_many,reasoning
150704,single_test,single,how_many,lookup
132240,single_test,single,which,reasoning
132238,single_test,single,which,reasoning
132236,single_test,single,what,reasoning
132241,single_test,single,which,lookup
132244,single_test,single,how_many,reasoning
132237,single_test,single,which,lookup
132243,single_test,single,how_many,reasoning
132246,single_test,single,which,reasoning
132239,single_test,single,how_many,reasoning
8873,single_test,single,how_many,reasoning
8878,single_test,single,which,lookup
8877,single_test,single,how_many,reasoning
8871,single_test,single,which,lookup
8879,single_test,single,how_many,reasoning
8872,single_test,single,which,lookup
8875,single_test,single,which,lookup
8876,single_test,single,how_many,lookup
114906,single_test,single,how_many,reasoning
114904,single_test,single,other,lookup
114899,single_test,single,how_many,reasoning
114902,single_test,single,how_many,reasoning
114900,single_test,single,how_many,lookup
114903,single_test,single,what,lookup
114901,single_test,single,how_many,lookup
6625,single_test,single,what,reasoning
6628,single_test,single,what,lookup
6630,single_test,single,how_many,reasoning
6627,single_test,single,how_many,reasoning
6626,single_test,single,how_many,lookup
6624,single_test,single,which,lookup
6632,single_test,single,what,lookup
6633,single_test,single,how_many,reasoning
6629,single_test,single,which,lookup
650,single_test,single,what,reasoning
648,single_test,single,what,reasoning
651,single_test,single,which,lookup
647,single_test,single,which,lookup
653,single_test,single,how_many,reasoning
649,single_test,single,how_many,reasoning
3950,single_test,single,which,lookup
3949,single_test,single,how_many,lookup
3956,single_test,single,which,lookup
3952,single_test,single,what,lookup
3954,single_test,single,how_many,lookup
3955,single_test,single,how_many,reasoning
3953,single_test,single,which,lookup
3951,single_test,single,how_many,reasoning
74070,single_test,single,how_many,lookup
74066,single_test,single,which,lookup
74068,single_test,single,which,lookup
74065,single_test,single,count,lookup
74067,single_test,single,how_many,reasoning
74064,single_test,single,what,lookup
74069,single_test,single,which,reasoning
54103,single_test,single,which,reasoning
54102,single_test,single,which,reasoning
54105,single_test,single,other,lookup
54110,single_test,single,count,reasoning
54109,single_test,single,which,lookup
54108,single_test,single,how_many,lookup
54104,single_test,single,which,lookup
54101,single_test,single,which,reasoning
54106,single_test,single,how_many,lookup
54107,single_test,single,which,lookup
3478,single_test,single,how_many,reasoning
3475,single_test,single,which,lookup
3484,single_test,single,how_many,reasoning
3480,single_test,single,how_many,reasoning
3479,single_test,single,which,lookup
3477,single_test,single,how_many,reasoning
13562,single_test,single,how_many,reasoning
13558,single_test,single,how_many,reasoning
13557,single_test,single,how_many,lookup
13555,single_test,single,how_many,reasoning
13552,single_test,single,which,lookup
13560,single_test,single,what,lookup
13554,single_test,single,which,lookup
13553,single_test,single,list,lookup
13556,single_test,single,compare,lookup
13559,single_test,single,which,lookup
149690,single_test,single,what,lookup
149692,single_test,single,how_many,reasoning
149686,single_test,single,what,lookup
149684,single_test,single,other,lookup
149691,single_test,single,which,lookup
149689,single_test,single,how_many,reasoning
149688,single_test,single,which,lookup
149685,single_test,single,how_many,reasoning
20590,single_test,single,how_many,reasoning
20580,single_test,single,which,lookup
20592,single_test,single,what,lookup
20581,single_test,single,which,lookup
20584,single_test,single,other,lookup
20585,single_test,single,which,lookup
20591,single_test,single,what,lookup
20586,single_test,single,how_many,reasoning
20587,single_test,single,which,lookup
20582,single_test,single,how_many,reasoning
20588,single_test,single,which,lookup
20589,single_test,single,which,lookup
122482,single_test,single,which,lookup
122488,single_test,single,how_many,reasoning
122484,single_test,single,how_many,reasoning
122479,single_test,single,which,lookup
122487,single_test,single,how_many,reasoning
122480,single_test,single,which,lookup
122485,single_test,single,which,reasoning
122483,single_test,single,how_many,lookup
122477,single_test,single,what,reasoning
122481,single_test,single,which,lookup
53956,single_test,single,how_many,lookup
53952,single_test,single,which,reasoning
53957,single_test,single,list,reasoning
53953,single_test,single,which,lookup
53951,single_test,single,which,lookup
53954,single_test,single,other,lookup
53955,single_test,single,which,lookup
53959,single_test,single,how_many,reasoning
84406,single_test,single,list,reasoning
84409,single_test,single,count,lookup
84412,single_test,single,how_many,lookup
84411,single_test,single,how_many,reasoning
84415,single_test,single,how_many,reasoning
84408,single_test,single,which,lookup
84413,single_test,single,how_many,reasoning
84410,single_test,single,which,reasoning
84414,single_test,single,how_many,reasoning
84407,single_test,single,which,lookup
56227,single_test,single,how_many,lookup
56228,single_test,single,which,lookup
56224,single_test,single,which,lookup
56232,single_test,single,how_many,reasoning
56225,single_test,single,which,lookup
56229,single_test,single,how_many,lookup
56226,single_test,single,which,lookup
53060,single_test,single,which,lookup
53063,single_test,single,list,reasoning
53059,single_test,single,which,reasoning
53062,single_test,single,which,lookup
53061,single_test,single,other,lookup
11027,single_test,single,which,lookup
11029,single_test,single,which,lookup
11023,single_test,single,count,reasoning
11024,single_test,single,how_many,reasoning
11022,single_test,single,which,lookup
11025,single_test,single,how_many,reasoning
11031,single_test,single,how_many,reasoning
11028,single_test,single,how_many,reasoning
11033,single_test,single,compare,reasoning
11030,single_test,single,which,lookup
11026,single_test,single,how_many,reasoning
35856,single_test,single,how_many,reasoning
35855,single_test,single,which,lookup
35862,single_test,single,what,lookup
35854,single_test,single,which,lookup
35859,single_test,single,which,lookup
35860,single_test,single,how_many,reasoning
35853,single_test,single,which,lookup
35857,single_test,single,what,lookup
35858,single_test,single,other,lookup
35861,single_test,single,which,lookup
145739,single_test,single,how_many,reasoning
145735,single_test,single,what,lookup
145740,single_test,single,which,lookup
145736,single_test,single,how_many,reasoning
145733,single_test,single,what,lookup
38243,single_test,single,what,lookup
38245,single_test,single,how_many,reasoning
38241,single_test,single,how_many,reasoning
38239,single_test,single,count,lookup
38248,single_test,single,which,lookup
38247,single_test,single,which,lookup
38238,single_test,single,how_many,reasoning
38244,single_test,single,how_many,lookup
38240,single_test,single,which,lookup
38242,single_test,single,which,lookup
38246,single_test,single,which,lookup
113055,single_test,single,how_many,reasoning
113056,single_test,single,how_many,reasoning
113051,single_test,single,how_many,reasoning
113052,single_test,single,count,lookup
113048,single_test,single,how_many,reasoning
113053,single_test,single,how_many,lookup
113050,single_test,single,how_many,lookup
113054,single_test,single,what,lookup
18818,single_test,single,which,lookup
18825,single_test,single,how_many,reasoning
18819,single_test,single,what,lookup
18820,single_test,single,how_many,lookup
18824,single_test,single,which,lookup
18821,single_test,single,how_many,reasoning
18822,single_test,single,which,lookup
109930,single_test,single,which,lookup
109931,single_test,single,count,lookup
109932,single_test,single,how_many,reasoning
109928,single_test,single,how_many,reasoning
109929,single_test,single,how_many,reasoning
109926,single_test,single,which,lookup
109934,single_test,single,which,lookup
109927,single_test,single,which,lookup
109933,single_test,single,how_many,reasoning
109935,single_test,single,count,lookup
47313,single_test,single,list,lookup
47314,single_test,single,which,lookup
47318,single_test,single,how_many,reasoning
47311,single_test,single,how_many,lookup
47310,single_test,single,which,lookup
47315,single_test,single,how_many,lookup
47312,single_test,single,which,lookup
49561,single_test,single,how_many,lookup
49562,single_test,single,how_many,lookup
49557,single_test,single,which,reasoning
49558,single_test,single,which,lookup
49559,single_test,single,how_many,lookup
65697,single_test,single,which,reasoning
65704,single_test,single,how_many,reasoning
65699,single_test,single,how_many,reasoning
65702,single_test,single,how_many,reasoning
65700,single_test,single,how_many,lookup
65703,single_test,single,which,lookup
65698,single_test,single,which,lookup
65696,single_test,single,how_many,reasoning
65701,single_test,single,which,lookup
83266,single_test,single,how_many,reasoning
83262,single_test,single,which,reasoning
83265,single_test,single,which,lookup
83261,single_test,single,when,reasoning
83269,single_test,single,which,lookup
83264,single_test,single,which,lookup
83263,single_test,single,how_many,reasoning
83260,single_test,single,what,lookup
83268,single_test,single,which,lookup
59113,single_test,single,which,lookup
59112,single_test,single,how_many,lookup
59109,single_test,single,which,reasoning
59111,single_test,single,which,lookup
59110,single_test,single,which,reasoning
92064,single_test,single,count,lookup
92060,single_test,single,what,reasoning
92065,single_test,single,count,lookup
92068,single_test,single,how_many,lookup
92069,single_test,single,how_many,lookup
92058,single_test,single,which,reasoning
92057,single_test,single,what,lookup
92066,single_test,single,which,lookup
92061,single_test,single,what,reasoning
92062,single_test,single,what,lookup
92070,single_test,single,when,lookup
92059,single_test,single,what,reasoning
52632,single_test,single,how_many,lookup
52634,single_test,single,how_many,reasoning
52631,single_test,single,how_many,lookup
52628,single_test,single,which,reasoning
52629,single_test,single,other,lookup
52630,single_test,single,how_many,lookup
75839,single_test,single,what,reasoning
75843,single_test,single,count,reasoning
75841,single_test,single,how_many,reasoning
75838,single_test,single,which,lookup
75840,single_test,single,what,lookup
75842,single_test,single,what,lookup
113230,single_test,single,count,lookup
113231,single_test,single,which,lookup
113232,single_test,single,which,lookup
113226,single_test,single,how_many,lookup
113233,single_test,single,compare,reasoning
113234,single_test,single,how_many,lookup
113229,single_test,single,how_many,reasoning
113228,single_test,single,how_many,reasoning
146080,single_test,single,which,lookup
146079,single_test,single,how_many,lookup
146083,single_test,single,which,lookup
146078,single_test,single,which,lookup
146082,single_test,single,what,lookup
146081,single_test,single,how_many,reasoning
139162,single_test,single,how_many,reasoning
139156,single_test,single,other,lookup
139159,single_test,single,what,lookup
139164,single_test,single,how_many,lookup
139163,single_test,single,which,lookup
139166,single_test,single,other,lookup
139165,single_test,single,how_many,reasoning
139160,single_test,single,count,lookup
139155,single_test,single,how_many,lookup
139161,single_test,single,which,lookup
7295,single_test,single,which,lookup
7298,single_test,single,which,lookup
7299,single_test,single,what,lookup
7300,single_test,single,which,lookup
7294,single_test,single,what,lookup
7296,single_test,single,which,lookup
130529,single_test,single,what,reasoning
130531,single_test,single,which,lookup
130537,single_test,single,how_many,lookup
130528,single_test,single,how_many,reasoning
130525,single_test,single,what,lookup
130535,single_test,single,how_many,lookup
130538,single_test,single,how_many,reasoning
130534,single_test,single,how_many,reasoning
130532,single_test,single,how_many,reasoning
130527,single_test,single,how_many,lookup
130533,single_test,single,other,reasoning
130530,single_test,single,list,lookup
130536,single_test,single,how_many,lookup
102888,single_test,single,how_many,lookup
102889,single_test,single,how_many,lookup
102894,single_test,single,how_many,reasoning
102891,single_test,single,how_many,reasoning
102890,single_test,single,which,lookup
102893,single_test,single,which,lookup
150435,single_test,single,which,lookup
150439,single_test,single,what,lookup
150438,single_test,single,how_many,reasoning
20620,single_test,single,which,lookup
20619,single_test,single,how_many,reasoning
20618,single_test,single,other,lookup
20630,single_test,single,how_many,reasoning
20621,single_test,single,what,lookup
20625,single_test,single,how_many,reasoning
20624,single_test,single,what,lookup
20623,single_test,single,how_many,lookup
20617,single_test,single,how_many,lookup
97820,single_test,single,how_many,reasoning
97822,single_test,single,other,lookup
97817,single_test,single,which,lookup
97819,single_test,single,which,lookup
97818,single_test,single,other,lookup
9343,single_test,single,what,lookup
9340,single_test,single,what,lookup
9333,single_test,single,which,lookup
9342,single_test,single,how_many,reasoning
9334,single_test,single,what,lookup
9339,single_test,single,how_many,reasoning
9335,single_test,single,which,lookup
9336,single_test,single,what,reasoning
16568,single_test,single,how_many,lookup
16566,single_test,single,how_many,lookup
16570,single_test,single,which,lookup
16569,single_test,single,how_many,reasoning
16564,single_test,single,which,lookup
16563,single_test,single,how_many,lookup
16572,single_test,single,how_many,reasoning
16562,single_test,single,how_many,lookup
16565,single_test,single,how_many,reasoning
16567,single_test,single,how_many,lookup
16574,single_test,single,how_many,reasoning
16573,single_test,single,when,lookup
57257,single_test,single,which,reasoning
57261,single_test,single,which,lookup
57255,single_test,single,which,reasoning
57259,single_test,single,other,lookup
57256,single_test,single,how_many,reasoning
57260,single_test,single,how_many,lookup
57263,single_test,single,how_many,reasoning
57258,single_test,single,which,lookup
10618,single_test,single,which,lookup
10609,single_test,single,which,lookup
10615,single_test,single,which,lookup
10611,single_test,single,how_many,reasoning
10608,single_test,single,which,lookup
10616,single_test,single,which,lookup
10617,single_test,single,which,lookup
10610,single_test,single,how_many,reasoning
60988,single_test,single,how_many,lookup
60985,single_test,single,compare,lookup
60990,single_test,single,list,reasoning
60987,single_test,single,which,lookup
60989,single_test,single,which,lookup
60986,single_test,single,how_many,lookup
60984,single_test,single,how_many,lookup
60982,single_test,single,list,reasoning
60983,single_test,single,which,lookup
115241,single_test,single,which,lookup
115239,single_test,single,how_many,reasoning
115244,single_test,single,how_many,reasoning
115235,single_test,single,how_many,lookup
115237,single_test,single,how_many,lookup
115236,single_test,single,which,lookup
115238,single_test,single,how_many,reasoning
115240,single_test,single,how_many,reasoning
4115,single_test,single,which,lookup
4112,single_test,single,what,lookup
4118,single_test,single,how_many,reasoning
4114,single_test,single,how_many,reasoning
4116,single_test,single,what,lookup
4120,single_test,single,list,lookup
4113,single_test,single,which,lookup
152585,single_test,single,how_many,reasoning
152588,single_test,single,what,lookup
152591,single_test,single,how_many,reasoning
152584,single_test,single,how_many,lookup
152582,single_test,single,when,lookup
152583,single_test,single,how_many,lookup
152589,single_test,single,which,lookup
152586,single_test,single,how_many,lookup
150577,single_test,single,other,lookup
150573,single_test,single,which,reasoning
150572,single_test,single,how_many,reasoning
150570,single_test,single,count,lookup
150580,single_test,single,what,lookup
150576,single_test,single,how_many,reasoning
150571,single_test,single,which,lookup
150569,single_test,single,which,reasoning
150578,single_test,single,which,lookup
150581,single_test,single,which,lookup
150579,single_test,single,how_many,reasoning
150574,single_test,single,other,lookup
51270,single_test,single,other,lookup
51272,single_test,single,how_many,lookup
51273,single_test,single,how_many,lookup
51269,single_test,single,which,lookup
51271,single_test,single,how_many,lookup
62322,single_test,single,what,lookup
62333,single_test,single,how_many,reasoning
62330,single_test,single,how_many,reasoning
62325,single_test,single,how_many,reasoning
62323,single_test,single,which,lookup
62327,single_test,single,what,lookup
62324,single_test,single,which,lookup
62328,single_test,single,which,lookup
62326,single_test,single,what,lookup
62329,single_test,single,how_many,reasoning
112139,single_test,single,which,lookup
112141,single_test,single,how_many,reasoning
112144,single_test,single,which,lookup
112142,single_test,single,which,lookup
112143,single_test,single,count,lookup
112145,single_test,single,compare,reasoning
112140,single_test,single,which,lookup
112149,single_test,single,how_many,reasoning
112138,single_test,single,which,lookup
112148,single_test,single,which,lookup
128103,single_test,single,when,lookup
128105,single_test,single,which,lookup
128107,single_test,single,which,lookup
128106,single_test,single,how_many,reasoning
128104,single_test,single,which,lookup
49203,single_test,single,which,lookup
49204,single_test,single,which,lookup
49200,single_test,single,which,lookup
49201,single_test,single,which,lookup
49207,single_test,single,how_many,reasoning
49205,single_test,single,which,lookup
49206,single_test,single,how_many,lookup
49202,single_test,single,which,lookup
99970,single_test,single,which,lookup
99967,single_test,single,other,lookup
99966,single_test,single,which,lookup
99973,single_test,single,how_many,reasoning
99969,single_test,single,what,lookup
99971,single_test,single,which,reasoning
99968,single_test,single,what,lookup
154797,single_test,single,which,lookup
154798,single_test,single,count,lookup
154801,single_test,single,which,lookup
154802,single_test,single,what,lookup
154800,single_test,single,how_many,reasoning
154799,single_test,single,which,lookup
154803,single_test,single,which,lookup
81807,single_test,single,which,lookup
81806,single_test,single,which,lookup
81803,single_test,single,which,lookup
81808,single_test,single,how_many,lookup
81805,single_test,single,how_many,reasoning
81804,single_test,single,list,lookup
4209,single_test,single,how_many,reasoning
4213,single_test,single,how_many,reasoning
4208,single_test,single,how_many,lookup
4210,single_test,single,how_many,lookup
4205,single_test,single,how_many,reasoning
4204,single_test,single,how_many,reasoning
4202,single_test,single,how_many,lookup
4211,single_test,single,how_many,lookup
4212,single_test,single,how_many,lookup
4206,single_test,single,how_many,reasoning
166382,single_test,single,how_many,reasoning
166379,single_test,single,how_many,reasoning
166378,single_test,single,which,lookup
166376,single_test,single,which,lookup
69547,single_test,single,how_many,reasoning
69544,single_test,single,which,lookup
69545,single_test,single,which,lookup
69550,single_test,single,how_many,reasoning
69546,single_test,single,which,lookup
69548,single_test,single,what,lookup
108002,single_test,single,how_many,reasoning
108001,single_test,single,how_many,lookup
108000,single_test,single,how_many,reasoning
108003,single_test,single,what,lookup
107997,single_test,single,how_many,reasoning
107998,single_test,single,how_many,reasoning
127092,single_test,single,which,lookup
127089,single_test,single,which,lookup
127087,single_test,single,what,lookup
127088,single_test,single,count,lookup
127090,single_test,single,how_many,reasoning
127096,single_test,single,other,lookup
127094,single_test,single,how_many,reasoning
127095,single_test,single,which,lookup
127091,single_test,single,which,lookup
127093,single_test,single,which,lookup
160843,single_test,single,what,lookup
160842,single_test,single,which,lookup
160837,single_test,single,which,lookup
160847,single_test,single,how_many,reasoning
160841,single_test,single,what,lookup
160839,single_test,single,what,lookup
75086,single_test,single,what,lookup
75083,single_test,single,which,lookup
75087,single_test,single,which,reasoning
75082,single_test,single,other,lookup
75081,single_test,single,which,lookup
75084,single_test,single,which,reasoning
75085,single_test,single,which,lookup
126950,single_test,single,how_many,lookup
126946,single_test,single,how_many,lookup
126949,single_test,single,what,lookup
126948,single_test,single,how_many,reasoning
126951,single_test,single,which,reasoning
126945,single_test,single,what,lookup
126947,single_test,single,which,lookup
109609,single_test,single,how_many,reasoning
109617,single_test,single,how_many,reasoning
109613,single_test,single,compare,reasoning
90103,single_test,single,how_many,reasoning
90104,single_test,single,how_many,reasoning
15358,single_test,single,how_many,reasoning
15366,single_test,single,how_many,reasoning
15362,single_test,single,how_many,reasoning
144974,single_test,single,how_many,reasoning
115183,single_test,single,how_many,reasoning
115187,single_test,single,how_many,reasoning
91540,single_test,single,how_many,lookup
91537,single_test,single,which,reasoning
91546,single_test,single,how_many,reasoning
91542,single_test,single,which,lookup
91548,single_test,single,how_many,reasoning
91541,single_test,single,which,lookup
91544,single_test,single,which,lookup
91547,single_test,single,which,lookup
91545,single_test,single,how_many,reasoning
91539,single_test,single,which,lookup
125687,single_test,single,list,lookup
125688,single_test,single,which,lookup
125682,single_test,single,which,lookup
125685,single_test,single,how_many,reasoning
125684,single_test,single,which,lookup
125683,single_test,single,which,lookup
125689,single_test,single,how_many,reasoning
95015,single_test,single,other,lookup
95012,single_test,single,which,lookup
95017,single_test,single,other,lookup
95011,single_test,single,which,lookup
95016,single_test,single,which,lookup
127867,single_test,single,which,lookup
127874,single_test,single,how_many,reasoning
127869,single_test,single,which,lookup
127870,single_test,single,how_many,reasoning
68922,single_test,single,what,lookup
68926,single_test,single,which,lookup
68933,single_test,single,which,lookup
68924,single_test,single,what,reasoning
68929,single_test,single,other,lookup
68921,single_test,single,which,lookup
68930,single_test,single,how_many,reasoning
68928,single_test,single,which,lookup
68932,single_test,single,what,reasoning
68923,single_test,single,how_many,reasoning
68931,single_test,single,what,lookup
68927,single_test,single,how_many,reasoning
83003,single_test,single,how_many,reasoning
82999,single_test,single,how_many,reasoning
83002,single_test,single,which,lookup
82997,single_test,single,other,lookup
83000,single_test,single,which,lookup
83006,single_test,single,how_many,reasoning
83004,single_test,single,how_many,lookup
83005,single_test,single,when,lookup
83001,single_test,single,how_many,lookup
82996,single_test,single,how_many,lookup
83008,single_test,single,how_many,lookup
83007,single_test,single,which,lookup
82998,single_test,single,which,lookup
145215,single_test,single,how_many,reasoning
145213,single_test,single,which,lookup
145214,single_test,single,which,reasoning
145216,single_test,single,what,lookup
5764,single_test,single,what,lookup
5766,single_test,single,how_many,lookup
5765,single_test,single,how_many,reasoning
5756,single_test,single,other,lookup
5761,single_test,single,how_many,reasoning
5762,single_test,single,which,lookup
5760,single_test,single,which,lookup
5755,single_test,single,how_many,lookup
5757,single_test,single,which,lookup
5763,single_test,single,what,lookup
5759,single_test,single,which,lookup
5758,single_test,single,how_many,reasoning
5768,single_test,single,how_many,reasoning
15270,single_test,single,which,lookup
15275,single_test,single,which,lookup
15276,single_test,single,which,lookup
15272,single_test,single,which,lookup
15273,single_test,single,how_many,reasoning
15274,single_test,single,what,lookup
15271,single_test,single,what,lookup
15279,single_test,single,how_many,reasoning
158979,single_test,single,other,lookup
158980,single_test,single,how_many,reasoning
158974,single_test,single,which,lookup
158975,single_test,single,what,lookup
164374,single_test,single,list,lookup
164373,single_test,single,which,lookup
164378,single_test,single,which,lookup
164380,single_test,single,how_many,reasoning
164377,single_test,single,what,lookup
164375,single_test,single,which,lookup
164386,single_test,single,how_many,reasoning
164376,single_test,single,how_many,reasoning
164382,single_test,single,how_many,reasoning
164379,single_test,single,which,reasoning
81186,single_test,single,which,lookup
81184,single_test,single,which,lookup
81185,single_test,single,how_many,lookup
81187,single_test,single,how_many,reasoning
164747,single_test,single,which,lookup
163024,single_test,single,how_many,lookup
163022,single_test,single,which,lookup
163026,single_test,single,what,lookup
163025,single_test,single,which,lookup
163027,single_test,single,which,lookup
163023,single_test,single,how_many,lookup
163029,single_test,single,which,lookup
163028,single_test,single,how_many,reasoning
163020,single_test,single,which,lookup
163021,single_test,single,how_many,reasoning
163018,single_test,single,which,lookup
163019,single_test,single,how_many,lookup
15333,single_test,single,how_many,reasoning
15327,single_test,single,how_many,reasoning
15325,single_test,single,what,lookup
15328,single_test,single,how_many,lookup
15329,single_test,single,how_many,reasoning
15324,single_test,single,how_many,lookup
11090,single_test,single,how_many,lookup
11093,single_test,single,how_many,reasoning
11086,single_test,single,how_many,lookup
11092,single_test,single,how_many,lookup
11085,single_test,single,how_many,lookup
11091,single_test,single,how_many,reasoning
11087,single_test,single,how_many,reasoning
11088,single_test,single,how_many,reasoning
143107,single_test,single,which,lookup
143103,single_test,single,which,lookup
143104,single_test,single,how_many,lookup
143105,single_test,single,what,lookup
72805,single_test,single,which,lookup
72806,single_test,single,what,lookup
72807,single_test,single,how_many,reasoning
72810,single_test,single,how_many,reasoning
72808,single_test,single,when,lookup
44184,single_test,single,which,lookup
44187,single_test,single,how_many,reasoning
44192,single_test,single,which,lookup
44188,single_test,single,which,lookup
44181,single_test,single,which,lookup
44183,single_test,single,which,lookup
44182,single_test,single,which,lookup
44190,single_test,single,which,lookup
44189,single_test,single,which,reasoning
44193,single_test,single,how_many,reasoning
44186,single_test,single,which,lookup
141909,single_test,single,how_many,reasoning
141913,single_test,single,how_many,reasoning
141910,single_test,single,how_many,lookup
141911,single_test,single,how_many,reasoning
141916,single_test,single,which,lookup
141912,single_test,single,which,lookup
141907,single_test,single,what,lookup
141906,single_test,single,how_many,lookup
141908,single_test,single,how_many,lookup
141914,single_test,single,what,lookup
141915,single_test,single,other,lookup
118057,single_test,single,how_many,reasoning
118053,single_test,single,other,lookup
118054,single_test,single,how_many,lookup
118050,single_test,single,what,lookup
118052,single_test,single,what,lookup
118056,single_test,single,how_many,reasoning
118051,single_test,single,what,reasoning
112688,single_test,single,how_many,lookup
112686,single_test,single,how_many,lookup
112685,single_test,single,how_many,reasoning
112687,single_test,single,how_many,reasoning
112689,single_test,single,how_many,lookup
112684,single_test,single,how_many,lookup
112690,single_test,single,how_many,reasoning
6270,single_test,single,which,lookup
6266,single_test,single,which,lookup
6265,single_test,single,how_many,reasoning
6271,single_test,single,how_many,reasoning
6268,single_test,single,how_many,reasoning
6263,single_test,single,which,lookup
6269,single_test,single,other,lookup
6264,single_test,single,compare,reasoning
6267,single_test,single,which,lookup
73907,single_test,single,what,lookup
73910,single_test,single,how_many,reasoning
73913,single_test,single,list,lookup
73909,single_test,single,which,lookup
73912,single_test,single,list,lookup
73908,single_test,single,which,lookup
88874,single_test,single,what,lookup
88871,single_test,single,what,lookup
88866,single_test,single,which,lookup
88873,single_test,single,what,lookup
88867,single_test,single,which,lookup
88870,single_test,single,what,reasoning
88876,single_test,single,what,lookup
88872,single_test,single,other,lookup
88875,single_test,single,what,reasoning
158810,single_test,single,how_many,reasoning
158811,single_test,single,how_many,lookup
158809,single_test,single,which,lookup
158816,single_test,single,how_many,reasoning
158815,single_test,single,what,lookup
158807,single_test,single,which,lookup
158812,single_test,single,which,lookup
158808,single_test,single,other,lookup
112627,single_test,single,which,lookup
112624,single_test,single,compare,reasoning
112626,single_test,single,other,lookup
112620,single_test,single,which,lookup
112623,single_test,single,how_many,lookup
112621,single_test,single,what,lookup
112619,single_test,single,other,lookup
112622,single_test,single,what,reasoning
112618,single_test,single,which,lookup
2732,single_test,single,how_many,reasoning
2725,single_test,single,which,reasoning
2728,single_test,single,compare,reasoning
2729,single_test,single,which,lookup
2727,single_test,single,compare,reasoning
2735,single_test,single,how_many,reasoning
2731,single_test,single,which,lookup
2726,single_test,single,which,lookup
2733,single_test,single,what,lookup
2730,single_test,single,which,lookup
63799,single_test,single,which,lookup
63800,single_test,single,how_many,reasoning
63798,single_test,single,what,lookup
63797,single_test,single,what,lookup
63803,single_test,single,list,lookup
63804,single_test,single,which,reasoning
63802,single_test,single,list,lookup
64966,single_test,single,other,lookup
64967,single_test,single,list,lookup
64968,single_test,single,how_many,reasoning
64965,single_test,single,what,lookup
64969,single_test,single,what,lookup
82867,single_test,single,which,lookup
82871,single_test,single,what,lookup
82874,single_test,single,how_many,reasoning
82873,single_test,single,when,lookup
82872,single_test,single,when,lookup
82866,single_test,single,how_many,lookup
82868,single_test,single,how_many,reasoning
82870,single_test,single,what,lookup
82869,single_test,single,how_many,reasoning
64925,single_test,single,which,lookup
64923,single_test,single,what,lookup
64926,single_test,single,how_many,reasoning
64932,single_test,single,how_many,reasoning
64924,single_test,single,which,lookup
64928,single_test,single,which,lookup
43353,single_test,single,how_many,reasoning
43348,single_test,single,count,lookup
43342,single_test,single,which,lookup
43352,single_test,single,which,lookup
43341,single_test,single,other,lookup
43343,single_test,single,how_many,reasoning
43346,single_test,single,how_many,reasoning
43340,single_test,single,which,reasoning
43345,single_test,single,which,lookup
43344,single_test,single,other,lookup
43351,single_test,single,what,lookup
43350,single_test,single,how_many,reasoning
43349,single_test,single,which,lookup
165704,single_test,single,what,lookup
165708,single_test,single,other,lookup
165706,single_test,single,which,lookup
94417,single_test,single,which,lookup
94415,single_test,single,what,lookup
94413,single_test,single,which,lookup
36970,single_test,single,how_many,lookup
36977,single_test,single,how_many,reasoning
36967,single_test,single,which,lookup
36975,single_test,single,other,lookup
36969,single_test,single,how_many,reasoning
36976,single_test,single,what,lookup
36974,single_test,single,which,lookup
36972,single_test,single,compare,reasoning
36973,single_test,single,how_many,reasoning
36968,single_test,single,which,lookup
23254,single_test,single,how_many,reasoning
23246,single_test,single,how_many,reasoning
23250,single_test,single,how_many,reasoning
23249,single_test,single,which,lookup
23245,single_test,single,which,lookup
23247,single_test,single,when,reasoning
23248,single_test,single,how_many,lookup
23244,single_test,single,which,lookup
23243,single_test,single,what,lookup
147135,single_test,single,which,lookup
147130,single_test,single,how_many,reasoning
147138,single_test,single,how_many,reasoning
147134,single_test,single,how_many,reasoning
147131,single_test,single,which,lookup
147133,single_test,single,which,lookup
147137,single_test,single,what,lookup
147136,single_test,single,which,lookup
104326,single_test,single,which,lookup
104329,single_test,single,what,lookup
104327,single_test,single,how_many,reasoning
104324,single_test,single,what,lookup
69518,single_test,single,what,lookup
69514,single_test,single,which,lookup
69515,single_test,single,which,lookup
69516,single_test,single,which,lookup
69517,single_test,single,how_many,reasoning
69521,single_test,single,how_many,reasoning
98882,single_test,single,which,reasoning
98879,single_test,single,what,lookup
16609,single_test,single,list,lookup
16605,single_test,single,how_many,lookup
16604,single_test,single,how_many,reasoning
16607,single_test,single,what,lookup
16601,single_test,single,which,lookup
16603,single_test,single,what,lookup
16602,single_test,single,other,lookup
16611,single_test,single,how_many,reasoning
100592,single_test,single,how_many,reasoning
100590,single_test,single,other,lookup
35396,single_test,single,how_many,reasoning
35400,single_test,single,how_many,reasoning
5260,single_test,single,how_many,reasoning
5256,single_test,single,how_many,reasoning
82233,single_test,single,how_many,reasoning
82237,single_test,single,how_many,reasoning
82230,single_test,single,how_many,reasoning
16188,single_test,single,how_many,reasoning
16192,single_test,single,how_many,reasoning
76965,single_test,single,how_many,reasoning
76968,single_test,single,how_many,reasoning
80469,single_test,single,how_many,reasoning
80477,single_test,single,how_many,reasoning
158279,single_test,single,how_many,reasoning
158282,single_test,single,how_many,reasoning
5560,multi_train,multi,compare,reasoning
5561,multi_train,multi,how_many,reasoning
5562,multi_train,multi,how_many,reasoning
5563,multi_train,multi,which,reasoning
5564,multi_train,multi,compare,reasoning
181,multi_train,multi,what,reasoning
182,multi_train,multi,how_many,reasoning
183,multi_train,multi,how_many,reasoning
185,multi_train,multi,compare,reasoning
184,multi_train,multi,how_many,reasoning
8087,multi_train,multi,how_many,reasoning
8088,multi_train,multi,which,reasoning
8089,multi_train,multi,how_many,reasoning
8090,multi_train,multi,how_many,reasoning
8937,multi_train,multi,what,reasoning
8938,multi_train,multi,what,reasoning
7367,multi_train,multi,how_many,reasoning
7368,multi_train,multi,how_many,reasoning
7369,multi_train,multi,how_many,reasoning
7798,multi_train,multi,how_many,reasoning
7799,multi_train,multi,how_many,reasoning
7800,multi_train,multi,how_many,reasoning
8284,multi_train,multi,how_many,reasoning
8286,multi_train,multi,how_many,reasoning
1080,multi_train,multi,how_many,reasoning
1961,multi_train,multi,which,reasoning
1962,multi_train,multi,how_many,reasoning
1964,multi_train,multi,how_many,reasoning
1965,multi_train,multi,how_many,reasoning
7659,multi_train,multi,what,reasoning
4346,multi_train,multi,how_many,reasoning
4347,multi_train,multi,how_many,reasoning
9509,multi_train,multi,how_many,reasoning
9512,multi_train,multi,how_many,reasoning
9510,multi_train,multi,how_many,reasoning
9511,multi_train,multi,how_many,reasoning
4828,multi_train,multi,compare,reasoning
4830,multi_train,multi,how_many,reasoning
4831,multi_train,multi,how_many,reasoning
4832,multi_train,multi,how_many,reasoning
4833,multi_train,multi,what,reasoning
4838,multi_train,multi,what,reasoning
4834,multi_train,multi,what,reasoning
4835,multi_train,multi,what,reasoning
6421,multi_train,multi,what,reasoning
6422,multi_train,multi,compare,reasoning
6423,multi_train,multi,which,reasoning
345,multi_train,multi,how_many,reasoning
348,multi_train,multi,what,lookup
349,multi_train,multi,which,lookup
350,multi_train,multi,how_many,reasoning
351,multi_train,multi,which,reasoning
354,multi_train,multi,what,reasoning
671,multi_train,multi,how_many,reasoning
670,multi_train,multi,how_many,reasoning
665,multi_train,multi,how_many,reasoning
666,multi_train,multi,how_many,reasoning
667,multi_train,multi,compare,reasoning
668,multi_train,multi,how_many,reasoning
662,multi_train,multi,how_many,reasoning
664,multi_train,multi,how_many,reasoning
661,multi_train,multi,how_many,reasoning
663,multi_train,multi,compare,reasoning
8518,multi_train,multi,compare,reasoning
8519,multi_train,multi,compare,reasoning
8520,multi_train,multi,how_many,reasoning
8521,multi_train,multi,how_many,reasoning
8522,multi_train,multi,how_many,reasoning
8523,multi_train,multi,how_many,reasoning
8524,multi_train,multi,how_many,reasoning
8525,multi_train,multi,how_many,reasoning
8526,multi_train,multi,how_many,reasoning
8515,multi_train,multi,compare,reasoning
8517,multi_train,multi,how_many,reasoning
577,multi_train,multi,how_many,reasoning
579,multi_train,multi,how_many,reasoning
572,multi_train,multi,what,reasoning
573,multi_train,multi,what,reasoning
574,multi_train,multi,how_many,reasoning
575,multi_train,multi,how_many,reasoning
576,multi_train,multi,how_many,reasoning
7579,multi_train,multi,how_many,reasoning
7580,multi_train,multi,which,reasoning
4418,multi_train,multi,how_many,reasoning
4419,multi_train,multi,how_many,reasoning
4420,multi_train,multi,compare,reasoning
4422,multi_train,multi,compare,reasoning
5515,multi_train,multi,how_many,reasoning
5516,multi_train,multi,compare,reasoning
5517,multi_train,multi,compare,reasoning
5518,multi_train,multi,how_many,reasoning
5519,multi_train,multi,what,reasoning
5520,multi_train,multi,compare,reasoning
4217,multi_train,multi,which,reasoning
4218,multi_train,multi,how_many,reasoning
4219,multi_train,multi,which,reasoning
4213,multi_train,multi,what,reasoning
4207,multi_train,multi,which,reasoning
4211,multi_train,multi,what,reasoning
840,multi_train,multi,how_many,reasoning
836,multi_train,multi,compare,reasoning
837,multi_train,multi,how_many,reasoning
838,multi_train,multi,compare,reasoning
839,multi_train,multi,how_many,reasoning
2575,multi_train,multi,how_many,reasoning
2576,multi_train,multi,compare,reasoning
2578,multi_train,multi,how_many,reasoning
2570,multi_train,multi,compare,reasoning
2572,multi_train,multi,compare,reasoning
2573,multi_train,multi,how_many,reasoning
2574,multi_train,multi,compare,reasoning
8604,multi_train,multi,compare,reasoning
8605,multi_train,multi,compare,reasoning
8606,multi_train,multi,how_many,reasoning
8607,multi_train,multi,how_many,reasoning
7031,multi_train,multi,what,reasoning
5328,multi_train,multi,how_many,reasoning
5329,multi_train,multi,what,reasoning
9389,multi_train,multi,compare,reasoning
9390,multi_train,multi,how_many,reasoning
9391,multi_train,multi,how_many,reasoning
9392,multi_train,multi,how_many,reasoning
9393,multi_train,multi,compare,reasoning
8299,multi_train,multi,compare,reasoning
5972,multi_train,multi,which,reasoning
5974,multi_train,multi,which,reasoning
5969,multi_train,multi,how_many,reasoning
5965,multi_train,multi,which,reasoning
8887,multi_train,multi,when,reasoning
8885,multi_train,multi,which,reasoning
4327,multi_train,multi,what,reasoning
4328,multi_train,multi,what,reasoning
4329,multi_train,multi,how_many,reasoning
4330,multi_train,multi,which,reasoning
12,multi_train,multi,compare,reasoning
13,multi_train,multi,how_many,reasoning
15,multi_train,multi,how_many,reasoning
17,multi_train,multi,how_many,reasoning
14,multi_train,multi,how_many,reasoning
16,multi_train,multi,how_many,reasoning
4337,multi_train,multi,how_many,reasoning
4338,multi_train,multi,how_many,reasoning
4339,multi_train,multi,how_many,reasoning
4340,multi_train,multi,how_many,reasoning
7513,multi_train,multi,what,reasoning
4275,multi_train,multi,how_many,reasoning
4276,multi_train,multi,how_many,reasoning
4277,multi_train,multi,compare,reasoning
4278,multi_train,multi,how_many,reasoning
4279,multi_train,multi,how_many,reasoning
4271,multi_train,multi,how_many,reasoning
4272,multi_train,multi,how_many,reasoning
4273,multi_train,multi,which,reasoning
4274,multi_train,multi,compare,reasoning
1255,multi_train,multi,how_many,reasoning
1257,multi_train,multi,how_many,reasoning
7664,multi_train,multi,how_many,reasoning
8065,multi_train,multi,what,reasoning
7525,multi_train,multi,how_many,reasoning
7526,multi_train,multi,how_many,reasoning
7527,multi_train,multi,what,reasoning
3710,multi_train,multi,what,reasoning
3711,multi_train,multi,what,reasoning
3712,multi_train,multi,compare,reasoning
3714,multi_train,multi,compare,reasoning
3715,multi_train,multi,compare,reasoning
2862,multi_train,multi,how_many,reasoning
2863,multi_train,multi,compare,reasoning
2868,multi_train,multi,how_many,reasoning
2869,multi_train,multi,how_many,reasoning
2870,multi_train,multi,how_many,reasoning
2871,multi_train,multi,how_many,reasoning
2872,multi_train,multi,how_many,reasoning
2866,multi_train,multi,how_many,reasoning
2867,multi_train,multi,compare,reasoning
567,multi_train,multi,what,reasoning
571,multi_train,multi,how_many,reasoning
284,multi_train,multi,what,reasoning
285,multi_train,multi,what,reasoning
8207,multi_train,multi,what,reasoning
694,multi_train,multi,when,reasoning
695,multi_train,multi,when,reasoning
685,multi_train,multi,what,reasoning
686,multi_train,multi,what,reasoning
687,multi_train,multi,what,reasoning
688,multi_train,multi,when,reasoning
689,multi_train,multi,when,reasoning
690,multi_train,multi,when,reasoning
692,multi_train,multi,when,reasoning
693,multi_train,multi,when,reasoning
7180,multi_train,multi,how_many,reasoning
7182,multi_train,multi,what,reasoning
5544,multi_train,multi,how_many,reasoning
2647,multi_train,multi,how_many,reasoning
2651,multi_train,multi,what,reasoning
2652,multi_train,multi,how_many,reasoning
8665,multi_train,multi,how_many,reasoning
8666,multi_train,multi,which,reasoning
3057,multi_train,multi,compare,reasoning
3058,multi_train,multi,compare,reasoning
3059,multi_train,multi,how_many,reasoning
3060,multi_train,multi,which,reasoning
3061,multi_train,multi,how_many,reasoning
3062,multi_train,multi,compare,reasoning
3063,multi_train,multi,how_many,reasoning
3064,multi_train,multi,which,reasoning
3065,multi_train,multi,how_many,reasoning
3066,multi_train,multi,how_many,reasoning
3068,multi_train,multi,how_many,reasoning
3798,multi_train,multi,what,reasoning
3799,multi_train,multi,how_many,reasoning
3800,multi_train,multi,what,reasoning
3794,multi_train,multi,what,reasoning
3795,multi_train,multi,how_many,reasoning
3797,multi_train,multi,what,reasoning
650,multi_train,multi,how_many,reasoning
651,multi_train,multi,compare,reasoning
652,multi_train,multi,how_many,reasoning
653,multi_train,multi,how_many,reasoning
654,multi_train,multi,how_many,reasoning
655,multi_train,multi,how_many,reasoning
656,multi_train,multi,how_many,reasoning
658,multi_train,multi,compare,reasoning
659,multi_train,multi,compare,reasoning
660,multi_train,multi,how_many,reasoning
6383,multi_train,multi,compare,reasoning
6384,multi_train,multi,compare,reasoning
6385,multi_train,multi,compare,reasoning
5278,multi_train,multi,how_many,reasoning
5279,multi_train,multi,compare,reasoning
5280,multi_train,multi,compare,reasoning
1913,multi_train,multi,how_many,reasoning
1914,multi_train,multi,when,reasoning
1915,multi_train,multi,when,reasoning
2805,multi_train,multi,how_many,reasoning
2806,multi_train,multi,compare,reasoning
2807,multi_train,multi,compare,reasoning
2808,multi_train,multi,compare,reasoning
2809,multi_train,multi,how_many,reasoning
2810,multi_train,multi,compare,reasoning
2812,multi_train,multi,compare,reasoning
2321,multi_train,multi,how_many,reasoning
2323,multi_train,multi,how_many,reasoning
7249,multi_train,multi,which,reasoning
7250,multi_train,multi,what,reasoning
7254,multi_train,multi,how_many,reasoning
7255,multi_train,multi,what,reasoning
3184,multi_train,multi,how_many,reasoning
3185,multi_train,multi,how_many,reasoning
3181,multi_train,multi,how_many,reasoning
3182,multi_train,multi,how_many,reasoning
4028,multi_train,multi,which,reasoning
8256,multi_train,multi,compare,reasoning
8257,multi_train,multi,how_many,reasoning
8258,multi_train,multi,compare,reasoning
8259,multi_train,multi,compare,reasoning
8260,multi_train,multi,how_many,reasoning
392,multi_train,multi,compare,reasoning
393,multi_train,multi,which,reasoning
394,multi_train,multi,what,reasoning
395,multi_train,multi,how_many,reasoning
702,multi_train,multi,how_many,reasoning
703,multi_train,multi,how_many,reasoning
704,multi_train,multi,how_many,reasoning
705,multi_train,multi,compare,reasoning
706,multi_train,multi,how_many,reasoning
696,multi_train,multi,how_many,reasoning
699,multi_train,multi,compare,reasoning
700,multi_train,multi,what,reasoning
701,multi_train,multi,how_many,reasoning
709,multi_train,multi,what,reasoning
57,multi_train,multi,compare,reasoning
59,multi_train,multi,how_many,reasoning
60,multi_train,multi,how_many,reasoning
56,multi_train,multi,compare,reasoning
58,multi_train,multi,how_many,reasoning
3001,multi_train,multi,how_many,reasoning
2992,multi_train,multi,compare,reasoning
2993,multi_train,multi,how_many,reasoning
2994,multi_train,multi,compare,reasoning
2995,multi_train,multi,how_many,reasoning
2997,multi_train,multi,compare,reasoning
7907,multi_train,multi,how_many,reasoning
9456,multi_train,multi,compare,reasoning
9457,multi_train,multi,how_many,reasoning
9458,multi_train,multi,how_many,reasoning
9452,multi_train,multi,compare,reasoning
9453,multi_train,multi,how_many,reasoning
9454,multi_train,multi,how_many,reasoning
9455,multi_train,multi,compare,reasoning
9459,multi_train,multi,how_many,reasoning
9460,multi_train,multi,compare,reasoning
7634,multi_train,multi,how_many,reasoning
7635,multi_train,multi,how_many,reasoning
7636,multi_train,multi,how_many,reasoning
7637,multi_train,multi,how_many,reasoning
8184,multi_train,multi,how_many,reasoning
4616,multi_train,multi,how_many,reasoning
4617,multi_train,multi,how_many,reasoning
4618,multi_train,multi,compare,reasoning
5084,multi_train,multi,compare,reasoning
5086,multi_train,multi,what,reasoning
5087,multi_train,multi,how_many,reasoning
5088,multi_train,multi,what,reasoning
5076,multi_train,multi,how_many,reasoning
5077,multi_train,multi,compare,reasoning
5078,multi_train,multi,how_many,reasoning
5079,multi_train,multi,what,reasoning
5080,multi_train,multi,compare,reasoning
5081,multi_train,multi,what,reasoning
5082,multi_train,multi,how_many,reasoning
5869,multi_train,multi,how_many,reasoning
5870,multi_train,multi,how_many,reasoning
5872,multi_train,multi,what,reasoning
5873,multi_train,multi,how_many,reasoning
5874,multi_train,multi,how_many,reasoning
5875,multi_train,multi,how_many,reasoning
8336,multi_train,multi,compare,reasoning
8337,multi_train,multi,how_many,reasoning
1500,multi_train,multi,how_many,reasoning
1501,multi_train,multi,compare,reasoning
1502,multi_train,multi,how_many,reasoning
7598,multi_train,multi,how_many,reasoning
7599,multi_train,multi,how_many,reasoning
7600,multi_train,multi,how_many,reasoning
7601,multi_train,multi,compare,reasoning
7602,multi_train,multi,how_many,reasoning
3623,multi_train,multi,compare,reasoning
3624,multi_train,multi,compare,reasoning
3625,multi_train,multi,how_many,reasoning
3628,multi_train,multi,compare,reasoning
3629,multi_train,multi,how_many,reasoning
3630,multi_train,multi,how_many,reasoning
3632,multi_train,multi,how_many,reasoning
4230,multi_train,multi,how_many,reasoning
4231,multi_train,multi,how_many,reasoning
4232,multi_train,multi,how_many,reasoning
4234,multi_train,multi,compare,reasoning
4221,multi_train,multi,how_many,reasoning
4222,multi_train,multi,how_many,reasoning
4223,multi_train,multi,compare,reasoning
4225,multi_train,multi,how_many,reasoning
4227,multi_train,multi,compare,reasoning
4229,multi_train,multi,how_many,reasoning
1055,multi_train,multi,compare,reasoning
1056,multi_train,multi,how_many,reasoning
1057,multi_train,multi,how_many,reasoning
1388,multi_train,multi,how_many,reasoning
1389,multi_train,multi,how_many,reasoning
4489,multi_train,multi,what,reasoning
4490,multi_train,multi,how_many,reasoning
4491,multi_train,multi,what,reasoning
4488,multi_train,multi,how_many,reasoning
5196,multi_train,multi,how_many,reasoning
5197,multi_train,multi,how_many,reasoning
5198,multi_train,multi,how_many,reasoning
8948,multi_train,multi,how_many,reasoning
8949,multi_train,multi,how_many,reasoning
8950,multi_train,multi,how_many,reasoning
8951,multi_train,multi,how_many,reasoning
8953,multi_train,multi,how_many,reasoning
8956,multi_train,multi,compare,reasoning
8957,multi_train,multi,compare,reasoning
8958,multi_train,multi,how_many,reasoning
8954,multi_train,multi,how_many,reasoning
8903,multi_train,multi,how_many,reasoning
8901,multi_train,multi,what,reasoning
8902,multi_train,multi,which,reasoning
8904,multi_train,multi,how_many,reasoning
8905,multi_train,multi,what,reasoning
8906,multi_train,multi,which,reasoning
8907,multi_train,multi,how_many,reasoning
1627,multi_train,multi,how_many,reasoning
1629,multi_train,multi,what,reasoning
1630,multi_train,multi,what,reasoning
6571,multi_train,multi,what,reasoning
6572,multi_train,multi,how_many,reasoning
6573,multi_train,multi,compare,reasoning
6574,multi_train,multi,what,reasoning
148,multi_train,multi,how_many,reasoning
149,multi_train,multi,compare,reasoning
150,multi_train,multi,how_many,reasoning
151,multi_train,multi,how_many,reasoning
152,multi_train,multi,how_many,reasoning
8327,multi_train,multi,how_many,reasoning
8328,multi_train,multi,compare,reasoning
8329,multi_train,multi,how_many,reasoning
8331,multi_train,multi,how_many,reasoning
9560,multi_train,multi,how_many,reasoning
9561,multi_train,multi,compare,reasoning
9562,multi_train,multi,how_many,reasoning
9563,multi_train,multi,compare,reasoning
7221,multi_train,multi,how_many,reasoning
7222,multi_train,multi,which,lookup
7216,multi_train,multi,what,lookup
7217,multi_train,multi,how_many,reasoning
7218,multi_train,multi,how_many,reasoning
7219,multi_train,multi,what,reasoning
7224,multi_train,multi,what,reasoning
6742,multi_train,multi,what,reasoning
4447,multi_train,multi,compare,reasoning
4448,multi_train,multi,how_many,reasoning
7184,multi_train,multi,how_many,reasoning
7185,multi_train,multi,what,reasoning
6850,multi_train,multi,what,reasoning
1396,multi_train,multi,how_many,reasoning
3467,multi_train,multi,what,reasoning
3468,multi_train,multi,which,reasoning
3469,multi_train,multi,how_many,reasoning
3470,multi_train,multi,how_many,reasoning
3476,multi_train,multi,how_many,reasoning
3477,multi_train,multi,which,reasoning
3478,multi_train,multi,how_many,reasoning
3471,multi_train,multi,which,reasoning
3472,multi_train,multi,how_many,reasoning
3473,multi_train,multi,compare,reasoning
3474,multi_train,multi,how_many,reasoning
3475,multi_train,multi,how_many,reasoning
9352,multi_train,multi,what,reasoning
9354,multi_train,multi,what,reasoning
9342,multi_train,multi,how_many,reasoning
9343,multi_train,multi,what,reasoning
9344,multi_train,multi,what,reasoning
9346,multi_train,multi,what,reasoning
9347,multi_train,multi,what,reasoning
9350,multi_train,multi,what,reasoning
9351,multi_train,multi,how_many,reasoning
247,multi_train,multi,how_many,reasoning
249,multi_train,multi,how_many,reasoning
245,multi_train,multi,how_many,reasoning
246,multi_train,multi,how_many,reasoning
248,multi_train,multi,how_many,reasoning
250,multi_train,multi,compare,reasoning
2290,multi_train,multi,how_many,reasoning
4643,multi_train,multi,how_many,reasoning
4644,multi_train,multi,how_many,reasoning
4645,multi_train,multi,how_many,reasoning
4646,multi_train,multi,how_many,reasoning
6942,multi_train,multi,which,reasoning
113,multi_train,multi,how_many,reasoning
115,multi_train,multi,how_many,reasoning
6872,multi_train,multi,how_many,reasoning
6873,multi_train,multi,how_many,reasoning
4647,multi_train,multi,how_many,reasoning
4648,multi_train,multi,which,reasoning
4649,multi_train,multi,how_many,reasoning
1904,multi_train,multi,what,reasoning
1905,multi_train,multi,how_many,reasoning
1906,multi_train,multi,how_many,reasoning
7861,multi_train,multi,what,reasoning
7863,multi_train,multi,how_many,reasoning
1146,multi_train,multi,how_many,reasoning
1149,multi_train,multi,how_many,reasoning
8235,multi_train,multi,what,reasoning
8236,multi_train,multi,how_many,reasoning
8237,multi_train,multi,how_many,reasoning
6550,multi_train,multi,how_many,reasoning
1828,multi_train,multi,compare,reasoning
1829,multi_train,multi,how_many,reasoning
1830,multi_train,multi,how_many,reasoning
1831,multi_train,multi,how_many,reasoning
1832,multi_train,multi,compare,reasoning
8499,multi_train,multi,compare,reasoning
8500,multi_train,multi,how_many,reasoning
8505,multi_train,multi,how_many,reasoning
8507,multi_train,multi,how_many,reasoning
8501,multi_train,multi,how_many,reasoning
8502,multi_train,multi,compare,reasoning
8503,multi_train,multi,compare,reasoning
8504,multi_train,multi,how_many,reasoning
3520,multi_train,multi,compare,reasoning
3521,multi_train,multi,how_many,reasoning
3522,multi_train,multi,how_many,reasoning
3523,multi_train,multi,how_many,reasoning
3524,multi_train,multi,how_many,reasoning
3528,multi_train,multi,how_many,reasoning
3530,multi_train,multi,how_many,reasoning
7631,multi_train,multi,how_many,reasoning
7632,multi_train,multi,how_many,reasoning
7633,multi_train,multi,compare,reasoning
5330,multi_train,multi,what,reasoning
5331,multi_train,multi,what,reasoning
5332,multi_train,multi,how_many,reasoning
6461,multi_train,multi,which,reasoning
6463,multi_train,multi,compare,reasoning
3702,multi_train,multi,what,reasoning
3704,multi_train,multi,compare,reasoning
3705,multi_train,multi,what,reasoning
7212,multi_train,multi,how_many,reasoning
7209,multi_train,multi,compare,reasoning
6968,multi_train,multi,how_many,reasoning
4193,multi_train,multi,what,reasoning
5527,multi_train,multi,how_many,reasoning
5528,multi_train,multi,compare,reasoning
5529,multi_train,multi,compare,reasoning
5530,multi_train,multi,how_many,reasoning
9436,multi_train,multi,how_many,reasoning
9437,multi_train,multi,how_many,reasoning
9432,multi_train,multi,compare,reasoning
9434,multi_train,multi,how_many,reasoning
9426,multi_train,multi,how_many,reasoning
9427,multi_train,multi,compare,reasoning
9428,multi_train,multi,how_many,reasoning
9429,multi_train,multi,how_many,reasoning
9430,multi_train,multi,how_many,reasoning
9431,multi_train,multi,how_many,reasoning
390,multi_train,multi,how_many,reasoning
391,multi_train,multi,how_many,reasoning
8060,multi_train,multi,which,reasoning
8061,multi_train,multi,how_many,reasoning
8062,multi_train,multi,how_many,reasoning
6842,multi_train,multi,how_many,reasoning
9264,multi_train,multi,how_many,reasoning
9265,multi_train,multi,compare,reasoning
9266,multi_train,multi,compare,reasoning
9267,multi_train,multi,how_many,reasoning
9268,multi_train,multi,compare,reasoning
8683,multi_train,multi,how_many,reasoning
8684,multi_train,multi,compare,reasoning
8686,multi_train,multi,how_many,reasoning
8687,multi_train,multi,how_many,reasoning
953,multi_train,multi,how_many,reasoning
954,multi_train,multi,how_many,reasoning
955,multi_train,multi,how_many,reasoning
6437,multi_train,multi,compare,reasoning
6439,multi_train,multi,how_many,reasoning
4456,multi_train,multi,how_many,reasoning
4457,multi_train,multi,compare,reasoning
4458,multi_train,multi,how_many,reasoning
4459,multi_train,multi,how_many,reasoning
6399,multi_train,multi,what,reasoning
6308,multi_train,multi,how_many,reasoning
6646,multi_train,multi,how_many,reasoning
6647,multi_train,multi,what,reasoning
1371,multi_train,multi,how_many,reasoning
1372,multi_train,multi,how_many,reasoning
1373,multi_train,multi,how_many,reasoning
1374,multi_train,multi,what,reasoning
5598,multi_train,multi,how_many,reasoning
5599,multi_train,multi,which,lookup
5600,multi_train,multi,which,reasoning
5601,multi_train,multi,which,reasoning
1197,multi_train,multi,how_many,reasoning
1195,multi_train,multi,how_many,reasoning
1196,multi_train,multi,how_many,reasoning
1198,multi_train,multi,how_many,reasoning
1267,multi_train,multi,what,reasoning
1268,multi_train,multi,what,reasoning
1269,multi_train,multi,how_many,reasoning
1270,multi_train,multi,how_many,reasoning
5366,multi_train,multi,how_many,reasoning
5371,multi_train,multi,how_many,reasoning
9327,multi_train,multi,how_many,reasoning
9329,multi_train,multi,how_many,reasoning
9330,multi_train,multi,how_many,reasoning
9331,multi_train,multi,how_many,reasoning
6076,multi_train,multi,what,reasoning
6077,multi_train,multi,what,reasoning
6078,multi_train,multi,compare,reasoning
6240,multi_train,multi,other,reasoning
6242,multi_train,multi,how_many,reasoning
9262,multi_train,multi,how_many,reasoning
9263,multi_train,multi,which,reasoning
6372,multi_train,multi,what,reasoning
6373,multi_train,multi,how_many,reasoning
6374,multi_train,multi,which,reasoning
4844,multi_train,multi,how_many,reasoning
4845,multi_train,multi,compare,reasoning
4846,multi_train,multi,what,reasoning
4847,multi_train,multi,how_many,reasoning
4848,multi_train,multi,compare,reasoning
4849,multi_train,multi,what,reasoning
6336,multi_train,multi,how_many,reasoning
6337,multi_train,multi,what,reasoning
6338,multi_train,multi,compare,reasoning
7967,multi_train,multi,which,reasoning
7968,multi_train,multi,which,reasoning
7969,multi_train,multi,which,reasoning
7970,multi_train,multi,how_many,reasoning
7971,multi_train,multi,compare,reasoning
7972,multi_train,multi,how_many,reasoning
1517,multi_train,multi,compare,reasoning
1519,multi_train,multi,how_many,reasoning
1520,multi_train,multi,how_many,reasoning
1521,multi_train,multi,how_many,reasoning
976,multi_train,multi,how_many,reasoning
977,multi_train,multi,how_many,reasoning
978,multi_train,multi,how_many,reasoning
979,multi_train,multi,how_many,reasoning
2292,multi_train,multi,how_many,reasoning
2293,multi_train,multi,how_many,reasoning
2294,multi_train,multi,how_many,reasoning
2295,multi_train,multi,how_many,reasoning
5668,multi_train,multi,which,reasoning
5669,multi_train,multi,which,reasoning
5671,multi_train,multi,how_many,reasoning
5672,multi_train,multi,which,reasoning
5670,multi_train,multi,how_many,reasoning
4763,multi_train,multi,compare,reasoning
4764,multi_train,multi,compare,reasoning
4765,multi_train,multi,how_many,reasoning
4766,multi_train,multi,how_many,reasoning
4767,multi_train,multi,how_many,reasoning
1840,multi_train,multi,how_many,reasoning
1841,multi_train,multi,how_many,reasoning
1842,multi_train,multi,compare,reasoning
1843,multi_train,multi,how_many,reasoning
7691,multi_train,multi,how_many,reasoning
7692,multi_train,multi,how_many,reasoning
7693,multi_train,multi,compare,reasoning
7694,multi_train,multi,how_many,reasoning
5429,multi_train,multi,compare,reasoning
5430,multi_train,multi,how_many,reasoning
5431,multi_train,multi,how_many,reasoning
5432,multi_train,multi,how_many,reasoning
6889,multi_train,multi,how_many,reasoning
6890,multi_train,multi,when,reasoning
4302,multi_train,multi,how_many,reasoning
5994,multi_train,multi,which,reasoning
5996,multi_train,multi,how_many,reasoning
5997,multi_train,multi,which,reasoning
5998,multi_train,multi,compare,reasoning
5999,multi_train,multi,how_many,reasoning
6000,multi_train,multi,how_many,reasoning
5589,multi_train,multi,compare,reasoning
5590,multi_train,multi,how_many,reasoning
5591,multi_train,multi,how_many,reasoning
7673,multi_train,multi,when,reasoning
7675,multi_train,multi,how_many,reasoning
7676,multi_train,multi,how_many,reasoning
9038,multi_train,multi,how_many,reasoning
9039,multi_train,multi,what,reasoning
9040,multi_train,multi,compare,reasoning
9041,multi_train,multi,what,reasoning
9042,multi_train,multi,which,reasoning
9036,multi_train,multi,how_many,reasoning
9037,multi_train,multi,how_many,reasoning
9043,multi_train,multi,what,reasoning
9044,multi_train,multi,how_many,reasoning
9045,multi_train,multi,compare,reasoning
9046,multi_train,multi,what,reasoning
8586,multi_train,multi,how_many,reasoning
8587,multi_train,multi,how_many,reasoning
8590,multi_train,multi,compare,reasoning
8591,multi_train,multi,how_many,reasoning
8592,multi_train,multi,how_many,reasoning
8593,multi_train,multi,how_many,reasoning
8594,multi_train,multi,how_many,reasoning
8596,multi_train,multi,how_many,reasoning
7774,multi_train,multi,how_many,reasoning
7775,multi_train,multi,how_many,reasoning
7776,multi_train,multi,how_many,reasoning
5941,multi_train,multi,how_many,reasoning
5942,multi_train,multi,how_many,reasoning
5943,multi_train,multi,how_many,reasoning
8339,multi_train,multi,how_many,reasoning
8340,multi_train,multi,compare,reasoning
1951,multi_train,multi,how_many,reasoning
1952,multi_train,multi,what,reasoning
1953,multi_train,multi,what,reasoning
1584,multi_train,multi,how_many,reasoning
2981,multi_train,multi,how_many,reasoning
2983,multi_train,multi,how_many,reasoning
2984,multi_train,multi,how_many,reasoning
2975,multi_train,multi,how_many,reasoning
2978,multi_train,multi,compare,reasoning
2988,multi_train,multi,how_many,reasoning
4884,multi_train,multi,compare,reasoning
4886,multi_train,multi,how_many,reasoning
4878,multi_train,multi,how_many,reasoning
4879,multi_train,multi,compare,reasoning
4880,multi_train,multi,how_many,reasoning
4882,multi_train,multi,count,reasoning
4883,multi_train,multi,compare,reasoning
4887,multi_train,multi,how_many,reasoning
4889,multi_train,multi,how_many,reasoning
4890,multi_train,multi,how_many,reasoning
4891,multi_train,multi,compare,reasoning
4892,multi_train,multi,compare,reasoning
3731,multi_train,multi,how_many,reasoning
3732,multi_train,multi,how_many,reasoning
3733,multi_train,multi,how_many,reasoning
4825,multi_train,multi,compare,reasoning
4826,multi_train,multi,how_many,reasoning
4827,multi_train,multi,how_many,reasoning
1770,multi_train,multi,how_many,reasoning
1771,multi_train,multi,how_many,reasoning
1772,multi_train,multi,compare,reasoning
4015,multi_train,multi,how_many,reasoning
4016,multi_train,multi,compare,reasoning
4017,multi_train,multi,how_many,reasoning
4018,multi_train,multi,compare,reasoning
4019,multi_train,multi,how_many,reasoning
6992,multi_train,multi,how_many,reasoning
779,multi_train,multi,which,reasoning
780,multi_train,multi,when,reasoning
781,multi_train,multi,when,reasoning
782,multi_train,multi,compare,reasoning
783,multi_train,multi,which,reasoning
784,multi_train,multi,when,reasoning
776,multi_train,multi,how_many,reasoning
777,multi_train,multi,compare,reasoning
778,multi_train,multi,when,reasoning
2966,multi_train,multi,compare,reasoning
2967,multi_train,multi,how_many,reasoning
2969,multi_train,multi,how_many,reasoning
2971,multi_train,multi,how_many,reasoning
2972,multi_train,multi,how_many,reasoning
982,multi_train,multi,compare,reasoning
983,multi_train,multi,how_many,reasoning
984,multi_train,multi,which,reasoning
6836,multi_train,multi,how_many,reasoning
6837,multi_train,multi,compare,reasoning
6839,multi_train,multi,how_many,reasoning
6840,multi_train,multi,how_many,reasoning
1787,multi_train,multi,how_many,reasoning
1788,multi_train,multi,how_many,reasoning
1789,multi_train,multi,how_many,reasoning
318,multi_train,multi,what,reasoning
319,multi_train,multi,what,reasoning
5022,multi_train,multi,how_many,reasoning
5023,multi_train,multi,how_many,reasoning
5024,multi_train,multi,how_many,reasoning
5025,multi_train,multi,how_many,reasoning
5026,multi_train,multi,how_many,reasoning
5027,multi_train,multi,how_many,reasoning
5019,multi_train,multi,how_many,reasoning
5020,multi_train,multi,which,reasoning
5021,multi_train,multi,how_many,reasoning
5013,multi_train,multi,compare,reasoning
5014,multi_train,multi,how_many,reasoning
5015,multi_train,multi,how_many,reasoning
5016,multi_train,multi,how_many,reasoning
5017,multi_train,multi,compare,reasoning
5018,multi_train,multi,compare,reasoning
2766,multi_train,multi,compare,reasoning
2767,multi_train,multi,how_many,reasoning
2768,multi_train,multi,how_many,reasoning
2769,multi_train,multi,compare,reasoning
2760,multi_train,multi,how_many,reasoning
2761,multi_train,multi,how_many,reasoning
2763,multi_train,multi,how_many,reasoning
2765,multi_train,multi,compare,reasoning
1901,multi_train,multi,compare,reasoning
1902,multi_train,multi,how_many,reasoning
1903,multi_train,multi,how_many,reasoning
7751,multi_train,multi,how_many,reasoning
7753,multi_train,multi,how_many,reasoning
8882,multi_train,multi,how_many,reasoning
8884,multi_train,multi,how_many,reasoning
221,multi_train,multi,compare,reasoning
223,multi_train,multi,when,reasoning
224,multi_train,multi,how_many,reasoning
225,multi_train,multi,how_many,reasoning
4429,multi_train,multi,how_many,reasoning
1247,multi_train,multi,how_many,reasoning
1248,multi_train,multi,how_many,reasoning
5433,multi_train,multi,how_many,reasoning
5435,multi_train,multi,which,reasoning
5436,multi_train,multi,compare,reasoning
8199,multi_train,multi,compare,reasoning
8200,multi_train,multi,how_many,reasoning
2060,multi_train,multi,how_many,reasoning
8544,multi_train,multi,how_many,reasoning
8545,multi_train,multi,compare,reasoning
8546,multi_train,multi,compare,reasoning
8547,multi_train,multi,how_many,reasoning
8548,multi_train,multi,how_many,reasoning
8549,multi_train,multi,how_many,reasoning
8551,multi_train,multi,how_many,reasoning
930,multi_train,multi,how_many,reasoning
933,multi_train,multi,how_many,reasoning
3682,multi_train,multi,which,reasoning
3683,multi_train,multi,which,reasoning
3684,multi_train,multi,compare,reasoning
3685,multi_train,multi,what,reasoning
875,multi_train,multi,which,reasoning
876,multi_train,multi,how_many,reasoning
2457,multi_train,multi,compare,reasoning
2459,multi_train,multi,what,reasoning
2466,multi_train,multi,compare,reasoning
2467,multi_train,multi,how_many,reasoning
2468,multi_train,multi,how_many,reasoning
2462,multi_train,multi,compare,reasoning
2463,multi_train,multi,compare,reasoning
2465,multi_train,multi,how_many,reasoning
1348,multi_train,multi,what,reasoning
1349,multi_train,multi,how_many,reasoning
1350,multi_train,multi,what,reasoning
7025,multi_train,multi,what,reasoning
7026,multi_train,multi,what,reasoning
4687,multi_train,multi,what,reasoning
4688,multi_train,multi,what,reasoning
2553,multi_train,multi,compare,reasoning
2556,multi_train,multi,compare,reasoning
2557,multi_train,multi,how_many,reasoning
2549,multi_train,multi,how_many,reasoning
2550,multi_train,multi,compare,reasoning
2551,multi_train,multi,how_many,reasoning
2552,multi_train,multi,compare,reasoning
4963,multi_train,multi,how_many,reasoning
4964,multi_train,multi,how_many,reasoning
4965,multi_train,multi,how_many,reasoning
4966,multi_train,multi,how_many,reasoning
4967,multi_train,multi,how_many,reasoning
4958,multi_train,multi,how_many,reasoning
4960,multi_train,multi,how_many,reasoning
4961,multi_train,multi,compare,reasoning
4962,multi_train,multi,compare,reasoning
2873,multi_train,multi,how_many,reasoning
2874,multi_train,multi,how_many,reasoning
2875,multi_train,multi,compare,reasoning
2879,multi_train,multi,compare,reasoning
2880,multi_train,multi,compare,reasoning
2881,multi_train,multi,how_many,reasoning
2882,multi_train,multi,how_many,reasoning
2876,multi_train,multi,how_many,reasoning
2877,multi_train,multi,how_many,reasoning
2878,multi_train,multi,how_many,reasoning
6354,multi_train,multi,what,reasoning
6357,multi_train,multi,compare,reasoning
1531,multi_train,multi,compare,reasoning
1532,multi_train,multi,how_many,reasoning
1534,multi_train,multi,how_many,reasoning
1535,multi_train,multi,how_many,reasoning
1533,multi_train,multi,how_many,reasoning
6116,multi_train,multi,compare,reasoning
1158,multi_train,multi,how_many,reasoning
1157,multi_train,multi,how_many,reasoning
1159,multi_train,multi,how_many,reasoning
5946,multi_train,multi,which,reasoning
5947,multi_train,multi,which,reasoning
5944,multi_train,multi,which,reasoning
5945,multi_train,multi,how_many,reasoning
8027,multi_train,multi,how_many,reasoning
1720,multi_train,multi,how_many,reasoning
1723,multi_train,multi,how_many,reasoning
1724,multi_train,multi,compare,reasoning
9142,multi_train,multi,compare,reasoning
9143,multi_train,multi,how_many,reasoning
9144,multi_train,multi,compare,reasoning
9146,multi_train,multi,compare,reasoning
9147,multi_train,multi,compare,reasoning
9148,multi_train,multi,how_many,reasoning
9149,multi_train,multi,how_many,reasoning
9150,multi_train,multi,how_many,reasoning
9140,multi_train,multi,how_many,reasoning
9141,multi_train,multi,how_many,reasoning
9139,multi_train,multi,compare,reasoning
6531,multi_train,multi,when,reasoning
6532,multi_train,multi,when,reasoning
3186,multi_train,multi,how_many,reasoning
3187,multi_train,multi,compare,reasoning
3190,multi_train,multi,how_many,reasoning
3191,multi_train,multi,compare,reasoning
3193,multi_train,multi,how_many,reasoning
3196,multi_train,multi,how_many,reasoning
3127,multi_train,multi,compare,reasoning
3128,multi_train,multi,how_many,reasoning
3129,multi_train,multi,how_many,reasoning
3130,multi_train,multi,how_many,reasoning
3124,multi_train,multi,how_many,reasoning
3120,multi_train,multi,how_many,reasoning
3123,multi_train,multi,how_many,reasoning
5222,multi_train,multi,how_many,reasoning
5223,multi_train,multi,how_many,reasoning
5224,multi_train,multi,how_many,reasoning
5225,multi_train,multi,how_many,reasoning
5226,multi_train,multi,how_many,reasoning
6645,multi_train,multi,how_many,reasoning
7894,multi_train,multi,compare,reasoning
7896,multi_train,multi,what,reasoning
849,multi_train,multi,how_many,reasoning
850,multi_train,multi,how_many,reasoning
851,multi_train,multi,how_many,reasoning
4298,multi_train,multi,how_many,reasoning
4299,multi_train,multi,how_many,reasoning
4300,multi_train,multi,how_many,reasoning
6829,multi_train,multi,what,reasoning
2787,multi_train,multi,how_many,reasoning
2788,multi_train,multi,compare,reasoning
2790,multi_train,multi,compare,reasoning
2791,multi_train,multi,how_many,reasoning
2792,multi_train,multi,compare,reasoning
2793,multi_train,multi,compare,reasoning
2782,multi_train,multi,compare,reasoning
2783,multi_train,multi,compare,reasoning
2785,multi_train,multi,compare,reasoning
2786,multi_train,multi,how_many,reasoning
4011,multi_train,multi,what,reasoning
4012,multi_train,multi,compare,reasoning
3848,multi_train,multi,what,reasoning
3849,multi_train,multi,compare,reasoning
3850,multi_train,multi,what,reasoning
3851,multi_train,multi,compare,reasoning
3855,multi_train,multi,what,reasoning
3845,multi_train,multi,what,reasoning
3847,multi_train,multi,what,reasoning
7544,multi_train,multi,how_many,reasoning
7545,multi_train,multi,compare,reasoning
7546,multi_train,multi,how_many,reasoning
3928,multi_train,multi,how_many,reasoning
3929,multi_train,multi,how_many,reasoning
8764,multi_train,multi,how_many,reasoning
8765,multi_train,multi,how_many,reasoning
8766,multi_train,multi,compare,reasoning
8761,multi_train,multi,compare,reasoning
8762,multi_train,multi,how_many,reasoning
8763,multi_train,multi,how_many,reasoning
8847,multi_train,multi,how_many,reasoning
8848,multi_train,multi,how_many,reasoning
8849,multi_train,multi,how_many,reasoning
8842,multi_train,multi,how_many,reasoning
8843,multi_train,multi,compare,reasoning
8844,multi_train,multi,how_many,reasoning
8845,multi_train,multi,compare,reasoning
5856,multi_train,multi,which,reasoning
5857,multi_train,multi,which,reasoning
5858,multi_train,multi,how_many,reasoning
4054,multi_train,multi,how_many,reasoning
4056,multi_train,multi,compare,reasoning
4057,multi_train,multi,compare,reasoning
8211,multi_train,multi,what,reasoning
8212,multi_train,multi,what,reasoning
8213,multi_train,multi,how_many,reasoning
5537,multi_train,multi,how_many,reasoning
5538,multi_train,multi,what,reasoning
5540,multi_train,multi,which,reasoning
4351,multi_train,multi,how_many,reasoning
4352,multi_train,multi,how_many,reasoning
1495,multi_train,multi,compare,reasoning
6708,multi_train,multi,how_many,reasoning
1631,multi_train,multi,how_many,reasoning
1632,multi_train,multi,how_many,reasoning
1633,multi_train,multi,compare,reasoning
1634,multi_train,multi,how_many,reasoning
1635,multi_train,multi,how_many,reasoning
1636,multi_train,multi,how_many,reasoning
1117,multi_train,multi,how_many,reasoning
1118,multi_train,multi,how_many,reasoning
1119,multi_train,multi,how_many,reasoning
7829,multi_train,multi,which,reasoning
7830,multi_train,multi,what,reasoning
7831,multi_train,multi,how_many,reasoning
7832,multi_train,multi,what,reasoning
7833,multi_train,multi,what,reasoning
1818,multi_train,multi,how_many,reasoning
1820,multi_train,multi,how_many,reasoning
1821,multi_train,multi,how_many,reasoning
6859,multi_train,multi,how_many,reasoning
6860,multi_train,multi,which,reasoning
6861,multi_train,multi,which,reasoning
1048,multi_train,multi,how_many,reasoning
5258,multi_train,multi,compare,reasoning
5259,multi_train,multi,what,reasoning
5260,multi_train,multi,what,reasoning
5261,multi_train,multi,compare,reasoning
5262,multi_train,multi,how_many,reasoning
3562,multi_train,multi,how_many,reasoning
3563,multi_train,multi,which,reasoning
3565,multi_train,multi,how_many,reasoning
4079,multi_train,multi,how_many,reasoning
6755,multi_train,multi,how_many,reasoning
6756,multi_train,multi,what,reasoning
9030,multi_train,multi,how_many,reasoning
9031,multi_train,multi,how_many,reasoning
9032,multi_train,multi,how_many,reasoning
9033,multi_train,multi,how_many,reasoning
9034,multi_train,multi,how_many,reasoning
9035,multi_train,multi,which,reasoning
9025,multi_train,multi,how_many,reasoning
9026,multi_train,multi,how_many,reasoning
9027,multi_train,multi,how_many,reasoning
9028,multi_train,multi,how_many,reasoning
9029,multi_train,multi,how_many,reasoning
2274,multi_train,multi,how_many,reasoning
2276,multi_train,multi,how_many,reasoning
2277,multi_train,multi,how_many,reasoning
2278,multi_train,multi,how_many,reasoning
2064,multi_train,multi,compare,reasoning
2065,multi_train,multi,compare,reasoning
2066,multi_train,multi,compare,reasoning
9015,multi_train,multi,how_many,reasoning
9017,multi_train,multi,how_many,reasoning
9018,multi_train,multi,when,reasoning
9019,multi_train,multi,when,reasoning
9011,multi_train,multi,what,reasoning
9014,multi_train,multi,what,reasoning
8066,multi_train,multi,which,reasoning
8067,multi_train,multi,which,reasoning
8068,multi_train,multi,how_many,reasoning
5707,multi_train,multi,how_many,reasoning
5708,multi_train,multi,which,reasoning
4521,multi_train,multi,compare,reasoning
4522,multi_train,multi,how_many,reasoning
3708,multi_train,multi,which,lookup
8654,multi_train,multi,how_many,reasoning
8655,multi_train,multi,compare,reasoning
8657,multi_train,multi,how_many,reasoning
4937,multi_train,multi,how_many,reasoning
4939,multi_train,multi,how_many,reasoning
4940,multi_train,multi,what,reasoning
4941,multi_train,multi,what,reasoning
4942,multi_train,multi,what,reasoning
4037,multi_train,multi,how_many,reasoning
4038,multi_train,multi,compare,reasoning
4039,multi_train,multi,compare,reasoning
4040,multi_train,multi,how_many,reasoning
4041,multi_train,multi,compare,reasoning
3670,multi_train,multi,what,reasoning
3671,multi_train,multi,what,reasoning
3672,multi_train,multi,which,reasoning
3036,multi_train,multi,how_many,reasoning
3039,multi_train,multi,compare,reasoning
3041,multi_train,multi,compare,reasoning
3028,multi_train,multi,how_many,reasoning
3029,multi_train,multi,compare,reasoning
3031,multi_train,multi,how_many,reasoning
3033,multi_train,multi,how_many,reasoning
3034,multi_train,multi,compare,reasoning
3035,multi_train,multi,compare,reasoning
6729,multi_train,multi,how_many,reasoning
6732,multi_train,multi,how_many,reasoning
6733,multi_train,multi,how_many,reasoning
1858,multi_train,multi,how_many,reasoning
1859,multi_train,multi,compare,reasoning
1860,multi_train,multi,compare,reasoning
1861,multi_train,multi,how_many,reasoning
7765,multi_train,multi,compare,reasoning
4750,multi_train,multi,which,reasoning
4751,multi_train,multi,compare,reasoning
4752,multi_train,multi,how_many,reasoning
9079,multi_train,multi,how_many,reasoning
9080,multi_train,multi,how_many,reasoning
9081,multi_train,multi,how_many,reasoning
9082,multi_train,multi,compare,reasoning
9083,multi_train,multi,how_many,reasoning
9084,multi_train,multi,how_many,reasoning
9085,multi_train,multi,how_many,reasoning
9087,multi_train,multi,how_many,reasoning
9088,multi_train,multi,how_many,reasoning
9089,multi_train,multi,how_many,reasoning
9090,multi_train,multi,how_many,reasoning
9091,multi_train,multi,how_many,reasoning
1135,multi_train,multi,how_many,reasoning
1137,multi_train,multi,how_many,reasoning
1138,multi_train,multi,how_many,reasoning
6133,multi_train,multi,how_many,reasoning
6134,multi_train,multi,compare,reasoning
3964,multi_train,multi,compare,reasoning
3966,multi_train,multi,what,reasoning
3967,multi_train,multi,compare,reasoning
8153,multi_train,multi,how_many,reasoning
8154,multi_train,multi,how_many,reasoning
8155,multi_train,multi,compare,reasoning
4777,multi_train,multi,compare,reasoning
4778,multi_train,multi,how_many,reasoning
4779,multi_train,multi,how_many,reasoning
6284,multi_train,multi,how_many,reasoning
6285,multi_train,multi,how_many,reasoning
6286,multi_train,multi,how_many,reasoning
6329,multi_train,multi,what,reasoning
6330,multi_train,multi,how_many,reasoning
6331,multi_train,multi,what,reasoning
1180,multi_train,multi,what,reasoning
3920,multi_train,multi,what,reasoning
2336,multi_train,multi,which,reasoning
2337,multi_train,multi,compare,reasoning
7500,multi_train,multi,compare,reasoning
7501,multi_train,multi,how_many,reasoning
7502,multi_train,multi,how_many,reasoning
6737,multi_train,multi,which,reasoning
6738,multi_train,multi,which,reasoning
2020,multi_train,multi,how_many,reasoning
2021,multi_train,multi,how_many,reasoning
903,multi_train,multi,what,reasoning
905,multi_train,multi,how_many,reasoning
906,multi_train,multi,how_many,reasoning
5687,multi_train,multi,what,reasoning
1967,multi_train,multi,how_many,reasoning
1968,multi_train,multi,compare,reasoning
6109,multi_train,multi,how_many,reasoning
6110,multi_train,multi,how_many,reasoning
6111,multi_train,multi,how_many,reasoning
5071,multi_train,multi,how_many,reasoning
5072,multi_train,multi,how_many,reasoning
5074,multi_train,multi,how_many,reasoning
7496,multi_train,multi,how_many,reasoning
7497,multi_train,multi,compare,reasoning
7499,multi_train,multi,how_many,reasoning
6296,multi_train,multi,how_many,reasoning
6297,multi_train,multi,how_many,reasoning
6298,multi_train,multi,how_many,reasoning
3198,multi_train,multi,how_many,reasoning
3199,multi_train,multi,how_many,reasoning
3200,multi_train,multi,how_many,reasoning
1806,multi_train,multi,how_many,reasoning
5384,multi_train,multi,when,reasoning
5386,multi_train,multi,which,reasoning
3884,multi_train,multi,what,reasoning
3885,multi_train,multi,what,reasoning
3886,multi_train,multi,which,reasoning
3887,multi_train,multi,what,reasoning
3888,multi_train,multi,what,reasoning
3881,multi_train,multi,how_many,reasoning
3883,multi_train,multi,what,reasoning
3877,multi_train,multi,what,reasoning
3879,multi_train,multi,compare,reasoning
6302,multi_train,multi,how_many,reasoning
1109,multi_train,multi,how_many,reasoning
1112,multi_train,multi,which,reasoning
1113,multi_train,multi,how_many,reasoning
8135,multi_train,multi,what,reasoning
8136,multi_train,multi,how_many,reasoning
8137,multi_train,multi,compare,reasoning
5479,multi_train,multi,compare,reasoning
4094,multi_train,multi,how_many,reasoning
4095,multi_train,multi,how_many,reasoning
4096,multi_train,multi,compare,reasoning
4097,multi_train,multi,compare,reasoning
4107,multi_train,multi,how_many,reasoning
4109,multi_train,multi,compare,reasoning
4111,multi_train,multi,compare,reasoning
9297,multi_train,multi,how_many,reasoning
9298,multi_train,multi,compare,reasoning
9299,multi_train,multi,how_many,reasoning
9300,multi_train,multi,how_many,reasoning
9301,multi_train,multi,how_many,reasoning
9302,multi_train,multi,how_many,reasoning
9303,multi_train,multi,compare,reasoning
9304,multi_train,multi,how_many,reasoning
1397,multi_train,multi,how_many,reasoning
1399,multi_train,multi,how_many,reasoning
2476,multi_train,multi,how_many,reasoning
2477,multi_train,multi,how_many,reasoning
2478,multi_train,multi,compare,reasoning
2479,multi_train,multi,which,reasoning
2480,multi_train,multi,what,reasoning
6316,multi_train,multi,what,reasoning
6318,multi_train,multi,what,reasoning
7898,multi_train,multi,how_many,reasoning
7900,multi_train,multi,compare,reasoning
4510,multi_train,multi,compare,reasoning
4511,multi_train,multi,compare,reasoning
4512,multi_train,multi,how_many,reasoning
4513,multi_train,multi,how_many,reasoning
4514,multi_train,multi,how_many,reasoning
8909,multi_train,multi,what,reasoning
8912,multi_train,multi,what,reasoning
8913,multi_train,multi,what,reasoning
8039,multi_train,multi,compare,reasoning
8041,multi_train,multi,compare,reasoning
8043,multi_train,multi,compare,reasoning
8045,multi_train,multi,compare,reasoning
8046,multi_train,multi,what,reasoning
1792,multi_train,multi,compare,reasoning
1793,multi_train,multi,compare,reasoning
1794,multi_train,multi,how_many,reasoning
1795,multi_train,multi,how_many,reasoning
1797,multi_train,multi,how_many,reasoning
6970,multi_train,multi,how_many,reasoning
6971,multi_train,multi,how_many,reasoning
6972,multi_train,multi,how_many,reasoning
6973,multi_train,multi,how_many,reasoning
1292,multi_train,multi,how_many,reasoning
1294,multi_train,multi,compare,reasoning
1295,multi_train,multi,compare,reasoning
1969,multi_train,multi,compare,reasoning
1970,multi_train,multi,how_many,reasoning
1971,multi_train,multi,compare,reasoning
1972,multi_train,multi,how_many,reasoning
4136,multi_train,multi,compare,reasoning
1412,multi_train,multi,how_many,reasoning
1413,multi_train,multi,what,reasoning
1414,multi_train,multi,what,reasoning
1415,multi_train,multi,which,reasoning
1417,multi_train,multi,what,reasoning
1154,multi_train,multi,which,reasoning
1155,multi_train,multi,how_many,reasoning
1156,multi_train,multi,how_many,reasoning
3051,multi_train,multi,how_many,reasoning
3056,multi_train,multi,which,reasoning
3043,multi_train,multi,how_many,reasoning
3044,multi_train,multi,how_many,reasoning
3045,multi_train,multi,how_many,reasoning
3046,multi_train,multi,how_many,reasoning
3047,multi_train,multi,compare,reasoning
3048,multi_train,multi,which,reasoning
3049,multi_train,multi,how_many,reasoning
3050,multi_train,multi,how_many,reasoning
9225,multi_train,multi,how_many,reasoning
9226,multi_train,multi,list,reasoning
9227,multi_train,multi,list,reasoning
9219,multi_train,multi,how_many,reasoning
9220,multi_train,multi,compare,reasoning
9222,multi_train,multi,how_many,reasoning
9224,multi_train,multi,how_many,reasoning
4492,multi_train,multi,how_many,reasoning
4493,multi_train,multi,how_many,reasoning
5760,multi_train,multi,which,reasoning
5761,multi_train,multi,which,reasoning
5762,multi_train,multi,how_many,reasoning
5763,multi_train,multi,how_many,reasoning
5756,multi_train,multi,how_many,reasoning
5757,multi_train,multi,which,reasoning
5758,multi_train,multi,which,reasoning
5759,multi_train,multi,which,reasoning
5753,multi_train,multi,which,reasoning
5754,multi_train,multi,which,reasoning
6865,multi_train,multi,how_many,reasoning
6866,multi_train,multi,compare,reasoning
6867,multi_train,multi,what,reasoning
6900,multi_train,multi,when,reasoning
6901,multi_train,multi,what,reasoning
6902,multi_train,multi,what,reasoning
6903,multi_train,multi,what,reasoning
6904,multi_train,multi,how_many,reasoning
7949,multi_train,multi,what,reasoning
7950,multi_train,multi,what,reasoning
7951,multi_train,multi,how_many,reasoning
7952,multi_train,multi,how_many,reasoning
7953,multi_train,multi,what,reasoning
7954,multi_train,multi,what,reasoning
7685,multi_train,multi,what,reasoning
7027,multi_train,multi,how_many,reasoning
7029,multi_train,multi,what,reasoning
7030,multi_train,multi,which,reasoning
7034,multi_train,multi,what,reasoning
7036,multi_train,multi,what,reasoning
7037,multi_train,multi,which,reasoning
5310,multi_train,multi,how_many,reasoning
4409,multi_train,multi,how_many,reasoning
4410,multi_train,multi,how_many,reasoning
4411,multi_train,multi,how_many,reasoning
9322,multi_train,multi,compare,reasoning
9323,multi_train,multi,how_many,reasoning
9324,multi_train,multi,compare,reasoning
9325,multi_train,multi,how_many,reasoning
9326,multi_train,multi,how_many,reasoning
9318,multi_train,multi,what,reasoning
9319,multi_train,multi,how_many,reasoning
9320,multi_train,multi,how_many,reasoning
6678,multi_train,multi,what,reasoning
6679,multi_train,multi,how_many,reasoning
6681,multi_train,multi,how_many,reasoning
2224,multi_train,multi,which,reasoning
2339,multi_train,multi,compare,reasoning
2340,multi_train,multi,how_many,reasoning
2341,multi_train,multi,compare,reasoning
2342,multi_train,multi,compare,reasoning
2343,multi_train,multi,how_many,reasoning
2344,multi_train,multi,compare,reasoning
1878,multi_train,multi,compare,reasoning
1879,multi_train,multi,what,reasoning
7356,multi_train,multi,compare,reasoning
7357,multi_train,multi,what,reasoning
269,multi_train,multi,how_many,reasoning
270,multi_train,multi,compare,reasoning
271,multi_train,multi,how_many,reasoning
272,multi_train,multi,how_many,reasoning
273,multi_train,multi,compare,reasoning
8803,multi_train,multi,what,reasoning
8806,multi_train,multi,what,reasoning
8807,multi_train,multi,what,reasoning
8810,multi_train,multi,which,reasoning
8812,multi_train,multi,what,reasoning
8813,multi_train,multi,how_many,reasoning
5165,multi_train,multi,compare,reasoning
5169,multi_train,multi,when,reasoning
4007,multi_train,multi,compare,reasoning
4010,multi_train,multi,how_many,reasoning
7328,multi_train,multi,how_many,reasoning
7329,multi_train,multi,how_many,reasoning
7330,multi_train,multi,how_many,reasoning
7331,multi_train,multi,how_many,reasoning
915,multi_train,multi,how_many,reasoning
917,multi_train,multi,compare,reasoning
2374,multi_train,multi,compare,reasoning
2375,multi_train,multi,how_many,reasoning
2376,multi_train,multi,compare,reasoning
7984,multi_train,multi,what,reasoning
7985,multi_train,multi,compare,reasoning
7987,multi_train,multi,which,reasoning
7988,multi_train,multi,what,reasoning
1869,multi_train,multi,how_many,reasoning
1870,multi_train,multi,how_many,reasoning
1871,multi_train,multi,how_many,reasoning
1872,multi_train,multi,how_many,reasoning
1873,multi_train,multi,how_many,reasoning
5702,multi_train,multi,how_many,reasoning
5703,multi_train,multi,how_many,reasoning
5704,multi_train,multi,how_many,reasoning
4783,multi_train,multi,how_many,reasoning
19,multi_train,multi,how_many,reasoning
20,multi_train,multi,how_many,reasoning
18,multi_train,multi,how_many,reasoning
4656,multi_train,multi,how_many,reasoning
4657,multi_train,multi,how_many,reasoning
4658,multi_train,multi,how_many,reasoning
4659,multi_train,multi,how_many,reasoning
4660,multi_train,multi,how_many,reasoning
3464,multi_train,multi,how_many,reasoning
3465,multi_train,multi,compare,reasoning
3466,multi_train,multi,how_many,reasoning
7857,multi_train,multi,what,lookup
4053,multi_train,multi,what,reasoning
3947,multi_train,multi,compare,reasoning
3949,multi_train,multi,when,reasoning
1077,multi_train,multi,how_many,reasoning
1079,multi_train,multi,compare,reasoning
1076,multi_train,multi,how_many,reasoning
5227,multi_train,multi,which,reasoning
5228,multi_train,multi,what,reasoning
5229,multi_train,multi,how_many,reasoning
5230,multi_train,multi,how_many,reasoning
3461,multi_train,multi,how_many,reasoning
3462,multi_train,multi,how_many,reasoning
3460,multi_train,multi,how_many,reasoning
8322,multi_train,multi,how_many,reasoning
8323,multi_train,multi,how_many,reasoning
8324,multi_train,multi,compare,reasoning
8325,multi_train,multi,how_many,reasoning
8326,multi_train,multi,compare,reasoning
8315,multi_train,multi,how_many,reasoning
8316,multi_train,multi,how_many,reasoning
8317,multi_train,multi,compare,reasoning
8318,multi_train,multi,compare,reasoning
8319,multi_train,multi,how_many,reasoning
8320,multi_train,multi,how_many,reasoning
8321,multi_train,multi,compare,reasoning
7061,multi_train,multi,how_many,reasoning
7063,multi_train,multi,how_many,reasoning
7056,multi_train,multi,how_many,reasoning
7057,multi_train,multi,how_many,reasoning
7059,multi_train,multi,how_many,reasoning
7052,multi_train,multi,how_many,reasoning
7053,multi_train,multi,how_many,reasoning
7054,multi_train,multi,compare,reasoning
5506,multi_train,multi,how_many,reasoning
5507,multi_train,multi,how_many,reasoning
5508,multi_train,multi,which,reasoning
5036,multi_train,multi,how_many,reasoning
5037,multi_train,multi,how_many,reasoning
5038,multi_train,multi,how_many,reasoning
5032,multi_train,multi,compare,reasoning
5034,multi_train,multi,how_many,reasoning
5035,multi_train,multi,how_many,reasoning
5028,multi_train,multi,how_many,reasoning
5029,multi_train,multi,how_many,reasoning
5030,multi_train,multi,how_many,reasoning
5031,multi_train,multi,which,reasoning
2318,multi_train,multi,compare,reasoning
2319,multi_train,multi,how_many,reasoning
4188,multi_train,multi,how_many,reasoning
4191,multi_train,multi,how_many,reasoning
201,multi_train,multi,how_many,reasoning
202,multi_train,multi,how_many,reasoning
2535,multi_train,multi,how_many,reasoning
2538,multi_train,multi,how_many,reasoning
2540,multi_train,multi,how_many,reasoning
2541,multi_train,multi,how_many,reasoning
8058,multi_train,multi,what,reasoning
8059,multi_train,multi,how_many,reasoning
6927,multi_train,multi,what,reasoning
6929,multi_train,multi,what,reasoning
6930,multi_train,multi,how_many,reasoning
1404,multi_train,multi,how_many,reasoning
1402,multi_train,multi,how_many,reasoning
1403,multi_train,multi,how_many,reasoning
7503,multi_train,multi,how_many,reasoning
7505,multi_train,multi,how_many,reasoning
7506,multi_train,multi,how_many,reasoning
4204,multi_train,multi,which,reasoning
4205,multi_train,multi,how_many,reasoning
8892,multi_train,multi,how_many,reasoning
8893,multi_train,multi,compare,reasoning
8894,multi_train,multi,how_many,reasoning
8895,multi_train,multi,how_many,reasoning
8900,multi_train,multi,how_many,reasoning
8896,multi_train,multi,what,reasoning
8897,multi_train,multi,how_many,reasoning
8898,multi_train,multi,how_many,reasoning
2794,multi_train,multi,how_many,reasoning
2796,multi_train,multi,compare,reasoning
1759,multi_train,multi,compare,reasoning
1762,multi_train,multi,how_many,reasoning
1763,multi_train,multi,how_many,reasoning
1849,multi_train,multi,what,reasoning
1850,multi_train,multi,how_many,reasoning
5240,multi_train,multi,what,reasoning
5241,multi_train,multi,what,reasoning
5556,multi_train,multi,which,reasoning
5557,multi_train,multi,which,lookup
5558,multi_train,multi,what,reasoning
5559,multi_train,multi,how_many,reasoning
6815,multi_train,multi,how_many,reasoning
6816,multi_train,multi,how_many,reasoning
1219,multi_train,multi,how_many,reasoning
1220,multi_train,multi,how_many,reasoning
1221,multi_train,multi,how_many,reasoning
1222,multi_train,multi,which,reasoning
445,multi_train,multi,what,reasoning
446,multi_train,multi,how_many,reasoning
448,multi_train,multi,how_many,reasoning
450,multi_train,multi,how_many,reasoning
6790,multi_train,multi,what,reasoning
6791,multi_train,multi,what,reasoning
3837,multi_train,multi,how_many,reasoning
3839,multi_train,multi,how_many,reasoning
3840,multi_train,multi,what,reasoning
3842,multi_train,multi,what,reasoning
3843,multi_train,multi,list,reasoning
3844,multi_train,multi,how_many,reasoning
7117,multi_train,multi,how_many,reasoning
6559,multi_train,multi,how_many,reasoning
3784,multi_train,multi,compare,reasoning
3785,multi_train,multi,what,reasoning
1615,multi_train,multi,how_many,reasoning
1617,multi_train,multi,how_many,reasoning
6563,multi_train,multi,how_many,reasoning
6853,multi_train,multi,how_many,reasoning
7749,multi_train,multi,how_many,reasoning
6560,multi_train,multi,how_many,reasoning
6561,multi_train,multi,how_many,reasoning
6562,multi_train,multi,how_many,reasoning
6767,multi_train,multi,which,reasoning
5821,multi_train,multi,what,reasoning
5822,multi_train,multi,list,reasoning
5811,multi_train,multi,which,lookup
5812,multi_train,multi,how_many,reasoning
5813,multi_train,multi,what,reasoning
5814,multi_train,multi,which,reasoning
5816,multi_train,multi,other,reasoning
5817,multi_train,multi,which,reasoning
5818,multi_train,multi,how_many,reasoning
4316,multi_train,multi,which,reasoning
4318,multi_train,multi,compare,reasoning
4319,multi_train,multi,how_many,reasoning
4320,multi_train,multi,how_many,reasoning
1150,multi_train,multi,how_many,reasoning
1151,multi_train,multi,how_many,reasoning
1152,multi_train,multi,how_many,reasoning
1153,multi_train,multi,how_many,reasoning
5690,multi_train,multi,how_many,reasoning
5691,multi_train,multi,how_many,reasoning
5692,multi_train,multi,what,reasoning
4013,multi_train,multi,how_many,reasoning
4014,multi_train,multi,how_many,reasoning
9506,multi_train,multi,how_many,reasoning
9507,multi_train,multi,how_many,reasoning
9508,multi_train,multi,how_many,reasoning
9504,multi_train,multi,how_many,reasoning
9505,multi_train,multi,how_many,reasoning
4799,multi_train,multi,which,reasoning
4801,multi_train,multi,how_many,reasoning
4463,multi_train,multi,how_many,reasoning
4464,multi_train,multi,compare,reasoning
4465,multi_train,multi,how_many,reasoning
5851,multi_train,multi,which,lookup
233,multi_train,multi,how_many,reasoning
234,multi_train,multi,what,reasoning
235,multi_train,multi,how_many,reasoning
236,multi_train,multi,what,reasoning
8876,multi_train,multi,how_many,reasoning
8877,multi_train,multi,how_many,reasoning
8878,multi_train,multi,how_many,reasoning
8879,multi_train,multi,how_many,reasoning
8880,multi_train,multi,how_many,reasoning
8881,multi_train,multi,compare,reasoning
3690,multi_train,multi,what,reasoning
3691,multi_train,multi,compare,reasoning
3692,multi_train,multi,what,reasoning
3693,multi_train,multi,what,reasoning
2307,multi_train,multi,compare,reasoning
2308,multi_train,multi,how_many,reasoning
2309,multi_train,multi,how_many,reasoning
2311,multi_train,multi,compare,reasoning
1944,multi_train,multi,compare,reasoning
1945,multi_train,multi,how_many,reasoning
1947,multi_train,multi,how_many,reasoning
1343,multi_train,multi,how_many,reasoning
1345,multi_train,multi,how_many,reasoning
1344,multi_train,multi,how_many,reasoning
9076,multi_train,multi,compare,reasoning
9073,multi_train,multi,what,reasoning
9074,multi_train,multi,how_many,reasoning
9075,multi_train,multi,how_many,reasoning
9071,multi_train,multi,how_many,reasoning
9173,multi_train,multi,how_many,reasoning
9176,multi_train,multi,which,reasoning
9177,multi_train,multi,which,reasoning
8268,multi_train,multi,what,reasoning
3551,multi_train,multi,how_many,reasoning
3553,multi_train,multi,compare,reasoning
3554,multi_train,multi,how_many,reasoning
3555,multi_train,multi,compare,reasoning
3556,multi_train,multi,how_many,reasoning
3557,multi_train,multi,how_many,reasoning
8342,multi_train,multi,compare,reasoning
8343,multi_train,multi,how_many,reasoning
8344,multi_train,multi,compare,reasoning
8345,multi_train,multi,how_many,reasoning
9255,multi_train,multi,what,reasoning
9252,multi_train,multi,how_many,reasoning
9253,multi_train,multi,what,reasoning
2860,multi_train,multi,how_many,reasoning
2861,multi_train,multi,how_many,reasoning
2856,multi_train,multi,compare,reasoning
2857,multi_train,multi,how_many,reasoning
2858,multi_train,multi,how_many,reasoning
7242,multi_train,multi,what,reasoning
7246,multi_train,multi,how_many,reasoning
7247,multi_train,multi,what,reasoning
7243,multi_train,multi,what,reasoning
7244,multi_train,multi,how_many,reasoning
1790,multi_train,multi,how_many,reasoning
1791,multi_train,multi,how_many,reasoning
7086,multi_train,multi,what,reasoning
7087,multi_train,multi,what,reasoning
7152,multi_train,multi,how_many,reasoning
7157,multi_train,multi,compare,reasoning
7158,multi_train,multi,how_many,reasoning
7161,multi_train,multi,how_many,reasoning
7164,multi_train,multi,how_many,reasoning
1,multi_train,multi,how_many,reasoning
2,multi_train,multi,compare,reasoning
3,multi_train,multi,how_many,reasoning
4,multi_train,multi,compare,reasoning
7908,multi_train,multi,what,reasoning
7910,multi_train,multi,what,reasoning
460,multi_train,multi,what,reasoning
5138,multi_train,multi,compare,reasoning
5139,multi_train,multi,how_many,reasoning
5140,multi_train,multi,which,reasoning
5141,multi_train,multi,how_many,reasoning
5134,multi_train,multi,how_many,reasoning
5135,multi_train,multi,how_many,reasoning
5136,multi_train,multi,compare,reasoning
4032,multi_train,multi,how_many,reasoning
7638,multi_train,multi,what,reasoning
8078,multi_train,multi,how_many,reasoning
8079,multi_train,multi,what,reasoning
8080,multi_train,multi,how_many,reasoning
4651,multi_train,multi,what,reasoning
4652,multi_train,multi,how_many,reasoning
4653,multi_train,multi,how_many,reasoning
4654,multi_train,multi,how_many,reasoning
4655,multi_train,multi,what,reasoning
1279,multi_train,multi,how_many,reasoning
1282,multi_train,multi,how_many,reasoning
7474,multi_train,multi,how_many,reasoning
7475,multi_train,multi,compare,reasoning
7476,multi_train,multi,how_many,reasoning
2602,multi_train,multi,how_many,reasoning
2605,multi_train,multi,how_many,reasoning
2608,multi_train,multi,compare,reasoning
2610,multi_train,multi,how_many,reasoning
2611,multi_train,multi,compare,reasoning
1552,multi_train,multi,how_many,reasoning
1034,multi_train,multi,what,reasoning
1035,multi_train,multi,what,reasoning
1036,multi_train,multi,how_many,reasoning
1037,multi_train,multi,how_many,reasoning
6780,multi_train,multi,what,reasoning
6782,multi_train,multi,compare,reasoning
5604,multi_train,multi,compare,reasoning
5606,multi_train,multi,how_many,reasoning
5722,multi_train,multi,which,reasoning
5723,multi_train,multi,compare,reasoning
5725,multi_train,multi,how_many,reasoning
5726,multi_train,multi,how_many,reasoning
3767,multi_train,multi,what,reasoning
3768,multi_train,multi,what,reasoning
3769,multi_train,multi,how_many,reasoning
5397,multi_train,multi,how_many,reasoning
5398,multi_train,multi,which,reasoning
5399,multi_train,multi,how_many,reasoning
5400,multi_train,multi,how_many,reasoning
5175,multi_train,multi,how_many,reasoning
5176,multi_train,multi,what,lookup
5177,multi_train,multi,which,reasoning
5178,multi_train,multi,how_many,reasoning
5179,multi_train,multi,what,reasoning
5180,multi_train,multi,other,reasoning
5709,multi_train,multi,compare,reasoning
5710,multi_train,multi,how_many,reasoning
5711,multi_train,multi,compare,reasoning
5712,multi_train,multi,how_many,reasoning
6094,multi_train,multi,what,reasoning
6095,multi_train,multi,compare,reasoning
6096,multi_train,multi,what,reasoning
5830,multi_train,multi,which,reasoning
5826,multi_train,multi,how_many,reasoning
5832,multi_train,multi,which,lookup
5677,multi_train,multi,how_many,reasoning
5678,multi_train,multi,compare,reasoning
5679,multi_train,multi,which,reasoning
5680,multi_train,multi,how_many,reasoning
5681,multi_train,multi,compare,reasoning
5393,multi_train,multi,how_many,reasoning
8608,multi_train,multi,how_many,reasoning
8609,multi_train,multi,how_many,reasoning
8610,multi_train,multi,how_many,reasoning
8611,multi_train,multi,how_many,reasoning
8613,multi_train,multi,compare,reasoning
8734,multi_train,multi,compare,reasoning
8735,multi_train,multi,how_many,reasoning
8737,multi_train,multi,compare,reasoning
8730,multi_train,multi,how_many,reasoning
8731,multi_train,multi,how_many,reasoning
8732,multi_train,multi,how_many,reasoning
8733,multi_train,multi,how_many,reasoning
9375,multi_train,multi,compare,reasoning
9376,multi_train,multi,how_many,reasoning
9379,multi_train,multi,how_many,reasoning
9380,multi_train,multi,compare,reasoning
9381,multi_train,multi,compare,reasoning
9382,multi_train,multi,compare,reasoning
9383,multi_train,multi,compare,reasoning
9384,multi_train,multi,how_many,reasoning
1979,multi_train,multi,how_many,reasoning
1980,multi_train,multi,compare,reasoning
1981,multi_train,multi,compare,reasoning
1982,multi_train,multi,how_many,reasoning
1983,multi_train,multi,how_many,reasoning
1984,multi_train,multi,how_many,reasoning
8658,multi_train,multi,compare,reasoning
8660,multi_train,multi,how_many,reasoning
8661,multi_train,multi,how_many,reasoning
8662,multi_train,multi,how_many,reasoning
8663,multi_train,multi,how_many,reasoning
3405,multi_train,multi,how_many,reasoning
3406,multi_train,multi,compare,reasoning
3407,multi_train,multi,compare,reasoning
3408,multi_train,multi,compare,reasoning
3409,multi_train,multi,compare,reasoning
3410,multi_train,multi,how_many,reasoning
3411,multi_train,multi,compare,reasoning
3412,multi_train,multi,compare,reasoning
9524,multi_train,multi,how_many,reasoning
9525,multi_train,multi,how_many,reasoning
9526,multi_train,multi,compare,reasoning
5503,multi_train,multi,which,reasoning
5504,multi_train,multi,how_many,reasoning
7414,multi_train,multi,how_many,reasoning
1733,multi_train,multi,how_many,reasoning
1734,multi_train,multi,how_many,reasoning
1735,multi_train,multi,how_many,reasoning
1736,multi_train,multi,compare,reasoning
6797,multi_train,multi,what,reasoning
6798,multi_train,multi,how_many,reasoning
4788,multi_train,multi,how_many,reasoning
4789,multi_train,multi,how_many,reasoning
4790,multi_train,multi,compare,reasoning
4791,multi_train,multi,compare,reasoning
468,multi_train,multi,how_many,reasoning
4756,multi_train,multi,which,reasoning
4757,multi_train,multi,how_many,reasoning
4758,multi_train,multi,how_many,reasoning
8743,multi_train,multi,compare,reasoning
8745,multi_train,multi,how_many,reasoning
8746,multi_train,multi,how_many,reasoning
8747,multi_train,multi,how_many,reasoning
8748,multi_train,multi,how_many,reasoning
8749,multi_train,multi,how_many,reasoning
8750,multi_train,multi,how_many,reasoning
8752,multi_train,multi,what,reasoning
8753,multi_train,multi,how_many,reasoning
8754,multi_train,multi,how_many,reasoning
8755,multi_train,multi,how_many,reasoning
42,multi_train,multi,how_many,reasoning
43,multi_train,multi,how_many,reasoning
44,multi_train,multi,compare,reasoning
7479,multi_train,multi,compare,reasoning
7480,multi_train,multi,how_many,reasoning
7481,multi_train,multi,how_many,reasoning
7483,multi_train,multi,how_many,reasoning
173,multi_train,multi,how_many,reasoning
174,multi_train,multi,what,reasoning
175,multi_train,multi,how_many,reasoning
176,multi_train,multi,how_many,reasoning
7989,multi_train,multi,which,reasoning
7990,multi_train,multi,which,reasoning
7992,multi_train,multi,how_many,reasoning
6403,multi_train,multi,what,lookup
5462,multi_train,multi,which,reasoning
7865,multi_train,multi,how_many,reasoning
7866,multi_train,multi,what,reasoning
9258,multi_train,multi,what,reasoning
5401,multi_train,multi,what,reasoning
5403,multi_train,multi,what,reasoning
2737,multi_train,multi,how_many,reasoning
2739,multi_train,multi,compare,reasoning
2039,multi_train,multi,how_many,reasoning
2040,multi_train,multi,compare,reasoning
2041,multi_train,multi,compare,reasoning
7465,multi_train,multi,what,reasoning
7466,multi_train,multi,which,reasoning
7467,multi_train,multi,what,reasoning
7469,multi_train,multi,which,reasoning
7470,multi_train,multi,how_many,reasoning
5573,multi_train,multi,how_many,reasoning
5574,multi_train,multi,which,reasoning
5575,multi_train,multi,what,reasoning
5576,multi_train,multi,which,reasoning
5578,multi_train,multi,what,reasoning
8646,multi_train,multi,how_many,reasoning
8647,multi_train,multi,how_many,reasoning
8648,multi_train,multi,how_many,reasoning
8649,multi_train,multi,how_many,reasoning
8640,multi_train,multi,compare,reasoning
8641,multi_train,multi,how_many,reasoning
8642,multi_train,multi,compare,reasoning
8643,multi_train,multi,compare,reasoning
8645,multi_train,multi,compare,reasoning
8650,multi_train,multi,how_many,reasoning
8651,multi_train,multi,how_many,reasoning
8652,multi_train,multi,what,reasoning
8653,multi_train,multi,how_many,reasoning
4518,multi_train,multi,compare,reasoning
4519,multi_train,multi,how_many,reasoning
4520,multi_train,multi,how_many,reasoning
2599,multi_train,multi,how_many,reasoning
2600,multi_train,multi,how_many,reasoning
2601,multi_train,multi,compare,reasoning
2598,multi_train,multi,compare,reasoning
2591,multi_train,multi,compare,reasoning
2592,multi_train,multi,how_many,reasoning
2593,multi_train,multi,compare,reasoning
2594,multi_train,multi,compare,reasoning
5339,multi_train,multi,when,reasoning
1007,multi_train,multi,how_many,reasoning
1008,multi_train,multi,how_many,reasoning
5750,multi_train,multi,how_many,reasoning
5751,multi_train,multi,how_many,reasoning
5752,multi_train,multi,what,reasoning
6178,multi_train,multi,what,reasoning
6179,multi_train,multi,how_many,reasoning
6180,multi_train,multi,compare,reasoning
6181,multi_train,multi,which,reasoning
1973,multi_train,multi,compare,reasoning
1974,multi_train,multi,how_many,reasoning
3142,multi_train,multi,compare,reasoning
3143,multi_train,multi,how_many,reasoning
7436,multi_train,multi,how_many,reasoning
7437,multi_train,multi,how_many,reasoning
7439,multi_train,multi,how_many,reasoning
7440,multi_train,multi,compare,reasoning
331,multi_train,multi,how_many,reasoning
333,multi_train,multi,compare,reasoning
334,multi_train,multi,what,reasoning
4453,multi_train,multi,compare,reasoning
1894,multi_train,multi,compare,reasoning
1895,multi_train,multi,how_many,reasoning
1896,multi_train,multi,how_many,reasoning
1897,multi_train,multi,how_many,reasoning
1898,multi_train,multi,compare,reasoning
7956,multi_train,multi,what,reasoning
7957,multi_train,multi,compare,reasoning
7958,multi_train,multi,how_many,reasoning
7959,multi_train,multi,how_many,reasoning
7960,multi_train,multi,what,reasoning
841,multi_train,multi,compare,reasoning
842,multi_train,multi,how_many,reasoning
843,multi_train,multi,what,reasoning
8214,multi_train,multi,compare,reasoning
8215,multi_train,multi,how_many,reasoning
8216,multi_train,multi,compare,reasoning
7507,multi_train,multi,how_many,reasoning
7508,multi_train,multi,compare,reasoning
7509,multi_train,multi,how_many,reasoning
7510,multi_train,multi,how_many,reasoning
216,multi_train,multi,how_many,reasoning
217,multi_train,multi,how_many,reasoning
218,multi_train,multi,how_many,reasoning
220,multi_train,multi,how_many,reasoning
219,multi_train,multi,how_many,reasoning
1862,multi_train,multi,how_many,reasoning
1863,multi_train,multi,compare,reasoning
8280,multi_train,multi,how_many,reasoning
8281,multi_train,multi,how_many,reasoning
8282,multi_train,multi,when,reasoning
8283,multi_train,multi,what,reasoning
1529,multi_train,multi,how_many,reasoning
5119,multi_train,multi,how_many,reasoning
5120,multi_train,multi,how_many,reasoning
5122,multi_train,multi,how_many,reasoning
5123,multi_train,multi,how_many,reasoning
5129,multi_train,multi,how_many,reasoning
5132,multi_train,multi,what,reasoning
5133,multi_train,multi,what,reasoning
5124,multi_train,multi,how_many,reasoning
5125,multi_train,multi,how_many,reasoning
5127,multi_train,multi,how_many,reasoning
5128,multi_train,multi,compare,reasoning
1207,multi_train,multi,how_many,reasoning
1208,multi_train,multi,how_many,reasoning
1209,multi_train,multi,how_many,reasoning
1210,multi_train,multi,compare,reasoning
7390,multi_train,multi,how_many,reasoning
7391,multi_train,multi,what,reasoning
3110,multi_train,multi,how_many,reasoning
3111,multi_train,multi,compare,reasoning
3112,multi_train,multi,how_many,reasoning
943,multi_train,multi,how_many,reasoning
942,multi_train,multi,what,reasoning
4850,multi_train,multi,compare,reasoning
4851,multi_train,multi,what,reasoning
4852,multi_train,multi,how_many,reasoning
4592,multi_train,multi,how_many,reasoning
7370,multi_train,multi,how_many,reasoning
7371,multi_train,multi,how_many,reasoning
7372,multi_train,multi,compare,reasoning
129,multi_train,multi,what,reasoning
1637,multi_train,multi,how_many,reasoning
1638,multi_train,multi,how_many,reasoning
1639,multi_train,multi,how_many,reasoning
1641,multi_train,multi,compare,reasoning
2954,multi_train,multi,how_many,reasoning
2956,multi_train,multi,how_many,reasoning
2957,multi_train,multi,how_many,reasoning
2958,multi_train,multi,how_many,reasoning
2963,multi_train,multi,how_many,reasoning
2964,multi_train,multi,how_many,reasoning
2965,multi_train,multi,how_many,reasoning
2959,multi_train,multi,compare,reasoning
8871,multi_train,multi,how_many,reasoning
8872,multi_train,multi,how_many,reasoning
8873,multi_train,multi,how_many,reasoning
8874,multi_train,multi,how_many,reasoning
8875,multi_train,multi,compare,reasoning
9059,multi_train,multi,compare,reasoning
9060,multi_train,multi,compare,reasoning
9061,multi_train,multi,how_many,reasoning
9057,multi_train,multi,compare,reasoning
9058,multi_train,multi,compare,reasoning
9066,multi_train,multi,how_many,reasoning
9067,multi_train,multi,compare,reasoning
9068,multi_train,multi,how_many,reasoning
9062,multi_train,multi,compare,reasoning
9063,multi_train,multi,compare,reasoning
9064,multi_train,multi,how_many,reasoning
9065,multi_train,multi,how_many,reasoning
9212,multi_train,multi,how_many,reasoning
9214,multi_train,multi,what,reasoning
9215,multi_train,multi,which,reasoning
9209,multi_train,multi,which,reasoning
9210,multi_train,multi,what,reasoning
9202,multi_train,multi,which,reasoning
9204,multi_train,multi,what,reasoning
9205,multi_train,multi,what,reasoning
4400,multi_train,multi,how_many,reasoning
4401,multi_train,multi,how_many,reasoning
4402,multi_train,multi,compare,reasoning
4403,multi_train,multi,how_many,reasoning
4404,multi_train,multi,how_many,reasoning
4742,multi_train,multi,how_many,reasoning
4743,multi_train,multi,compare,reasoning
4744,multi_train,multi,compare,reasoning
4745,multi_train,multi,how_many,reasoning
4746,multi_train,multi,how_many,reasoning
7231,multi_train,multi,how_many,reasoning
7226,multi_train,multi,what,reasoning
7229,multi_train,multi,what,reasoning
7236,multi_train,multi,how_many,reasoning
7237,multi_train,multi,what,reasoning
7238,multi_train,multi,which,reasoning
7239,multi_train,multi,compare,reasoning
7240,multi_train,multi,when,reasoning
6606,multi_train,multi,how_many,reasoning
592,multi_train,multi,how_many,reasoning
593,multi_train,multi,how_many,reasoning
595,multi_train,multi,how_many,reasoning
596,multi_train,multi,how_many,reasoning
597,multi_train,multi,how_many,reasoning
602,multi_train,multi,how_many,reasoning
598,multi_train,multi,other,reasoning
7993,multi_train,multi,which,reasoning
7994,multi_train,multi,what,reasoning
7996,multi_train,multi,which,reasoning
387,multi_train,multi,how_many,reasoning
388,multi_train,multi,how_many,reasoning
389,multi_train,multi,how_many,reasoning
3259,multi_train,multi,compare,reasoning
3260,multi_train,multi,how_many,reasoning
3261,multi_train,multi,how_many,reasoning
3262,multi_train,multi,how_many,reasoning
3263,multi_train,multi,how_many,reasoning
3265,multi_train,multi,how_many,reasoning
3266,multi_train,multi,how_many,reasoning
3267,multi_train,multi,how_many,reasoning
3268,multi_train,multi,how_many,reasoning
451,multi_train,multi,how_many,reasoning
452,multi_train,multi,how_many,reasoning
453,multi_train,multi,how_many,reasoning
454,multi_train,multi,compare,reasoning
455,multi_train,multi,compare,reasoning
5454,multi_train,multi,what,reasoning
5455,multi_train,multi,which,reasoning
5456,multi_train,multi,which,reasoning
5457,multi_train,multi,how_many,reasoning
5458,multi_train,multi,what,reasoning
3951,multi_train,multi,how_many,reasoning
7891,multi_train,multi,compare,reasoning
5648,multi_train,multi,what,reasoning
2000,multi_train,multi,how_many,reasoning
2001,multi_train,multi,which,reasoning
2002,multi_train,multi,how_many,reasoning
1954,multi_train,multi,compare,reasoning
1955,multi_train,multi,how_many,reasoning
1956,multi_train,multi,how_many,reasoning
8018,multi_train,multi,how_many,reasoning
8019,multi_train,multi,compare,reasoning
8021,multi_train,multi,how_many,reasoning
4166,multi_train,multi,which,reasoning
4167,multi_train,multi,how_many,reasoning
4168,multi_train,multi,how_many,reasoning
4169,multi_train,multi,how_many,reasoning
2214,multi_train,multi,how_many,reasoning
2215,multi_train,multi,how_many,reasoning
2216,multi_train,multi,how_many,reasoning
2217,multi_train,multi,how_many,reasoning
4527,multi_train,multi,compare,reasoning
4528,multi_train,multi,how_many,reasoning
4529,multi_train,multi,how_many,reasoning
4530,multi_train,multi,compare,reasoning
4551,multi_train,multi,how_many,reasoning
4553,multi_train,multi,compare,reasoning
1890,multi_train,multi,compare,reasoning
1892,multi_train,multi,compare,reasoning
1893,multi_train,multi,how_many,reasoning
1593,multi_train,multi,how_many,reasoning
1594,multi_train,multi,how_many,reasoning
1595,multi_train,multi,how_many,reasoning
7640,multi_train,multi,how_many,reasoning
7641,multi_train,multi,compare,reasoning
7812,multi_train,multi,how_many,reasoning
7813,multi_train,multi,how_many,reasoning
7815,multi_train,multi,how_many,reasoning
324,multi_train,multi,compare,reasoning
325,multi_train,multi,how_many,reasoning
326,multi_train,multi,how_many,reasoning
1462,multi_train,multi,how_many,reasoning
1464,multi_train,multi,how_many,reasoning
1985,multi_train,multi,compare,reasoning
1986,multi_train,multi,what,reasoning
1987,multi_train,multi,how_many,reasoning
1029,multi_train,multi,how_many,lookup
1026,multi_train,multi,how_many,reasoning
1027,multi_train,multi,how_many,reasoning
2487,multi_train,multi,how_many,reasoning
2488,multi_train,multi,how_many,reasoning
2489,multi_train,multi,how_many,reasoning
7974,multi_train,multi,how_many,reasoning
6544,multi_train,multi,what,reasoning
6545,multi_train,multi,what,reasoning
6546,multi_train,multi,what,reasoning
4485,multi_train,multi,how_many,reasoning
4486,multi_train,multi,which,reasoning
1287,multi_train,multi,how_many,reasoning
1288,multi_train,multi,how_many,reasoning
1290,multi_train,multi,what,reasoning
1291,multi_train,multi,how_many,reasoning
1289,multi_train,multi,compare,reasoning
434,multi_train,multi,how_many,reasoning
3744,multi_train,multi,what,reasoning
3746,multi_train,multi,how_many,reasoning
9020,multi_train,multi,how_many,reasoning
9022,multi_train,multi,how_many,reasoning
9023,multi_train,multi,what,reasoning
1094,multi_train,multi,compare,reasoning
1096,multi_train,multi,how_many,reasoning
1097,multi_train,multi,how_many,reasoning
1095,multi_train,multi,how_many,reasoning
5387,multi_train,multi,what,reasoning
4070,multi_train,multi,what,reasoning
4121,multi_train,multi,what,reasoning
4122,multi_train,multi,how_many,reasoning
4123,multi_train,multi,what,reasoning
4124,multi_train,multi,how_many,reasoning
2102,multi_train,multi,how_many,reasoning
2103,multi_train,multi,how_many,reasoning
6718,multi_train,multi,how_many,reasoning
8512,multi_train,multi,compare,reasoning
8513,multi_train,multi,how_many,reasoning
8514,multi_train,multi,how_many,reasoning
8511,multi_train,multi,compare,reasoning
8508,multi_train,multi,compare,reasoning
8509,multi_train,multi,compare,reasoning
8510,multi_train,multi,how_many,reasoning
7522,multi_train,multi,how_many,reasoning
7523,multi_train,multi,compare,reasoning
4597,multi_train,multi,how_many,reasoning
4598,multi_train,multi,how_many,reasoning
4599,multi_train,multi,how_many,reasoning
8069,multi_train,multi,what,reasoning
8070,multi_train,multi,how_many,reasoning
8072,multi_train,multi,what,reasoning
8073,multi_train,multi,what,reasoning
6712,multi_train,multi,how_many,reasoning
6713,multi_train,multi,how_many,reasoning
6715,multi_train,multi,compare,reasoning
6716,multi_train,multi,how_many,reasoning
7552,multi_train,multi,how_many,reasoning
362,multi_train,multi,how_many,reasoning
361,multi_train,multi,how_many,reasoning
363,multi_train,multi,how_many,reasoning
8016,multi_train,multi,which,reasoning
8017,multi_train,multi,compare,reasoning
5472,multi_train,multi,compare,reasoning
5473,multi_train,multi,how_many,reasoning
5474,multi_train,multi,how_many,reasoning
6499,multi_train,multi,how_many,reasoning
7399,multi_train,multi,what,reasoning
7400,multi_train,multi,which,lookup
7401,multi_train,multi,which,reasoning
6769,multi_train,multi,what,reasoning
6770,multi_train,multi,how_many,reasoning
8831,multi_train,multi,how_many,reasoning
8832,multi_train,multi,how_many,reasoning
8833,multi_train,multi,how_many,reasoning
8834,multi_train,multi,compare,reasoning
8836,multi_train,multi,how_many,reasoning
8837,multi_train,multi,compare,reasoning
8838,multi_train,multi,how_many,reasoning
7654,multi_train,multi,when,reasoning
7655,multi_train,multi,how_many,reasoning
7656,multi_train,multi,how_many,reasoning
7657,multi_train,multi,how_many,reasoning
7658,multi_train,multi,how_many,reasoning
6252,multi_train,multi,what,reasoning
6253,multi_train,multi,how_many,reasoning
6254,multi_train,multi,compare,reasoning
6255,multi_train,multi,compare,reasoning
1929,multi_train,multi,how_many,reasoning
1930,multi_train,multi,compare,reasoning
1931,multi_train,multi,how_many,reasoning
295,multi_train,multi,what,reasoning
297,multi_train,multi,how_many,reasoning
299,multi_train,multi,what,reasoning
6985,multi_train,multi,how_many,reasoning
6986,multi_train,multi,how_many,reasoning
945,multi_train,multi,how_many,reasoning
946,multi_train,multi,how_many,reasoning
947,multi_train,multi,how_many,reasoning
990,multi_train,multi,what,reasoning
992,multi_train,multi,what,reasoning
993,multi_train,multi,how_many,reasoning
994,multi_train,multi,how_many,reasoning
995,multi_train,multi,what,reasoning
5186,multi_train,multi,how_many,reasoning
5187,multi_train,multi,how_many,reasoning
5188,multi_train,multi,compare,reasoning
5189,multi_train,multi,how_many,reasoning
6205,multi_train,multi,how_many,reasoning
1334,multi_train,multi,what,reasoning
1335,multi_train,multi,how_many,reasoning
1336,multi_train,multi,how_many,reasoning
1337,multi_train,multi,what,reasoning
8405,multi_train,multi,what,reasoning
8406,multi_train,multi,which,reasoning
8407,multi_train,multi,what,reasoning
8408,multi_train,multi,how_many,reasoning
8410,multi_train,multi,count,reasoning
8414,multi_train,multi,what,reasoning
8415,multi_train,multi,how_many,reasoning
8416,multi_train,multi,compare,reasoning
8417,multi_train,multi,how_many,reasoning
8411,multi_train,multi,what,reasoning
8412,multi_train,multi,how_many,reasoning
2135,multi_train,multi,how_many,reasoning
2138,multi_train,multi,how_many,reasoning
2139,multi_train,multi,what,reasoning
1899,multi_train,multi,what,reasoning
6802,multi_train,multi,how_many,reasoning
1546,multi_train,multi,how_many,reasoning
1548,multi_train,multi,how_many,reasoning
170,multi_train,multi,how_many,reasoning
171,multi_train,multi,what,reasoning
5298,multi_train,multi,which,reasoning
5299,multi_train,multi,compare,reasoning
5300,multi_train,multi,what,reasoning
5302,multi_train,multi,how_many,reasoning
123,multi_train,multi,how_many,reasoning
5442,multi_train,multi,how_many,reasoning
5443,multi_train,multi,how_many,reasoning
5444,multi_train,multi,how_many,reasoning
1575,multi_train,multi,how_many,reasoning
1576,multi_train,multi,how_many,reasoning
1578,multi_train,multi,how_many,reasoning
1579,multi_train,multi,how_many,reasoning
1574,multi_train,multi,how_many,reasoning
922,multi_train,multi,compare,reasoning
2185,multi_train,multi,compare,reasoning
8960,multi_train,multi,how_many,reasoning
8961,multi_train,multi,how_many,reasoning
8962,multi_train,multi,what,reasoning
8963,multi_train,multi,what,reasoning
8965,multi_train,multi,how_many,reasoning
8967,multi_train,multi,how_many,reasoning
397,multi_train,multi,what,reasoning
398,multi_train,multi,which,reasoning
399,multi_train,multi,what,reasoning
400,multi_train,multi,which,reasoning
2148,multi_train,multi,how_many,reasoning
2149,multi_train,multi,compare,reasoning
355,multi_train,multi,how_many,reasoning
356,multi_train,multi,how_many,reasoning
357,multi_train,multi,what,reasoning
358,multi_train,multi,how_many,reasoning
359,multi_train,multi,how_many,reasoning
360,multi_train,multi,what,reasoning
6924,multi_train,multi,compare,reasoning
6925,multi_train,multi,how_many,reasoning
6926,multi_train,multi,compare,reasoning
5769,multi_train,multi,what,reasoning
5771,multi_train,multi,compare,reasoning
5772,multi_train,multi,how_many,reasoning
5773,multi_train,multi,compare,reasoning
5775,multi_train,multi,which,reasoning
1274,multi_train,multi,how_many,reasoning
1276,multi_train,multi,how_many,reasoning
1277,multi_train,multi,what,reasoning
1278,multi_train,multi,compare,reasoning
5541,multi_train,multi,compare,reasoning
31,multi_train,multi,how_many,reasoning
29,multi_train,multi,how_many,reasoning
27,multi_train,multi,how_many,reasoning
28,multi_train,multi,compare,reasoning
30,multi_train,multi,how_many,reasoning
2813,multi_train,multi,compare,reasoning
2814,multi_train,multi,how_many,reasoning
2816,multi_train,multi,compare,reasoning
5372,multi_train,multi,other,reasoning
5374,multi_train,multi,other,reasoning
1650,multi_train,multi,how_many,reasoning
7976,multi_train,multi,compare,reasoning
7977,multi_train,multi,how_many,reasoning
7979,multi_train,multi,how_many,reasoning
7980,multi_train,multi,compare,reasoning
6322,multi_train,multi,which,reasoning
6323,multi_train,multi,how_many,reasoning
1694,multi_train,multi,how_many,reasoning
1695,multi_train,multi,what,reasoning
1696,multi_train,multi,how_many,reasoning
1697,multi_train,multi,what,reasoning
4151,multi_train,multi,compare,reasoning
4153,multi_train,multi,which,reasoning
6367,multi_train,multi,how_many,reasoning
1738,multi_train,multi,what,reasoning
1739,multi_train,multi,what,reasoning
1740,multi_train,multi,what,reasoning
7741,multi_train,multi,compare,reasoning
7742,multi_train,multi,how_many,reasoning
7743,multi_train,multi,how_many,reasoning
7744,multi_train,multi,compare,reasoning
4640,multi_train,multi,how_many,reasoning
4641,multi_train,multi,how_many,reasoning
4642,multi_train,multi,how_many,reasoning
5418,multi_train,multi,what,reasoning
5420,multi_train,multi,what,reasoning
6156,multi_train,multi,how_many,reasoning
6157,multi_train,multi,compare,reasoning
6159,multi_train,multi,how_many,reasoning
2030,multi_train,multi,compare,reasoning
2031,multi_train,multi,how_many,reasoning
811,multi_train,multi,compare,reasoning
812,multi_train,multi,how_many,reasoning
813,multi_train,multi,compare,reasoning
810,multi_train,multi,how_many,reasoning
800,multi_train,multi,compare,reasoning
801,multi_train,multi,how_many,reasoning
802,multi_train,multi,compare,reasoning
803,multi_train,multi,how_many,reasoning
804,multi_train,multi,how_many,reasoning
805,multi_train,multi,how_many,reasoning
806,multi_train,multi,how_many,reasoning
807,multi_train,multi,compare,reasoning
808,multi_train,multi,how_many,reasoning
617,multi_train,multi,which,reasoning
618,multi_train,multi,how_many,reasoning
619,multi_train,multi,how_many,reasoning
620,multi_train,multi,when,reasoning
621,multi_train,multi,which,reasoning
614,multi_train,multi,what,reasoning
615,multi_train,multi,what,reasoning
616,multi_train,multi,compare,reasoning
623,multi_train,multi,what,reasoning
624,multi_train,multi,which,reasoning
6551,multi_train,multi,what,reasoning
6553,multi_train,multi,how_many,reasoning
6555,multi_train,multi,compare,reasoning
8426,multi_train,multi,how_many,reasoning
8427,multi_train,multi,compare,reasoning
8428,multi_train,multi,how_many,reasoning
3168,multi_train,multi,what,reasoning
3169,multi_train,multi,how_many,reasoning
2170,multi_train,multi,when,reasoning
4759,multi_train,multi,how_many,reasoning
4760,multi_train,multi,how_many,reasoning
1709,multi_train,multi,compare,reasoning
1710,multi_train,multi,how_many,reasoning
6981,multi_train,multi,how_many,reasoning
6982,multi_train,multi,how_many,reasoning
6984,multi_train,multi,how_many,reasoning
6495,multi_train,multi,compare,reasoning
6496,multi_train,multi,how_many,reasoning
3941,multi_train,multi,how_many,reasoning
3942,multi_train,multi,compare,reasoning
3943,multi_train,multi,how_many,reasoning
4585,multi_train,multi,how_many,reasoning
4587,multi_train,multi,how_many,reasoning
4588,multi_train,multi,how_many,reasoning
4579,multi_train,multi,how_many,reasoning
4580,multi_train,multi,how_many,reasoning
7146,multi_train,multi,how_many,reasoning
7147,multi_train,multi,how_many,reasoning
7148,multi_train,multi,how_many,reasoning
7149,multi_train,multi,how_many,reasoning
7142,multi_train,multi,which,reasoning
7144,multi_train,multi,compare,reasoning
7138,multi_train,multi,compare,reasoning
7139,multi_train,multi,how_many,reasoning
7141,multi_train,multi,how_many,reasoning
1925,multi_train,multi,what,reasoning
1926,multi_train,multi,how_many,reasoning
1927,multi_train,multi,what,reasoning
1928,multi_train,multi,what,reasoning
5003,multi_train,multi,what,reasoning
5005,multi_train,multi,what,reasoning
5006,multi_train,multi,what,reasoning
5007,multi_train,multi,which,reasoning
5008,multi_train,multi,how_many,reasoning
5009,multi_train,multi,how_many,reasoning
5010,multi_train,multi,how_many,reasoning
5011,multi_train,multi,how_many,reasoning
6503,multi_train,multi,how_many,reasoning
6504,multi_train,multi,how_many,reasoning
6505,multi_train,multi,how_many,reasoning
107,multi_train,multi,how_many,reasoning
108,multi_train,multi,how_many,reasoning
109,multi_train,multi,compare,reasoning
110,multi_train,multi,compare,reasoning
2035,multi_train,multi,compare,reasoning
9106,multi_train,multi,how_many,reasoning
9107,multi_train,multi,how_many,reasoning
9114,multi_train,multi,compare,reasoning
9117,multi_train,multi,how_many,reasoning
9118,multi_train,multi,how_many,reasoning
9115,multi_train,multi,how_many,reasoning
9116,multi_train,multi,how_many,reasoning
9110,multi_train,multi,compare,reasoning
9111,multi_train,multi,how_many,reasoning
9112,multi_train,multi,compare,reasoning
3603,multi_train,multi,when,reasoning
3604,multi_train,multi,what,reasoning
3605,multi_train,multi,how_many,reasoning
3606,multi_train,multi,how_many,reasoning
3607,multi_train,multi,how_many,reasoning
3598,multi_train,multi,how_many,reasoning
3599,multi_train,multi,compare,reasoning
3600,multi_train,multi,how_many,reasoning
3601,multi_train,multi,compare,reasoning
3602,multi_train,multi,compare,reasoning
3608,multi_train,multi,compare,reasoning
3609,multi_train,multi,how_many,reasoning
3610,multi_train,multi,compare,reasoning
3611,multi_train,multi,how_many,reasoning
6151,multi_train,multi,how_many,reasoning
1296,multi_train,multi,how_many,reasoning
1297,multi_train,multi,how_many,reasoning
1298,multi_train,multi,how_many,reasoning
1299,multi_train,multi,how_many,reasoning
1300,multi_train,multi,compare,reasoning
7787,multi_train,multi,when,reasoning
7788,multi_train,multi,when,reasoning
1667,multi_train,multi,how_many,reasoning
1668,multi_train,multi,how_many,reasoning
1670,multi_train,multi,how_many,reasoning
6739,multi_train,multi,which,reasoning
6740,multi_train,multi,what,reasoning
6741,multi_train,multi,how_many,reasoning
1908,multi_train,multi,how_many,reasoning
1909,multi_train,multi,how_many,reasoning
1910,multi_train,multi,how_many,reasoning
1911,multi_train,multi,how_many,reasoning
6142,multi_train,multi,compare,reasoning
3716,multi_train,multi,what,reasoning
3717,multi_train,multi,what,reasoning
7562,multi_train,multi,how_many,reasoning
7563,multi_train,multi,how_many,reasoning
7564,multi_train,multi,how_many,reasoning
7565,multi_train,multi,how_many,reasoning
7566,multi_train,multi,how_many,reasoning
7567,multi_train,multi,how_many,reasoning
1768,multi_train,multi,how_many,reasoning
1769,multi_train,multi,how_many,reasoning
4785,multi_train,multi,how_many,reasoning
4786,multi_train,multi,how_many,reasoning
4787,multi_train,multi,compare,reasoning
6236,multi_train,multi,how_many,reasoning
9539,multi_train,multi,compare,reasoning
9540,multi_train,multi,compare,reasoning
9541,multi_train,multi,how_many,reasoning
9531,multi_train,multi,how_many,reasoning
9532,multi_train,multi,compare,reasoning
9534,multi_train,multi,compare,reasoning
9530,multi_train,multi,how_many,reasoning
9533,multi_train,multi,how_many,reasoning
5510,multi_train,multi,how_many,reasoning
3156,multi_train,multi,when,reasoning
3157,multi_train,multi,how_many,reasoning
3154,multi_train,multi,how_many,reasoning
3159,multi_train,multi,what,reasoning
3161,multi_train,multi,how_many,reasoning
4091,multi_train,multi,when,reasoning
4092,multi_train,multi,what,reasoning
4093,multi_train,multi,what,reasoning
6905,multi_train,multi,how_many,reasoning
6640,multi_train,multi,what,reasoning
6642,multi_train,multi,what,reasoning
4414,multi_train,multi,how_many,reasoning
4417,multi_train,multi,how_many,reasoning
6137,multi_train,multi,how_many,reasoning
6138,multi_train,multi,how_many,reasoning
6140,multi_train,multi,how_many,reasoning
2500,multi_train,multi,how_many,reasoning
2501,multi_train,multi,how_many,reasoning
2508,multi_train,multi,how_many,reasoning
2502,multi_train,multi,how_many,reasoning
2503,multi_train,multi,how_many,reasoning
2504,multi_train,multi,which,reasoning
2505,multi_train,multi,how_many,reasoning
6684,multi_train,multi,how_many,reasoning
6686,multi_train,multi,how_many,reasoning
2046,multi_train,multi,how_many,reasoning
2047,multi_train,multi,compare,reasoning
8756,multi_train,multi,how_many,reasoning
8759,multi_train,multi,how_many,reasoning
8760,multi_train,multi,how_many,reasoning
243,multi_train,multi,how_many,reasoning
244,multi_train,multi,how_many,reasoning
7396,multi_train,multi,how_many,reasoning
2513,multi_train,multi,how_many,reasoning
2515,multi_train,multi,how_many,reasoning
2510,multi_train,multi,how_many,reasoning
2511,multi_train,multi,compare,reasoning
2516,multi_train,multi,how_many,reasoning
2517,multi_train,multi,how_many,reasoning
2518,multi_train,multi,compare,reasoning
2519,multi_train,multi,compare,reasoning
7584,multi_train,multi,how_many,reasoning
7585,multi_train,multi,compare,reasoning
7586,multi_train,multi,how_many,reasoning
6749,multi_train,multi,compare,reasoning
6750,multi_train,multi,when,reasoning
6751,multi_train,multi,how_many,reasoning
6498,multi_train,multi,how_many,reasoning
7204,multi_train,multi,how_many,reasoning
7205,multi_train,multi,how_many,reasoning
7206,multi_train,multi,how_many,reasoning
7207,multi_train,multi,how_many,reasoning
7196,multi_train,multi,how_many,reasoning
7197,multi_train,multi,how_many,reasoning
7198,multi_train,multi,how_many,reasoning
7199,multi_train,multi,how_many,reasoning
7200,multi_train,multi,how_many,reasoning
7202,multi_train,multi,how_many,reasoning
3720,multi_train,multi,which,reasoning
3721,multi_train,multi,compare,reasoning
3722,multi_train,multi,which,reasoning
3723,multi_train,multi,compare,reasoning
3724,multi_train,multi,compare,reasoning
2241,multi_train,multi,compare,reasoning
2242,multi_train,multi,how_many,reasoning
2243,multi_train,multi,compare,reasoning
5064,multi_train,multi,what,reasoning
2312,multi_train,multi,how_many,reasoning
2313,multi_train,multi,compare,reasoning
2314,multi_train,multi,how_many,reasoning
2355,multi_train,multi,compare,reasoning
2356,multi_train,multi,compare,reasoning
2357,multi_train,multi,how_many,reasoning
2359,multi_train,multi,how_many,reasoning
2360,multi_train,multi,compare,reasoning
2361,multi_train,multi,compare,reasoning
2364,multi_train,multi,how_many,reasoning
2049,multi_train,multi,how_many,reasoning
1453,multi_train,multi,how_many,reasoning
6595,multi_train,multi,which,reasoning
6597,multi_train,multi,how_many,reasoning
6598,multi_train,multi,which,reasoning
6599,multi_train,multi,how_many,reasoning
4391,multi_train,multi,how_many,reasoning
4392,multi_train,multi,how_many,reasoning
4394,multi_train,multi,compare,reasoning
3954,multi_train,multi,how_many,reasoning
3955,multi_train,multi,how_many,reasoning
866,multi_train,multi,how_many,reasoning
868,multi_train,multi,how_many,reasoning
869,multi_train,multi,how_many,reasoning
7540,multi_train,multi,how_many,reasoning
7541,multi_train,multi,how_many,reasoning
7543,multi_train,multi,compare,reasoning
2266,multi_train,multi,how_many,reasoning
2267,multi_train,multi,compare,reasoning
2268,multi_train,multi,how_many,reasoning
2269,multi_train,multi,compare,reasoning
5499,multi_train,multi,how_many,reasoning
5502,multi_train,multi,how_many,reasoning
4314,multi_train,multi,compare,reasoning
5114,multi_train,multi,how_many,reasoning
5115,multi_train,multi,compare,reasoning
5116,multi_train,multi,how_many,reasoning
5117,multi_train,multi,how_many,reasoning
5106,multi_train,multi,compare,reasoning
5107,multi_train,multi,compare,reasoning
5109,multi_train,multi,how_many,reasoning
5110,multi_train,multi,how_many,reasoning
5111,multi_train,multi,how_many,reasoning
5112,multi_train,multi,compare,reasoning
5113,multi_train,multi,how_many,reasoning
2026,multi_train,multi,how_many,reasoning
4507,multi_train,multi,how_many,reasoning
4508,multi_train,multi,how_many,reasoning
5303,multi_train,multi,how_many,reasoning
5304,multi_train,multi,compare,reasoning
5305,multi_train,multi,how_many,reasoning
5306,multi_train,multi,how_many,reasoning
2896,multi_train,multi,how_many,reasoning
2897,multi_train,multi,compare,reasoning
2898,multi_train,multi,how_many,reasoning
2899,multi_train,multi,which,reasoning
2903,multi_train,multi,how_many,reasoning
2904,multi_train,multi,how_many,reasoning
2905,multi_train,multi,how_many,reasoning
7049,multi_train,multi,what,reasoning
7051,multi_train,multi,compare,reasoning
886,multi_train,multi,which,reasoning
887,multi_train,multi,how_many,reasoning
889,multi_train,multi,how_many,reasoning
5930,multi_train,multi,how_many,reasoning
5931,multi_train,multi,how_many,reasoning
5932,multi_train,multi,how_many,reasoning
5927,multi_train,multi,compare,reasoning
5928,multi_train,multi,compare,reasoning
5929,multi_train,multi,how_many,reasoning
3428,multi_train,multi,compare,reasoning
3429,multi_train,multi,how_many,reasoning
3430,multi_train,multi,how_many,reasoning
3433,multi_train,multi,compare,reasoning
3434,multi_train,multi,compare,reasoning
3426,multi_train,multi,compare,reasoning
3427,multi_train,multi,compare,reasoning
3660,multi_train,multi,how_many,reasoning
5316,multi_train,multi,which,reasoning
5318,multi_train,multi,how_many,reasoning
7463,multi_train,multi,how_many,reasoning
7464,multi_train,multi,when,reasoning
2368,multi_train,multi,how_many,reasoning
2369,multi_train,multi,what,lookup
8092,multi_train,multi,what,reasoning
8093,multi_train,multi,what,reasoning
1524,multi_train,multi,what,reasoning
682,multi_train,multi,how_many,reasoning
683,multi_train,multi,how_many,reasoning
684,multi_train,multi,compare,reasoning
672,multi_train,multi,how_many,reasoning
673,multi_train,multi,compare,reasoning
674,multi_train,multi,how_many,reasoning
675,multi_train,multi,how_many,reasoning
676,multi_train,multi,how_many,reasoning
6165,multi_train,multi,how_many,reasoning
6166,multi_train,multi,how_many,reasoning
6167,multi_train,multi,compare,reasoning
6169,multi_train,multi,compare,reasoning
6247,multi_train,multi,how_many,reasoning
5586,multi_train,multi,compare,reasoning
5587,multi_train,multi,which,reasoning
5588,multi_train,multi,how_many,reasoning
5475,multi_train,multi,how_many,reasoning
5476,multi_train,multi,what,reasoning
6021,multi_train,multi,how_many,reasoning
6023,multi_train,multi,how_many,reasoning
6014,multi_train,multi,how_many,reasoning
6015,multi_train,multi,how_many,reasoning
6016,multi_train,multi,compare,reasoning
4350,multi_train,multi,how_many,reasoning
6261,multi_train,multi,how_many,reasoning
6262,multi_train,multi,how_many,reasoning
6263,multi_train,multi,how_many,reasoning
6264,multi_train,multi,compare,reasoning
6989,multi_train,multi,what,reasoning
6991,multi_train,multi,how_many,reasoning
5485,multi_train,multi,compare,reasoning
6193,multi_train,multi,which,reasoning
1044,multi_train,multi,compare,reasoning
1045,multi_train,multi,how_many,reasoning
1046,multi_train,multi,how_many,reasoning
9286,multi_train,multi,how_many,reasoning
9287,multi_train,multi,compare,reasoning
9288,multi_train,multi,compare,reasoning
9292,multi_train,multi,how_many,reasoning
8434,multi_train,multi,how_many,reasoning
8436,multi_train,multi,how_many,reasoning
8437,multi_train,multi,how_many,reasoning
8438,multi_train,multi,compare,reasoning
8429,multi_train,multi,compare,reasoning
8430,multi_train,multi,how_many,reasoning
8431,multi_train,multi,how_many,reasoning
8432,multi_train,multi,how_many,reasoning
8433,multi_train,multi,how_many,reasoning
8440,multi_train,multi,how_many,reasoning
8441,multi_train,multi,compare,reasoning
8442,multi_train,multi,how_many,reasoning
8443,multi_train,multi,compare,reasoning
6114,multi_train,multi,how_many,reasoning
2817,multi_train,multi,how_many,reasoning
2818,multi_train,multi,compare,reasoning
2820,multi_train,multi,compare,reasoning
2821,multi_train,multi,how_many,reasoning
2822,multi_train,multi,compare,reasoning
2823,multi_train,multi,how_many,reasoning
2824,multi_train,multi,how_many,reasoning
2825,multi_train,multi,how_many,reasoning
2826,multi_train,multi,how_many,reasoning
2827,multi_train,multi,how_many,reasoning
2828,multi_train,multi,how_many,reasoning
2829,multi_train,multi,which,reasoning
3789,multi_train,multi,how_many,reasoning
3791,multi_train,multi,how_many,reasoning
3782,multi_train,multi,compare,reasoning
3783,multi_train,multi,what,reasoning
8120,multi_train,multi,which,lookup
2585,multi_train,multi,compare,reasoning
2586,multi_train,multi,how_many,reasoning
2587,multi_train,multi,compare,reasoning
2588,multi_train,multi,how_many,reasoning
2589,multi_train,multi,how_many,reasoning
2590,multi_train,multi,how_many,reasoning
2581,multi_train,multi,how_many,reasoning
2012,multi_train,multi,compare,reasoning
2013,multi_train,multi,how_many,reasoning
2014,multi_train,multi,how_many,reasoning
2015,multi_train,multi,how_many,reasoning
8230,multi_train,multi,what,reasoning
8231,multi_train,multi,what,reasoning
8232,multi_train,multi,how_many,reasoning
8233,multi_train,multi,what,reasoning
8234,multi_train,multi,which,reasoning
1674,multi_train,multi,which,reasoning
1675,multi_train,multi,how_many,reasoning
1676,multi_train,multi,how_many,reasoning
1677,multi_train,multi,how_many,reasoning
1678,multi_train,multi,how_many,reasoning
4620,multi_train,multi,how_many,reasoning
7421,multi_train,multi,what,reasoning
7422,multi_train,multi,how_many,reasoning
7423,multi_train,multi,how_many,reasoning
6588,multi_train,multi,how_many,reasoning
6589,multi_train,multi,what,reasoning
6590,multi_train,multi,how_many,reasoning
6592,multi_train,multi,how_many,reasoning
6593,multi_train,multi,how_many,reasoning
2230,multi_train,multi,compare,reasoning
2231,multi_train,multi,how_many,reasoning
2232,multi_train,multi,how_many,reasoning
2233,multi_train,multi,how_many,reasoning
2234,multi_train,multi,how_many,reasoning
39,multi_train,multi,compare,reasoning
36,multi_train,multi,how_many,reasoning
37,multi_train,multi,how_many,reasoning
38,multi_train,multi,compare,reasoning
40,multi_train,multi,how_many,reasoning
41,multi_train,multi,how_many,reasoning
4945,multi_train,multi,how_many,reasoning
4946,multi_train,multi,how_many,reasoning
4947,multi_train,multi,how_many,reasoning
4948,multi_train,multi,compare,reasoning
4949,multi_train,multi,how_many,reasoning
4955,multi_train,multi,how_many,reasoning
4956,multi_train,multi,how_many,reasoning
4957,multi_train,multi,how_many,reasoning
4950,multi_train,multi,how_many,reasoning
4951,multi_train,multi,how_many,reasoning
4952,multi_train,multi,how_many,reasoning
4953,multi_train,multi,how_many,reasoning
4954,multi_train,multi,how_many,reasoning
8354,multi_train,multi,how_many,reasoning
8355,multi_train,multi,which,reasoning
8356,multi_train,multi,compare,reasoning
8357,multi_train,multi,how_many,reasoning
8349,multi_train,multi,how_many,reasoning
8011,multi_train,multi,how_many,reasoning
8012,multi_train,multi,compare,reasoning
8014,multi_train,multi,how_many,reasoning
8015,multi_train,multi,compare,reasoning
9314,multi_train,multi,how_many,reasoning
9317,multi_train,multi,compare,reasoning
9311,multi_train,multi,compare,reasoning
7928,multi_train,multi,what,reasoning
2036,multi_train,multi,compare,reasoning
2037,multi_train,multi,how_many,reasoning
2038,multi_train,multi,how_many,reasoning
7534,multi_train,multi,how_many,reasoning
7535,multi_train,multi,how_many,reasoning
7536,multi_train,multi,what,reasoning
7537,multi_train,multi,compare,reasoning
7411,multi_train,multi,how_many,reasoning
425,multi_train,multi,how_many,reasoning
426,multi_train,multi,how_many,reasoning
428,multi_train,multi,what,reasoning
6386,multi_train,multi,how_many,reasoning
1663,multi_train,multi,how_many,reasoning
1715,multi_train,multi,how_many,reasoning
1717,multi_train,multi,how_many,reasoning
1718,multi_train,multi,how_many,reasoning
4412,multi_train,multi,how_many,reasoning
4413,multi_train,multi,how_many,reasoning
6485,multi_train,multi,what,reasoning
6486,multi_train,multi,how_many,reasoning
6488,multi_train,multi,compare,reasoning
6489,multi_train,multi,what,reasoning
4454,multi_train,multi,compare,reasoning
4455,multi_train,multi,how_many,reasoning
4112,multi_train,multi,how_many,reasoning
4114,multi_train,multi,what,reasoning
4115,multi_train,multi,how_many,reasoning
4117,multi_train,multi,what,reasoning
7771,multi_train,multi,how_many,reasoning
7772,multi_train,multi,compare,reasoning
7773,multi_train,multi,how_many,reasoning
5480,multi_train,multi,what,reasoning
5408,multi_train,multi,how_many,reasoning
5409,multi_train,multi,how_many,reasoning
5410,multi_train,multi,how_many,reasoning
3204,multi_train,multi,how_many,reasoning
3205,multi_train,multi,compare,reasoning
3206,multi_train,multi,how_many,reasoning
3207,multi_train,multi,how_many,reasoning
3208,multi_train,multi,how_many,reasoning
3209,multi_train,multi,how_many,reasoning
996,multi_train,multi,compare,reasoning
997,multi_train,multi,how_many,reasoning
999,multi_train,multi,how_many,reasoning
1000,multi_train,multi,how_many,reasoning
1476,multi_train,multi,how_many,reasoning
2174,multi_train,multi,compare,reasoning
2176,multi_train,multi,compare,reasoning
3751,multi_train,multi,how_many,reasoning
3754,multi_train,multi,what,reasoning
3755,multi_train,multi,what,reasoning
2632,multi_train,multi,how_many,reasoning
2634,multi_train,multi,how_many,reasoning
2635,multi_train,multi,how_many,reasoning
2636,multi_train,multi,how_many,reasoning
2637,multi_train,multi,how_many,reasoning
2638,multi_train,multi,how_many,reasoning
8076,multi_train,multi,how_many,reasoning
964,multi_train,multi,how_many,reasoning
965,multi_train,multi,what,reasoning
966,multi_train,multi,what,reasoning
967,multi_train,multi,what,reasoning
5664,multi_train,multi,how_many,reasoning
5665,multi_train,multi,how_many,reasoning
5666,multi_train,multi,how_many,reasoning
5667,multi_train,multi,what,reasoning
4595,multi_train,multi,how_many,reasoning
4596,multi_train,multi,how_many,reasoning
7090,multi_train,multi,what,reasoning
7091,multi_train,multi,what,reasoning
5922,multi_train,multi,how_many,reasoning
5923,multi_train,multi,how_many,reasoning
5924,multi_train,multi,how_many,reasoning
5925,multi_train,multi,how_many,reasoning
5926,multi_train,multi,how_many,reasoning
1021,multi_train,multi,how_many,reasoning
1022,multi_train,multi,how_many,reasoning
1023,multi_train,multi,compare,reasoning
1024,multi_train,multi,how_many,reasoning
8209,multi_train,multi,compare,reasoning
8210,multi_train,multi,how_many,reasoning
3141,multi_train,multi,how_many,reasoning
3131,multi_train,multi,how_many,reasoning
3133,multi_train,multi,how_many,reasoning
3134,multi_train,multi,which,reasoning
3135,multi_train,multi,compare,reasoning
3136,multi_train,multi,how_many,reasoning
3909,multi_train,multi,what,reasoning
3911,multi_train,multi,how_many,reasoning
3913,multi_train,multi,when,reasoning
5623,multi_train,multi,which,reasoning
5624,multi_train,multi,how_many,reasoning
5625,multi_train,multi,compare,reasoning
5626,multi_train,multi,how_many,reasoning
8994,multi_train,multi,what,reasoning
8998,multi_train,multi,which,reasoning
8999,multi_train,multi,what,reasoning
9000,multi_train,multi,how_many,reasoning
9001,multi_train,multi,how_many,reasoning
8996,multi_train,multi,which,reasoning
1100,multi_train,multi,how_many,reasoning
1101,multi_train,multi,how_many,reasoning
1098,multi_train,multi,how_many,reasoning
1102,multi_train,multi,how_many,reasoning
1099,multi_train,multi,how_many,reasoning
1360,multi_train,multi,how_many,reasoning
3395,multi_train,multi,how_many,reasoning
3396,multi_train,multi,compare,reasoning
3398,multi_train,multi,compare,reasoning
5388,multi_train,multi,how_many,reasoning
5390,multi_train,multi,compare,reasoning
5391,multi_train,multi,how_many,reasoning
2140,multi_train,multi,how_many,reasoning
2142,multi_train,multi,how_many,reasoning
2144,multi_train,multi,how_many,reasoning
6054,multi_train,multi,what,reasoning
3347,multi_train,multi,what,reasoning
3341,multi_train,multi,which,reasoning
3342,multi_train,multi,what,reasoning
3345,multi_train,multi,what,reasoning
7846,multi_train,multi,how_many,reasoning
7847,multi_train,multi,how_many,reasoning
7848,multi_train,multi,how_many,reasoning
7766,multi_train,multi,how_many,reasoning
7767,multi_train,multi,compare,reasoning
7768,multi_train,multi,which,reasoning
8473,multi_train,multi,what,reasoning
8475,multi_train,multi,what,reasoning
8467,multi_train,multi,what,reasoning
8468,multi_train,multi,what,reasoning
8470,multi_train,multi,what,reasoning
8471,multi_train,multi,what,reasoning
8738,multi_train,multi,compare,reasoning
8739,multi_train,multi,how_many,reasoning
8740,multi_train,multi,how_many,reasoning
8741,multi_train,multi,how_many,reasoning
8742,multi_train,multi,how_many,reasoning
2443,multi_train,multi,how_many,reasoning
2448,multi_train,multi,which,reasoning
2452,multi_train,multi,how_many,reasoning
2453,multi_train,multi,how_many,reasoning
2454,multi_train,multi,how_many,reasoning
2455,multi_train,multi,how_many,reasoning
2456,multi_train,multi,what,reasoning
1446,multi_train,multi,how_many,reasoning
1447,multi_train,multi,how_many,reasoning
1450,multi_train,multi,how_many,reasoning
1445,multi_train,multi,compare,reasoning
2010,multi_train,multi,how_many,reasoning
6389,multi_train,multi,compare,reasoning
6390,multi_train,multi,how_many,reasoning
7336,multi_train,multi,how_many,reasoning
8113,multi_train,multi,which,reasoning
2297,multi_train,multi,how_many,reasoning
7821,multi_train,multi,how_many,reasoning
7822,multi_train,multi,how_many,reasoning
7823,multi_train,multi,how_many,reasoning
8423,multi_train,multi,how_many,reasoning
8425,multi_train,multi,how_many,reasoning
8419,multi_train,multi,compare,reasoning
8420,multi_train,multi,how_many,reasoning
7383,multi_train,multi,how_many,reasoning
7385,multi_train,multi,how_many,reasoning
7261,multi_train,multi,how_many,reasoning
7257,multi_train,multi,how_many,reasoning
7258,multi_train,multi,compare,reasoning
7259,multi_train,multi,what,reasoning
7265,multi_train,multi,how_many,reasoning
7267,multi_train,multi,how_many,reasoning
7268,multi_train,multi,how_many,reasoning
3317,multi_train,multi,compare,reasoning
3318,multi_train,multi,compare,reasoning
3319,multi_train,multi,how_many,reasoning
3320,multi_train,multi,compare,reasoning
1614,multi_train,multi,how_many,reasoning
918,multi_train,multi,how_many,reasoning
920,multi_train,multi,compare,reasoning
4467,multi_train,multi,compare,reasoning
4468,multi_train,multi,compare,reasoning
6895,multi_train,multi,compare,reasoning
6898,multi_train,multi,how_many,reasoning
7849,multi_train,multi,compare,reasoning
7850,multi_train,multi,which,lookup
7852,multi_train,multi,how_many,reasoning
1429,multi_train,multi,what,reasoning
1430,multi_train,multi,what,reasoning
1431,multi_train,multi,how_many,reasoning
1432,multi_train,multi,what,reasoning
6089,multi_train,multi,which,reasoning
6090,multi_train,multi,which,reasoning
6091,multi_train,multi,which,reasoning
6092,multi_train,multi,how_many,reasoning
6093,multi_train,multi,which,reasoning
5534,multi_train,multi,which,reasoning
5535,multi_train,multi,compare,reasoning
1233,multi_train,multi,how_many,reasoning
1237,multi_train,multi,which,reasoning
1236,multi_train,multi,compare,reasoning
8839,multi_train,multi,how_many,reasoning
8841,multi_train,multi,compare,reasoning
7448,multi_train,multi,how_many,reasoning
7449,multi_train,multi,how_many,reasoning
7450,multi_train,multi,compare,reasoning
7451,multi_train,multi,compare,reasoning
7452,multi_train,multi,compare,reasoning
4968,multi_train,multi,what,reasoning
4970,multi_train,multi,which,reasoning
4971,multi_train,multi,how_many,reasoning
1092,multi_train,multi,compare,reasoning
5552,multi_train,multi,which,reasoning
5554,multi_train,multi,which,reasoning
5555,multi_train,multi,how_many,reasoning
4774,multi_train,multi,how_many,reasoning
4449,multi_train,multi,compare,reasoning
4450,multi_train,multi,how_many,reasoning
4452,multi_train,multi,compare,reasoning
4443,multi_train,multi,compare,reasoning
4444,multi_train,multi,how_many,reasoning
4445,multi_train,multi,how_many,reasoning
4446,multi_train,multi,how_many,reasoning
1272,multi_train,multi,how_many,reasoning
1273,multi_train,multi,compare,reasoning
3979,multi_train,multi,how_many,reasoning
3980,multi_train,multi,compare,reasoning
3981,multi_train,multi,how_many,reasoning
256,multi_train,multi,how_many,reasoning
257,multi_train,multi,what,reasoning
258,multi_train,multi,which,reasoning
259,multi_train,multi,what,reasoning
6424,multi_train,multi,which,reasoning
6425,multi_train,multi,what,reasoning
8716,multi_train,multi,compare,reasoning
8717,multi_train,multi,how_many,reasoning
8719,multi_train,multi,how_many,reasoning
8720,multi_train,multi,how_many,reasoning
8721,multi_train,multi,compare,reasoning
8722,multi_train,multi,compare,reasoning
8723,multi_train,multi,compare,reasoning
8724,multi_train,multi,how_many,reasoning
6659,multi_train,multi,how_many,reasoning
6661,multi_train,multi,what,reasoning
6663,multi_train,multi,what,reasoning
4060,multi_train,multi,what,reasoning
1525,multi_train,multi,how_many,reasoning
1526,multi_train,multi,what,reasoning
1264,multi_train,multi,what,reasoning
1265,multi_train,multi,what,reasoning
8,multi_train,multi,how_many,reasoning
9,multi_train,multi,compare,reasoning
10,multi_train,multi,compare,reasoning
11,multi_train,multi,how_many,reasoning
1536,multi_train,multi,compare,reasoning
1537,multi_train,multi,how_many,reasoning
1538,multi_train,multi,how_many,reasoning
6378,multi_train,multi,how_many,reasoning
6379,multi_train,multi,what,reasoning
6380,multi_train,multi,which,reasoning
6381,multi_train,multi,which,reasoning
3307,multi_train,multi,compare,reasoning
3308,multi_train,multi,how_many,reasoning
3309,multi_train,multi,how_many,reasoning
3314,multi_train,multi,compare,reasoning
3315,multi_train,multi,how_many,reasoning
3310,multi_train,multi,how_many,reasoning
3311,multi_train,multi,compare,reasoning
3312,multi_train,multi,how_many,reasoning
3313,multi_train,multi,how_many,reasoning
3987,multi_train,multi,how_many,reasoning
3990,multi_train,multi,what,reasoning
3991,multi_train,multi,what,reasoning
6131,multi_train,multi,how_many,reasoning
6132,multi_train,multi,how_many,reasoning
7312,multi_train,multi,compare,reasoning
7313,multi_train,multi,how_many,reasoning
7310,multi_train,multi,how_many,reasoning
7311,multi_train,multi,compare,reasoning
7303,multi_train,multi,count,reasoning
7306,multi_train,multi,compare,reasoning
7307,multi_train,multi,how_many,reasoning
165,multi_train,multi,how_many,reasoning
167,multi_train,multi,how_many,reasoning
168,multi_train,multi,how_many,reasoning
8989,multi_train,multi,list,reasoning
8986,multi_train,multi,which,reasoning
8987,multi_train,multi,which,reasoning
278,multi_train,multi,how_many,reasoning
279,multi_train,multi,compare,reasoning
280,multi_train,multi,how_many,reasoning
281,multi_train,multi,how_many,reasoning
282,multi_train,multi,how_many,reasoning
2914,multi_train,multi,which,reasoning
2915,multi_train,multi,compare,reasoning
2906,multi_train,multi,compare,reasoning
2909,multi_train,multi,compare,reasoning
2911,multi_train,multi,how_many,reasoning
2913,multi_train,multi,how_many,reasoning
956,multi_train,multi,how_many,reasoning
960,multi_train,multi,how_many,reasoning
961,multi_train,multi,how_many,reasoning
7379,multi_train,multi,how_many,reasoning
7380,multi_train,multi,compare,reasoning
7381,multi_train,multi,compare,reasoning
7382,multi_train,multi,how_many,reasoning
877,multi_train,multi,compare,reasoning
878,multi_train,multi,how_many,reasoning
880,multi_train,multi,compare,reasoning
308,multi_train,multi,which,reasoning
309,multi_train,multi,compare,reasoning
310,multi_train,multi,how_many,reasoning
6556,multi_train,multi,what,reasoning
8255,multi_train,multi,what,reasoning
1161,multi_train,multi,what,reasoning
3621,multi_train,multi,how_many,reasoning
3622,multi_train,multi,compare,reasoning
3612,multi_train,multi,how_many,reasoning
3613,multi_train,multi,how_many,reasoning
3614,multi_train,multi,how_many,reasoning
3615,multi_train,multi,how_many,reasoning
3616,multi_train,multi,how_many,reasoning
3618,multi_train,multi,how_many,reasoning
7098,multi_train,multi,what,reasoning
7099,multi_train,multi,how_many,reasoning
7094,multi_train,multi,how_many,reasoning
7095,multi_train,multi,what,reasoning
7096,multi_train,multi,what,reasoning
7097,multi_train,multi,how_many,reasoning
7092,multi_train,multi,how_many,reasoning
7093,multi_train,multi,what,reasoning
8288,multi_train,multi,how_many,reasoning
8290,multi_train,multi,what,reasoning
401,multi_train,multi,which,reasoning
402,multi_train,multi,how_many,reasoning
4254,multi_train,multi,how_many,reasoning
4255,multi_train,multi,compare,reasoning
4256,multi_train,multi,which,reasoning
4257,multi_train,multi,compare,reasoning
5334,multi_train,multi,compare,reasoning
5335,multi_train,multi,how_many,reasoning
5336,multi_train,multi,how_many,reasoning
5337,multi_train,multi,how_many,reasoning
9471,multi_train,multi,how_many,reasoning
9472,multi_train,multi,how_many,reasoning
9473,multi_train,multi,compare,reasoning
9475,multi_train,multi,how_many,reasoning
9484,multi_train,multi,compare,reasoning
9485,multi_train,multi,how_many,reasoning
9483,multi_train,multi,compare,reasoning
9486,multi_train,multi,compare,reasoning
9477,multi_train,multi,how_many,reasoning
9478,multi_train,multi,how_many,reasoning
9479,multi_train,multi,how_many,reasoning
9480,multi_train,multi,how_many,reasoning
6375,multi_train,multi,how_many,reasoning
6376,multi_train,multi,what,reasoning
6377,multi_train,multi,how_many,reasoning
3083,multi_train,multi,how_many,reasoning
3084,multi_train,multi,compare,reasoning
3085,multi_train,multi,how_many,reasoning
3086,multi_train,multi,compare,reasoning
3076,multi_train,multi,how_many,reasoning
3077,multi_train,multi,when,reasoning
3078,multi_train,multi,compare,reasoning
3079,multi_train,multi,how_many,reasoning
3080,multi_train,multi,how_many,reasoning
3081,multi_train,multi,how_many,reasoning
3082,multi_train,multi,how_many,reasoning
6618,multi_train,multi,how_many,reasoning
2126,multi_train,multi,compare,reasoning
2127,multi_train,multi,compare,reasoning
2129,multi_train,multi,how_many,reasoning
2130,multi_train,multi,how_many,reasoning
3245,multi_train,multi,how_many,reasoning
3246,multi_train,multi,how_many,reasoning
3236,multi_train,multi,how_many,reasoning
3239,multi_train,multi,how_many,reasoning
1569,multi_train,multi,which,reasoning
2177,multi_train,multi,how_many,reasoning
2179,multi_train,multi,how_many,reasoning
2180,multi_train,multi,compare,reasoning
5356,multi_train,multi,what,reasoning
5357,multi_train,multi,how_many,reasoning
5358,multi_train,multi,what,reasoning
5359,multi_train,multi,how_many,reasoning
5360,multi_train,multi,which,reasoning
6600,multi_train,multi,how_many,reasoning
6601,multi_train,multi,what,reasoning
6603,multi_train,multi,what,reasoning
2671,multi_train,multi,compare,reasoning
2663,multi_train,multi,how_many,reasoning
2665,multi_train,multi,how_many,reasoning
2667,multi_train,multi,how_many,reasoning
2668,multi_train,multi,how_many,reasoning
4426,multi_train,multi,compare,reasoning
4427,multi_train,multi,compare,reasoning
1238,multi_train,multi,how_many,reasoning
1241,multi_train,multi,compare,reasoning
1242,multi_train,multi,how_many,reasoning
6533,multi_train,multi,what,reasoning
6535,multi_train,multi,how_many,reasoning
4471,multi_train,multi,how_many,reasoning
4472,multi_train,multi,what,reasoning
4473,multi_train,multi,how_many,reasoning
4474,multi_train,multi,how_many,reasoning
5245,multi_train,multi,how_many,reasoning
5246,multi_train,multi,which,reasoning
3400,multi_train,multi,how_many,reasoning
3401,multi_train,multi,how_many,reasoning
3402,multi_train,multi,compare,reasoning
3403,multi_train,multi,how_many,reasoning
3404,multi_train,multi,compare,reasoning
2052,multi_train,multi,how_many,reasoning
4381,multi_train,multi,compare,reasoning
4382,multi_train,multi,how_many,reasoning
4383,multi_train,multi,how_many,reasoning
8146,multi_train,multi,how_many,reasoning
8147,multi_train,multi,how_many,reasoning
8148,multi_train,multi,how_many,reasoning
8149,multi_train,multi,compare,reasoning
504,multi_train,multi,how_many,reasoning
505,multi_train,multi,how_many,reasoning
506,multi_train,multi,which,reasoning
507,multi_train,multi,which,reasoning
508,multi_train,multi,what,reasoning
509,multi_train,multi,what,reasoning
510,multi_train,multi,compare,reasoning
1352,multi_train,multi,how_many,reasoning
5426,multi_train,multi,when,reasoning
5428,multi_train,multi,what,reasoning
1599,multi_train,multi,how_many,reasoning
1600,multi_train,multi,how_many,reasoning
3006,multi_train,multi,how_many,reasoning
3007,multi_train,multi,how_many,reasoning
3010,multi_train,multi,how_many,reasoning
3011,multi_train,multi,how_many,reasoning
3012,multi_train,multi,compare,reasoning
3013,multi_train,multi,compare,reasoning
3002,multi_train,multi,compare,reasoning
3003,multi_train,multi,how_many,reasoning
4557,multi_train,multi,which,reasoning
4558,multi_train,multi,what,reasoning
4559,multi_train,multi,how_many,reasoning
846,multi_train,multi,how_many,reasoning
5592,multi_train,multi,how_many,reasoning
5593,multi_train,multi,which,reasoning
5594,multi_train,multi,what,reasoning
9421,multi_train,multi,how_many,reasoning
9422,multi_train,multi,compare,reasoning
9423,multi_train,multi,how_many,reasoning
9424,multi_train,multi,how_many,reasoning
9425,multi_train,multi,how_many,reasoning
7679,multi_train,multi,compare,reasoning
7680,multi_train,multi,how_many,reasoning
7681,multi_train,multi,how_many,reasoning
7682,multi_train,multi,how_many,reasoning
7683,multi_train,multi,how_many,reasoning
8577,multi_train,multi,compare,reasoning
8578,multi_train,multi,how_many,reasoning
8579,multi_train,multi,how_many,reasoning
8580,multi_train,multi,how_many,reasoning
8581,multi_train,multi,how_many,reasoning
8582,multi_train,multi,how_many,reasoning
8583,multi_train,multi,how_many,reasoning
8584,multi_train,multi,compare,reasoning
8574,multi_train,multi,how_many,reasoning
8575,multi_train,multi,how_many,reasoning
8576,multi_train,multi,how_many,reasoning
3137,multi_train,multi,how_many,reasoning
3138,multi_train,multi,which,reasoning
276,multi_train,multi,how_many,reasoning
277,multi_train,multi,which,reasoning
2391,multi_train,multi,how_many,reasoning
2392,multi_train,multi,how_many,reasoning
2003,multi_train,multi,compare,reasoning
2004,multi_train,multi,how_many,reasoning
2005,multi_train,multi,compare,reasoning
211,multi_train,multi,which,lookup
7695,multi_train,multi,how_many,reasoning
7696,multi_train,multi,compare,reasoning
7697,multi_train,multi,how_many,reasoning
8238,multi_train,multi,what,reasoning
7594,multi_train,multi,how_many,reasoning
7595,multi_train,multi,how_many,reasoning
7596,multi_train,multi,how_many,reasoning
7597,multi_train,multi,how_many,reasoning
5652,multi_train,multi,what,reasoning
5653,multi_train,multi,how_many,reasoning
5654,multi_train,multi,what,reasoning
6220,multi_train,multi,how_many,reasoning
6221,multi_train,multi,what,reasoning
1012,multi_train,multi,how_many,reasoning
5635,multi_train,multi,how_many,reasoning
5636,multi_train,multi,how_many,reasoning
5637,multi_train,multi,how_many,reasoning
5638,multi_train,multi,how_many,reasoning
5639,multi_train,multi,how_many,reasoning
5980,multi_train,multi,which,lookup
5982,multi_train,multi,which,reasoning
5983,multi_train,multi,how_many,reasoning
5984,multi_train,multi,which,reasoning
5987,multi_train,multi,which,reasoning
5988,multi_train,multi,how_many,reasoning
5989,multi_train,multi,when,reasoning
5975,multi_train,multi,how_many,reasoning
5978,multi_train,multi,how_many,reasoning
8083,multi_train,multi,compare,reasoning
8085,multi_train,multi,which,reasoning
8086,multi_train,multi,which,reasoning
6210,multi_train,multi,compare,reasoning
6211,multi_train,multi,how_many,reasoning
6212,multi_train,multi,how_many,reasoning
6213,multi_train,multi,how_many,reasoning
6214,multi_train,multi,how_many,reasoning
1505,multi_train,multi,how_many,reasoning
6450,multi_train,multi,compare,reasoning
6451,multi_train,multi,how_many,reasoning
6452,multi_train,multi,how_many,reasoning
5524,multi_train,multi,how_many,reasoning
5525,multi_train,multi,how_many,reasoning
5526,multi_train,multi,compare,reasoning
419,multi_train,multi,how_many,reasoning
420,multi_train,multi,how_many,reasoning
421,multi_train,multi,how_many,reasoning
8201,multi_train,multi,how_many,reasoning
8202,multi_train,multi,compare,reasoning
8203,multi_train,multi,how_many,reasoning
4335,multi_train,multi,which,reasoning
4336,multi_train,multi,how_many,reasoning
3694,multi_train,multi,what,reasoning
3695,multi_train,multi,what,reasoning
3696,multi_train,multi,which,reasoning
3697,multi_train,multi,what,reasoning
3698,multi_train,multi,how_many,reasoning
4715,multi_train,multi,which,reasoning
4716,multi_train,multi,what,reasoning
4717,multi_train,multi,what,reasoning
4718,multi_train,multi,what,reasoning
9405,multi_train,multi,how_many,reasoning
9406,multi_train,multi,how_many,reasoning
9407,multi_train,multi,how_many,reasoning
9408,multi_train,multi,how_many,reasoning
9409,multi_train,multi,how_many,reasoning
9400,multi_train,multi,compare,reasoning
9401,multi_train,multi,how_many,reasoning
9402,multi_train,multi,how_many,reasoning
9404,multi_train,multi,how_many,reasoning
9403,multi_train,multi,compare,reasoning
9411,multi_train,multi,how_many,reasoning
1539,multi_train,multi,how_many,reasoning
1540,multi_train,multi,what,reasoning
1541,multi_train,multi,how_many,reasoning
1544,multi_train,multi,how_many,reasoning
1542,multi_train,multi,compare,reasoning
4995,multi_train,multi,how_many,reasoning
4996,multi_train,multi,what,reasoning
4997,multi_train,multi,which,reasoning
4998,multi_train,multi,which,reasoning
4999,multi_train,multi,what,reasoning
5000,multi_train,multi,what,reasoning
5001,multi_train,multi,how_many,reasoning
4991,multi_train,multi,how_many,reasoning
4992,multi_train,multi,what,reasoning
4993,multi_train,multi,what,reasoning
4994,multi_train,multi,what,reasoning
5859,multi_train,multi,which,reasoning
5861,multi_train,multi,how_many,reasoning
5862,multi_train,multi,how_many,reasoning
5863,multi_train,multi,how_many,reasoning
5865,multi_train,multi,which,reasoning
5866,multi_train,multi,which,reasoning
5867,multi_train,multi,which,reasoning
5868,multi_train,multi,how_many,reasoning
119,multi_train,multi,how_many,reasoning
118,multi_train,multi,how_many,reasoning
1456,multi_train,multi,how_many,reasoning
1457,multi_train,multi,how_many,reasoning
1459,multi_train,multi,how_many,reasoning
604,multi_train,multi,when,reasoning
605,multi_train,multi,what,reasoning
606,multi_train,multi,when,reasoning
607,multi_train,multi,what,reasoning
608,multi_train,multi,compare,reasoning
610,multi_train,multi,what,reasoning
613,multi_train,multi,what,reasoning
9053,multi_train,multi,what,reasoning
9047,multi_train,multi,what,reasoning
9048,multi_train,multi,how_many,reasoning
9049,multi_train,multi,what,reasoning
9051,multi_train,multi,compare,reasoning
9052,multi_train,multi,what,reasoning
9055,multi_train,multi,which,reasoning
9056,multi_train,multi,what,reasoning
7703,multi_train,multi,what,reasoning
8777,multi_train,multi,how_many,reasoning
8780,multi_train,multi,how_many,reasoning
8781,multi_train,multi,how_many,reasoning
8782,multi_train,multi,how_many,reasoning
8787,multi_train,multi,compare,reasoning
8788,multi_train,multi,how_many,reasoning
8789,multi_train,multi,how_many,reasoning
8790,multi_train,multi,how_many,reasoning
8792,multi_train,multi,how_many,reasoning
8783,multi_train,multi,how_many,reasoning
8785,multi_train,multi,compare,reasoning
8786,multi_train,multi,how_many,reasoning
1590,multi_train,multi,how_many,reasoning
1591,multi_train,multi,compare,reasoning
1592,multi_train,multi,how_many,reasoning
988,multi_train,multi,how_many,reasoning
1844,multi_train,multi,what,reasoning
1845,multi_train,multi,what,reasoning
1245,multi_train,multi,compare,reasoning
6882,multi_train,multi,how_many,reasoning
7784,multi_train,multi,how_many,reasoning
4638,multi_train,multi,what,reasoning
5807,multi_train,multi,how_many,reasoning
5800,multi_train,multi,other,reasoning
5802,multi_train,multi,compare,reasoning
1497,multi_train,multi,what,reasoning
1499,multi_train,multi,how_many,reasoning
6001,multi_train,multi,which,reasoning
6002,multi_train,multi,how_many,reasoning
6010,multi_train,multi,what,reasoning
6013,multi_train,multi,what,reasoning
6006,multi_train,multi,which,reasoning
6007,multi_train,multi,which,reasoning
6008,multi_train,multi,which,reasoning
2688,multi_train,multi,compare,reasoning
2689,multi_train,multi,how_many,reasoning
2690,multi_train,multi,compare,reasoning
2684,multi_train,multi,how_many,reasoning
2686,multi_train,multi,compare,reasoning
8932,multi_train,multi,compare,reasoning
8933,multi_train,multi,how_many,reasoning
8934,multi_train,multi,compare,reasoning
8935,multi_train,multi,how_many,reasoning
8928,multi_train,multi,how_many,reasoning
8930,multi_train,multi,how_many,reasoning
8923,multi_train,multi,how_many,reasoning
8924,multi_train,multi,how_many,reasoning
8925,multi_train,multi,how_many,reasoning
8926,multi_train,multi,how_many,reasoning
8927,multi_train,multi,compare,reasoning
3249,multi_train,multi,what,reasoning
3250,multi_train,multi,what,reasoning
3254,multi_train,multi,which,reasoning
3258,multi_train,multi,what,reasoning
3251,multi_train,multi,what,reasoning
3253,multi_train,multi,compare,reasoning
8385,multi_train,multi,what,reasoning
8387,multi_train,multi,what,reasoning
8389,multi_train,multi,what,reasoning
8390,multi_train,multi,what,reasoning
8391,multi_train,multi,what,reasoning
8393,multi_train,multi,how_many,reasoning
8383,multi_train,multi,what,reasoning
9385,multi_train,multi,how_many,reasoning
9386,multi_train,multi,how_many,reasoning
9387,multi_train,multi,compare,reasoning
9388,multi_train,multi,compare,reasoning
5414,multi_train,multi,compare,reasoning
5415,multi_train,multi,how_many,reasoning
5416,multi_train,multi,how_many,reasoning
6891,multi_train,multi,what,reasoning
6892,multi_train,multi,what,reasoning
6893,multi_train,multi,how_many,reasoning
9449,multi_train,multi,how_many,reasoning
9450,multi_train,multi,compare,reasoning
9438,multi_train,multi,compare,reasoning
9439,multi_train,multi,how_many,reasoning
9440,multi_train,multi,compare,reasoning
9441,multi_train,multi,how_many,reasoning
9442,multi_train,multi,how_many,reasoning
9443,multi_train,multi,compare,reasoning
1063,multi_train,multi,compare,reasoning
6974,multi_train,multi,how_many,reasoning
3992,multi_train,multi,how_many,reasoning
3993,multi_train,multi,how_many,reasoning
4374,multi_train,multi,compare,reasoning
8618,multi_train,multi,how_many,reasoning
8619,multi_train,multi,how_many,reasoning
8620,multi_train,multi,how_many,reasoning
8621,multi_train,multi,how_many,reasoning
8622,multi_train,multi,compare,reasoning
4287,multi_train,multi,what,reasoning
4288,multi_train,multi,what,reasoning
4290,multi_train,multi,when,reasoning
4291,multi_train,multi,compare,reasoning
4292,multi_train,multi,how_many,reasoning
4293,multi_train,multi,how_many,reasoning
4294,multi_train,multi,compare,reasoning
4296,multi_train,multi,what,reasoning
4297,multi_train,multi,which,reasoning
511,multi_train,multi,compare,reasoning
512,multi_train,multi,which,reasoning
513,multi_train,multi,how_many,reasoning
514,multi_train,multi,compare,reasoning
515,multi_train,multi,what,reasoning
7705,multi_train,multi,compare,reasoning
7706,multi_train,multi,how_many,reasoning
7707,multi_train,multi,how_many,reasoning
7708,multi_train,multi,compare,reasoning
7704,multi_train,multi,how_many,reasoning
1066,multi_train,multi,how_many,reasoning
1067,multi_train,multi,how_many,reasoning
1068,multi_train,multi,how_many,reasoning
1069,multi_train,multi,compare,reasoning
1070,multi_train,multi,how_many,reasoning
1071,multi_train,multi,how_many,reasoning
4129,multi_train,multi,when,reasoning
4130,multi_train,multi,how_many,reasoning
4131,multi_train,multi,what,reasoning
4132,multi_train,multi,how_many,reasoning
4133,multi_train,multi,compare,reasoning
538,multi_train,multi,how_many,reasoning
539,multi_train,multi,how_many,reasoning
540,multi_train,multi,how_many,reasoning
541,multi_train,multi,compare,reasoning
534,multi_train,multi,compare,reasoning
535,multi_train,multi,how_many,reasoning
536,multi_train,multi,compare,reasoning
537,multi_train,multi,compare,reasoning
531,multi_train,multi,how_many,reasoning
532,multi_train,multi,how_many,reasoning
533,multi_train,multi,compare,reasoning
529,multi_train,multi,compare,reasoning
530,multi_train,multi,how_many,reasoning
6614,multi_train,multi,which,reasoning
6615,multi_train,multi,what,reasoning
6616,multi_train,multi,what,reasoning
6617,multi_train,multi,what,reasoning
8047,multi_train,multi,compare,reasoning
8048,multi_train,multi,compare,reasoning
8049,multi_train,multi,how_many,reasoning
8050,multi_train,multi,compare,reasoning
8051,multi_train,multi,compare,reasoning
8052,multi_train,multi,how_many,reasoning
9359,multi_train,multi,how_many,reasoning
9360,multi_train,multi,how_many,reasoning
9355,multi_train,multi,how_many,reasoning
9356,multi_train,multi,how_many,reasoning
9357,multi_train,multi,compare,reasoning
9358,multi_train,multi,how_many,reasoning
9361,multi_train,multi,compare,reasoning
9363,multi_train,multi,how_many,reasoning
5844,multi_train,multi,what,reasoning
5846,multi_train,multi,how_many,reasoning
5848,multi_train,multi,compare,reasoning
5835,multi_train,multi,how_many,reasoning
5836,multi_train,multi,how_many,reasoning
5837,multi_train,multi,compare,reasoning
5838,multi_train,multi,how_many,reasoning
5839,multi_train,multi,how_many,reasoning
5840,multi_train,multi,how_many,reasoning
5842,multi_train,multi,what,reasoning
2225,multi_train,multi,how_many,reasoning
2226,multi_train,multi,how_many,reasoning
2227,multi_train,multi,how_many,reasoning
2228,multi_train,multi,compare,reasoning
6702,multi_train,multi,what,reasoning
6703,multi_train,multi,how_many,reasoning
6704,multi_train,multi,how_many,reasoning
6288,multi_train,multi,what,reasoning
5901,multi_train,multi,how_many,reasoning
5904,multi_train,multi,how_many,reasoning
5911,multi_train,multi,which,reasoning
5912,multi_train,multi,how_many,reasoning
5913,multi_train,multi,which,reasoning
5907,multi_train,multi,which,reasoning
5908,multi_train,multi,how_many,reasoning
5909,multi_train,multi,how_many,reasoning
9549,multi_train,multi,how_many,reasoning
9550,multi_train,multi,how_many,reasoning
9551,multi_train,multi,compare,reasoning
9552,multi_train,multi,how_many,reasoning
9553,multi_train,multi,compare,reasoning
4304,multi_train,multi,how_many,reasoning
8566,multi_train,multi,how_many,reasoning
8568,multi_train,multi,compare,reasoning
8569,multi_train,multi,how_many,reasoning
8570,multi_train,multi,how_many,reasoning
8571,multi_train,multi,how_many,reasoning
8572,multi_train,multi,how_many,reasoning
8563,multi_train,multi,how_many,reasoning
8565,multi_train,multi,how_many,reasoning
1764,multi_train,multi,how_many,reasoning
1765,multi_train,multi,which,reasoning
1766,multi_train,multi,what,reasoning
1767,multi_train,multi,how_many,reasoning
9196,multi_train,multi,how_many,reasoning
9197,multi_train,multi,what,reasoning
9198,multi_train,multi,how_many,reasoning
9199,multi_train,multi,what,reasoning
8677,multi_train,multi,how_many,reasoning
8678,multi_train,multi,how_many,reasoning
8679,multi_train,multi,how_many,reasoning
8680,multi_train,multi,compare,reasoning
8681,multi_train,multi,how_many,reasoning
8682,multi_train,multi,how_many,reasoning
8673,multi_train,multi,how_many,reasoning
8674,multi_train,multi,compare,reasoning
8675,multi_train,multi,compare,reasoning
8676,multi_train,multi,compare,reasoning
6825,multi_train,multi,what,reasoning
6826,multi_train,multi,how_many,reasoning
6827,multi_train,multi,what,reasoning
1874,multi_train,multi,how_many,reasoning
1875,multi_train,multi,compare,reasoning
1876,multi_train,multi,compare,reasoning
1877,multi_train,multi,how_many,reasoning
3175,multi_train,multi,how_many,reasoning
3824,multi_train,multi,which,reasoning
3825,multi_train,multi,which,reasoning
3826,multi_train,multi,what,reasoning
8138,multi_train,multi,how_many,reasoning
8139,multi_train,multi,how_many,reasoning
8140,multi_train,multi,compare,reasoning
8142,multi_train,multi,how_many,reasoning
5347,multi_train,multi,other,reasoning
5348,multi_train,multi,other,reasoning
5350,multi_train,multi,other,reasoning
5351,multi_train,multi,how_many,reasoning
5352,multi_train,multi,other,reasoning
4001,multi_train,multi,what,reasoning
4003,multi_train,multi,how_many,reasoning
2016,multi_train,multi,compare,reasoning
2017,multi_train,multi,how_many,reasoning
2018,multi_train,multi,how_many,reasoning
1211,multi_train,multi,how_many,reasoning
1213,multi_train,multi,how_many,reasoning
6361,multi_train,multi,which,reasoning
6362,multi_train,multi,compare,reasoning
6363,multi_train,multi,what,reasoning
380,multi_train,multi,compare,reasoning
381,multi_train,multi,how_many,reasoning
382,multi_train,multi,how_many,reasoning
823,multi_train,multi,what,reasoning
825,multi_train,multi,what,reasoning
822,multi_train,multi,what,reasoning
819,multi_train,multi,what,reasoning
820,multi_train,multi,what,reasoning
815,multi_train,multi,compare,reasoning
816,multi_train,multi,what,reasoning
817,multi_train,multi,compare,reasoning
818,multi_train,multi,what,reasoning
4479,multi_train,multi,how_many,reasoning
4480,multi_train,multi,compare,reasoning
4481,multi_train,multi,how_many,reasoning
2198,multi_train,multi,how_many,reasoning
2199,multi_train,multi,how_many,reasoning
2200,multi_train,multi,how_many,reasoning
2201,multi_train,multi,compare,reasoning
2202,multi_train,multi,how_many,reasoning
2388,multi_train,multi,how_many,reasoning
2389,multi_train,multi,how_many,reasoning
2390,multi_train,multi,which,reasoning
4077,multi_train,multi,which,reasoning
4078,multi_train,multi,what,reasoning
3729,multi_train,multi,how_many,reasoning
3730,multi_train,multi,what,reasoning
7842,multi_train,multi,what,reasoning
6630,multi_train,multi,how_many,reasoning
1304,multi_train,multi,compare,reasoning
1305,multi_train,multi,how_many,reasoning
1308,multi_train,multi,how_many,reasoning
5732,multi_train,multi,how_many,reasoning
5733,multi_train,multi,how_many,reasoning
5734,multi_train,multi,how_many,reasoning
5735,multi_train,multi,how_many,reasoning
5736,multi_train,multi,how_many,reasoning
2931,multi_train,multi,how_many,reasoning
2932,multi_train,multi,compare,reasoning
2934,multi_train,multi,what,reasoning
7721,multi_train,multi,how_many,reasoning
7722,multi_train,multi,how_many,reasoning
7005,multi_train,multi,how_many,reasoning
7006,multi_train,multi,compare,reasoning
7007,multi_train,multi,how_many,reasoning
7008,multi_train,multi,how_many,reasoning
4126,multi_train,multi,how_many,reasoning
4127,multi_train,multi,how_many,reasoning
4128,multi_train,multi,what,reasoning
5580,multi_train,multi,what,reasoning
320,multi_train,multi,compare,reasoning
321,multi_train,multi,how_many,reasoning
322,multi_train,multi,how_many,reasoning
323,multi_train,multi,how_many,reasoning
1060,multi_train,multi,how_many,reasoning
1062,multi_train,multi,how_many,reasoning
2620,multi_train,multi,compare,reasoning
2621,multi_train,multi,how_many,reasoning
2622,multi_train,multi,how_many,reasoning
2623,multi_train,multi,how_many,reasoning
2612,multi_train,multi,how_many,reasoning
2613,multi_train,multi,how_many,reasoning
2614,multi_train,multi,how_many,reasoning
2615,multi_train,multi,how_many,reasoning
2617,multi_train,multi,how_many,reasoning
2618,multi_train,multi,how_many,reasoning
2619,multi_train,multi,how_many,reasoning
368,multi_train,multi,how_many,reasoning
367,multi_train,multi,how_many,reasoning
5727,multi_train,multi,how_many,reasoning
5728,multi_train,multi,how_many,reasoning
5729,multi_train,multi,how_many,reasoning
5730,multi_train,multi,how_many,reasoning
5731,multi_train,multi,how_many,reasoning
5737,multi_train,multi,how_many,reasoning
5738,multi_train,multi,how_many,reasoning
5739,multi_train,multi,how_many,reasoning
5740,multi_train,multi,how_many,reasoning
5741,multi_train,multi,how_many,reasoning
1465,multi_train,multi,how_many,reasoning
5247,multi_train,multi,how_many,reasoning
5248,multi_train,multi,how_many,reasoning
5249,multi_train,multi,how_many,reasoning
4042,multi_train,multi,what,reasoning
4043,multi_train,multi,how_many,reasoning
3321,multi_train,multi,how_many,reasoning
3322,multi_train,multi,compare,reasoning
3323,multi_train,multi,compare,reasoning
3324,multi_train,multi,how_many,reasoning
3326,multi_train,multi,compare,reasoning
3327,multi_train,multi,compare,reasoning
4867,multi_train,multi,compare,reasoning
4868,multi_train,multi,compare,reasoning
4869,multi_train,multi,how_many,reasoning
1482,multi_train,multi,how_many,reasoning
1483,multi_train,multi,how_many,reasoning
1484,multi_train,multi,how_many,reasoning
1485,multi_train,multi,how_many,reasoning
1486,multi_train,multi,how_many,reasoning
1749,multi_train,multi,compare,reasoning
1390,multi_train,multi,how_many,reasoning
1392,multi_train,multi,compare,reasoning
1393,multi_train,multi,how_many,reasoning
6721,multi_train,multi,how_many,reasoning
6723,multi_train,multi,how_many,reasoning
6724,multi_train,multi,compare,reasoning
1811,multi_train,multi,how_many,reasoning
1812,multi_train,multi,compare,reasoning
1813,multi_train,multi,how_many,reasoning
1814,multi_train,multi,how_many,reasoning
1815,multi_train,multi,which,reasoning
1816,multi_train,multi,compare,reasoning
8163,multi_train,multi,what,reasoning
8164,multi_train,multi,how_many,reasoning
6314,multi_train,multi,what,reasoning
6315,multi_train,multi,what,reasoning
8346,multi_train,multi,how_many,reasoning
8347,multi_train,multi,how_many,reasoning
8348,multi_train,multi,how_many,reasoning
6819,multi_train,multi,what,reasoning
6820,multi_train,multi,what,reasoning
4729,multi_train,multi,compare,reasoning
4730,multi_train,multi,how_many,reasoning
4731,multi_train,multi,compare,reasoning
4732,multi_train,multi,how_many,reasoning
4733,multi_train,multi,how_many,reasoning
5673,multi_train,multi,how_many,reasoning
5674,multi_train,multi,how_many,reasoning
5675,multi_train,multi,how_many,reasoning
1217,multi_train,multi,how_many,reasoning
1215,multi_train,multi,how_many,reasoning
1216,multi_train,multi,how_many,reasoning
1218,multi_train,multi,how_many,reasoning
1728,multi_train,multi,how_many,reasoning
1729,multi_train,multi,how_many,reasoning
1730,multi_train,multi,which,lookup
7484,multi_train,multi,compare,reasoning
7485,multi_train,multi,how_many,reasoning
7486,multi_train,multi,how_many,reasoning
3869,multi_train,multi,how_many,reasoning
3870,multi_train,multi,how_many,reasoning
3871,multi_train,multi,compare,reasoning
3873,multi_train,multi,which,reasoning
3874,multi_train,multi,which,reasoning
3875,multi_train,multi,compare,reasoning
3876,multi_train,multi,how_many,reasoning
3866,multi_train,multi,how_many,reasoning
3867,multi_train,multi,what,reasoning
3868,multi_train,multi,compare,reasoning
3435,multi_train,multi,compare,reasoning
3436,multi_train,multi,compare,reasoning
3437,multi_train,multi,compare,reasoning
3438,multi_train,multi,how_many,reasoning
3439,multi_train,multi,how_many,reasoning
3440,multi_train,multi,how_many,reasoning
3441,multi_train,multi,compare,reasoning
3442,multi_train,multi,what,reasoning
3443,multi_train,multi,compare,reasoning
3444,multi_train,multi,compare,reasoning
3445,multi_train,multi,how_many,reasoning
3446,multi_train,multi,compare,reasoning
7710,multi_train,multi,compare,reasoning
7711,multi_train,multi,how_many,reasoning
7714,multi_train,multi,how_many,reasoning
2280,multi_train,multi,how_many,reasoning
2281,multi_train,multi,how_many,reasoning
2283,multi_train,multi,how_many,reasoning
5602,multi_train,multi,how_many,reasoning
5603,multi_train,multi,compare,reasoning
1324,multi_train,multi,how_many,reasoning
1325,multi_train,multi,how_many,reasoning
2209,multi_train,multi,how_many,reasoning
2211,multi_train,multi,how_many,reasoning
2212,multi_train,multi,what,reasoning
2213,multi_train,multi,how_many,reasoning
4875,multi_train,multi,how_many,reasoning
4876,multi_train,multi,compare,reasoning
4877,multi_train,multi,compare,reasoning
4871,multi_train,multi,how_many,reasoning
4872,multi_train,multi,how_many,reasoning
4873,multi_train,multi,compare,reasoning
4874,multi_train,multi,how_many,reasoning
8477,multi_train,multi,how_many,reasoning
8478,multi_train,multi,compare,reasoning
8479,multi_train,multi,how_many,reasoning
8484,multi_train,multi,compare,reasoning
8485,multi_train,multi,how_many,reasoning
8486,multi_train,multi,how_many,reasoning
8487,multi_train,multi,compare,reasoning
8488,multi_train,multi,how_many,reasoning
8489,multi_train,multi,how_many,reasoning
8480,multi_train,multi,how_many,reasoning
8481,multi_train,multi,how_many,reasoning
8482,multi_train,multi,how_many,reasoning
8483,multi_train,multi,how_many,reasoning
9170,multi_train,multi,what,reasoning
9167,multi_train,multi,which,reasoning
9168,multi_train,multi,which,reasoning
9169,multi_train,multi,which,reasoning
9163,multi_train,multi,which,reasoning
5896,multi_train,multi,how_many,reasoning
5897,multi_train,multi,compare,reasoning
5898,multi_train,multi,compare,reasoning
5899,multi_train,multi,how_many,reasoning
5900,multi_train,multi,how_many,reasoning
5893,multi_train,multi,which,reasoning
5894,multi_train,multi,compare,reasoning
5895,multi_train,multi,how_many,reasoning
4629,multi_train,multi,compare,reasoning
4631,multi_train,multi,how_many,reasoning
4632,multi_train,multi,what,reasoning
1338,multi_train,multi,how_many,reasoning
1339,multi_train,multi,how_many,reasoning
1341,multi_train,multi,how_many,reasoning
1342,multi_train,multi,compare,reasoning
1340,multi_train,multi,compare,reasoning
4734,multi_train,multi,how_many,reasoning
6937,multi_train,multi,how_many,reasoning
6938,multi_train,multi,how_many,reasoning
6940,multi_train,multi,how_many,reasoning
1439,multi_train,multi,how_many,reasoning
1440,multi_train,multi,how_many,reasoning
3291,multi_train,multi,how_many,reasoning
3292,multi_train,multi,how_many,reasoning
3293,multi_train,multi,how_many,reasoning
3294,multi_train,multi,how_many,reasoning
3281,multi_train,multi,how_many,reasoning
3282,multi_train,multi,how_many,reasoning
3284,multi_train,multi,how_many,reasoning
4184,multi_train,multi,how_many,reasoning
4186,multi_train,multi,how_many,reasoning
4614,multi_train,multi,compare,reasoning
4615,multi_train,multi,how_many,reasoning
5640,multi_train,multi,compare,reasoning
5641,multi_train,multi,how_many,reasoning
5642,multi_train,multi,other,reasoning
8944,multi_train,multi,which,reasoning
8945,multi_train,multi,what,reasoning
8946,multi_train,multi,which,reasoning
8939,multi_train,multi,what,reasoning
8941,multi_train,multi,what,reasoning
2366,multi_train,multi,how_many,reasoning
2367,multi_train,multi,how_many,reasoning
4423,multi_train,multi,compare,reasoning
4424,multi_train,multi,how_many,reasoning
4425,multi_train,multi,how_many,reasoning
2797,multi_train,multi,how_many,reasoning
2798,multi_train,multi,how_many,reasoning
2800,multi_train,multi,when,reasoning
5214,multi_train,multi,compare,reasoning
5215,multi_train,multi,how_many,reasoning
5216,multi_train,multi,how_many,reasoning
4542,multi_train,multi,compare,reasoning
4543,multi_train,multi,how_many,reasoning
3502,multi_train,multi,how_many,reasoning
3506,multi_train,multi,compare,reasoning
3493,multi_train,multi,compare,reasoning
3495,multi_train,multi,compare,reasoning
3496,multi_train,multi,compare,reasoning
3498,multi_train,multi,how_many,reasoning
3499,multi_train,multi,compare,reasoning
3500,multi_train,multi,compare,reasoning
3501,multi_train,multi,compare,reasoning
5,multi_train,multi,compare,reasoning
6,multi_train,multi,compare,reasoning
7,multi_train,multi,how_many,reasoning
3748,multi_train,multi,how_many,reasoning
3749,multi_train,multi,how_many,reasoning
5422,multi_train,multi,how_many,reasoning
5423,multi_train,multi,how_many,reasoning
5425,multi_train,multi,how_many,reasoning
6669,multi_train,multi,how_many,reasoning
6671,multi_train,multi,what,reasoning
6673,multi_train,multi,what,reasoning
6672,multi_train,multi,how_many,reasoning
4197,multi_train,multi,what,reasoning
4198,multi_train,multi,how_many,reasoning
4200,multi_train,multi,what,reasoning
4203,multi_train,multi,compare,reasoning
968,multi_train,multi,how_many,reasoning
969,multi_train,multi,how_many,reasoning
8725,multi_train,multi,how_many,reasoning
8726,multi_train,multi,how_many,reasoning
8727,multi_train,multi,compare,reasoning
8728,multi_train,multi,how_many,reasoning
8729,multi_train,multi,compare,reasoning
862,multi_train,multi,how_many,reasoning
864,multi_train,multi,how_many,reasoning
8160,multi_train,multi,what,reasoning
8161,multi_train,multi,how_many,reasoning
8162,multi_train,multi,compare,reasoning
2259,multi_train,multi,what,reasoning
6334,multi_train,multi,compare,reasoning
4978,multi_train,multi,how_many,reasoning
4980,multi_train,multi,how_many,reasoning
4972,multi_train,multi,how_many,reasoning
4974,multi_train,multi,how_many,reasoning
4975,multi_train,multi,how_many,reasoning
4976,multi_train,multi,how_many,reasoning
3675,multi_train,multi,what,reasoning
3677,multi_train,multi,compare,reasoning
1847,multi_train,multi,how_many,reasoning
5404,multi_train,multi,which,reasoning
5405,multi_train,multi,which,reasoning
5406,multi_train,multi,which,reasoning
5407,multi_train,multi,which,reasoning
2146,multi_train,multi,how_many,reasoning
2147,multi_train,multi,compare,reasoning
429,multi_train,multi,compare,reasoning
430,multi_train,multi,how_many,reasoning
431,multi_train,multi,how_many,reasoning
432,multi_train,multi,compare,reasoning
6348,multi_train,multi,how_many,reasoning
6349,multi_train,multi,how_many,reasoning
6352,multi_train,multi,how_many,reasoning
4603,multi_train,multi,how_many,reasoning
4604,multi_train,multi,how_many,reasoning
4605,multi_train,multi,compare,reasoning
6445,multi_train,multi,compare,reasoning
6446,multi_train,multi,compare,reasoning
6447,multi_train,multi,how_many,reasoning
6448,multi_train,multi,how_many,reasoning
6449,multi_train,multi,compare,reasoning
4720,multi_train,multi,compare,reasoning
4721,multi_train,multi,how_many,reasoning
4722,multi_train,multi,what,reasoning
4723,multi_train,multi,how_many,reasoning
6018,multi_train,multi,how_many,reasoning
6019,multi_train,multi,what,reasoning
1750,multi_train,multi,compare,reasoning
1751,multi_train,multi,compare,reasoning
1752,multi_train,multi,compare,reasoning
1753,multi_train,multi,how_many,reasoning
8110,multi_train,multi,how_many,reasoning
2496,multi_train,multi,how_many,reasoning
2497,multi_train,multi,compare,reasoning
2498,multi_train,multi,what,reasoning
2499,multi_train,multi,how_many,reasoning
2491,multi_train,multi,compare,reasoning
2492,multi_train,multi,how_many,reasoning
2494,multi_train,multi,compare,reasoning
2495,multi_train,multi,how_many,reasoning
237,multi_train,multi,compare,reasoning
238,multi_train,multi,how_many,reasoning
239,multi_train,multi,how_many,reasoning
1880,multi_train,multi,what,reasoning
1881,multi_train,multi,how_many,reasoning
1882,multi_train,multi,which,reasoning
1883,multi_train,multi,what,reasoning
1884,multi_train,multi,what,reasoning
7581,multi_train,multi,compare,reasoning
7582,multi_train,multi,how_many,reasoning
7583,multi_train,multi,how_many,reasoning
6100,multi_train,multi,how_many,reasoning
6102,multi_train,multi,how_many,reasoning
2750,multi_train,multi,how_many,reasoning
2751,multi_train,multi,compare,reasoning
2752,multi_train,multi,compare,reasoning
2753,multi_train,multi,how_many,reasoning
2747,multi_train,multi,compare,reasoning
2748,multi_train,multi,compare,reasoning
2749,multi_train,multi,how_many,reasoning
2741,multi_train,multi,compare,reasoning
2743,multi_train,multi,how_many,reasoning
2744,multi_train,multi,compare,reasoning
2745,multi_train,multi,compare,reasoning
2746,multi_train,multi,compare,reasoning
1774,multi_train,multi,how_many,reasoning
1776,multi_train,multi,how_many,reasoning
311,multi_train,multi,compare,reasoning
312,multi_train,multi,how_many,reasoning
313,multi_train,multi,when,reasoning
7945,multi_train,multi,which,reasoning
7947,multi_train,multi,what,reasoning
7948,multi_train,multi,which,reasoning
3391,multi_train,multi,how_many,reasoning
3392,multi_train,multi,compare,reasoning
3394,multi_train,multi,compare,reasoning
1120,multi_train,multi,how_many,reasoning
1124,multi_train,multi,compare,reasoning
7801,multi_train,multi,how_many,reasoning
858,multi_train,multi,how_many,reasoning
859,multi_train,multi,compare,reasoning
860,multi_train,multi,how_many,reasoning
861,multi_train,multi,how_many,reasoning
1988,multi_train,multi,compare,reasoning
1990,multi_train,multi,compare,reasoning
1992,multi_train,multi,how_many,reasoning
1993,multi_train,multi,compare,reasoning
4482,multi_train,multi,how_many,reasoning
4483,multi_train,multi,how_many,reasoning
4484,multi_train,multi,how_many,reasoning
4321,multi_train,multi,how_many,reasoning
4323,multi_train,multi,compare,reasoning
4325,multi_train,multi,how_many,reasoning
4326,multi_train,multi,what,reasoning
7981,multi_train,multi,how_many,reasoning
7982,multi_train,multi,how_many,reasoning
7983,multi_train,multi,how_many,reasoning
145,multi_train,multi,what,reasoning
147,multi_train,multi,how_many,reasoning
143,multi_train,multi,compare,reasoning
144,multi_train,multi,how_many,reasoning
146,multi_train,multi,how_many,reasoning
6774,multi_train,multi,how_many,reasoning
6776,multi_train,multi,which,reasoning
6777,multi_train,multi,compare,reasoning
6778,multi_train,multi,what,reasoning
3584,multi_train,multi,how_many,reasoning
3585,multi_train,multi,how_many,reasoning
3577,multi_train,multi,how_many,reasoning
3580,multi_train,multi,how_many,reasoning
3581,multi_train,multi,how_many,reasoning
3573,multi_train,multi,how_many,reasoning
3574,multi_train,multi,compare,reasoning
3575,multi_train,multi,how_many,reasoning
3576,multi_train,multi,how_many,reasoning
1691,multi_train,multi,how_many,reasoning
1692,multi_train,multi,how_many,reasoning
1693,multi_train,multi,how_many,reasoning
6697,multi_train,multi,what,reasoning
6698,multi_train,multi,what,reasoning
6699,multi_train,multi,which,reasoning
1725,multi_train,multi,compare,reasoning
1726,multi_train,multi,how_many,reasoning
4240,multi_train,multi,what,reasoning
4235,multi_train,multi,what,reasoning
4243,multi_train,multi,what,reasoning
2558,multi_train,multi,compare,reasoning
2559,multi_train,multi,compare,reasoning
2560,multi_train,multi,how_many,reasoning
2561,multi_train,multi,how_many,reasoning
2563,multi_train,multi,how_many,reasoning
2564,multi_train,multi,compare,reasoning
2565,multi_train,multi,how_many,reasoning
2566,multi_train,multi,how_many,reasoning
2568,multi_train,multi,how_many,reasoning
7471,multi_train,multi,compare,reasoning
7472,multi_train,multi,how_many,reasoning
7473,multi_train,multi,how_many,reasoning
2154,multi_train,multi,how_many,reasoning
2155,multi_train,multi,count,reasoning
8247,multi_train,multi,how_many,reasoning
6410,multi_train,multi,what,reasoning
6411,multi_train,multi,what,reasoning
6412,multi_train,multi,how_many,reasoning
6413,multi_train,multi,which,reasoning
6415,multi_train,multi,how_many,reasoning
1368,multi_train,multi,how_many,reasoning
1369,multi_train,multi,how_many,reasoning
7289,multi_train,multi,compare,reasoning
7283,multi_train,multi,how_many,reasoning
7285,multi_train,multi,compare,reasoning
7287,multi_train,multi,how_many,reasoning
7291,multi_train,multi,how_many,reasoning
7292,multi_train,multi,how_many,reasoning
8556,multi_train,multi,how_many,reasoning
8557,multi_train,multi,how_many,reasoning
8558,multi_train,multi,how_many,reasoning
8559,multi_train,multi,how_many,reasoning
8560,multi_train,multi,how_many,reasoning
8561,multi_train,multi,compare,reasoning
8553,multi_train,multi,how_many,reasoning
8554,multi_train,multi,how_many,reasoning
8555,multi_train,multi,which,reasoning
68,multi_train,multi,compare,reasoning
69,multi_train,multi,how_many,reasoning
70,multi_train,multi,how_many,reasoning
71,multi_train,multi,compare,reasoning
52,multi_train,multi,how_many,reasoning
53,multi_train,multi,how_many,reasoning
54,multi_train,multi,compare,reasoning
55,multi_train,multi,how_many,reasoning
64,multi_train,multi,compare,reasoning
66,multi_train,multi,how_many,reasoning
67,multi_train,multi,how_many,reasoning
62,multi_train,multi,how_many,reasoning
63,multi_train,multi,how_many,reasoning
61,multi_train,multi,how_many,reasoning
6752,multi_train,multi,what,reasoning
6753,multi_train,multi,how_many,reasoning
6754,multi_train,multi,what,reasoning
7870,multi_train,multi,how_many,reasoning
7871,multi_train,multi,how_many,reasoning
204,multi_train,multi,what,reasoning
205,multi_train,multi,how_many,reasoning
305,multi_train,multi,what,reasoning
307,multi_train,multi,how_many,reasoning
306,multi_train,multi,how_many,reasoning
7725,multi_train,multi,compare,reasoning
7726,multi_train,multi,compare,reasoning
2204,multi_train,multi,compare,reasoning
2205,multi_train,multi,how_many,reasoning
2206,multi_train,multi,how_many,reasoning
6745,multi_train,multi,what,reasoning
6746,multi_train,multi,what,reasoning
6747,multi_train,multi,how_many,reasoning
422,multi_train,multi,how_many,reasoning
423,multi_train,multi,compare,reasoning
8099,multi_train,multi,what,reasoning
8100,multi_train,multi,which,reasoning
8102,multi_train,multi,which,reasoning
6757,multi_train,multi,which,reasoning
6758,multi_train,multi,which,reasoning
6759,multi_train,multi,how_many,reasoning
6760,multi_train,multi,which,reasoning
6761,multi_train,multi,which,reasoning
6762,multi_train,multi,which,reasoning
7686,multi_train,multi,how_many,reasoning
2482,multi_train,multi,how_many,reasoning
2483,multi_train,multi,how_many,reasoning
2484,multi_train,multi,what,reasoning
2485,multi_train,multi,compare,reasoning
2486,multi_train,multi,compare,reasoning
4691,multi_train,multi,which,reasoning
4692,multi_train,multi,when,reasoning
8914,multi_train,multi,list,reasoning
8915,multi_train,multi,what,reasoning
8916,multi_train,multi,list,reasoning
8917,multi_train,multi,what,reasoning
8919,multi_train,multi,what,reasoning
8920,multi_train,multi,what,reasoning
8921,multi_train,multi,which,reasoning
8922,multi_train,multi,how_many,reasoning
5777,multi_train,multi,compare,reasoning
5778,multi_train,multi,how_many,reasoning
5782,multi_train,multi,how_many,reasoning
5783,multi_train,multi,how_many,reasoning
5784,multi_train,multi,compare,reasoning
5779,multi_train,multi,how_many,reasoning
5780,multi_train,multi,how_many,reasoning
5781,multi_train,multi,how_many,reasoning
3914,multi_train,multi,how_many,reasoning
3760,multi_train,multi,how_many,reasoning
7515,multi_train,multi,how_many,reasoning
7516,multi_train,multi,compare,reasoning
7517,multi_train,multi,how_many,reasoning
7518,multi_train,multi,how_many,reasoning
9557,multi_train,multi,how_many,reasoning
9558,multi_train,multi,how_many,reasoning
9554,multi_train,multi,compare,reasoning
9556,multi_train,multi,how_many,reasoning
9559,multi_train,multi,how_many,reasoning
3762,multi_train,multi,how_many,reasoning
3763,multi_train,multi,what,reasoning
3765,multi_train,multi,what,reasoning
6491,multi_train,multi,what,reasoning
6492,multi_train,multi,which,reasoning
6493,multi_train,multi,how_many,reasoning
2643,multi_train,multi,how_many,reasoning
2644,multi_train,multi,how_many,reasoning
2645,multi_train,multi,how_many,reasoning
2646,multi_train,multi,how_many,reasoning
8451,multi_train,multi,compare,reasoning
8453,multi_train,multi,how_many,reasoning
8444,multi_train,multi,how_many,reasoning
8445,multi_train,multi,how_many,reasoning
8446,multi_train,multi,how_many,reasoning
8447,multi_train,multi,how_many,reasoning
8448,multi_train,multi,how_many,reasoning
8449,multi_train,multi,how_many,reasoning
8450,multi_train,multi,compare,reasoning
1853,multi_train,multi,how_many,reasoning
1854,multi_train,multi,which,reasoning
1855,multi_train,multi,how_many,reasoning
1856,multi_train,multi,what,reasoning
1857,multi_train,multi,which,reasoning
5231,multi_train,multi,how_many,reasoning
25,multi_train,multi,how_many,reasoning
26,multi_train,multi,how_many,reasoning
21,multi_train,multi,how_many,reasoning
22,multi_train,multi,compare,reasoning
23,multi_train,multi,how_many,reasoning
24,multi_train,multi,compare,reasoning
8401,multi_train,multi,how_many,reasoning
8403,multi_train,multi,which,reasoning
8404,multi_train,multi,how_many,reasoning
926,multi_train,multi,compare,reasoning
927,multi_train,multi,compare,reasoning
5876,multi_train,multi,which,reasoning
5877,multi_train,multi,which,reasoning
5878,multi_train,multi,how_many,reasoning
5879,multi_train,multi,which,reasoning
5885,multi_train,multi,how_many,reasoning
5886,multi_train,multi,compare,reasoning
5887,multi_train,multi,how_many,reasoning
5881,multi_train,multi,how_many,reasoning
5882,multi_train,multi,how_many,reasoning
5883,multi_train,multi,which,reasoning
4460,multi_train,multi,compare,reasoning
4461,multi_train,multi,compare,reasoning
4462,multi_train,multi,how_many,reasoning
159,multi_train,multi,what,reasoning
6875,multi_train,multi,which,reasoning
6876,multi_train,multi,which,reasoning
5292,multi_train,multi,which,reasoning
5293,multi_train,multi,how_many,reasoning
8026,multi_train,multi,how_many,reasoning
4546,multi_train,multi,what,reasoning
4547,multi_train,multi,how_many,reasoning
4548,multi_train,multi,how_many,reasoning
4549,multi_train,multi,how_many,reasoning
4550,multi_train,multi,how_many,reasoning
3905,multi_train,multi,how_many,reasoning
4430,multi_train,multi,how_many,reasoning
4431,multi_train,multi,how_many,reasoning
4433,multi_train,multi,compare,reasoning
177,multi_train,multi,how_many,reasoning
178,multi_train,multi,how_many,reasoning
179,multi_train,multi,compare,reasoning
180,multi_train,multi,how_many,reasoning
7554,multi_train,multi,compare,reasoning
7555,multi_train,multi,how_many,reasoning
7556,multi_train,multi,compare,reasoning
7557,multi_train,multi,how_many,reasoning
4809,multi_train,multi,how_many,reasoning
4805,multi_train,multi,how_many,reasoning
4806,multi_train,multi,how_many,reasoning
4807,multi_train,multi,how_many,reasoning
4803,multi_train,multi,how_many,reasoning
2852,multi_train,multi,compare,reasoning
2855,multi_train,multi,how_many,reasoning
8370,multi_train,multi,how_many,reasoning
8371,multi_train,multi,how_many,reasoning
8372,multi_train,multi,how_many,reasoning
8373,multi_train,multi,compare,reasoning
8374,multi_train,multi,how_many,reasoning
8375,multi_train,multi,compare,reasoning
8376,multi_train,multi,how_many,reasoning
8377,multi_train,multi,how_many,reasoning
8378,multi_train,multi,how_many,reasoning
8379,multi_train,multi,compare,reasoning
8380,multi_train,multi,how_many,reasoning
8381,multi_train,multi,how_many,reasoning
8382,multi_train,multi,compare,reasoning
5465,multi_train,multi,when,reasoning
5467,multi_train,multi,which,reasoning
9520,multi_train,multi,how_many,reasoning
9521,multi_train,multi,how_many,reasoning
9522,multi_train,multi,compare,reasoning
7344,multi_train,multi,how_many,reasoning
7346,multi_train,multi,compare,reasoning
7347,multi_train,multi,compare,reasoning
7348,multi_train,multi,how_many,reasoning
7349,multi_train,multi,compare,reasoning
4438,multi_train,multi,how_many,reasoning
8156,multi_train,multi,compare,reasoning
8157,multi_train,multi,how_many,reasoning
8158,multi_train,multi,how_many,reasoning
8159,multi_train,multi,how_many,reasoning
4049,multi_train,multi,how_many,reasoning
4050,multi_train,multi,how_many,reasoning
412,multi_train,multi,how_many,reasoning
414,multi_train,multi,what,reasoning
413,multi_train,multi,how_many,reasoning
7434,multi_train,multi,what,reasoning
7435,multi_train,multi,what,reasoning
4369,multi_train,multi,how_many,reasoning
4370,multi_train,multi,compare,reasoning
4371,multi_train,multi,how_many,reasoning
4372,multi_train,multi,how_many,reasoning
50,multi_train,multi,compare,reasoning
49,multi_train,multi,how_many,reasoning
51,multi_train,multi,compare,reasoning
4436,multi_train,multi,how_many,reasoning
4677,multi_train,multi,what,reasoning
4678,multi_train,multi,what,reasoning
4679,multi_train,multi,what,reasoning
4681,multi_train,multi,how_many,reasoning
4682,multi_train,multi,how_many,reasoning
2044,multi_train,multi,compare,reasoning
2045,multi_train,multi,compare,reasoning
589,multi_train,multi,how_many,reasoning
590,multi_train,multi,which,reasoning
582,multi_train,multi,when,reasoning
584,multi_train,multi,how_many,reasoning
587,multi_train,multi,how_many,reasoning
4633,multi_train,multi,how_many,reasoning
4634,multi_train,multi,how_many,reasoning
4635,multi_train,multi,compare,reasoning
4636,multi_train,multi,how_many,reasoning
4637,multi_train,multi,how_many,reasoning
5269,multi_train,multi,which,reasoning
3812,multi_train,multi,what,reasoning
3813,multi_train,multi,what,reasoning
3814,multi_train,multi,what,reasoning
3815,multi_train,multi,how_many,reasoning
3816,multi_train,multi,what,reasoning
3817,multi_train,multi,what,reasoning
3819,multi_train,multi,what,reasoning
3820,multi_train,multi,what,reasoning
3810,multi_train,multi,what,reasoning
3811,multi_train,multi,when,reasoning
4576,multi_train,multi,compare,reasoning
4577,multi_train,multi,how_many,reasoning
4578,multi_train,multi,how_many,reasoning
4624,multi_train,multi,what,reasoning
4625,multi_train,multi,how_many,reasoning
4626,multi_train,multi,compare,reasoning
4627,multi_train,multi,compare,reasoning
4628,multi_train,multi,how_many,reasoning
7921,multi_train,multi,compare,reasoning
7923,multi_train,multi,compare,reasoning
8198,multi_train,multi,compare,reasoning
1601,multi_train,multi,how_many,reasoning
1602,multi_train,multi,how_many,reasoning
1603,multi_train,multi,how_many,reasoning
4388,multi_train,multi,how_many,reasoning
4389,multi_train,multi,how_many,reasoning
4390,multi_train,multi,compare,reasoning
2270,multi_train,multi,compare,reasoning
2271,multi_train,multi,how_many,reasoning
2272,multi_train,multi,compare,reasoning
2273,multi_train,multi,how_many,reasoning
1586,multi_train,multi,how_many,reasoning
1587,multi_train,multi,compare,reasoning
1588,multi_train,multi,how_many,reasoning
1589,multi_train,multi,how_many,reasoning
8358,multi_train,multi,how_many,reasoning
8359,multi_train,multi,compare,reasoning
8360,multi_train,multi,how_many,reasoning
8367,multi_train,multi,how_many,reasoning
8368,multi_train,multi,compare,reasoning
8362,multi_train,multi,how_many,reasoning
8363,multi_train,multi,how_many,reasoning
899,multi_train,multi,what,reasoning
900,multi_train,multi,compare,reasoning
901,multi_train,multi,what,reasoning
902,multi_train,multi,how_many,reasoning
6081,multi_train,multi,compare,reasoning
6083,multi_train,multi,how_many,reasoning
3699,multi_train,multi,what,reasoning
3700,multi_train,multi,compare,reasoning
3898,multi_train,multi,how_many,reasoning
3899,multi_train,multi,compare,reasoning
3900,multi_train,multi,how_many,reasoning
3901,multi_train,multi,how_many,reasoning
3902,multi_train,multi,compare,reasoning
2835,multi_train,multi,how_many,reasoning
2836,multi_train,multi,how_many,reasoning
2837,multi_train,multi,compare,reasoning
2839,multi_train,multi,how_many,reasoning
2840,multi_train,multi,compare,reasoning
2841,multi_train,multi,how_many,reasoning
2832,multi_train,multi,how_many,reasoning
2833,multi_train,multi,how_many,reasoning
2299,multi_train,multi,how_many,reasoning
2300,multi_train,multi,how_many,reasoning
2301,multi_train,multi,how_many,reasoning
2302,multi_train,multi,compare,reasoning
3106,multi_train,multi,how_many,reasoning
3107,multi_train,multi,how_many,reasoning
3108,multi_train,multi,how_many,reasoning
3109,multi_train,multi,how_many,reasoning
3100,multi_train,multi,how_many,reasoning
3101,multi_train,multi,how_many,reasoning
3102,multi_train,multi,how_many,reasoning
3103,multi_train,multi,compare,reasoning
3104,multi_train,multi,how_many,reasoning
3105,multi_train,multi,compare,reasoning
870,multi_train,multi,how_many,reasoning
4861,multi_train,multi,how_many,reasoning
4865,multi_train,multi,how_many,reasoning
4866,multi_train,multi,how_many,reasoning
4853,multi_train,multi,how_many,reasoning
4855,multi_train,multi,how_many,reasoning
4857,multi_train,multi,compare,reasoning
2883,multi_train,multi,how_many,reasoning
2884,multi_train,multi,compare,reasoning
2330,multi_train,multi,compare,reasoning
2332,multi_train,multi,what,reasoning
5439,multi_train,multi,which,reasoning
5440,multi_train,multi,how_many,reasoning
5441,multi_train,multi,compare,reasoning
5764,multi_train,multi,how_many,reasoning
5765,multi_train,multi,how_many,reasoning
5766,multi_train,multi,how_many,reasoning
5767,multi_train,multi,what,reasoning
5768,multi_train,multi,compare,reasoning
2924,multi_train,multi,how_many,reasoning
2926,multi_train,multi,compare,reasoning
2927,multi_train,multi,how_many,reasoning
2928,multi_train,multi,how_many,reasoning
2929,multi_train,multi,compare,reasoning
2930,multi_train,multi,how_many,reasoning
2400,multi_train,multi,how_many,reasoning
2626,multi_train,multi,how_many,reasoning
2627,multi_train,multi,how_many,reasoning
2628,multi_train,multi,how_many,reasoning
2629,multi_train,multi,how_many,reasoning
2630,multi_train,multi,compare,reasoning
2631,multi_train,multi,how_many,reasoning
5065,multi_train,multi,how_many,reasoning
5066,multi_train,multi,what,reasoning
5067,multi_train,multi,compare,reasoning
5068,multi_train,multi,how_many,reasoning
5361,multi_train,multi,what,reasoning
5362,multi_train,multi,compare,reasoning
1653,multi_train,multi,how_many,reasoning
1654,multi_train,multi,compare,reasoning
4985,multi_train,multi,how_many,reasoning
4987,multi_train,multi,when,reasoning
4982,multi_train,multi,what,reasoning
6464,multi_train,multi,how_many,reasoning
6465,multi_train,multi,what,reasoning
6466,multi_train,multi,what,reasoning
6467,multi_train,multi,what,reasoning
4738,multi_train,multi,how_many,reasoning
4739,multi_train,multi,how_many,reasoning
4740,multi_train,multi,compare,reasoning
4741,multi_train,multi,how_many,reasoning
5607,multi_train,multi,how_many,reasoning
5608,multi_train,multi,how_many,reasoning
5609,multi_train,multi,how_many,reasoning
4923,multi_train,multi,how_many,reasoning
4915,multi_train,multi,what,reasoning
4916,multi_train,multi,how_many,reasoning
4917,multi_train,multi,what,reasoning
4918,multi_train,multi,what,reasoning
4919,multi_train,multi,which,reasoning
4920,multi_train,multi,compare,reasoning
4921,multi_train,multi,what,reasoning
3673,multi_train,multi,what,reasoning
3674,multi_train,multi,what,reasoning
7427,multi_train,multi,what,reasoning
7428,multi_train,multi,how_many,reasoning
6279,multi_train,multi,compare,reasoning
6281,multi_train,multi,compare,reasoning
6282,multi_train,multi,how_many,reasoning
1433,multi_train,multi,how_many,reasoning
1434,multi_train,multi,how_many,reasoning
1436,multi_train,multi,how_many,reasoning
5182,multi_train,multi,which,reasoning
5185,multi_train,multi,what,reasoning
1320,multi_train,multi,how_many,reasoning
1322,multi_train,multi,how_many,reasoning
1323,multi_train,multi,how_many,reasoning
2439,multi_train,multi,how_many,reasoning
2432,multi_train,multi,which,reasoning
2433,multi_train,multi,how_many,reasoning
2434,multi_train,multi,how_many,reasoning
2435,multi_train,multi,how_many,reasoning
6227,multi_train,multi,how_many,reasoning
8700,multi_train,multi,how_many,reasoning
8701,multi_train,multi,how_many,reasoning
8702,multi_train,multi,how_many,reasoning
8703,multi_train,multi,how_many,reasoning
8689,multi_train,multi,how_many,reasoning
8692,multi_train,multi,how_many,reasoning
8696,multi_train,multi,how_many,reasoning
8698,multi_train,multi,how_many,reasoning
5251,multi_train,multi,which,reasoning
5252,multi_train,multi,which,reasoning
5719,multi_train,multi,other,reasoning
5720,multi_train,multi,which,reasoning
1798,multi_train,multi,compare,reasoning
1799,multi_train,multi,compare,reasoning
1800,multi_train,multi,compare,reasoning
1802,multi_train,multi,how_many,reasoning
1803,multi_train,multi,how_many,reasoning
2164,multi_train,multi,compare,reasoning
4724,multi_train,multi,how_many,reasoning
4725,multi_train,multi,how_many,reasoning
4726,multi_train,multi,how_many,reasoning
4727,multi_train,multi,how_many,reasoning
4728,multi_train,multi,how_many,reasoning
1174,multi_train,multi,compare,reasoning
1175,multi_train,multi,compare,reasoning
371,multi_train,multi,how_many,reasoning
370,multi_train,multi,how_many,reasoning
372,multi_train,multi,compare,reasoning
373,multi_train,multi,how_many,reasoning
374,multi_train,multi,how_many,reasoning
369,multi_train,multi,how_many,reasoning
1558,multi_train,multi,how_many,reasoning
2377,multi_train,multi,compare,reasoning
2378,multi_train,multi,how_many,reasoning
2379,multi_train,multi,compare,reasoning
2380,multi_train,multi,how_many,reasoning
6692,multi_train,multi,when,reasoning
5521,multi_train,multi,how_many,reasoning
5522,multi_train,multi,how_many,reasoning
5523,multi_train,multi,compare,reasoning
4395,multi_train,multi,how_many,reasoning
4396,multi_train,multi,which,reasoning
4397,multi_train,multi,how_many,reasoning
4398,multi_train,multi,how_many,reasoning
4399,multi_train,multi,how_many,reasoning
1958,multi_train,multi,how_many,reasoning
4621,multi_train,multi,how_many,reasoning
4622,multi_train,multi,compare,reasoning
4623,multi_train,multi,what,reasoning
5173,multi_train,multi,what,reasoning
5174,multi_train,multi,how_many,reasoning
829,multi_train,multi,how_many,reasoning
830,multi_train,multi,how_many,reasoning
831,multi_train,multi,compare,reasoning
832,multi_train,multi,how_many,reasoning
8457,multi_train,multi,how_many,reasoning
8458,multi_train,multi,compare,reasoning
8459,multi_train,multi,what,reasoning
8460,multi_train,multi,how_many,reasoning
8461,multi_train,multi,what,reasoning
8462,multi_train,multi,how_many,reasoning
8463,multi_train,multi,which,reasoning
8464,multi_train,multi,what,reasoning
8465,multi_train,multi,which,reasoning
8466,multi_train,multi,what,reasoning
8455,multi_train,multi,compare,reasoning
8456,multi_train,multi,what,reasoning
8771,multi_train,multi,how_many,reasoning
8775,multi_train,multi,how_many,reasoning
8776,multi_train,multi,compare,reasoning
8770,multi_train,multi,compare,reasoning
375,multi_train,multi,compare,reasoning
376,multi_train,multi,when,reasoning
377,multi_train,multi,when,reasoning
378,multi_train,multi,what,reasoning
379,multi_train,multi,compare,reasoning
6831,multi_train,multi,how_many,reasoning
6833,multi_train,multi,how_many,reasoning
6835,multi_train,multi,how_many,reasoning
1554,multi_train,multi,how_many,reasoning
1555,multi_train,multi,how_many,reasoning
1556,multi_train,multi,how_many,reasoning
1557,multi_train,multi,how_many,reasoning
8144,multi_train,multi,compare,reasoning
8145,multi_train,multi,how_many,reasoning
7927,multi_train,multi,what,reasoning
3567,multi_train,multi,how_many,reasoning
3569,multi_train,multi,compare,reasoning
3570,multi_train,multi,how_many,reasoning
3571,multi_train,multi,compare,reasoning
3559,multi_train,multi,which,reasoning
3560,multi_train,multi,which,reasoning
3561,multi_train,multi,how_many,reasoning
7386,multi_train,multi,what,reasoning
7388,multi_train,multi,compare,reasoning
7575,multi_train,multi,which,reasoning
7576,multi_train,multi,how_many,reasoning
7577,multi_train,multi,what,reasoning
3889,multi_train,multi,which,reasoning
3890,multi_train,multi,which,reasoning
3893,multi_train,multi,what,reasoning
3894,multi_train,multi,list,reasoning
3895,multi_train,multi,how_many,reasoning
3896,multi_train,multi,what,reasoning
3897,multi_train,multi,how_many,reasoning
3891,multi_train,multi,compare,reasoning
3892,multi_train,multi,which,reasoning
5699,multi_train,multi,compare,reasoning
5700,multi_train,multi,how_many,reasoning
5701,multi_train,multi,how_many,reasoning
3074,multi_train,multi,how_many,reasoning
3075,multi_train,multi,which,reasoning
3069,multi_train,multi,how_many,reasoning
3070,multi_train,multi,how_many,reasoning
3072,multi_train,multi,what,reasoning
3073,multi_train,multi,what,reasoning
937,multi_train,multi,how_many,reasoning
938,multi_train,multi,how_many,reasoning
1741,multi_train,multi,how_many,reasoning
1742,multi_train,multi,what,reasoning
5344,multi_train,multi,what,reasoning
5346,multi_train,multi,other,reasoning
5656,multi_train,multi,which,reasoning
5657,multi_train,multi,how_many,reasoning
5658,multi_train,multi,which,reasoning
5659,multi_train,multi,how_many,reasoning
7550,multi_train,multi,how_many,reasoning
7551,multi_train,multi,how_many,reasoning
4904,multi_train,multi,how_many,reasoning
4906,multi_train,multi,how_many,reasoning
4908,multi_train,multi,compare,reasoning
4909,multi_train,multi,compare,reasoning
4910,multi_train,multi,how_many,reasoning
4911,multi_train,multi,how_many,reasoning
4912,multi_train,multi,how_many,reasoning
4913,multi_train,multi,how_many,reasoning
4914,multi_train,multi,compare,reasoning
6944,multi_train,multi,how_many,reasoning
6945,multi_train,multi,how_many,reasoning
5253,multi_train,multi,how_many,reasoning
5254,multi_train,multi,which,reasoning
5255,multi_train,multi,how_many,reasoning
5256,multi_train,multi,compare,reasoning
5257,multi_train,multi,how_many,reasoning
3718,multi_train,multi,what,reasoning
6434,multi_train,multi,how_many,reasoning
6436,multi_train,multi,what,reasoning
6880,multi_train,multi,how_many,reasoning
6881,multi_train,multi,what,reasoning
6856,multi_train,multi,how_many,reasoning
6857,multi_train,multi,compare,reasoning
6858,multi_train,multi,what,reasoning
3116,multi_train,multi,how_many,reasoning
3117,multi_train,multi,compare,reasoning
3118,multi_train,multi,how_many,reasoning
3119,multi_train,multi,compare,reasoning
3113,multi_train,multi,how_many,reasoning
3114,multi_train,multi,how_many,reasoning
3115,multi_train,multi,compare,reasoning
3416,multi_train,multi,how_many,reasoning
3417,multi_train,multi,compare,reasoning
3418,multi_train,multi,how_many,reasoning
3419,multi_train,multi,compare,reasoning
3420,multi_train,multi,compare,reasoning
3421,multi_train,multi,compare,reasoning
3422,multi_train,multi,compare,reasoning
3423,multi_train,multi,how_many,reasoning
3424,multi_train,multi,compare,reasoning
3413,multi_train,multi,how_many,reasoning
3414,multi_train,multi,compare,reasoning
3415,multi_train,multi,compare,reasoning
34,multi_train,multi,how_many,reasoning
32,multi_train,multi,how_many,reasoning
35,multi_train,multi,compare,reasoning
33,multi_train,multi,compare,reasoning
6147,multi_train,multi,what,reasoning
4565,multi_train,multi,when,reasoning
4566,multi_train,multi,compare,reasoning
4567,multi_train,multi,how_many,reasoning
3379,multi_train,multi,how_many,reasoning
3380,multi_train,multi,how_many,reasoning
3382,multi_train,multi,how_many,reasoning
3383,multi_train,multi,how_many,reasoning
3384,multi_train,multi,compare,reasoning
3385,multi_train,multi,compare,reasoning
3387,multi_train,multi,how_many,reasoning
3390,multi_train,multi,how_many,reasoning
6339,multi_train,multi,which,reasoning
6340,multi_train,multi,how_many,reasoning
6342,multi_train,multi,what,reasoning
1783,multi_train,multi,how_many,reasoning
1784,multi_train,multi,how_many,reasoning
1785,multi_train,multi,how_many,reasoning
1786,multi_train,multi,how_many,reasoning
7528,multi_train,multi,how_many,reasoning
7531,multi_train,multi,how_many,reasoning
7532,multi_train,multi,how_many,reasoning
7533,multi_train,multi,how_many,reasoning
4683,multi_train,multi,how_many,reasoning
4684,multi_train,multi,how_many,reasoning
4685,multi_train,multi,how_many,reasoning
7651,multi_train,multi,compare,reasoning
7652,multi_train,multi,what,reasoning
7653,multi_train,multi,how_many,reasoning
1375,multi_train,multi,how_many,reasoning
1376,multi_train,multi,how_many,reasoning
7111,multi_train,multi,what,reasoning
7109,multi_train,multi,how_many,reasoning
7110,multi_train,multi,what,reasoning
3276,multi_train,multi,how_many,reasoning
3278,multi_train,multi,when,reasoning
3274,multi_train,multi,which,reasoning
3269,multi_train,multi,how_many,reasoning
3272,multi_train,multi,how_many,reasoning
3273,multi_train,multi,how_many,reasoning
7667,multi_train,multi,what,reasoning
7669,multi_train,multi,which,reasoning
3758,multi_train,multi,what,reasoning
4582,multi_train,multi,what,reasoning
3541,multi_train,multi,how_many,reasoning
3533,multi_train,multi,compare,reasoning
3535,multi_train,multi,how_many,reasoning
5627,multi_train,multi,how_many,reasoning
3376,multi_train,multi,how_many,reasoning
3377,multi_train,multi,compare,reasoning
3378,multi_train,multi,compare,reasoning
3372,multi_train,multi,compare,reasoning
3373,multi_train,multi,how_many,reasoning
3374,multi_train,multi,compare,reasoning
3375,multi_train,multi,how_many,reasoning
3369,multi_train,multi,compare,reasoning
3370,multi_train,multi,how_many,reasoning
3371,multi_train,multi,compare,reasoning
9121,multi_train,multi,how_many,reasoning
9127,multi_train,multi,how_many,reasoning
9123,multi_train,multi,how_many,reasoning
9124,multi_train,multi,which,reasoning
6624,multi_train,multi,compare,reasoning
6625,multi_train,multi,how_many,reasoning
6626,multi_train,multi,compare,reasoning
6627,multi_train,multi,how_many,reasoning
6628,multi_train,multi,how_many,reasoning
7854,multi_train,multi,compare,reasoning
7856,multi_train,multi,how_many,reasoning
765,multi_train,multi,which,reasoning
767,multi_train,multi,what,reasoning
768,multi_train,multi,what,reasoning
773,multi_train,multi,what,reasoning
769,multi_train,multi,how_many,reasoning
772,multi_train,multi,how_many,reasoning
4771,multi_train,multi,what,reasoning
4170,multi_train,multi,how_many,reasoning
4171,multi_train,multi,how_many,reasoning
4172,multi_train,multi,how_many,reasoning
1977,multi_train,multi,how_many,reasoning
1978,multi_train,multi,how_many,reasoning
6059,multi_train,multi,how_many,reasoning
6061,multi_train,multi,what,reasoning
5742,multi_train,multi,how_many,reasoning
5743,multi_train,multi,how_many,reasoning
5744,multi_train,multi,compare,reasoning
5745,multi_train,multi,what,reasoning
5746,multi_train,multi,how_many,reasoning
5747,multi_train,multi,compare,reasoning
5748,multi_train,multi,how_many,reasoning
5749,multi_train,multi,how_many,reasoning
191,multi_train,multi,which,lookup
194,multi_train,multi,how_many,reasoning
6621,multi_train,multi,what,reasoning
6622,multi_train,multi,how_many,reasoning
6959,multi_train,multi,which,reasoning
6960,multi_train,multi,how_many,reasoning
2530,multi_train,multi,compare,reasoning
2532,multi_train,multi,how_many,reasoning
2534,multi_train,multi,compare,reasoning
2523,multi_train,multi,compare,reasoning
2526,multi_train,multi,compare,reasoning
7872,multi_train,multi,what,reasoning
7873,multi_train,multi,how_many,reasoning
7874,multi_train,multi,how_many,reasoning
7875,multi_train,multi,how_many,reasoning
7876,multi_train,multi,what,reasoning
7807,multi_train,multi,how_many,reasoning
7808,multi_train,multi,how_many,reasoning
7809,multi_train,multi,how_many,reasoning
7810,multi_train,multi,how_many,reasoning
7811,multi_train,multi,how_many,reasoning
8668,multi_train,multi,how_many,reasoning
8670,multi_train,multi,how_many,reasoning
8671,multi_train,multi,how_many,reasoning
6674,multi_train,multi,how_many,reasoning
6676,multi_train,multi,what,reasoning
5660,multi_train,multi,which,reasoning
5661,multi_train,multi,which,reasoning
5662,multi_train,multi,how_many,reasoning
5663,multi_train,multi,what,reasoning
4816,multi_train,multi,how_many,reasoning
4817,multi_train,multi,how_many,reasoning
4818,multi_train,multi,how_many,reasoning
4819,multi_train,multi,how_many,reasoning
4820,multi_train,multi,compare,reasoning
4821,multi_train,multi,how_many,reasoning
4812,multi_train,multi,compare,reasoning
4813,multi_train,multi,which,reasoning
4814,multi_train,multi,how_many,reasoning
4815,multi_train,multi,compare,reasoning
7459,multi_train,multi,compare,reasoning
7460,multi_train,multi,how_many,reasoning
7461,multi_train,multi,compare,reasoning
3998,multi_train,multi,compare,reasoning
3999,multi_train,multi,how_many,reasoning
4000,multi_train,multi,compare,reasoning
4795,multi_train,multi,how_many,reasoning
8300,multi_train,multi,how_many,reasoning
8301,multi_train,multi,how_many,reasoning
8302,multi_train,multi,how_many,reasoning
8303,multi_train,multi,how_many,reasoning
1191,multi_train,multi,how_many,reasoning
1192,multi_train,multi,how_many,reasoning
1193,multi_train,multi,how_many,reasoning
290,multi_train,multi,what,reasoning
8035,multi_train,multi,what,reasoning
8036,multi_train,multi,what,reasoning
8037,multi_train,multi,how_many,reasoning
8038,multi_train,multi,compare,reasoning
6440,multi_train,multi,compare,reasoning
6441,multi_train,multi,how_many,reasoning
6442,multi_train,multi,how_many,reasoning
6443,multi_train,multi,how_many,reasoning
8178,multi_train,multi,how_many,reasoning
8179,multi_train,multi,what,reasoning
8180,multi_train,multi,which,reasoning
8181,multi_train,multi,what,reasoning
8182,multi_train,multi,what,reasoning
8183,multi_train,multi,what,reasoning
8866,multi_train,multi,how_many,reasoning
8867,multi_train,multi,how_many,reasoning
8868,multi_train,multi,how_many,reasoning
8870,multi_train,multi,how_many,reasoning
8862,multi_train,multi,how_many,reasoning
8863,multi_train,multi,how_many,reasoning
7078,multi_train,multi,how_many,reasoning
7079,multi_train,multi,how_many,reasoning
7080,multi_train,multi,how_many,reasoning
7075,multi_train,multi,which,reasoning
7077,multi_train,multi,how_many,reasoning
7083,multi_train,multi,what,reasoning
161,multi_train,multi,when,reasoning
162,multi_train,multi,when,reasoning
163,multi_train,multi,how_many,reasoning
164,multi_train,multi,compare,reasoning
3821,multi_train,multi,what,reasoning
3822,multi_train,multi,which,reasoning
3823,multi_train,multi,how_many,reasoning
7643,multi_train,multi,how_many,reasoning
7644,multi_train,multi,how_many,reasoning
4502,multi_train,multi,what,reasoning
4504,multi_train,multi,how_many,reasoning
8351,multi_train,multi,how_many,reasoning
8352,multi_train,multi,how_many,reasoning
8353,multi_train,multi,compare,reasoning
4046,multi_train,multi,how_many,reasoning
4047,multi_train,multi,what,reasoning
2943,multi_train,multi,compare,reasoning
2944,multi_train,multi,how_many,reasoning
2945,multi_train,multi,how_many,reasoning
2946,multi_train,multi,compare,reasoning
2948,multi_train,multi,compare,reasoning
2952,multi_train,multi,compare,reasoning
2953,multi_train,multi,how_many,reasoning
9003,multi_train,multi,what,reasoning
9002,multi_train,multi,how_many,reasoning
9004,multi_train,multi,how_many,reasoning
9005,multi_train,multi,how_many,reasoning
9008,multi_train,multi,how_many,reasoning
9009,multi_train,multi,what,reasoning
7615,multi_train,multi,which,reasoning
7617,multi_train,multi,which,reasoning
3772,multi_train,multi,what,reasoning
3774,multi_train,multi,how_many,reasoning
3776,multi_train,multi,what,reasoning
3777,multi_train,multi,what,reasoning
3779,multi_train,multi,what,reasoning
3780,multi_train,multi,when,reasoning
4494,multi_train,multi,how_many,reasoning
4495,multi_train,multi,compare,reasoning
4496,multi_train,multi,how_many,reasoning
1950,multi_train,multi,how_many,reasoning
127,multi_train,multi,how_many,reasoning
124,multi_train,multi,compare,reasoning
2193,multi_train,multi,how_many,reasoning
2194,multi_train,multi,compare,reasoning
8985,multi_train,multi,what,reasoning
3454,multi_train,multi,compare,reasoning
3455,multi_train,multi,compare,reasoning
3457,multi_train,multi,how_many,reasoning
3447,multi_train,multi,how_many,reasoning
3449,multi_train,multi,how_many,reasoning
3450,multi_train,multi,how_many,reasoning
3451,multi_train,multi,how_many,reasoning
3452,multi_train,multi,how_many,reasoning
4034,multi_train,multi,how_many,reasoning
4036,multi_train,multi,how_many,reasoning
5217,multi_train,multi,compare,reasoning
5219,multi_train,multi,compare,reasoning
5221,multi_train,multi,how_many,reasoning
1998,multi_train,multi,how_many,reasoning
2190,multi_train,multi,how_many,reasoning
2192,multi_train,multi,compare,reasoning
5324,multi_train,multi,which,reasoning
5325,multi_train,multi,how_many,reasoning
291,multi_train,multi,how_many,reasoning
292,multi_train,multi,how_many,reasoning
293,multi_train,multi,what,reasoning
294,multi_train,multi,what,reasoning
4384,multi_train,multi,how_many,reasoning
4385,multi_train,multi,how_many,reasoning
4387,multi_train,multi,how_many,reasoning
1187,multi_train,multi,what,reasoning
9295,multi_train,multi,how_many,reasoning
9296,multi_train,multi,compare,reasoning
8226,multi_train,multi,which,lookup
8227,multi_train,multi,how_many,reasoning
8229,multi_train,multi,what,reasoning
2406,multi_train,multi,how_many,reasoning
2408,multi_train,multi,how_many,reasoning
2410,multi_train,multi,how_many,reasoning
2412,multi_train,multi,compare,reasoning
2414,multi_train,multi,how_many,reasoning
2416,multi_train,multi,how_many,reasoning
4606,multi_train,multi,how_many,reasoning
4608,multi_train,multi,how_many,reasoning
4610,multi_train,multi,compare,reasoning
3829,multi_train,multi,what,reasoning
3831,multi_train,multi,how_many,reasoning
1833,multi_train,multi,which,reasoning
1834,multi_train,multi,which,reasoning
1835,multi_train,multi,which,reasoning
1836,multi_train,multi,compare,reasoning
1837,multi_train,multi,how_many,reasoning
133,multi_train,multi,compare,reasoning
4611,multi_train,multi,how_many,reasoning
4612,multi_train,multi,what,reasoning
4613,multi_train,multi,how_many,reasoning
1808,multi_train,multi,how_many,reasoning
1809,multi_train,multi,compare,reasoning
1810,multi_train,multi,how_many,reasoning
1679,multi_train,multi,how_many,reasoning
1680,multi_train,multi,how_many,reasoning
1681,multi_train,multi,compare,reasoning
1682,multi_train,multi,how_many,reasoning
7571,multi_train,multi,how_many,reasoning
7572,multi_train,multi,how_many,reasoning
1618,multi_train,multi,compare,reasoning
6805,multi_train,multi,how_many,reasoning
6806,multi_train,multi,compare,reasoning
6807,multi_train,multi,how_many,reasoning
9289,multi_train,multi,compare,reasoning
9290,multi_train,multi,how_many,reasoning
9291,multi_train,multi,how_many,reasoning
6258,multi_train,multi,how_many,reasoning
6260,multi_train,multi,how_many,reasoning
4065,multi_train,multi,how_many,reasoning
4066,multi_train,multi,what,reasoning
1131,multi_train,multi,how_many,reasoning
1132,multi_train,multi,how_many,reasoning
1134,multi_train,multi,how_many,reasoning
7607,multi_train,multi,how_many,reasoning
7608,multi_train,multi,how_many,reasoning
7610,multi_train,multi,how_many,reasoning
7611,multi_train,multi,how_many,reasoning
2079,multi_train,multi,how_many,reasoning
4098,multi_train,multi,how_many,reasoning
4099,multi_train,multi,compare,reasoning
4100,multi_train,multi,how_many,reasoning
4101,multi_train,multi,how_many,reasoning
4102,multi_train,multi,how_many,reasoning
7360,multi_train,multi,what,reasoning
4174,multi_train,multi,compare,reasoning
4175,multi_train,multi,how_many,reasoning
4176,multi_train,multi,how_many,reasoning
4177,multi_train,multi,how_many,reasoning
3507,multi_train,multi,how_many,reasoning
3508,multi_train,multi,compare,reasoning
3509,multi_train,multi,compare,reasoning
3510,multi_train,multi,how_many,reasoning
3512,multi_train,multi,how_many,reasoning
3513,multi_train,multi,compare,reasoning
3514,multi_train,multi,compare,reasoning
3515,multi_train,multi,how_many,reasoning
3516,multi_train,multi,how_many,reasoning
3517,multi_train,multi,compare,reasoning
3518,multi_train,multi,how_many,reasoning
314,multi_train,multi,how_many,reasoning
316,multi_train,multi,how_many,reasoning
315,multi_train,multi,compare,reasoning
1378,multi_train,multi,how_many,reasoning
1379,multi_train,multi,which,reasoning
1381,multi_train,multi,how_many,reasoning
4761,multi_train,multi,compare,reasoning
4762,multi_train,multi,how_many,reasoning
1566,multi_train,multi,compare,reasoning
6190,multi_train,multi,how_many,reasoning
6453,multi_train,multi,which,reasoning
6456,multi_train,multi,what,reasoning
6457,multi_train,multi,which,reasoning
7338,multi_train,multi,compare,reasoning
7339,multi_train,multi,how_many,reasoning
7340,multi_train,multi,compare,reasoning
7341,multi_train,multi,how_many,reasoning
7343,multi_train,multi,how_many,reasoning
266,multi_train,multi,how_many,reasoning
267,multi_train,multi,compare,reasoning
6127,multi_train,multi,compare,reasoning
6128,multi_train,multi,how_many,reasoning
6129,multi_train,multi,how_many,reasoning
1570,multi_train,multi,compare,reasoning
1571,multi_train,multi,how_many,reasoning
1572,multi_train,multi,how_many,reasoning
1573,multi_train,multi,how_many,reasoning
7603,multi_train,multi,how_many,reasoning
7604,multi_train,multi,how_many,reasoning
7605,multi_train,multi,how_many,reasoning
7606,multi_train,multi,how_many,reasoning
8096,multi_train,multi,how_many,reasoning
7186,multi_train,multi,how_many,reasoning
7187,multi_train,multi,how_many,reasoning
7188,multi_train,multi,how_many,reasoning
7192,multi_train,multi,what,reasoning
7194,multi_train,multi,how_many,reasoning
7190,multi_train,multi,how_many,reasoning
7191,multi_train,multi,how_many,reasoning
6269,multi_train,multi,compare,reasoning
6270,multi_train,multi,how_many,reasoning
6271,multi_train,multi,how_many,reasoning
4747,multi_train,multi,how_many,reasoning
4748,multi_train,multi,compare,reasoning
4749,multi_train,multi,how_many,reasoning
6182,multi_train,multi,what,reasoning
4893,multi_train,multi,how_many,reasoning
4894,multi_train,multi,how_many,reasoning
4895,multi_train,multi,how_many,reasoning
4899,multi_train,multi,how_many,reasoning
4900,multi_train,multi,what,reasoning
4901,multi_train,multi,how_many,reasoning
4902,multi_train,multi,compare,reasoning
4897,multi_train,multi,how_many,reasoning
4898,multi_train,multi,how_many,reasoning
8130,multi_train,multi,when,reasoning
8131,multi_train,multi,what,reasoning
8132,multi_train,multi,how_many,reasoning
8133,multi_train,multi,when,reasoning
8134,multi_train,multi,how_many,reasoning
2675,multi_train,multi,how_many,reasoning
2676,multi_train,multi,how_many,reasoning
2677,multi_train,multi,how_many,reasoning
2678,multi_train,multi,how_many,reasoning
2679,multi_train,multi,list,reasoning
2682,multi_train,multi,how_many,reasoning
6932,multi_train,multi,what,reasoning
1405,multi_train,multi,how_many,reasoning
1406,multi_train,multi,how_many,reasoning
1407,multi_train,multi,how_many,reasoning
3858,multi_train,multi,compare,reasoning
3859,multi_train,multi,what,reasoning
3857,multi_train,multi,how_many,reasoning
3861,multi_train,multi,compare,reasoning
3862,multi_train,multi,what,reasoning
3863,multi_train,multi,compare,reasoning
3864,multi_train,multi,how_many,reasoning
3865,multi_train,multi,compare,reasoning
263,multi_train,multi,how_many,reasoning
260,multi_train,multi,how_many,reasoning
261,multi_train,multi,compare,reasoning
262,multi_train,multi,how_many,reasoning
264,multi_train,multi,which,reasoning
337,multi_train,multi,how_many,reasoning
338,multi_train,multi,how_many,reasoning
340,multi_train,multi,how_many,reasoning
341,multi_train,multi,how_many,reasoning
342,multi_train,multi,how_many,reasoning
343,multi_train,multi,which,reasoning
344,multi_train,multi,how_many,reasoning
2918,multi_train,multi,compare,reasoning
2919,multi_train,multi,how_many,reasoning
2920,multi_train,multi,how_many,reasoning
2921,multi_train,multi,how_many,reasoning
2922,multi_train,multi,how_many,reasoning
7698,multi_train,multi,what,reasoning
7699,multi_train,multi,how_many,reasoning
6916,multi_train,multi,compare,reasoning
6917,multi_train,multi,compare,reasoning
9244,multi_train,multi,how_many,reasoning
9245,multi_train,multi,which,reasoning
9246,multi_train,multi,how_many,reasoning
9247,multi_train,multi,what,reasoning
9249,multi_train,multi,what,reasoning
9250,multi_train,multi,what,reasoning
9251,multi_train,multi,what,reasoning
415,multi_train,multi,what,reasoning
416,multi_train,multi,what,reasoning
417,multi_train,multi,how_many,reasoning
418,multi_train,multi,compare,reasoning
8272,multi_train,multi,compare,reasoning
8273,multi_train,multi,how_many,reasoning
8274,multi_train,multi,compare,reasoning
8275,multi_train,multi,how_many,reasoning
8276,multi_train,multi,how_many,reasoning
8104,multi_train,multi,which,reasoning
8106,multi_train,multi,list,reasoning
8108,multi_train,multi,what,reasoning
5616,multi_train,multi,how_many,reasoning
5617,multi_train,multi,what,reasoning
2699,multi_train,multi,how_many,reasoning
2700,multi_train,multi,compare,reasoning
6906,multi_train,multi,how_many,reasoning
6907,multi_train,multi,what,reasoning
6908,multi_train,multi,what,reasoning
6909,multi_train,multi,what,reasoning
6910,multi_train,multi,which,reasoning
2022,multi_train,multi,compare,reasoning
2023,multi_train,multi,how_many,reasoning
3969,multi_train,multi,how_many,reasoning
3971,multi_train,multi,how_many,reasoning
3972,multi_train,multi,compare,reasoning
2083,multi_train,multi,how_many,reasoning
2085,multi_train,multi,how_many,reasoning
6664,multi_train,multi,compare,reasoning
6665,multi_train,multi,how_many,reasoning
6666,multi_train,multi,compare,reasoning
6667,multi_train,multi,how_many,reasoning
3023,multi_train,multi,how_many,reasoning
3024,multi_train,multi,how_many,reasoning
3025,multi_train,multi,compare,reasoning
3026,multi_train,multi,compare,reasoning
3020,multi_train,multi,what,reasoning
3021,multi_train,multi,how_many,reasoning
3022,multi_train,multi,compare,reasoning
3015,multi_train,multi,how_many,reasoning
3019,multi_train,multi,how_many,reasoning
2846,multi_train,multi,how_many,reasoning
2847,multi_train,multi,how_many,reasoning
2848,multi_train,multi,how_many,reasoning
2849,multi_train,multi,compare,reasoning
2851,multi_train,multi,compare,reasoning
2842,multi_train,multi,which,reasoning
2843,multi_train,multi,how_many,reasoning
2844,multi_train,multi,compare,reasoning
9269,multi_train,multi,how_many,reasoning
9270,multi_train,multi,compare,reasoning
9271,multi_train,multi,how_many,reasoning
9272,multi_train,multi,how_many,reasoning
8982,multi_train,multi,how_many,reasoning
8983,multi_train,multi,how_many,reasoning
8984,multi_train,multi,how_many,reasoning
8972,multi_train,multi,how_many,reasoning
8973,multi_train,multi,compare,reasoning
8974,multi_train,multi,how_many,reasoning
8975,multi_train,multi,how_many,reasoning
8976,multi_train,multi,compare,reasoning
8977,multi_train,multi,how_many,reasoning
8978,multi_train,multi,how_many,reasoning
8980,multi_train,multi,compare,reasoning
8981,multi_train,multi,how_many,reasoning
8979,multi_train,multi,how_many,reasoning
1176,multi_train,multi,how_many,reasoning
1177,multi_train,multi,how_many,reasoning
1178,multi_train,multi,how_many,reasoning
1258,multi_train,multi,how_many,reasoning
9192,multi_train,multi,how_many,reasoning
9194,multi_train,multi,how_many,reasoning
9180,multi_train,multi,what,reasoning
9181,multi_train,multi,what,reasoning
9182,multi_train,multi,how_many,reasoning
9184,multi_train,multi,how_many,reasoning
9187,multi_train,multi,what,reasoning
9188,multi_train,multi,what,reasoning
1441,multi_train,multi,how_many,reasoning
1442,multi_train,multi,how_many,reasoning
1443,multi_train,multi,how_many,reasoning
1444,multi_train,multi,how_many,reasoning
1139,multi_train,multi,how_many,reasoning
1142,multi_train,multi,how_many,reasoning
1143,multi_train,multi,how_many,reasoning
1140,multi_train,multi,how_many,reasoning
1141,multi_train,multi,compare,reasoning
3349,multi_train,multi,which,reasoning
3350,multi_train,multi,how_many,reasoning
3351,multi_train,multi,what,reasoning
3355,multi_train,multi,how_many,reasoning
3356,multi_train,multi,how_many,reasoning
3353,multi_train,multi,what,reasoning
3354,multi_train,multi,when,reasoning
6201,multi_train,multi,how_many,reasoning
759,multi_train,multi,how_many,reasoning
762,multi_train,multi,how_many,reasoning
763,multi_train,multi,how_many,reasoning
753,multi_train,multi,when,reasoning
754,multi_train,multi,how_many,reasoning
755,multi_train,multi,how_many,reasoning
756,multi_train,multi,which,reasoning
758,multi_train,multi,compare,reasoning
8277,multi_train,multi,how_many,reasoning
8278,multi_train,multi,how_many,reasoning
8279,multi_train,multi,how_many,reasoning
7125,multi_train,multi,compare,reasoning
7126,multi_train,multi,compare,reasoning
7128,multi_train,multi,compare,reasoning
7134,multi_train,multi,what,reasoning
7135,multi_train,multi,how_many,reasoning
7136,multi_train,multi,how_many,reasoning
7130,multi_train,multi,how_many,reasoning
7131,multi_train,multi,compare,reasoning
6726,multi_train,multi,which,reasoning
6727,multi_train,multi,how_many,reasoning
6728,multi_train,multi,how_many,reasoning
3399,multi_train,multi,how_many,reasoning
6103,multi_train,multi,how_many,reasoning
6104,multi_train,multi,how_many,reasoning
6105,multi_train,multi,how_many,reasoning
6106,multi_train,multi,how_many,reasoning
6107,multi_train,multi,how_many,reasoning
7962,multi_train,multi,what,reasoning
7963,multi_train,multi,how_many,reasoning
7964,multi_train,multi,what,reasoning
8204,multi_train,multi,how_many,reasoning
8206,multi_train,multi,how_many,reasoning
3089,multi_train,multi,compare,reasoning
3093,multi_train,multi,how_many,reasoning
3094,multi_train,multi,how_many,reasoning
3095,multi_train,multi,how_many,reasoning
3096,multi_train,multi,how_many,reasoning
3090,multi_train,multi,compare,reasoning
3091,multi_train,multi,how_many,reasoning
3092,multi_train,multi,how_many,reasoning
4245,multi_train,multi,how_many,reasoning
4246,multi_train,multi,what,reasoning
4247,multi_train,multi,which,reasoning
4248,multi_train,multi,what,reasoning
4249,multi_train,multi,compare,reasoning
4251,multi_train,multi,how_many,reasoning
4253,multi_train,multi,compare,reasoning
2381,multi_train,multi,compare,reasoning
2382,multi_train,multi,how_many,reasoning
2383,multi_train,multi,how_many,reasoning
7403,multi_train,multi,how_many,reasoning
7405,multi_train,multi,compare,reasoning
7406,multi_train,multi,how_many,reasoning
4029,multi_train,multi,how_many,reasoning
4030,multi_train,multi,how_many,reasoning
4031,multi_train,multi,how_many,reasoning
1426,multi_train,multi,how_many,reasoning
1427,multi_train,multi,compare,reasoning
1428,multi_train,multi,how_many,reasoning
7272,multi_train,multi,compare,reasoning
7273,multi_train,multi,how_many,reasoning
7274,multi_train,multi,how_many,reasoning
7276,multi_train,multi,how_many,reasoning
7277,multi_train,multi,how_many,reasoning
7282,multi_train,multi,how_many,reasoning
7269,multi_train,multi,how_many,reasoning
7270,multi_train,multi,compare,reasoning
7271,multi_train,multi,how_many,reasoning
5621,multi_train,multi,how_many,reasoning
5622,multi_train,multi,how_many,reasoning
2109,multi_train,multi,what,reasoning
2113,multi_train,multi,what,reasoning
6058,multi_train,multi,what,reasoning
833,multi_train,multi,how_many,reasoning
835,multi_train,multi,how_many,reasoning
1103,multi_train,multi,how_many,reasoning
1104,multi_train,multi,compare,reasoning
1105,multi_train,multi,how_many,reasoning
1106,multi_train,multi,how_many,reasoning
1107,multi_train,multi,how_many,reasoning
6291,multi_train,multi,how_many,reasoning
6292,multi_train,multi,how_many,reasoning
6809,multi_train,multi,what,reasoning
6810,multi_train,multi,what,reasoning
6811,multi_train,multi,what,reasoning
6813,multi_train,multi,what,reasoning
5199,multi_train,multi,how_many,reasoning
911,multi_train,multi,how_many,reasoning
910,multi_train,multi,how_many,reasoning
912,multi_train,multi,compare,reasoning
913,multi_train,multi,how_many,reasoning
828,multi_train,multi,how_many,reasoning
7327,multi_train,multi,how_many,reasoning
5190,multi_train,multi,how_many,reasoning
5191,multi_train,multi,how_many,reasoning
5192,multi_train,multi,how_many,reasoning
5193,multi_train,multi,how_many,reasoning
5194,multi_train,multi,how_many,reasoning
5195,multi_train,multi,how_many,reasoning
3364,multi_train,multi,how_many,reasoning
3365,multi_train,multi,how_many,reasoning
3368,multi_train,multi,how_many,reasoning
3358,multi_train,multi,how_many,reasoning
3359,multi_train,multi,how_many,reasoning
6997,multi_train,multi,what,reasoning
6998,multi_train,multi,what,reasoning
6999,multi_train,multi,how_many,reasoning
7000,multi_train,multi,what,reasoning
6995,multi_train,multi,what,reasoning
6996,multi_train,multi,what,reasoning
7001,multi_train,multi,how_many,reasoning
7002,multi_train,multi,what,reasoning
7003,multi_train,multi,what,reasoning
7004,multi_train,multi,what,reasoning
1409,multi_train,multi,what,reasoning
8532,multi_train,multi,compare,reasoning
8533,multi_train,multi,how_many,reasoning
8534,multi_train,multi,how_many,reasoning
8537,multi_train,multi,how_many,reasoning
8527,multi_train,multi,how_many,reasoning
8528,multi_train,multi,how_many,reasoning
8529,multi_train,multi,how_many,reasoning
8530,multi_train,multi,compare,reasoning
8531,multi_train,multi,how_many,reasoning
8538,multi_train,multi,compare,reasoning
8539,multi_train,multi,how_many,reasoning
8541,multi_train,multi,how_many,reasoning
8543,multi_train,multi,how_many,reasoning
7520,multi_train,multi,how_many,reasoning
2328,multi_train,multi,how_many,reasoning
3651,multi_train,multi,what,reasoning
2029,multi_train,multi,what,reasoning
2659,multi_train,multi,how_many,reasoning
2660,multi_train,multi,compare,reasoning
2661,multi_train,multi,how_many,reasoning
2662,multi_train,multi,how_many,reasoning
2656,multi_train,multi,compare,reasoning
2657,multi_train,multi,how_many,reasoning
2658,multi_train,multi,how_many,reasoning
2653,multi_train,multi,how_many,reasoning
2654,multi_train,multi,compare,reasoning
2655,multi_train,multi,compare,reasoning
3665,multi_train,multi,when,reasoning
5790,multi_train,multi,how_many,reasoning
5791,multi_train,multi,compare,reasoning
5792,multi_train,multi,how_many,reasoning
5793,multi_train,multi,what,reasoning
5794,multi_train,multi,how_many,reasoning
5795,multi_train,multi,how_many,reasoning
5796,multi_train,multi,compare,reasoning
5785,multi_train,multi,how_many,reasoning
5786,multi_train,multi,how_many,reasoning
5788,multi_train,multi,how_many,reasoning
5789,multi_train,multi,how_many,reasoning
6311,multi_train,multi,how_many,reasoning
8398,multi_train,multi,how_many,reasoning
8399,multi_train,multi,how_many,reasoning
8400,multi_train,multi,what,reasoning
7715,multi_train,multi,how_many,reasoning
7716,multi_train,multi,how_many,reasoning
7717,multi_train,multi,how_many,reasoning
4661,multi_train,multi,compare,reasoning
4662,multi_train,multi,how_many,reasoning
4663,multi_train,multi,how_many,reasoning
4664,multi_train,multi,compare,reasoning
4665,multi_train,multi,how_many,reasoning
907,multi_train,multi,how_many,reasoning
908,multi_train,multi,how_many,reasoning
909,multi_train,multi,compare,reasoning
6795,multi_train,multi,how_many,reasoning
300,multi_train,multi,what,reasoning
302,multi_train,multi,which,reasoning
304,multi_train,multi,what,reasoning
6565,multi_train,multi,what,reasoning
6566,multi_train,multi,which,reasoning
6427,multi_train,multi,compare,reasoning
6428,multi_train,multi,how_many,reasoning
6429,multi_train,multi,how_many,reasoning
6430,multi_train,multi,compare,reasoning
2393,multi_train,multi,how_many,reasoning
2394,multi_train,multi,compare,reasoning
2395,multi_train,multi,how_many,reasoning
2396,multi_train,multi,how_many,reasoning
6345,multi_train,multi,how_many,reasoning
6347,multi_train,multi,compare,reasoning
1301,multi_train,multi,compare,reasoning
1302,multi_train,multi,how_many,reasoning
4537,multi_train,multi,how_many,reasoning
4538,multi_train,multi,compare,reasoning
4539,multi_train,multi,compare,reasoning
4540,multi_train,multi,how_many,reasoning
4541,multi_train,multi,how_many,reasoning
2303,multi_train,multi,how_many,reasoning
2304,multi_train,multi,compare,reasoning
2306,multi_train,multi,how_many,reasoning
7366,multi_train,multi,how_many,reasoning
728,multi_train,multi,compare,reasoning
724,multi_train,multi,how_many,reasoning
726,multi_train,multi,how_many,reasoning
721,multi_train,multi,how_many,reasoning
722,multi_train,multi,compare,reasoning
6569,multi_train,multi,how_many,reasoning
6570,multi_train,multi,how_many,reasoning
731,multi_train,multi,which,reasoning
733,multi_train,multi,what,reasoning
1885,multi_train,multi,which,lookup
1887,multi_train,multi,what,reasoning
896,multi_train,multi,how_many,reasoning
5632,multi_train,multi,how_many,reasoning
5633,multi_train,multi,which,reasoning
471,multi_train,multi,how_many,reasoning
472,multi_train,multi,when,reasoning
473,multi_train,multi,when,reasoning
474,multi_train,multi,when,reasoning
1642,multi_train,multi,which,reasoning
1643,multi_train,multi,what,reasoning
1644,multi_train,multi,how_many,reasoning
1646,multi_train,multi,how_many,reasoning
5938,multi_train,multi,how_many,reasoning
5939,multi_train,multi,how_many,reasoning
5940,multi_train,multi,how_many,reasoning
5595,multi_train,multi,how_many,reasoning
5596,multi_train,multi,compare,reasoning
5597,multi_train,multi,how_many,reasoning
5378,multi_train,multi,which,reasoning
5380,multi_train,multi,which,reasoning
5381,multi_train,multi,when,reasoning
5382,multi_train,multi,how_many,reasoning
5383,multi_train,multi,how_many,reasoning
6477,multi_train,multi,how_many,reasoning
6478,multi_train,multi,compare,reasoning
6479,multi_train,multi,compare,reasoning
403,multi_train,multi,how_many,reasoning
404,multi_train,multi,which,reasoning
405,multi_train,multi,what,reasoning
482,multi_train,multi,how_many,reasoning
476,multi_train,multi,how_many,reasoning
477,multi_train,multi,when,reasoning
483,multi_train,multi,what,reasoning
484,multi_train,multi,how_many,reasoning
486,multi_train,multi,how_many,reasoning
3645,multi_train,multi,how_many,reasoning
3646,multi_train,multi,how_many,reasoning
3640,multi_train,multi,which,reasoning
3643,multi_train,multi,compare,reasoning
3635,multi_train,multi,compare,reasoning
3636,multi_train,multi,how_many,reasoning
3637,multi_train,multi,how_many,reasoning
7670,multi_train,multi,what,reasoning
7671,multi_train,multi,compare,reasoning
7672,multi_train,multi,which,reasoning
6097,multi_train,multi,compare,reasoning
6098,multi_train,multi,how_many,reasoning
6099,multi_train,multi,how_many,reasoning
6432,multi_train,multi,which,reasoning
6433,multi_train,multi,what,reasoning
490,multi_train,multi,which,reasoning
491,multi_train,multi,what,reasoning
492,multi_train,multi,what,reasoning
493,multi_train,multi,how_many,reasoning
2150,multi_train,multi,how_many,reasoning
2151,multi_train,multi,compare,reasoning
2152,multi_train,multi,how_many,reasoning
2153,multi_train,multi,how_many,reasoning
3301,multi_train,multi,how_many,reasoning
3303,multi_train,multi,how_many,reasoning
3304,multi_train,multi,how_many,reasoning
3305,multi_train,multi,how_many,reasoning
3306,multi_train,multi,compare,reasoning
3296,multi_train,multi,how_many,reasoning
3297,multi_train,multi,how_many,reasoning
3298,multi_train,multi,how_many,reasoning
3299,multi_train,multi,how_many,reasoning
1918,multi_train,multi,how_many,reasoning
1919,multi_train,multi,how_many,reasoning
1620,multi_train,multi,what,reasoning
5451,multi_train,multi,how_many,reasoning
5452,multi_train,multi,how_many,reasoning
5453,multi_train,multi,compare,reasoning
7759,multi_train,multi,how_many,reasoning
7761,multi_train,multi,how_many,reasoning
6215,multi_train,multi,how_many,reasoning
6216,multi_train,multi,how_many,reasoning
6218,multi_train,multi,how_many,reasoning
8009,multi_train,multi,which,reasoning
3097,multi_train,multi,how_many,reasoning
3098,multi_train,multi,how_many,reasoning
3099,multi_train,multi,compare,reasoning
5171,multi_train,multi,how_many,reasoning
2728,multi_train,multi,how_many,reasoning
2729,multi_train,multi,how_many,reasoning
2730,multi_train,multi,how_many,reasoning
2731,multi_train,multi,how_many,reasoning
2732,multi_train,multi,how_many,reasoning
2733,multi_train,multi,compare,reasoning
2734,multi_train,multi,compare,reasoning
2736,multi_train,multi,compare,reasoning
4439,multi_train,multi,how_many,reasoning
4440,multi_train,multi,compare,reasoning
4441,multi_train,multi,compare,reasoning
4442,multi_train,multi,how_many,reasoning
230,multi_train,multi,how_many,reasoning
227,multi_train,multi,how_many,reasoning
228,multi_train,multi,how_many,reasoning
229,multi_train,multi,how_many,reasoning
231,multi_train,multi,how_many,reasoning
232,multi_train,multi,how_many,reasoning
4360,multi_train,multi,what,reasoning
4361,multi_train,multi,compare,reasoning
1702,multi_train,multi,how_many,reasoning
1703,multi_train,multi,how_many,reasoning
1704,multi_train,multi,compare,reasoning
7869,multi_train,multi,what,reasoning
8625,multi_train,multi,how_many,reasoning
8626,multi_train,multi,how_many,reasoning
8635,multi_train,multi,how_many,reasoning
8636,multi_train,multi,how_many,reasoning
8637,multi_train,multi,how_many,reasoning
8638,multi_train,multi,how_many,reasoning
8630,multi_train,multi,how_many,reasoning
8631,multi_train,multi,how_many,reasoning
8632,multi_train,multi,how_many,reasoning
8633,multi_train,multi,compare,reasoning
2114,multi_train,multi,how_many,reasoning
2116,multi_train,multi,how_many,reasoning
2118,multi_train,multi,compare,reasoning
5412,multi_train,multi,what,reasoning
7827,multi_train,multi,what,reasoning
7828,multi_train,multi,how_many,reasoning
4570,multi_train,multi,compare,reasoning
4571,multi_train,multi,how_many,reasoning
1712,multi_train,multi,how_many,reasoning
2315,multi_train,multi,how_many,reasoning
2316,multi_train,multi,how_many,reasoning
2317,multi_train,multi,how_many,reasoning
9469,multi_train,multi,which,reasoning
9470,multi_train,multi,which,reasoning
9466,multi_train,multi,what,reasoning
9467,multi_train,multi,how_many,reasoning
9462,multi_train,multi,how_many,reasoning
9463,multi_train,multi,which,reasoning
9464,multi_train,multi,which,reasoning
1314,multi_train,multi,how_many,reasoning
1315,multi_train,multi,compare,reasoning
1316,multi_train,multi,how_many,reasoning
1317,multi_train,multi,how_many,reasoning
1318,multi_train,multi,how_many,reasoning
6086,multi_train,multi,how_many,reasoning
7100,multi_train,multi,compare,reasoning
7102,multi_train,multi,how_many,reasoning
7105,multi_train,multi,how_many,reasoning
7106,multi_train,multi,compare,reasoning
409,multi_train,multi,compare,reasoning
411,multi_train,multi,how_many,reasoning
1084,multi_train,multi,how_many,reasoning
1086,multi_train,multi,how_many,reasoning
6171,multi_train,multi,what,reasoning
6173,multi_train,multi,how_many,reasoning
4932,multi_train,multi,how_many,reasoning
4933,multi_train,multi,how_many,reasoning
4934,multi_train,multi,how_many,reasoning
4935,multi_train,multi,compare,reasoning
4924,multi_train,multi,how_many,reasoning
4925,multi_train,multi,how_many,reasoning
4926,multi_train,multi,compare,reasoning
4928,multi_train,multi,how_many,reasoning
4929,multi_train,multi,how_many,reasoning
4930,multi_train,multi,how_many,reasoning
4931,multi_train,multi,compare,reasoning
853,multi_train,multi,which,reasoning
855,multi_train,multi,which,reasoning
856,multi_train,multi,how_many,reasoning
857,multi_train,multi,how_many,reasoning
2437,multi_train,multi,compare,reasoning
5237,multi_train,multi,how_many,reasoning
5238,multi_train,multi,how_many,reasoning
7838,multi_train,multi,what,reasoning
7839,multi_train,multi,how_many,reasoning
7840,multi_train,multi,which,reasoning
1865,multi_train,multi,how_many,reasoning
1866,multi_train,multi,compare,reasoning
1867,multi_train,multi,how_many,reasoning
1868,multi_train,multi,how_many,reasoning
8304,multi_train,multi,compare,reasoning
8305,multi_train,multi,how_many,reasoning
8306,multi_train,multi,how_many,reasoning
8307,multi_train,multi,how_many,reasoning
8309,multi_train,multi,how_many,reasoning
8310,multi_train,multi,how_many,reasoning
1489,multi_train,multi,how_many,reasoning
1490,multi_train,multi,what,reasoning
1488,multi_train,multi,how_many,reasoning
5039,multi_train,multi,how_many,reasoning
5043,multi_train,multi,how_many,reasoning
5044,multi_train,multi,compare,reasoning
5046,multi_train,multi,how_many,reasoning
5048,multi_train,multi,how_many,reasoning
5049,multi_train,multi,how_many,reasoning
5050,multi_train,multi,compare,reasoning
5052,multi_train,multi,how_many,reasoning
5053,multi_train,multi,how_many,reasoning
9129,multi_train,multi,which,reasoning
9132,multi_train,multi,how_many,reasoning
9137,multi_train,multi,which,reasoning
9138,multi_train,multi,which,reasoning
9133,multi_train,multi,which,reasoning
9134,multi_train,multi,how_many,reasoning
9135,multi_train,multi,what,reasoning
7790,multi_train,multi,how_many,reasoning
7791,multi_train,multi,how_many,reasoning
7793,multi_train,multi,how_many,reasoning
1932,multi_train,multi,what,reasoning
1933,multi_train,multi,compare,reasoning
1934,multi_train,multi,how_many,reasoning
1935,multi_train,multi,how_many,reasoning
1936,multi_train,multi,compare,reasoning
1937,multi_train,multi,what,reasoning
2428,multi_train,multi,compare,reasoning
2429,multi_train,multi,compare,reasoning
2430,multi_train,multi,how_many,reasoning
2431,multi_train,multi,compare,reasoning
2419,multi_train,multi,how_many,reasoning
2420,multi_train,multi,how_many,reasoning
2421,multi_train,multi,compare,reasoning
2422,multi_train,multi,compare,reasoning
2423,multi_train,multi,compare,reasoning
2425,multi_train,multi,how_many,reasoning
2426,multi_train,multi,how_many,reasoning
1199,multi_train,multi,how_many,reasoning
1200,multi_train,multi,compare,reasoning
1201,multi_train,multi,compare,reasoning
3923,multi_train,multi,what,reasoning
3924,multi_train,multi,what,reasoning
3925,multi_train,multi,which,reasoning
4524,multi_train,multi,how_many,reasoning
4525,multi_train,multi,how_many,reasoning
4526,multi_train,multi,compare,reasoning
556,multi_train,multi,how_many,reasoning
557,multi_train,multi,what,reasoning
558,multi_train,multi,how_many,reasoning
559,multi_train,multi,compare,reasoning
560,multi_train,multi,how_many,reasoning
561,multi_train,multi,how_many,reasoning
562,multi_train,multi,compare,reasoning
563,multi_train,multi,how_many,reasoning
564,multi_train,multi,how_many,reasoning
565,multi_train,multi,how_many,reasoning
566,multi_train,multi,how_many,reasoning
1087,multi_train,multi,how_many,reasoning
1088,multi_train,multi,what,reasoning
1089,multi_train,multi,how_many,reasoning
1090,multi_train,multi,how_many,reasoning
7019,multi_train,multi,how_many,reasoning
7021,multi_train,multi,what,reasoning
7017,multi_train,multi,what,reasoning
7123,multi_train,multi,how_many,reasoning
7350,multi_train,multi,how_many,reasoning
7351,multi_train,multi,how_many,reasoning
7352,multi_train,multi,compare,reasoning
7353,multi_train,multi,how_many,reasoning
7354,multi_train,multi,how_many,reasoning
435,multi_train,multi,compare,reasoning
436,multi_train,multi,compare,reasoning
437,multi_train,multi,how_many,reasoning
438,multi_train,multi,compare,reasoning
439,multi_train,multi,compare,reasoning
5283,multi_train,multi,compare,reasoning
5284,multi_train,multi,how_many,reasoning
5285,multi_train,multi,what,reasoning
5286,multi_train,multi,how_many,reasoning
5287,multi_train,multi,how_many,reasoning
4600,multi_train,multi,what,reasoning
4601,multi_train,multi,compare,reasoning
4711,multi_train,multi,how_many,reasoning
4712,multi_train,multi,how_many,reasoning
4713,multi_train,multi,when,reasoning
4714,multi_train,multi,what,reasoning
4068,multi_train,multi,compare,reasoning
4069,multi_train,multi,how_many,reasoning
4770,multi_train,multi,how_many,reasoning
7729,multi_train,multi,how_many,reasoning
7730,multi_train,multi,compare,reasoning
7731,multi_train,multi,how_many,reasoning
7732,multi_train,multi,how_many,reasoning
7733,multi_train,multi,how_many,reasoning
7734,multi_train,multi,how_many,reasoning
9230,multi_train,multi,how_many,reasoning
9231,multi_train,multi,how_many,reasoning
9232,multi_train,multi,how_many,reasoning
9237,multi_train,multi,how_many,reasoning
9238,multi_train,multi,how_many,reasoning
9240,multi_train,multi,how_many,reasoning
9234,multi_train,multi,how_many,reasoning
9235,multi_train,multi,how_many,reasoning
9236,multi_train,multi,compare,reasoning
1051,multi_train,multi,how_many,reasoning
1920,multi_train,multi,how_many,reasoning
1921,multi_train,multi,compare,reasoning
1922,multi_train,multi,how_many,reasoning
1924,multi_train,multi,compare,reasoning
4572,multi_train,multi,how_many,reasoning
4573,multi_train,multi,how_many,reasoning
4574,multi_train,multi,how_many,reasoning
4575,multi_train,multi,what,reasoning
8192,multi_train,multi,how_many,reasoning
8193,multi_train,multi,compare,reasoning
8194,multi_train,multi,what,reasoning
8195,multi_train,multi,which,reasoning
2371,multi_train,multi,what,reasoning
2372,multi_train,multi,how_many,reasoning
5340,multi_train,multi,what,reasoning
5341,multi_train,multi,what,reasoning
5343,multi_train,multi,how_many,reasoning
6409,multi_train,multi,how_many,reasoning
6359,multi_train,multi,how_many,reasoning
1421,multi_train,multi,how_many,reasoning
1422,multi_train,multi,how_many,reasoning
8001,multi_train,multi,what,reasoning
8002,multi_train,multi,how_many,reasoning
2120,multi_train,multi,compare,reasoning
5446,multi_train,multi,which,reasoning
5447,multi_train,multi,compare,reasoning
7296,multi_train,multi,how_many,reasoning
7297,multi_train,multi,which,reasoning
7299,multi_train,multi,what,reasoning
7301,multi_train,multi,how_many,reasoning
7302,multi_train,multi,what,reasoning
2940,multi_train,multi,how_many,reasoning
2941,multi_train,multi,how_many,reasoning
2942,multi_train,multi,which,reasoning
2324,multi_train,multi,how_many,reasoning
2325,multi_train,multi,how_many,reasoning
2327,multi_train,multi,which,reasoning
5682,multi_train,multi,what,reasoning
7878,multi_train,multi,what,reasoning
7879,multi_train,multi,how_many,reasoning
7881,multi_train,multi,what,reasoning
3806,multi_train,multi,what,reasoning
3807,multi_train,multi,what,reasoning
3808,multi_train,multi,compare,reasoning
3809,multi_train,multi,what,reasoning
3802,multi_train,multi,what,reasoning
3803,multi_train,multi,what,reasoning
206,multi_train,multi,how_many,reasoning
207,multi_train,multi,what,reasoning
713,multi_train,multi,how_many,reasoning
714,multi_train,multi,how_many,reasoning
715,multi_train,multi,how_many,reasoning
716,multi_train,multi,compare,reasoning
717,multi_train,multi,how_many,reasoning
718,multi_train,multi,how_many,reasoning
719,multi_train,multi,compare,reasoning
720,multi_train,multi,which,reasoning
2247,multi_train,multi,how_many,reasoning
2249,multi_train,multi,how_many,reasoning
2250,multi_train,multi,what,reasoning
2251,multi_train,multi,how_many,reasoning
502,multi_train,multi,how_many,reasoning
495,multi_train,multi,what,reasoning
6884,multi_train,multi,how_many,reasoning
6885,multi_train,multi,how_many,reasoning
6887,multi_train,multi,how_many,reasoning
7646,multi_train,multi,which,reasoning
7647,multi_train,multi,what,reasoning
7649,multi_train,multi,what,reasoning
785,multi_train,multi,compare,reasoning
786,multi_train,multi,how_many,reasoning
787,multi_train,multi,how_many,reasoning
788,multi_train,multi,compare,reasoning
789,multi_train,multi,compare,reasoning
555,multi_train,multi,how_many,reasoning
553,multi_train,multi,how_many,reasoning
549,multi_train,multi,how_many,reasoning
548,multi_train,multi,which,reasoning
550,multi_train,multi,how_many,reasoning
551,multi_train,multi,compare,reasoning
543,multi_train,multi,compare,reasoning
544,multi_train,multi,how_many,reasoning
545,multi_train,multi,compare,reasoning
546,multi_train,multi,compare,reasoning
542,multi_train,multi,how_many,reasoning
9369,multi_train,multi,how_many,reasoning
9370,multi_train,multi,compare,reasoning
9371,multi_train,multi,how_many,reasoning
9372,multi_train,multi,compare,reasoning
9366,multi_train,multi,how_many,reasoning
9367,multi_train,multi,compare,reasoning
9368,multi_train,multi,how_many,reasoning
9373,multi_train,multi,how_many,reasoning
9374,multi_train,multi,how_many,reasoning
6510,multi_train,multi,how_many,reasoning
6511,multi_train,multi,how_many,reasoning
2263,multi_train,multi,how_many,reasoning
6198,multi_train,multi,how_many,reasoning
6199,multi_train,multi,how_many,reasoning
6200,multi_train,multi,how_many,reasoning
6507,multi_train,multi,how_many,reasoning
80,multi_train,multi,compare,reasoning
81,multi_train,multi,compare,reasoning
82,multi_train,multi,how_many,reasoning
83,multi_train,multi,compare,reasoning
84,multi_train,multi,how_many,reasoning
85,multi_train,multi,how_many,reasoning
91,multi_train,multi,compare,reasoning
93,multi_train,multi,compare,reasoning
94,multi_train,multi,how_many,reasoning
92,multi_train,multi,how_many,reasoning
77,multi_train,multi,how_many,reasoning
79,multi_train,multi,compare,reasoning
78,multi_train,multi,how_many,reasoning
86,multi_train,multi,how_many,reasoning
87,multi_train,multi,compare,reasoning
88,multi_train,multi,compare,reasoning
89,multi_train,multi,how_many,reasoning
90,multi_train,multi,how_many,reasoning
73,multi_train,multi,compare,reasoning
74,multi_train,multi,how_many,reasoning
75,multi_train,multi,compare,reasoning
76,multi_train,multi,compare,reasoning
72,multi_train,multi,how_many,reasoning
3916,multi_train,multi,how_many,reasoning
3917,multi_train,multi,how_many,reasoning
3918,multi_train,multi,how_many,reasoning
647,multi_train,multi,how_many,reasoning
648,multi_train,multi,how_many,reasoning
640,multi_train,multi,compare,reasoning
641,multi_train,multi,how_many,reasoning
643,multi_train,multi,compare,reasoning
644,multi_train,multi,how_many,reasoning
646,multi_train,multi,how_many,reasoning
2208,multi_train,multi,how_many,reasoning
2404,multi_train,multi,how_many,reasoning
1309,multi_train,multi,how_many,reasoning
1310,multi_train,multi,how_many,reasoning
1311,multi_train,multi,how_many,reasoning
1312,multi_train,multi,how_many,reasoning
1313,multi_train,multi,what,reasoning
5101,multi_train,multi,compare,reasoning
5103,multi_train,multi,how_many,reasoning
5104,multi_train,multi,how_many,reasoning
5105,multi_train,multi,how_many,reasoning
5090,multi_train,multi,how_many,reasoning
5091,multi_train,multi,what,reasoning
5092,multi_train,multi,compare,reasoning
5093,multi_train,multi,how_many,reasoning
5094,multi_train,multi,compare,reasoning
5095,multi_train,multi,how_many,reasoning
5096,multi_train,multi,how_many,reasoning
5098,multi_train,multi,how_many,reasoning
5099,multi_train,multi,how_many,reasoning
5100,multi_train,multi,how_many,reasoning
5713,multi_train,multi,how_many,reasoning
5715,multi_train,multi,compare,reasoning
4839,multi_train,multi,how_many,reasoning
4840,multi_train,multi,how_many,reasoning
4841,multi_train,multi,compare,reasoning
4842,multi_train,multi,how_many,reasoning
4843,multi_train,multi,how_many,reasoning
4306,multi_train,multi,how_many,reasoning
9394,multi_train,multi,how_many,reasoning
9395,multi_train,multi,how_many,reasoning
9396,multi_train,multi,compare,reasoning
9397,multi_train,multi,how_many,reasoning
9398,multi_train,multi,compare,reasoning
9399,multi_train,multi,compare,reasoning
7332,multi_train,multi,how_many,reasoning
7333,multi_train,multi,what,reasoning
7334,multi_train,multi,what,reasoning
8394,multi_train,multi,how_many,reasoning
8395,multi_train,multi,how_many,reasoning
8396,multi_train,multi,compare,reasoning
8397,multi_train,multi,how_many,reasoning
3597,multi_train,multi,compare,reasoning
3589,multi_train,multi,compare,reasoning
3590,multi_train,multi,how_many,reasoning
3591,multi_train,multi,how_many,reasoning
3592,multi_train,multi,compare,reasoning
3593,multi_train,multi,how_many,reasoning
3586,multi_train,multi,compare,reasoning
3587,multi_train,multi,how_many,reasoning
3588,multi_train,multi,compare,reasoning
7690,multi_train,multi,what,reasoning
2006,multi_train,multi,how_many,reasoning
7490,multi_train,multi,how_many,reasoning
7492,multi_train,multi,how_many,reasoning
7493,multi_train,multi,how_many,reasoning
9155,multi_train,multi,how_many,reasoning
9157,multi_train,multi,compare,reasoning
9158,multi_train,multi,how_many,reasoning
9159,multi_train,multi,how_many,reasoning
9161,multi_train,multi,compare,reasoning
9151,multi_train,multi,how_many,reasoning
9152,multi_train,multi,how_many,reasoning
9153,multi_train,multi,how_many,reasoning
9154,multi_train,multi,how_many,reasoning
8127,multi_train,multi,what,reasoning
8128,multi_train,multi,how_many,reasoning
8129,multi_train,multi,what,reasoning
2098,multi_train,multi,how_many,reasoning
4706,multi_train,multi,how_many,reasoning
4707,multi_train,multi,how_many,reasoning
4708,multi_train,multi,compare,reasoning
4709,multi_train,multi,compare,reasoning
4710,multi_train,multi,how_many,reasoning
6682,multi_train,multi,when,reasoning
6683,multi_train,multi,which,reasoning
5888,multi_train,multi,how_many,reasoning
5889,multi_train,multi,how_many,reasoning
5890,multi_train,multi,compare,reasoning
5891,multi_train,multi,what,reasoning
5892,multi_train,multi,how_many,reasoning
8490,multi_train,multi,which,reasoning
8492,multi_train,multi,what,reasoning
8494,multi_train,multi,what,reasoning
8495,multi_train,multi,what,reasoning
8498,multi_train,multi,what,reasoning
1705,multi_train,multi,which,reasoning
1706,multi_train,multi,how_many,reasoning
1707,multi_train,multi,what,reasoning
6160,multi_train,multi,how_many,reasoning
6161,multi_train,multi,which,reasoning
6163,multi_train,multi,how_many,reasoning
5364,multi_train,multi,how_many,reasoning
5365,multi_train,multi,how_many,reasoning
7745,multi_train,multi,how_many,reasoning
7746,multi_train,multi,how_many,reasoning
7747,multi_train,multi,how_many,reasoning
1382,multi_train,multi,how_many,reasoning
1383,multi_train,multi,compare,reasoning
1384,multi_train,multi,how_many,reasoning
1385,multi_train,multi,compare,reasoning
1386,multi_train,multi,how_many,reasoning
1387,multi_train,multi,compare,reasoning
1364,multi_train,multi,how_many,reasoning
1366,multi_train,multi,how_many,reasoning
1367,multi_train,multi,what,reasoning
5956,multi_train,multi,compare,reasoning
5958,multi_train,multi,how_many,reasoning
5959,multi_train,multi,how_many,reasoning
5960,multi_train,multi,compare,reasoning
5962,multi_train,multi,how_many,reasoning
5964,multi_train,multi,which,reasoning
5952,multi_train,multi,how_many,reasoning
5954,multi_train,multi,how_many,reasoning
738,multi_train,multi,how_many,reasoning
739,multi_train,multi,how_many,reasoning
735,multi_train,multi,what,reasoning
736,multi_train,multi,how_many,reasoning
5449,multi_train,multi,which,lookup
7902,multi_train,multi,what,reasoning
7903,multi_train,multi,what,reasoning
7904,multi_train,multi,when,reasoning
948,multi_train,multi,how_many,reasoning
949,multi_train,multi,how_many,reasoning
950,multi_train,multi,how_many,reasoning
951,multi_train,multi,compare,reasoning
952,multi_train,multi,how_many,reasoning
9103,multi_train,multi,compare,reasoning
9105,multi_train,multi,compare,reasoning
9092,multi_train,multi,how_many,reasoning
9093,multi_train,multi,compare,reasoning
9094,multi_train,multi,how_many,reasoning
9098,multi_train,multi,how_many,reasoning
9101,multi_train,multi,how_many,reasoning
9099,multi_train,multi,compare,reasoning
8600,multi_train,multi,compare,reasoning
8601,multi_train,multi,how_many,reasoning
8602,multi_train,multi,how_many,reasoning
8603,multi_train,multi,compare,reasoning
2346,multi_train,multi,how_many,reasoning
2347,multi_train,multi,how_many,reasoning
2348,multi_train,multi,how_many,reasoning
2349,multi_train,multi,how_many,reasoning
2351,multi_train,multi,how_many,reasoning
2352,multi_train,multi,how_many,reasoning
2353,multi_train,multi,how_many,reasoning
2354,multi_train,multi,how_many,reasoning
489,multi_train,multi,what,reasoning
2333,multi_train,multi,which,reasoning
2334,multi_train,multi,how_many,reasoning
2335,multi_train,multi,compare,reasoning
3480,multi_train,multi,compare,reasoning
3487,multi_train,multi,how_many,reasoning
3489,multi_train,multi,how_many,reasoning
3490,multi_train,multi,how_many,reasoning
3491,multi_train,multi,compare,reasoning
3484,multi_train,multi,how_many,reasoning
3485,multi_train,multi,how_many,reasoning
4155,multi_train,multi,compare,reasoning
1229,multi_train,multi,how_many,reasoning
1231,multi_train,multi,how_many,reasoning
45,multi_train,multi,how_many,reasoning
46,multi_train,multi,how_many,reasoning
47,multi_train,multi,compare,reasoning
48,multi_train,multi,compare,reasoning
5471,multi_train,multi,compare,reasoning
3736,multi_train,multi,which,reasoning
3737,multi_train,multi,what,reasoning
6609,multi_train,multi,compare,reasoning
6611,multi_train,multi,how_many,reasoning
6612,multi_train,multi,how_many,reasoning
99,multi_train,multi,what,reasoning
101,multi_train,multi,which,reasoning
5933,multi_train,multi,how_many,reasoning
5934,multi_train,multi,how_many,reasoning
5935,multi_train,multi,compare,reasoning
5936,multi_train,multi,how_many,reasoning
5937,multi_train,multi,how_many,reasoning
6072,multi_train,multi,what,reasoning
6073,multi_train,multi,how_many,reasoning
6074,multi_train,multi,how_many,reasoning
1671,multi_train,multi,how_many,reasoning
1673,multi_train,multi,how_many,reasoning
4308,multi_train,multi,how_many,reasoning
8333,multi_train,multi,compare,reasoning
8334,multi_train,multi,how_many,reasoning
8335,multi_train,multi,how_many,reasoning
9413,multi_train,multi,how_many,reasoning
9414,multi_train,multi,how_many,reasoning
9415,multi_train,multi,how_many,reasoning
9416,multi_train,multi,compare,reasoning
9417,multi_train,multi,compare,reasoning
8827,multi_train,multi,how_many,reasoning
8829,multi_train,multi,how_many,reasoning
8830,multi_train,multi,how_many,reasoning
8822,multi_train,multi,how_many,reasoning
8823,multi_train,multi,how_many,reasoning
8824,multi_train,multi,how_many,reasoning
8825,multi_train,multi,compare,reasoning
8165,multi_train,multi,how_many,reasoning
8167,multi_train,multi,how_many,reasoning
8168,multi_train,multi,how_many,reasoning
8169,multi_train,multi,which,reasoning
6947,multi_train,multi,how_many,reasoning
6948,multi_train,multi,how_many,reasoning
6949,multi_train,multi,how_many,reasoning
6950,multi_train,multi,what,reasoning
6951,multi_train,multi,what,reasoning
3334,multi_train,multi,when,reasoning
3336,multi_train,multi,how_many,reasoning
3330,multi_train,multi,what,reasoning
3331,multi_train,multi,what,reasoning
3337,multi_train,multi,what,reasoning
3338,multi_train,multi,when,reasoning
3339,multi_train,multi,when,reasoning
3340,multi_train,multi,when,reasoning
6844,multi_train,multi,how_many,reasoning
6845,multi_train,multi,compare,reasoning
6846,multi_train,multi,how_many,reasoning
6847,multi_train,multi,compare,reasoning
6848,multi_train,multi,how_many,reasoning
1165,multi_train,multi,how_many,reasoning
1166,multi_train,multi,what,reasoning
1167,multi_train,multi,how_many,reasoning
5629,multi_train,multi,which,reasoning
5630,multi_train,multi,which,reasoning
5631,multi_train,multi,how_many,reasoning
1823,multi_train,multi,how_many,reasoning
1824,multi_train,multi,how_many,reasoning
1826,multi_train,multi,how_many,reasoning
1827,multi_train,multi,how_many,reasoning
8170,multi_train,multi,how_many,reasoning
8171,multi_train,multi,how_many,reasoning
8173,multi_train,multi,how_many,reasoning
8174,multi_train,multi,how_many,reasoning
5583,multi_train,multi,compare,reasoning
5584,multi_train,multi,what,reasoning
5585,multi_train,multi,how_many,reasoning
2693,multi_train,multi,compare,reasoning
2694,multi_train,multi,how_many,reasoning
2695,multi_train,multi,compare,reasoning
2696,multi_train,multi,how_many,reasoning
2697,multi_train,multi,how_many,reasoning
2701,multi_train,multi,how_many,reasoning
2703,multi_train,multi,compare,reasoning
7806,multi_train,multi,what,reasoning
7824,multi_train,multi,how_many,reasoning
7826,multi_train,multi,how_many,reasoning
254,multi_train,multi,which,reasoning
5159,multi_train,multi,how_many,reasoning
5161,multi_train,multi,when,reasoning
5164,multi_train,multi,which,reasoning
1647,multi_train,multi,how_many,reasoning
4798,multi_train,multi,how_many,reasoning
3230,multi_train,multi,compare,reasoning
3232,multi_train,multi,how_many,reasoning
3233,multi_train,multi,compare,reasoning
3222,multi_train,multi,how_many,reasoning
3224,multi_train,multi,how_many,reasoning
106,multi_train,multi,compare,reasoning
9276,multi_train,multi,how_many,reasoning
9277,multi_train,multi,what,reasoning
9278,multi_train,multi,how_many,reasoning
9282,multi_train,multi,how_many,reasoning
9283,multi_train,multi,how_many,reasoning
9284,multi_train,multi,compare,reasoning
9285,multi_train,multi,compare,reasoning
9279,multi_train,multi,how_many,reasoning
9280,multi_train,multi,compare,reasoning
9281,multi_train,multi,how_many,reasoning
6964,multi_train,multi,what,reasoning
6965,multi_train,multi,what,reasoning
6966,multi_train,multi,which,reasoning
8222,multi_train,multi,how_many,reasoning
8223,multi_train,multi,compare,reasoning
8224,multi_train,multi,how_many,reasoning
8225,multi_train,multi,which,reasoning
8858,multi_test,multi,how_many,reasoning
8859,multi_test,multi,how_many,reasoning
8860,multi_test,multi,compare,reasoning
8081,multi_test,multi,what,reasoning
6038,multi_test,multi,how_many,reasoning
6039,multi_test,multi,how_many,reasoning
7416,multi_test,multi,what,reasoning
1249,multi_test,multi,compare,reasoning
1250,multi_test,multi,how_many,reasoning
1251,multi_test,multi,how_many,reasoning
1252,multi_test,multi,how_many,reasoning
7816,multi_test,multi,what,reasoning
7817,multi_test,multi,what,reasoning
7819,multi_test,multi,compare,reasoning
8311,multi_test,multi,how_many,reasoning
8312,multi_test,multi,how_many,reasoning
8313,multi_test,multi,how_many,reasoning
8314,multi_test,multi,how_many,reasoning
1033,multi_test,multi,how_many,reasoning
1031,multi_test,multi,compare,reasoning
6194,multi_test,multi,how_many,reasoning
6195,multi_test,multi,how_many,reasoning
2469,multi_test,multi,how_many,reasoning
2470,multi_test,multi,compare,reasoning
2473,multi_test,multi,how_many,reasoning
2474,multi_test,multi,compare,reasoning
2475,multi_test,multi,how_many,reasoning
5918,multi_test,multi,how_many,reasoning
5919,multi_test,multi,how_many,reasoning
5920,multi_test,multi,compare,reasoning
5921,multi_test,multi,how_many,reasoning
5914,multi_test,multi,how_many,reasoning
5296,multi_test,multi,which,reasoning
5297,multi_test,multi,how_many,reasoning
6576,multi_test,multi,what,reasoning
6578,multi_test,multi,what,reasoning
4376,multi_test,multi,how_many,reasoning
4378,multi_test,multi,compare,reasoning
4379,multi_test,multi,how_many,reasoning
4405,multi_test,multi,how_many,reasoning
4406,multi_test,multi,how_many,reasoning
4407,multi_test,multi,which,reasoning
4408,multi_test,multi,how_many,reasoning
631,multi_test,multi,how_many,reasoning
634,multi_test,multi,how_many,reasoning
626,multi_test,multi,how_many,reasoning
627,multi_test,multi,compare,reasoning
629,multi_test,multi,how_many,reasoning
630,multi_test,multi,compare,reasoning
628,multi_test,multi,compare,reasoning
635,multi_test,multi,how_many,reasoning
636,multi_test,multi,how_many,reasoning
638,multi_test,multi,how_many,reasoning
6579,multi_test,multi,how_many,reasoning
6580,multi_test,multi,how_many,reasoning
9499,multi_test,multi,how_many,reasoning
9501,multi_test,multi,how_many,reasoning
9502,multi_test,multi,how_many,reasoning
9500,multi_test,multi,how_many,reasoning
9503,multi_test,multi,how_many,reasoning
7408,multi_test,multi,how_many,reasoning
1660,multi_test,multi,how_many,reasoning
1661,multi_test,multi,how_many,reasoning
1662,multi_test,multi,how_many,reasoning
6863,multi_test,multi,how_many,reasoning
1606,multi_test,multi,how_many,reasoning
1202,multi_test,multi,how_many,reasoning
1203,multi_test,multi,how_many,reasoning
1204,multi_test,multi,how_many,reasoning
1206,multi_test,multi,how_many,reasoning
1205,multi_test,multi,compare,reasoning
383,multi_test,multi,compare,reasoning
384,multi_test,multi,how_many,reasoning
385,multi_test,multi,compare,reasoning
386,multi_test,multi,how_many,reasoning
8122,multi_test,multi,which,reasoning
1002,multi_test,multi,what,reasoning
1003,multi_test,multi,what,reasoning
1004,multi_test,multi,what,reasoning
1006,multi_test,multi,how_many,reasoning
5512,multi_test,multi,how_many,reasoning
5514,multi_test,multi,what,reasoning
5644,multi_test,multi,which,reasoning
1473,multi_test,multi,what,reasoning
1474,multi_test,multi,what,reasoning
8711,multi_test,multi,how_many,reasoning
8712,multi_test,multi,compare,reasoning
8713,multi_test,multi,how_many,reasoning
8714,multi_test,multi,how_many,reasoning
8715,multi_test,multi,how_many,reasoning
8707,multi_test,multi,how_many,reasoning
8708,multi_test,multi,how_many,reasoning
8709,multi_test,multi,how_many,reasoning
8710,multi_test,multi,compare,reasoning
8704,multi_test,multi,compare,reasoning
8706,multi_test,multi,how_many,reasoning
4141,multi_test,multi,how_many,reasoning
4142,multi_test,multi,how_many,reasoning
4497,multi_test,multi,compare,reasoning
4498,multi_test,multi,how_many,reasoning
4499,multi_test,multi,how_many,reasoning
6468,multi_test,multi,what,reasoning
6471,multi_test,multi,what,reasoning
6472,multi_test,multi,what,reasoning
6473,multi_test,multi,what,reasoning
4753,multi_test,multi,what,reasoning
4754,multi_test,multi,how_many,reasoning
4755,multi_test,multi,compare,reasoning
6482,multi_test,multi,which,reasoning
6483,multi_test,multi,how_many,reasoning
8053,multi_test,multi,what,reasoning
8054,multi_test,multi,how_many,reasoning
8055,multi_test,multi,which,reasoning
8056,multi_test,multi,what,reasoning
8057,multi_test,multi,how_many,reasoning
2691,multi_test,multi,how_many,reasoning
6062,multi_test,multi,what,reasoning
6063,multi_test,multi,how_many,reasoning
6066,multi_test,multi,what,reasoning
9418,multi_test,multi,how_many,reasoning
9419,multi_test,multi,compare,reasoning
9420,multi_test,multi,how_many,reasoning
8031,multi_test,multi,how_many,reasoning
8032,multi_test,multi,what,reasoning
8034,multi_test,multi,how_many,reasoning
2399,multi_test,multi,how_many,reasoning
9535,multi_test,multi,how_many,reasoning
9536,multi_test,multi,how_many,reasoning
9537,multi_test,multi,compare,reasoning
2718,multi_test,multi,compare,reasoning
2719,multi_test,multi,compare,reasoning
2720,multi_test,multi,how_many,reasoning
2725,multi_test,multi,how_many,reasoning
2726,multi_test,multi,how_many,reasoning
2722,multi_test,multi,how_many,reasoning
2723,multi_test,multi,how_many,reasoning
2724,multi_test,multi,what,reasoning
1512,multi_test,multi,how_many,reasoning
1513,multi_test,multi,how_many,reasoning
1514,multi_test,multi,how_many,reasoning
1516,multi_test,multi,what,reasoning
5206,multi_test,multi,when,reasoning
5207,multi_test,multi,how_many,reasoning
5208,multi_test,multi,compare,reasoning
6977,multi_test,multi,how_many,reasoning
4475,multi_test,multi,compare,reasoning
4477,multi_test,multi,how_many,reasoning
5565,multi_test,multi,how_many,reasoning
5566,multi_test,multi,how_many,reasoning
5567,multi_test,multi,compare,reasoning
7176,multi_test,multi,how_many,reasoning
7177,multi_test,multi,compare,reasoning
7178,multi_test,multi,compare,reasoning
7168,multi_test,multi,how_many,reasoning
7169,multi_test,multi,what,reasoning
7170,multi_test,multi,how_many,reasoning
7171,multi_test,multi,how_many,reasoning
7172,multi_test,multi,how_many,reasoning
7175,multi_test,multi,how_many,reasoning
2105,multi_test,multi,how_many,reasoning
2107,multi_test,multi,what,reasoning
3657,multi_test,multi,how_many,reasoning
3658,multi_test,multi,how_many,reasoning
7797,multi_test,multi,what,reasoning
6326,multi_test,multi,how_many,reasoning
6328,multi_test,multi,compare,reasoning
2086,multi_test,multi,how_many,reasoning
2087,multi_test,multi,how_many,reasoning
2088,multi_test,multi,which,reasoning
677,multi_test,multi,how_many,reasoning
678,multi_test,multi,how_many,reasoning
679,multi_test,multi,compare,reasoning
680,multi_test,multi,compare,reasoning
681,multi_test,multi,how_many,reasoning
2770,multi_test,multi,how_many,reasoning
2772,multi_test,multi,how_many,reasoning
2773,multi_test,multi,compare,reasoning
2779,multi_test,multi,how_many,reasoning
2780,multi_test,multi,how_many,reasoning
2781,multi_test,multi,when,reasoning
2774,multi_test,multi,compare,reasoning
2775,multi_test,multi,how_many,reasoning
2776,multi_test,multi,how_many,reasoning
2777,multi_test,multi,how_many,reasoning
2778,multi_test,multi,compare,reasoning
4517,multi_test,multi,what,reasoning
3662,multi_test,multi,compare,reasoning
3663,multi_test,multi,which,reasoning
9490,multi_test,multi,compare,reasoning
9492,multi_test,multi,how_many,reasoning
9493,multi_test,multi,compare,reasoning
9494,multi_test,multi,how_many,reasoning
9491,multi_test,multi,compare,reasoning
9498,multi_test,multi,how_many,reasoning
9496,multi_test,multi,how_many,reasoning
9497,multi_test,multi,compare,reasoning
9487,multi_test,multi,how_many,reasoning
9488,multi_test,multi,how_many,reasoning
9489,multi_test,multi,how_many,reasoning
2253,multi_test,multi,how_many,reasoning
2255,multi_test,multi,compare,reasoning
2256,multi_test,multi,how_many,reasoning
466,multi_test,multi,how_many,reasoning
467,multi_test,multi,how_many,reasoning
8291,multi_test,multi,how_many,reasoning
8292,multi_test,multi,how_many,reasoning
8293,multi_test,multi,how_many,reasoning
8294,multi_test,multi,compare,reasoning
8295,multi_test,multi,compare,reasoning
8220,multi_test,multi,which,reasoning
3741,multi_test,multi,what,reasoning
3742,multi_test,multi,compare,reasoning
3743,multi_test,multi,what,reasoning
7445,multi_test,multi,how_many,reasoning
7446,multi_test,multi,how_many,reasoning
2166,multi_test,multi,what,reasoning
2168,multi_test,multi,how_many,reasoning
6223,multi_test,multi,how_many,reasoning
6224,multi_test,multi,how_many,reasoning
6225,multi_test,multi,compare,reasoning
6226,multi_test,multi,compare,reasoning
7478,multi_test,multi,what,reasoning
6956,multi_test,multi,how_many,reasoning
6957,multi_test,multi,compare,reasoning
2801,multi_test,multi,compare,reasoning
2803,multi_test,multi,how_many,reasoning
4362,multi_test,multi,compare,reasoning
4363,multi_test,multi,how_many,reasoning
4364,multi_test,multi,compare,reasoning
4365,multi_test,multi,how_many,reasoning
5232,multi_test,multi,how_many,reasoning
1687,multi_test,multi,how_many,reasoning
1688,multi_test,multi,how_many,reasoning
1689,multi_test,multi,compare,reasoning
1690,multi_test,multi,compare,reasoning
9545,multi_test,multi,compare,reasoning
9546,multi_test,multi,how_many,reasoning
9547,multi_test,multi,compare,reasoning
9548,multi_test,multi,how_many,reasoning
9544,multi_test,multi,how_many,reasoning
7883,multi_test,multi,what,reasoning
7884,multi_test,multi,what,reasoning
5990,multi_test,multi,how_many,reasoning
5991,multi_test,multi,how_many,reasoning
5992,multi_test,multi,compare,reasoning
5993,multi_test,multi,how_many,reasoning
1755,multi_test,multi,how_many,reasoning
1757,multi_test,multi,how_many,reasoning
6918,multi_test,multi,how_many,reasoning
6919,multi_test,multi,what,reasoning
6705,multi_test,multi,what,reasoning
795,multi_test,multi,what,reasoning
796,multi_test,multi,what,reasoning
797,multi_test,multi,what,reasoning
798,multi_test,multi,what,reasoning
799,multi_test,multi,how_many,reasoning
790,multi_test,multi,compare,reasoning
791,multi_test,multi,how_many,reasoning
792,multi_test,multi,which,reasoning
793,multi_test,multi,what,reasoning
7039,multi_test,multi,what,reasoning
7040,multi_test,multi,what,reasoning
7041,multi_test,multi,what,reasoning
7043,multi_test,multi,what,reasoning
7430,multi_test,multi,compare,reasoning
7431,multi_test,multi,how_many,reasoning
7432,multi_test,multi,how_many,reasoning
7591,multi_test,multi,how_many,reasoning
7592,multi_test,multi,how_many,reasoning
7593,multi_test,multi,compare,reasoning
2754,multi_test,multi,how_many,reasoning
2755,multi_test,multi,compare,reasoning
2756,multi_test,multi,how_many,reasoning
2757,multi_test,multi,compare,reasoning
2758,multi_test,multi,how_many,reasoning
2759,multi_test,multi,how_many,reasoning
7319,multi_test,multi,how_many,reasoning
7320,multi_test,multi,how_many,reasoning
7321,multi_test,multi,how_many,reasoning
7315,multi_test,multi,how_many,reasoning
7316,multi_test,multi,how_many,reasoning
7317,multi_test,multi,how_many,reasoning
7318,multi_test,multi,how_many,reasoning
7322,multi_test,multi,how_many,reasoning
7323,multi_test,multi,compare,reasoning
7324,multi_test,multi,how_many,reasoning
2069,multi_test,multi,how_many,reasoning
2070,multi_test,multi,compare,reasoning
2071,multi_test,multi,compare,reasoning
4073,multi_test,multi,which,reasoning
4074,multi_test,multi,how_many,reasoning
4075,multi_test,multi,how_many,reasoning
4261,multi_test,multi,how_many,reasoning
4262,multi_test,multi,how_many,reasoning
4263,multi_test,multi,compare,reasoning
4264,multi_test,multi,how_many,reasoning
4265,multi_test,multi,compare,reasoning
4266,multi_test,multi,how_many,reasoning
4267,multi_test,multi,how_many,reasoning
4268,multi_test,multi,how_many,reasoning
4269,multi_test,multi,how_many,reasoning
4270,multi_test,multi,compare,reasoning
4259,multi_test,multi,compare,reasoning
4260,multi_test,multi,how_many,reasoning
1684,multi_test,multi,how_many,reasoning
1685,multi_test,multi,compare,reasoning
4178,multi_test,multi,compare,reasoning
4179,multi_test,multi,how_many,reasoning
4180,multi_test,multi,how_many,reasoning
4181,multi_test,multi,how_many,reasoning
6921,multi_test,multi,how_many,reasoning
6922,multi_test,multi,compare,reasoning
6923,multi_test,multi,how_many,reasoning
5154,multi_test,multi,compare,reasoning
5155,multi_test,multi,how_many,reasoning
5156,multi_test,multi,what,reasoning
5157,multi_test,multi,what,reasoning
5158,multi_test,multi,compare,reasoning
5145,multi_test,multi,how_many,reasoning
5147,multi_test,multi,how_many,reasoning
5148,multi_test,multi,compare,reasoning
5150,multi_test,multi,compare,reasoning
5151,multi_test,multi,compare,reasoning
5152,multi_test,multi,compare,reasoning
5153,multi_test,multi,what,reasoning
9273,multi_test,multi,how_many,reasoning
9274,multi_test,multi,how_many,reasoning
9275,multi_test,multi,compare,reasoning
9241,multi_test,multi,how_many,reasoning
9242,multi_test,multi,what,reasoning
9243,multi_test,multi,what,reasoning
1114,multi_test,multi,how_many,reasoning
1115,multi_test,multi,how_many,reasoning
1116,multi_test,multi,how_many,reasoning
9444,multi_test,multi,how_many,reasoning
9445,multi_test,multi,how_many,reasoning
9446,multi_test,multi,how_many,reasoning
9447,multi_test,multi,compare,reasoning
9448,multi_test,multi,compare,reasoning
891,multi_test,multi,how_many,reasoning
892,multi_test,multi,what,reasoning
893,multi_test,multi,how_many,reasoning
894,multi_test,multi,what,reasoning
3145,multi_test,multi,how_many,reasoning
3146,multi_test,multi,compare,reasoning
3147,multi_test,multi,how_many,reasoning
3148,multi_test,multi,compare,reasoning
3149,multi_test,multi,how_many,reasoning
3150,multi_test,multi,how_many,reasoning
8269,multi_test,multi,how_many,reasoning
8270,multi_test,multi,how_many,reasoning
8271,multi_test,multi,what,reasoning
2235,multi_test,multi,how_many,reasoning
2236,multi_test,multi,how_many,reasoning
2238,multi_test,multi,which,reasoning
2239,multi_test,multi,which,reasoning
2240,multi_test,multi,how_many,reasoning
7754,multi_test,multi,what,reasoning
7755,multi_test,multi,what,reasoning
7756,multi_test,multi,which,reasoning
365,multi_test,multi,compare,reasoning
745,multi_test,multi,compare,reasoning
746,multi_test,multi,how_many,reasoning
747,multi_test,multi,how_many,reasoning
740,multi_test,multi,how_many,reasoning
741,multi_test,multi,compare,reasoning
742,multi_test,multi,how_many,reasoning
743,multi_test,multi,compare,reasoning
744,multi_test,multi,how_many,reasoning
749,multi_test,multi,how_many,reasoning
750,multi_test,multi,how_many,reasoning
748,multi_test,multi,how_many,reasoning
7612,multi_test,multi,what,reasoning
7614,multi_test,multi,how_many,reasoning
1939,multi_test,multi,compare,reasoning
1940,multi_test,multi,how_many,reasoning
1943,multi_test,multi,how_many,reasoning
6417,multi_test,multi,compare,reasoning
4137,multi_test,multi,how_many,reasoning
4138,multi_test,multi,compare,reasoning
6784,multi_test,multi,how_many,reasoning
6785,multi_test,multi,compare,reasoning
6786,multi_test,multi,compare,reasoning
6788,multi_test,multi,how_many,reasoning
6789,multi_test,multi,how_many,reasoning
6869,multi_test,multi,which,reasoning
3216,multi_test,multi,how_many,reasoning
3217,multi_test,multi,how_many,reasoning
3212,multi_test,multi,how_many,reasoning
3213,multi_test,multi,compare,reasoning
3214,multi_test,multi,how_many,reasoning
3215,multi_test,multi,compare,reasoning
3218,multi_test,multi,how_many,reasoning
3219,multi_test,multi,how_many,reasoning
3220,multi_test,multi,how_many,reasoning
6186,multi_test,multi,how_many,reasoning
881,multi_test,multi,how_many,reasoning
882,multi_test,multi,how_many,reasoning
883,multi_test,multi,which,reasoning
884,multi_test,multi,which,reasoning
4355,multi_test,multi,how_many,reasoning
4356,multi_test,multi,what,reasoning
4357,multi_test,multi,how_many,reasoning
4358,multi_test,multi,compare,reasoning
1358,multi_test,multi,how_many,reasoning
1359,multi_test,multi,how_many,reasoning
6030,multi_test,multi,how_many,reasoning
6031,multi_test,multi,which,reasoning
6032,multi_test,multi,how_many,reasoning
6033,multi_test,multi,what,reasoning
6034,multi_test,multi,how_many,reasoning
6035,multi_test,multi,how_many,reasoning
6036,multi_test,multi,how_many,reasoning
6037,multi_test,multi,compare,reasoning
6024,multi_test,multi,how_many,reasoning
6025,multi_test,multi,compare,reasoning
6026,multi_test,multi,how_many,reasoning
6027,multi_test,multi,compare,reasoning
6028,multi_test,multi,how_many,reasoning
5212,multi_test,multi,which,reasoning
7886,multi_test,multi,how_many,reasoning
7887,multi_test,multi,how_many,reasoning
7888,multi_test,multi,how_many,reasoning
327,multi_test,multi,how_many,reasoning
328,multi_test,multi,how_many,reasoning
329,multi_test,multi,how_many,reasoning
330,multi_test,multi,compare,reasoning
8815,multi_test,multi,what,reasoning
8817,multi_test,multi,how_many,reasoning
8818,multi_test,multi,how_many,reasoning
2713,multi_test,multi,how_many,reasoning
2714,multi_test,multi,how_many,reasoning
2715,multi_test,multi,how_many,reasoning
2716,multi_test,multi,how_many,reasoning
2717,multi_test,multi,compare,reasoning
2705,multi_test,multi,how_many,reasoning
2706,multi_test,multi,how_many,reasoning
2707,multi_test,multi,compare,reasoning
2708,multi_test,multi,compare,reasoning
2710,multi_test,multi,how_many,reasoning
2711,multi_test,multi,what,reasoning
2712,multi_test,multi,how_many,reasoning
6655,multi_test,multi,what,reasoning
6657,multi_test,multi,compare,reasoning
3985,multi_test,multi,what,reasoning
4118,multi_test,multi,how_many,reasoning
4119,multi_test,multi,how_many,reasoning
1073,multi_test,multi,how_many,reasoning
1074,multi_test,multi,compare,reasoning
1075,multi_test,multi,how_many,reasoning
1072,multi_test,multi,how_many,reasoning
4366,multi_test,multi,how_many,reasoning
4367,multi_test,multi,compare,reasoning
4368,multi_test,multi,how_many,reasoning
1018,multi_test,multi,how_many,reasoning
1019,multi_test,multi,how_many,reasoning
1020,multi_test,multi,compare,reasoning
9527,multi_test,multi,how_many,reasoning
9528,multi_test,multi,compare,reasoning
9529,multi_test,multi,how_many,reasoning
3907,multi_test,multi,which,reasoning
8187,multi_test,multi,how_many,reasoning
8189,multi_test,multi,what,reasoning
8190,multi_test,multi,what,reasoning
8191,multi_test,multi,how_many,reasoning
2131,multi_test,multi,how_many,reasoning
2132,multi_test,multi,how_many,reasoning
2133,multi_test,multi,compare,reasoning
1623,multi_test,multi,what,reasoning
1624,multi_test,multi,how_many,reasoning
1625,multi_test,multi,what,reasoning
9339,multi_test,multi,compare,reasoning
9340,multi_test,multi,how_many,reasoning
9335,multi_test,multi,how_many,reasoning
9336,multi_test,multi,how_many,reasoning
9337,multi_test,multi,how_many,reasoning
9338,multi_test,multi,compare,reasoning
9332,multi_test,multi,how_many,reasoning
9333,multi_test,multi,how_many,reasoning
9334,multi_test,multi,how_many,reasoning
3935,multi_test,multi,how_many,reasoning
3936,multi_test,multi,how_many,reasoning
3939,multi_test,multi,how_many,reasoning
4702,multi_test,multi,compare,reasoning
4703,multi_test,multi,how_many,reasoning
4704,multi_test,multi,compare,reasoning
4705,multi_test,multi,how_many,reasoning
7558,multi_test,multi,how_many,reasoning
7559,multi_test,multi,compare,reasoning
7561,multi_test,multi,how_many,reasoning
1656,multi_test,multi,how_many,reasoning
1657,multi_test,multi,how_many,reasoning
1658,multi_test,multi,which,reasoning
8799,multi_test,multi,how_many,reasoning
8800,multi_test,multi,how_many,reasoning
8802,multi_test,multi,how_many,reasoning
8796,multi_test,multi,how_many,reasoning
8797,multi_test,multi,which,reasoning
8798,multi_test,multi,how_many,reasoning
8793,multi_test,multi,compare,reasoning
8794,multi_test,multi,how_many,reasoning
8795,multi_test,multi,how_many,reasoning
8150,multi_test,multi,what,reasoning
8152,multi_test,multi,how_many,reasoning
524,multi_test,multi,compare,reasoning
525,multi_test,multi,how_many,reasoning
527,multi_test,multi,compare,reasoning
528,multi_test,multi,compare,reasoning
519,multi_test,multi,how_many,reasoning
520,multi_test,multi,compare,reasoning
522,multi_test,multi,how_many,reasoning
518,multi_test,multi,how_many,reasoning
516,multi_test,multi,compare,reasoning
517,multi_test,multi,compare,reasoning
8853,multi_test,multi,what,reasoning
8854,multi_test,multi,how_many,reasoning
8855,multi_test,multi,what,reasoning
8850,multi_test,multi,what,reasoning
8857,multi_test,multi,what,reasoning
2935,multi_test,multi,how_many,reasoning
2936,multi_test,multi,how_many,reasoning
2937,multi_test,multi,compare,reasoning
2938,multi_test,multi,compare,reasoning
2939,multi_test,multi,what,reasoning
6524,multi_test,multi,compare,reasoning
5061,multi_test,multi,how_many,reasoning
5055,multi_test,multi,how_many,reasoning
5056,multi_test,multi,how_many,reasoning
5057,multi_test,multi,how_many,reasoning
5058,multi_test,multi,what,reasoning
2171,multi_test,multi,what,reasoning
2173,multi_test,multi,how_many,reasoning
4666,multi_test,multi,how_many,reasoning
4667,multi_test,multi,how_many,reasoning
4668,multi_test,multi,compare,reasoning
4669,multi_test,multi,how_many,reasoning
9518,multi_test,multi,how_many,reasoning
9519,multi_test,multi,how_many,reasoning
9516,multi_test,multi,how_many,reasoning
9517,multi_test,multi,compare,reasoning
9513,multi_test,multi,compare,reasoning
9514,multi_test,multi,how_many,reasoning
9515,multi_test,multi,how_many,reasoning
7587,multi_test,multi,how_many,reasoning
7588,multi_test,multi,compare,reasoning
7589,multi_test,multi,how_many,reasoning
7590,multi_test,multi,how_many,reasoning
7066,multi_test,multi,how_many,reasoning
7067,multi_test,multi,when,reasoning
7069,multi_test,multi,how_many,reasoning
7070,multi_test,multi,when,reasoning
7071,multi_test,multi,compare,reasoning
7072,multi_test,multi,when,reasoning
7073,multi_test,multi,compare,reasoning
7074,multi_test,multi,how_many,reasoning
7778,multi_test,multi,how_many,reasoning
7779,multi_test,multi,how_many,reasoning
7780,multi_test,multi,how_many,reasoning
7781,multi_test,multi,when,reasoning
7782,multi_test,multi,compare,reasoning
1995,multi_test,multi,which,reasoning
6275,multi_test,multi,how_many,reasoning
6277,multi_test,multi,how_many,reasoning
153,multi_test,multi,what,reasoning
154,multi_test,multi,how_many,reasoning
155,multi_test,multi,count,reasoning
157,multi_test,multi,how_many,reasoning
6634,multi_test,multi,what,reasoning
6635,multi_test,multi,which,reasoning
6636,multi_test,multi,which,reasoning
5610,multi_test,multi,how_many,reasoning
5611,multi_test,multi,how_many,reasoning
5612,multi_test,multi,what,reasoning
5613,multi_test,multi,compare,reasoning
5614,multi_test,multi,how_many,reasoning
5615,multi_test,multi,compare,reasoning
2284,multi_test,multi,how_many,reasoning
2285,multi_test,multi,how_many,reasoning
2286,multi_test,multi,compare,reasoning
2287,multi_test,multi,compare,reasoning
2288,multi_test,multi,which,reasoning
2289,multi_test,multi,compare,reasoning
2156,multi_test,multi,which,reasoning
2157,multi_test,multi,how_many,reasoning
2160,multi_test,multi,how_many,reasoning
2161,multi_test,multi,how_many,reasoning
1039,multi_test,multi,which,reasoning
1041,multi_test,multi,how_many,reasoning
1042,multi_test,multi,how_many,reasoning
1043,multi_test,multi,how_many,reasoning
1040,multi_test,multi,compare,reasoning
196,multi_test,multi,how_many,reasoning
209,multi_test,multi,how_many,reasoning
210,multi_test,multi,how_many,reasoning
4697,multi_test,multi,what,reasoning
4698,multi_test,multi,what,reasoning
4699,multi_test,multi,what,reasoning
4700,multi_test,multi,which,reasoning
4701,multi_test,multi,how_many,reasoning
6543,multi_test,multi,how_many,reasoning
962,multi_test,multi,how_many,reasoning
963,multi_test,multi,how_many,reasoning
6122,multi_test,multi,how_many,reasoning
6126,multi_test,multi,how_many,reasoning
7998,multi_test,multi,which,reasoning
8000,multi_test,multi,how_many,reasoning
7376,multi_test,multi,what,reasoning
7377,multi_test,multi,what,reasoning
7378,multi_test,multi,what,reasoning
1126,multi_test,multi,what,reasoning
7965,multi_test,multi,compare,reasoning
1479,multi_test,multi,how_many,reasoning
1480,multi_test,multi,how_many,reasoning
1481,multi_test,multi,how_many,reasoning
2195,multi_test,multi,how_many,reasoning
2196,multi_test,multi,compare,reasoning
2385,multi_test,multi,how_many,reasoning
2386,multi_test,multi,how_many,reasoning
2387,multi_test,multi,compare,reasoning
2889,multi_test,multi,how_many,reasoning
2890,multi_test,multi,how_many,reasoning
2891,multi_test,multi,compare,reasoning
2892,multi_test,multi,compare,reasoning
2893,multi_test,multi,compare,reasoning
2894,multi_test,multi,how_many,reasoning
2886,multi_test,multi,compare,reasoning
2887,multi_test,multi,how_many,reasoning
8005,multi_test,multi,what,reasoning
8007,multi_test,multi,what,reasoning
141,multi_test,multi,how_many,reasoning
142,multi_test,multi,how_many,reasoning
1225,multi_test,multi,how_many,reasoning
1227,multi_test,multi,how_many,reasoning
6952,multi_test,multi,how_many,reasoning
6953,multi_test,multi,how_many,reasoning
6954,multi_test,multi,compare,reasoning
