question_id,split_name,task_family,answer_tokens,short_answer_le_3_tokens
27333,single_train,single,35,False
27326,single_train,single,1,True
27325,single_train,single,38,False
27328,single_train,single,1,True
27327,single_train,single,10,False
27323,single_train,single,3,True
27329,single_train,single,27,False
83960,single_train,single,2,True
83965,single_train,single,1,True
83966,single_train,single,1,True
83956,single_train,single,12,False
83962,single_train,single,1,True
83959,single_train,single,4,False
83964,single_train,single,1,True
83963,single_train,single,1,True
83961,single_train,single,3,True
83955,single_train,single,18,False
83958,single_train,single,1,True
83957,single_train,single,10,False
69070,single_train,single,19,False
69065,single_train,single,4,False
69067,single_train,single,51,False
69061,single_train,single,18,False
69062,single_train,single,11,False
69071,single_train,single,5,False
69069,single_train,single,4,False
69068,single_train,single,1,True
69066,single_train,single,2,True
69063,single_train,single,5,False
165261,single_train,single,12,False
165266,single_train,single,4,False
165263,single_train,single,7,False
165264,single_train,single,18,False
165265,single_train,single,1,True
165262,single_train,single,1,True
165260,single_train,single,1,True
127015,single_train,single,47,False
127018,single_train,single,4,False
127019,single_train,single,1,True
127021,single_train,single,4,False
127017,single_train,single,10,False
127023,single_train,single,1,True
127016,single_train,single,1,True
127014,single_train,single,7,False
127022,single_train,single,8,False
100254,single_train,single,1,True
100253,single_train,single,7,False
100260,single_train,single,1,True
100258,single_train,single,1,True
2901,single_train,single,1,True
2907,single_train,single,1,True
2902,single_train,single,17,False
2899,single_train,single,1,True
2905,single_train,single,1,True
2898,single_train,single,4,False
217,single_train,single,1,True
221,single_train,single,3,True
214,single_train,single,6,False
99903,single_train,single,1,True
99899,single_train,single,1,True
99902,single_train,single,2,True
99897,single_train,single,5,False
99900,single_train,single,1,True
164926,single_train,single,5,False
164929,single_train,single,6,False
164923,single_train,single,1,True
164920,single_train,single,2,True
164924,single_train,single,1,True
164927,single_train,single,1,True
164921,single_train,single,5,False
113971,single_train,single,6,False
113969,single_train,single,9,False
113967,single_train,single,3,True
113970,single_train,single,1,True
113972,single_train,single,14,False
113973,single_train,single,1,True
113968,single_train,single,6,False
113976,single_train,single,1,True
104318,single_train,single,1,True
104313,single_train,single,52,False
104315,single_train,single,5,False
104320,single_train,single,13,False
104317,single_train,single,25,False
104314,single_train,single,1,True
104312,single_train,single,5,False
104311,single_train,single,4,False
104316,single_train,single,14,False
40689,single_train,single,10,False
40693,single_train,single,1,True
40690,single_train,single,1,True
40691,single_train,single,3,True
40692,single_train,single,4,False
40688,single_train,single,3,True
40687,single_train,single,4,False
46120,single_train,single,3,True
46113,single_train,single,2,True
46116,single_train,single,1,True
46118,single_train,single,1,True
46119,single_train,single,1,True
46114,single_train,single,15,False
41699,single_train,single,2,True
41708,single_train,single,1,True
41703,single_train,single,5,False
41704,single_train,single,10,False
41707,single_train,single,2,True
41701,single_train,single,10,False
41700,single_train,single,2,True
41702,single_train,single,1,True
41705,single_train,single,1,True
112048,single_train,single,8,False
112046,single_train,single,4,False
112043,single_train,single,1,True
112051,single_train,single,12,False
112044,single_train,single,9,False
112050,single_train,single,2,True
112047,single_train,single,3,True
112045,single_train,single,1,True
112042,single_train,single,1,True
112049,single_train,single,1,True
116171,single_train,single,2,True
116169,single_train,single,1,True
116174,single_train,single,17,False
116173,single_train,single,4,False
116175,single_train,single,1,True
116170,single_train,single,2,True
116176,single_train,single,3,True
116172,single_train,single,1,True
47988,single_train,single,1,True
47984,single_train,single,3,True
47982,single_train,single,3,True
47985,single_train,single,3,True
37303,single_train,single,1,True
37304,single_train,single,5,False
37298,single_train,single,2,True
37301,single_train,single,1,True
37302,single_train,single,18,False
37299,single_train,single,12,False
37305,single_train,single,6,False
37297,single_train,single,6,False
37300,single_train,single,1,True
153844,single_train,single,3,True
153838,single_train,single,12,False
153841,single_train,single,1,True
153836,single_train,single,2,True
153840,single_train,single,5,False
153839,single_train,single,1,True
153843,single_train,single,1,True
153837,single_train,single,1,True
110748,single_train,single,8,False
110746,single_train,single,7,False
110751,single_train,single,2,True
110749,single_train,single,1,True
110744,single_train,single,1,True
110752,single_train,single,1,True
110747,single_train,single,1,True
37397,single_train,single,9,False
37400,single_train,single,1,True
37401,single_train,single,6,False
37405,single_train,single,10,False
37399,single_train,single,2,True
122732,single_train,single,2,True
122724,single_train,single,3,True
122734,single_train,single,2,True
122731,single_train,single,2,True
122727,single_train,single,3,True
122729,single_train,single,1,True
122733,single_train,single,2,True
122725,single_train,single,3,True
122730,single_train,single,1,True
122726,single_train,single,9,False
122728,single_train,single,1,True
56234,single_train,single,2,True
56237,single_train,single,3,True
56238,single_train,single,3,True
56233,single_train,single,8,False
56235,single_train,single,3,True
49140,single_train,single,11,False
49143,single_train,single,3,True
49137,single_train,single,10,False
49136,single_train,single,46,False
49142,single_train,single,7,False
49139,single_train,single,2,True
49135,single_train,single,23,False
49141,single_train,single,3,True
49138,single_train,single,2,True
33016,single_train,single,3,True
33013,single_train,single,3,True
33014,single_train,single,6,False
33012,single_train,single,3,True
33017,single_train,single,8,False
33018,single_train,single,1,True
65143,single_train,single,9,False
65144,single_train,single,1,True
65145,single_train,single,8,False
65151,single_train,single,1,True
65148,single_train,single,1,True
65142,single_train,single,2,True
65141,single_train,single,10,False
65146,single_train,single,2,True
65149,single_train,single,3,True
65147,single_train,single,21,False
46564,single_train,single,5,False
46566,single_train,single,18,False
46565,single_train,single,1,True
46567,single_train,single,1,True
46571,single_train,single,1,True
15194,single_train,single,2,True
15196,single_train,single,1,True
15197,single_train,single,11,False
15195,single_train,single,4,False
15200,single_train,single,1,True
15199,single_train,single,15,False
154019,single_train,single,6,False
154018,single_train,single,37,False
154017,single_train,single,10,False
154020,single_train,single,1,True
154024,single_train,single,1,True
150384,single_train,single,2,True
150387,single_train,single,15,False
150383,single_train,single,2,True
150388,single_train,single,2,True
150393,single_train,single,1,True
150389,single_train,single,3,True
150386,single_train,single,1,True
150385,single_train,single,5,False
84325,single_train,single,2,True
84319,single_train,single,2,True
84326,single_train,single,1,True
84322,single_train,single,5,False
84320,single_train,single,2,True
84324,single_train,single,1,True
84323,single_train,single,3,True
84321,single_train,single,2,True
84327,single_train,single,1,True
98740,single_train,single,11,False
98745,single_train,single,1,True
98741,single_train,single,1,True
98744,single_train,single,33,False
10424,single_train,single,3,True
10419,single_train,single,4,False
10421,single_train,single,15,False
10423,single_train,single,6,False
10418,single_train,single,1,True
10422,single_train,single,1,True
10416,single_train,single,1,True
10420,single_train,single,2,True
10425,single_train,single,1,True
10417,single_train,single,10,False
10415,single_train,single,2,True
6792,single_train,single,6,False
6785,single_train,single,15,False
6780,single_train,single,3,True
6783,single_train,single,1,True
6782,single_train,single,1,True
6781,single_train,single,10,False
6784,single_train,single,4,False
6779,single_train,single,1,True
6788,single_train,single,2,True
6791,single_train,single,7,False
6790,single_train,single,1,True
6786,single_train,single,1,True
6789,single_train,single,9,False
6787,single_train,single,1,True
137939,single_train,single,1,True
137936,single_train,single,2,True
137938,single_train,single,3,True
137943,single_train,single,1,True
137937,single_train,single,2,True
137941,single_train,single,2,True
153863,single_train,single,1,True
153870,single_train,single,1,True
153865,single_train,single,2,True
153864,single_train,single,1,True
153860,single_train,single,4,False
153862,single_train,single,9,False
153866,single_train,single,6,False
107171,single_train,single,2,True
107169,single_train,single,2,True
107165,single_train,single,2,True
107168,single_train,single,14,False
107167,single_train,single,1,True
107164,single_train,single,6,False
107166,single_train,single,13,False
107172,single_train,single,2,True
107170,single_train,single,3,True
83772,single_train,single,1,True
83771,single_train,single,1,True
83764,single_train,single,2,True
83773,single_train,single,1,True
83770,single_train,single,1,True
83763,single_train,single,3,True
148695,single_train,single,2,True
148690,single_train,single,2,True
148699,single_train,single,2,True
148692,single_train,single,6,False
148693,single_train,single,1,True
148696,single_train,single,3,True
148697,single_train,single,1,True
148698,single_train,single,2,True
148694,single_train,single,13,False
60431,single_train,single,3,True
60434,single_train,single,6,False
60435,single_train,single,1,True
60433,single_train,single,4,False
112448,single_train,single,9,False
112445,single_train,single,12,False
112447,single_train,single,2,True
112443,single_train,single,5,False
112446,single_train,single,1,True
112444,single_train,single,9,False
96344,single_train,single,3,True
96343,single_train,single,7,False
96341,single_train,single,25,False
96345,single_train,single,3,True
96342,single_train,single,11,False
137696,single_train,single,1,True
137688,single_train,single,2,True
137690,single_train,single,7,False
137695,single_train,single,1,True
137692,single_train,single,2,True
52587,single_train,single,7,False
52590,single_train,single,3,True
52588,single_train,single,25,False
52589,single_train,single,7,False
52591,single_train,single,3,True
52593,single_train,single,1,True
114273,single_train,single,1,True
114267,single_train,single,1,True
114272,single_train,single,4,False
114271,single_train,single,2,True
114269,single_train,single,2,True
114268,single_train,single,1,True
114270,single_train,single,1,True
14777,single_train,single,1,True
14776,single_train,single,2,True
14780,single_train,single,1,True
14779,single_train,single,59,False
14775,single_train,single,1,True
14774,single_train,single,1,True
14778,single_train,single,2,True
88851,single_train,single,3,True
88853,single_train,single,1,True
88855,single_train,single,1,True
88852,single_train,single,4,False
88849,single_train,single,1,True
88847,single_train,single,36,False
88854,single_train,single,1,True
88848,single_train,single,7,False
88850,single_train,single,1,True
93498,single_train,single,1,True
93501,single_train,single,1,True
93497,single_train,single,1,True
93502,single_train,single,1,True
93499,single_train,single,1,True
93503,single_train,single,1,True
93500,single_train,single,12,False
93496,single_train,single,4,False
47739,single_train,single,2,True
47738,single_train,single,5,False
47741,single_train,single,1,True
47742,single_train,single,1,True
47740,single_train,single,3,True
146247,single_train,single,10,False
146249,single_train,single,8,False
146241,single_train,single,6,False
146242,single_train,single,5,False
146253,single_train,single,11,False
146243,single_train,single,7,False
146254,single_train,single,1,True
146251,single_train,single,10,False
146246,single_train,single,2,True
146250,single_train,single,2,True
146248,single_train,single,1,True
146244,single_train,single,1,True
146245,single_train,single,5,False
45468,single_train,single,4,False
45464,single_train,single,7,False
45463,single_train,single,1,True
45460,single_train,single,2,True
45465,single_train,single,2,True
45462,single_train,single,13,False
45461,single_train,single,1,True
160673,single_train,single,1,True
160677,single_train,single,2,True
160670,single_train,single,1,True
160679,single_train,single,6,False
160676,single_train,single,1,True
160669,single_train,single,2,True
160674,single_train,single,1,True
160680,single_train,single,1,True
160675,single_train,single,4,False
160671,single_train,single,6,False
160672,single_train,single,1,True
160678,single_train,single,1,True
118297,single_train,single,5,False
118299,single_train,single,14,False
118307,single_train,single,8,False
118308,single_train,single,1,True
118298,single_train,single,11,False
118304,single_train,single,13,False
118306,single_train,single,13,False
118300,single_train,single,6,False
118303,single_train,single,3,True
118305,single_train,single,3,True
144841,single_train,single,1,True
144840,single_train,single,24,False
144835,single_train,single,2,True
144834,single_train,single,1,True
144837,single_train,single,24,False
144838,single_train,single,1,True
144836,single_train,single,2,True
144831,single_train,single,3,True
144833,single_train,single,4,False
144832,single_train,single,2,True
311,single_train,single,1,True
307,single_train,single,1,True
304,single_train,single,2,True
306,single_train,single,11,False
309,single_train,single,4,False
305,single_train,single,1,True
162731,single_train,single,1,True
162724,single_train,single,8,False
162730,single_train,single,9,False
162727,single_train,single,1,True
162729,single_train,single,2,True
162726,single_train,single,19,False
62213,single_train,single,3,True
62211,single_train,single,17,False
62206,single_train,single,1,True
62208,single_train,single,1,True
62209,single_train,single,2,True
62216,single_train,single,17,False
62207,single_train,single,3,True
62214,single_train,single,3,True
62217,single_train,single,1,True
62210,single_train,single,1,True
62212,single_train,single,1,True
62215,single_train,single,17,False
87643,single_train,single,3,True
87638,single_train,single,12,False
87641,single_train,single,2,True
87646,single_train,single,1,True
87640,single_train,single,48,False
87645,single_train,single,2,True
87644,single_train,single,8,False
87639,single_train,single,47,False
87642,single_train,single,23,False
51764,single_train,single,3,True
51766,single_train,single,3,True
51761,single_train,single,8,False
51765,single_train,single,3,True
51763,single_train,single,2,True
51762,single_train,single,8,False
51760,single_train,single,11,False
7347,single_train,single,2,True
7346,single_train,single,3,True
7348,single_train,single,4,False
7355,single_train,single,1,True
7352,single_train,single,1,True
7358,single_train,single,1,True
7353,single_train,single,1,True
7354,single_train,single,4,False
7350,single_train,single,3,True
7349,single_train,single,1,True
7351,single_train,single,1,True
158864,single_train,single,7,False
158862,single_train,single,2,True
158871,single_train,single,1,True
158870,single_train,single,3,True
158874,single_train,single,7,False
158873,single_train,single,2,True
158863,single_train,single,1,True
158872,single_train,single,9,False
37476,single_train,single,6,False
37468,single_train,single,3,True
37474,single_train,single,1,True
37475,single_train,single,2,True
37473,single_train,single,2,True
37466,single_train,single,3,True
37479,single_train,single,1,True
37470,single_train,single,1,True
37467,single_train,single,2,True
37472,single_train,single,4,False
37469,single_train,single,1,True
37477,single_train,single,2,True
37471,single_train,single,1,True
69400,single_train,single,5,False
69399,single_train,single,2,True
69398,single_train,single,1,True
69403,single_train,single,1,True
69401,single_train,single,1,True
69405,single_train,single,15,False
5052,single_train,single,1,True
5053,single_train,single,2,True
5049,single_train,single,6,False
5057,single_train,single,1,True
5054,single_train,single,4,False
5050,single_train,single,2,True
28893,single_train,single,2,True
28889,single_train,single,10,False
28887,single_train,single,2,True
28892,single_train,single,1,True
28894,single_train,single,1,True
28883,single_train,single,1,True
28886,single_train,single,1,True
28884,single_train,single,1,True
28890,single_train,single,1,True
28885,single_train,single,2,True
28891,single_train,single,1,True
28895,single_train,single,9,False
33033,single_train,single,8,False
33028,single_train,single,2,True
33030,single_train,single,11,False
33029,single_train,single,3,True
33031,single_train,single,1,True
33032,single_train,single,2,True
156842,single_train,single,1,True
156838,single_train,single,3,True
156841,single_train,single,3,True
156845,single_train,single,7,False
156846,single_train,single,1,True
156839,single_train,single,9,False
156840,single_train,single,9,False
156843,single_train,single,3,True
156844,single_train,single,2,True
24702,single_train,single,1,True
24701,single_train,single,8,False
24706,single_train,single,1,True
24705,single_train,single,6,False
24700,single_train,single,1,True
24699,single_train,single,2,True
24703,single_train,single,2,True
24704,single_train,single,3,True
45934,single_train,single,1,True
45935,single_train,single,2,True
45931,single_train,single,8,False
45932,single_train,single,1,True
45929,single_train,single,2,True
45930,single_train,single,1,True
110507,single_train,single,1,True
110510,single_train,single,9,False
110506,single_train,single,10,False
110512,single_train,single,2,True
110505,single_train,single,4,False
110514,single_train,single,1,True
110511,single_train,single,5,False
110508,single_train,single,1,True
110504,single_train,single,3,True
120966,single_train,single,3,True
120969,single_train,single,1,True
120967,single_train,single,3,True
120963,single_train,single,8,False
120968,single_train,single,1,True
120970,single_train,single,1,True
120964,single_train,single,2,True
120965,single_train,single,2,True
120962,single_train,single,7,False
52946,single_train,single,1,True
52943,single_train,single,3,True
52948,single_train,single,1,True
52942,single_train,single,10,False
52944,single_train,single,3,True
52947,single_train,single,1,True
52949,single_train,single,1,True
52945,single_train,single,3,True
95805,single_train,single,1,True
95806,single_train,single,6,False
95803,single_train,single,2,True
95807,single_train,single,14,False
95809,single_train,single,1,True
127567,single_train,single,1,True
127571,single_train,single,1,True
127572,single_train,single,8,False
127564,single_train,single,11,False
127570,single_train,single,6,False
127568,single_train,single,11,False
127569,single_train,single,2,True
127565,single_train,single,2,True
127566,single_train,single,27,False
132443,single_train,single,2,True
132447,single_train,single,2,True
132444,single_train,single,2,True
132448,single_train,single,4,False
132442,single_train,single,1,True
132441,single_train,single,4,False
132440,single_train,single,3,True
132439,single_train,single,1,True
132446,single_train,single,1,True
157021,single_train,single,8,False
157020,single_train,single,1,True
157022,single_train,single,8,False
157026,single_train,single,1,True
157027,single_train,single,1,True
157024,single_train,single,3,True
157028,single_train,single,1,True
157025,single_train,single,22,False
157023,single_train,single,1,True
51144,single_train,single,3,True
51145,single_train,single,2,True
51143,single_train,single,2,True
51148,single_train,single,1,True
51147,single_train,single,1,True
51146,single_train,single,2,True
51142,single_train,single,9,False
64128,single_train,single,2,True
64119,single_train,single,1,True
64129,single_train,single,1,True
64125,single_train,single,1,True
64116,single_train,single,3,True
64123,single_train,single,1,True
64118,single_train,single,15,False
64120,single_train,single,5,False
64127,single_train,single,3,True
60620,single_train,single,6,False
60629,single_train,single,1,True
60621,single_train,single,15,False
60626,single_train,single,3,True
60624,single_train,single,3,True
60628,single_train,single,1,True
60625,single_train,single,9,False
60623,single_train,single,2,True
60627,single_train,single,3,True
60622,single_train,single,4,False
164338,single_train,single,2,True
164343,single_train,single,1,True
164339,single_train,single,1,True
164340,single_train,single,5,False
113616,single_train,single,4,False
113618,single_train,single,1,True
113614,single_train,single,1,True
113621,single_train,single,1,True
113615,single_train,single,3,True
113617,single_train,single,6,False
113613,single_train,single,13,False
70352,single_train,single,8,False
70346,single_train,single,1,True
70344,single_train,single,1,True
70348,single_train,single,4,False
70343,single_train,single,2,True
70345,single_train,single,7,False
70351,single_train,single,2,True
70350,single_train,single,3,True
70347,single_train,single,6,False
70349,single_train,single,1,True
95953,single_train,single,7,False
95954,single_train,single,1,True
95947,single_train,single,4,False
95952,single_train,single,2,True
95948,single_train,single,7,False
95951,single_train,single,2,True
95949,single_train,single,5,False
95950,single_train,single,7,False
120579,single_train,single,7,False
120577,single_train,single,1,True
120574,single_train,single,23,False
120572,single_train,single,20,False
120580,single_train,single,1,True
120578,single_train,single,6,False
120584,single_train,single,1,True
120575,single_train,single,33,False
120581,single_train,single,1,True
120583,single_train,single,1,True
120576,single_train,single,1,True
120582,single_train,single,35,False
120573,single_train,single,3,True
105035,single_train,single,4,False
105033,single_train,single,8,False
105034,single_train,single,1,True
105041,single_train,single,4,False
105038,single_train,single,1,True
105042,single_train,single,1,True
105031,single_train,single,2,True
105036,single_train,single,2,True
105032,single_train,single,1,True
105040,single_train,single,2,True
105037,single_train,single,4,False
38402,single_train,single,31,False
38406,single_train,single,4,False
38405,single_train,single,1,True
38410,single_train,single,1,True
38400,single_train,single,7,False
38407,single_train,single,1,True
38403,single_train,single,1,True
38401,single_train,single,2,True
38404,single_train,single,24,False
150702,single_train,single,1,True
150698,single_train,single,8,False
150701,single_train,single,1,True
150699,single_train,single,1,True
103136,single_train,single,13,False
103138,single_train,single,3,True
103142,single_train,single,5,False
103134,single_train,single,3,True
103137,single_train,single,1,True
103144,single_train,single,13,False
103145,single_train,single,1,True
103140,single_train,single,10,False
103141,single_train,single,1,True
32403,single_train,single,5,False
32407,single_train,single,7,False
32408,single_train,single,1,True
32405,single_train,single,1,True
32402,single_train,single,9,False
88779,single_train,single,7,False
88784,single_train,single,1,True
88786,single_train,single,2,True
88785,single_train,single,1,True
88781,single_train,single,3,True
88787,single_train,single,2,True
88792,single_train,single,1,True
88780,single_train,single,3,True
88789,single_train,single,1,True
88783,single_train,single,3,True
88791,single_train,single,1,True
120452,single_train,single,26,False
120451,single_train,single,10,False
120454,single_train,single,1,True
120455,single_train,single,6,False
120456,single_train,single,6,False
120457,single_train,single,7,False
120459,single_train,single,20,False
120460,single_train,single,1,True
120463,single_train,single,1,True
120458,single_train,single,1,True
120462,single_train,single,1,True
120461,single_train,single,1,True
120453,single_train,single,36,False
30323,single_train,single,8,False
30319,single_train,single,30,False
30317,single_train,single,8,False
30318,single_train,single,17,False
30320,single_train,single,1,True
30322,single_train,single,6,False
30321,single_train,single,8,False
122693,single_train,single,1,True
122688,single_train,single,3,True
122690,single_train,single,2,True
122686,single_train,single,12,False
122687,single_train,single,12,False
122691,single_train,single,1,True
122692,single_train,single,2,True
122694,single_train,single,1,True
122685,single_train,single,3,True
147366,single_train,single,2,True
147365,single_train,single,3,True
147367,single_train,single,14,False
147370,single_train,single,3,True
147368,single_train,single,1,True
48068,single_train,single,3,True
48066,single_train,single,14,False
48067,single_train,single,8,False
48069,single_train,single,3,True
48071,single_train,single,6,False
48072,single_train,single,3,True
48074,single_train,single,1,True
48070,single_train,single,2,True
7413,single_train,single,1,True
7409,single_train,single,1,True
7411,single_train,single,2,True
7410,single_train,single,2,True
7406,single_train,single,3,True
7415,single_train,single,1,True
7412,single_train,single,6,False
7407,single_train,single,3,True
7408,single_train,single,3,True
38019,single_train,single,1,True
38024,single_train,single,1,True
38020,single_train,single,5,False
38018,single_train,single,16,False
38025,single_train,single,6,False
38022,single_train,single,1,True
110248,single_train,single,7,False
110249,single_train,single,1,True
110246,single_train,single,1,True
110255,single_train,single,1,True
110252,single_train,single,2,True
110251,single_train,single,1,True
110250,single_train,single,6,False
110247,single_train,single,6,False
66089,single_train,single,6,False
66086,single_train,single,24,False
66085,single_train,single,2,True
66091,single_train,single,2,True
66090,single_train,single,19,False
66094,single_train,single,1,True
66084,single_train,single,6,False
66088,single_train,single,3,True
66087,single_train,single,1,True
49155,single_train,single,17,False
49160,single_train,single,3,True
49161,single_train,single,1,True
49159,single_train,single,3,True
49156,single_train,single,10,False
49158,single_train,single,2,True
49154,single_train,single,7,False
49157,single_train,single,5,False
71130,single_train,single,4,False
71128,single_train,single,30,False
71129,single_train,single,1,True
71127,single_train,single,2,True
71131,single_train,single,10,False
71126,single_train,single,6,False
71132,single_train,single,20,False
71133,single_train,single,1,True
142966,single_train,single,1,True
142960,single_train,single,1,True
142957,single_train,single,2,True
142959,single_train,single,1,True
142962,single_train,single,1,True
142953,single_train,single,2,True
142956,single_train,single,2,True
142958,single_train,single,4,False
142955,single_train,single,1,True
142954,single_train,single,14,False
142961,single_train,single,2,True
142952,single_train,single,1,True
89753,single_train,single,1,True
89756,single_train,single,1,True
89754,single_train,single,1,True
89752,single_train,single,1,True
89755,single_train,single,1,True
89757,single_train,single,1,True
89751,single_train,single,24,False
89758,single_train,single,1,True
31442,single_train,single,1,True
31445,single_train,single,1,True
31441,single_train,single,9,False
31440,single_train,single,1,True
31443,single_train,single,5,False
31439,single_train,single,1,True
143643,single_train,single,1,True
143641,single_train,single,1,True
143648,single_train,single,1,True
143645,single_train,single,10,False
143646,single_train,single,1,True
143642,single_train,single,10,False
143647,single_train,single,1,True
143644,single_train,single,2,True
143640,single_train,single,2,True
61285,single_train,single,2,True
61281,single_train,single,14,False
61283,single_train,single,2,True
61284,single_train,single,3,True
61282,single_train,single,7,False
61287,single_train,single,1,True
101915,single_train,single,6,False
101918,single_train,single,4,False
101919,single_train,single,1,True
101920,single_train,single,6,False
101916,single_train,single,13,False
101917,single_train,single,1,True
105056,single_train,single,3,True
105057,single_train,single,29,False
105052,single_train,single,6,False
105058,single_train,single,1,True
105053,single_train,single,55,False
105055,single_train,single,2,True
105051,single_train,single,12,False
139775,single_train,single,7,False
139781,single_train,single,1,True
139776,single_train,single,1,True
139785,single_train,single,1,True
139778,single_train,single,6,False
139784,single_train,single,3,True
139780,single_train,single,2,True
139777,single_train,single,3,True
139779,single_train,single,3,True
139773,single_train,single,1,True
139774,single_train,single,1,True
139783,single_train,single,2,True
145709,single_train,single,2,True
145708,single_train,single,4,False
145706,single_train,single,3,True
145714,single_train,single,3,True
145707,single_train,single,1,True
145713,single_train,single,2,True
145704,single_train,single,4,False
102505,single_train,single,15,False
102503,single_train,single,12,False
102504,single_train,single,2,True
102507,single_train,single,6,False
102506,single_train,single,1,True
123968,single_train,single,2,True
123967,single_train,single,6,False
123966,single_train,single,41,False
123969,single_train,single,5,False
159286,single_train,single,1,True
159287,single_train,single,1,True
159285,single_train,single,2,True
159284,single_train,single,9,False
83391,single_train,single,50,False
83397,single_train,single,10,False
83390,single_train,single,42,False
83395,single_train,single,6,False
83396,single_train,single,13,False
83398,single_train,single,1,True
83393,single_train,single,4,False
157644,single_train,single,9,False
157647,single_train,single,2,True
157640,single_train,single,1,True
157646,single_train,single,2,True
157643,single_train,single,2,True
157648,single_train,single,1,True
157641,single_train,single,6,False
157642,single_train,single,1,True
157645,single_train,single,1,True
56419,single_train,single,3,True
56415,single_train,single,5,False
56417,single_train,single,3,True
56416,single_train,single,2,True
56414,single_train,single,5,False
56418,single_train,single,2,True
84948,single_train,single,2,True
84952,single_train,single,1,True
84945,single_train,single,8,False
84947,single_train,single,8,False
84953,single_train,single,2,True
84950,single_train,single,1,True
84949,single_train,single,6,False
84955,single_train,single,1,True
84946,single_train,single,4,False
84951,single_train,single,2,True
22149,single_train,single,1,True
22147,single_train,single,7,False
22153,single_train,single,7,False
22155,single_train,single,8,False
22148,single_train,single,66,False
22146,single_train,single,7,False
91491,single_train,single,3,True
91493,single_train,single,1,True
91494,single_train,single,1,True
91486,single_train,single,10,False
91487,single_train,single,3,True
91485,single_train,single,8,False
91492,single_train,single,1,True
91489,single_train,single,1,True
91490,single_train,single,5,False
91488,single_train,single,10,False
62343,single_train,single,1,True
62347,single_train,single,3,True
62342,single_train,single,1,True
62340,single_train,single,1,True
62344,single_train,single,2,True
62339,single_train,single,11,False
62338,single_train,single,4,False
62349,single_train,single,1,True
62348,single_train,single,2,True
62341,single_train,single,3,True
62346,single_train,single,8,False
119009,single_train,single,5,False
119005,single_train,single,16,False
119016,single_train,single,1,True
119012,single_train,single,1,True
119008,single_train,single,1,True
119007,single_train,single,5,False
119010,single_train,single,15,False
119015,single_train,single,5,False
119011,single_train,single,8,False
119013,single_train,single,1,True
119006,single_train,single,40,False
66402,single_train,single,1,True
66399,single_train,single,9,False
66397,single_train,single,17,False
66398,single_train,single,1,True
66401,single_train,single,15,False
66400,single_train,single,2,True
66404,single_train,single,2,True
134916,single_train,single,1,True
134914,single_train,single,2,True
134918,single_train,single,1,True
134913,single_train,single,1,True
134917,single_train,single,6,False
134910,single_train,single,2,True
134915,single_train,single,2,True
73772,single_train,single,3,True
73770,single_train,single,1,True
73768,single_train,single,3,True
73769,single_train,single,6,False
73767,single_train,single,3,True
73773,single_train,single,13,False
44668,single_train,single,11,False
44666,single_train,single,1,True
44677,single_train,single,11,False
44672,single_train,single,15,False
44669,single_train,single,1,True
44675,single_train,single,1,True
44674,single_train,single,15,False
44673,single_train,single,11,False
91371,single_train,single,5,False
91365,single_train,single,4,False
91366,single_train,single,4,False
91367,single_train,single,2,True
91368,single_train,single,1,True
91373,single_train,single,1,True
91374,single_train,single,1,True
91372,single_train,single,1,True
91370,single_train,single,1,True
91364,single_train,single,60,False
51380,single_train,single,3,True
51377,single_train,single,13,False
51379,single_train,single,5,False
51381,single_train,single,3,True
49995,single_train,single,14,False
49993,single_train,single,2,True
49991,single_train,single,3,True
49994,single_train,single,3,True
49992,single_train,single,3,True
49990,single_train,single,7,False
49989,single_train,single,5,False
49997,single_train,single,1,True
49988,single_train,single,10,False
69248,single_train,single,2,True
69245,single_train,single,2,True
69247,single_train,single,1,True
69251,single_train,single,1,True
69244,single_train,single,2,True
69250,single_train,single,1,True
69246,single_train,single,12,False
69249,single_train,single,2,True
162650,single_train,single,3,True
162648,single_train,single,10,False
162647,single_train,single,1,True
162651,single_train,single,1,True
162649,single_train,single,1,True
162654,single_train,single,1,True
162652,single_train,single,6,False
162646,single_train,single,2,True
135393,single_train,single,6,False
135382,single_train,single,6,False
135388,single_train,single,1,True
135391,single_train,single,4,False
135383,single_train,single,1,True
135385,single_train,single,1,True
135386,single_train,single,1,True
135387,single_train,single,2,True
135384,single_train,single,4,False
135390,single_train,single,2,True
135392,single_train,single,1,True
135389,single_train,single,4,False
166278,single_train,single,1,True
166279,single_train,single,1,True
166276,single_train,single,4,False
166271,single_train,single,6,False
166281,single_train,single,2,True
166282,single_train,single,1,True
166274,single_train,single,10,False
166273,single_train,single,1,True
166272,single_train,single,1,True
166275,single_train,single,1,True
166277,single_train,single,2,True
166270,single_train,single,1,True
19470,single_train,single,1,True
19467,single_train,single,2,True
19469,single_train,single,15,False
19471,single_train,single,1,True
19472,single_train,single,1,True
19473,single_train,single,1,True
81388,single_train,single,4,False
81386,single_train,single,3,True
81389,single_train,single,3,True
81385,single_train,single,2,True
81384,single_train,single,1,True
81387,single_train,single,1,True
86335,single_train,single,1,True
86337,single_train,single,2,True
86333,single_train,single,1,True
86336,single_train,single,1,True
86329,single_train,single,2,True
86332,single_train,single,3,True
140100,single_train,single,1,True
140106,single_train,single,1,True
140101,single_train,single,2,True
140099,single_train,single,46,False
140098,single_train,single,4,False
140097,single_train,single,12,False
140102,single_train,single,15,False
140104,single_train,single,2,True
134337,single_train,single,1,True
134335,single_train,single,2,True
134328,single_train,single,1,True
134331,single_train,single,1,True
134332,single_train,single,3,True
134329,single_train,single,5,False
134333,single_train,single,12,False
134336,single_train,single,13,False
134330,single_train,single,6,False
8440,single_train,single,1,True
8441,single_train,single,2,True
8447,single_train,single,4,False
8443,single_train,single,1,True
8446,single_train,single,2,True
8444,single_train,single,2,True
8445,single_train,single,1,True
9653,single_train,single,2,True
9660,single_train,single,1,True
9663,single_train,single,6,False
9664,single_train,single,1,True
9662,single_train,single,5,False
9661,single_train,single,1,True
9657,single_train,single,1,True
9659,single_train,single,3,True
9655,single_train,single,12,False
9658,single_train,single,3,True
22416,single_train,single,30,False
22417,single_train,single,1,True
22411,single_train,single,3,True
22410,single_train,single,10,False
22412,single_train,single,30,False
166518,single_train,single,1,True
166513,single_train,single,2,True
166509,single_train,single,3,True
166517,single_train,single,2,True
166516,single_train,single,1,True
166510,single_train,single,4,False
166515,single_train,single,10,False
166511,single_train,single,23,False
45972,single_train,single,4,False
45974,single_train,single,3,True
45973,single_train,single,1,True
45968,single_train,single,1,True
45969,single_train,single,1,True
45978,single_train,single,1,True
45975,single_train,single,1,True
45971,single_train,single,1,True
45970,single_train,single,7,False
55754,single_train,single,3,True
55755,single_train,single,3,True
55752,single_train,single,10,False
55756,single_train,single,6,False
55758,single_train,single,1,True
55753,single_train,single,8,False
55759,single_train,single,1,True
125121,single_train,single,4,False
125126,single_train,single,1,True
125127,single_train,single,3,True
125122,single_train,single,9,False
125125,single_train,single,4,False
125123,single_train,single,8,False
125130,single_train,single,1,True
125124,single_train,single,4,False
125128,single_train,single,5,False
40360,single_train,single,10,False
40359,single_train,single,1,True
40362,single_train,single,1,True
40358,single_train,single,1,True
40364,single_train,single,1,True
40361,single_train,single,8,False
40365,single_train,single,10,False
80823,single_train,single,1,True
80822,single_train,single,8,False
80825,single_train,single,1,True
1032,single_train,single,26,False
1034,single_train,single,11,False
1030,single_train,single,10,False
1035,single_train,single,3,True
1033,single_train,single,1,True
49858,single_train,single,5,False
49856,single_train,single,8,False
49864,single_train,single,1,True
49860,single_train,single,2,True
49859,single_train,single,3,True
49862,single_train,single,7,False
49863,single_train,single,3,True
49861,single_train,single,3,True
83588,single_train,single,2,True
83583,single_train,single,3,True
83589,single_train,single,1,True
83586,single_train,single,1,True
83587,single_train,single,2,True
83579,single_train,single,2,True
83585,single_train,single,2,True
83584,single_train,single,3,True
83578,single_train,single,9,False
83580,single_train,single,7,False
101813,single_train,single,4,False
101812,single_train,single,2,True
101816,single_train,single,1,True
101815,single_train,single,1,True
101818,single_train,single,1,True
104177,single_train,single,1,True
104176,single_train,single,27,False
104178,single_train,single,1,True
104174,single_train,single,3,True
104175,single_train,single,3,True
109079,single_train,single,1,True
109076,single_train,single,9,False
109077,single_train,single,1,True
109082,single_train,single,1,True
109074,single_train,single,1,True
109078,single_train,single,4,False
12835,single_train,single,2,True
12838,single_train,single,1,True
12837,single_train,single,27,False
12836,single_train,single,1,True
44307,single_train,single,3,True
44303,single_train,single,9,False
44308,single_train,single,11,False
44306,single_train,single,1,True
44304,single_train,single,2,True
44310,single_train,single,5,False
44309,single_train,single,1,True
44305,single_train,single,14,False
44311,single_train,single,5,False
98822,single_train,single,2,True
98819,single_train,single,1,True
98823,single_train,single,2,True
98821,single_train,single,1,True
98818,single_train,single,2,True
98824,single_train,single,1,True
98820,single_train,single,2,True
12512,single_train,single,1,True
12519,single_train,single,38,False
12518,single_train,single,3,True
12513,single_train,single,2,True
12515,single_train,single,1,True
12514,single_train,single,1,True
12520,single_train,single,1,True
12516,single_train,single,81,False
12517,single_train,single,3,True
152257,single_train,single,1,True
152255,single_train,single,2,True
152254,single_train,single,18,False
152256,single_train,single,7,False
62419,single_train,single,1,True
62427,single_train,single,1,True
62416,single_train,single,1,True
62422,single_train,single,6,False
62418,single_train,single,22,False
62417,single_train,single,2,True
62420,single_train,single,2,True
62423,single_train,single,1,True
62421,single_train,single,2,True
146729,single_train,single,28,False
146726,single_train,single,2,True
146723,single_train,single,8,False
146728,single_train,single,1,True
146725,single_train,single,1,True
146721,single_train,single,2,True
146731,single_train,single,1,True
146727,single_train,single,7,False
146722,single_train,single,3,True
146724,single_train,single,1,True
93946,single_train,single,4,False
93945,single_train,single,3,True
93944,single_train,single,17,False
131289,single_train,single,12,False
131291,single_train,single,1,True
131288,single_train,single,1,True
131297,single_train,single,29,False
131298,single_train,single,1,True
131287,single_train,single,4,False
131296,single_train,single,4,False
131294,single_train,single,1,True
46672,single_train,single,18,False
46674,single_train,single,2,True
46676,single_train,single,2,True
46673,single_train,single,9,False
46675,single_train,single,3,True
46677,single_train,single,3,True
77164,single_train,single,50,False
77166,single_train,single,3,True
77162,single_train,single,8,False
77158,single_train,single,5,False
77163,single_train,single,17,False
77161,single_train,single,1,True
77159,single_train,single,3,True
77169,single_train,single,1,True
77160,single_train,single,34,False
77165,single_train,single,1,True
50299,single_train,single,1,True
50298,single_train,single,3,True
50295,single_train,single,2,True
50296,single_train,single,3,True
50292,single_train,single,4,False
50294,single_train,single,3,True
50300,single_train,single,1,True
50301,single_train,single,1,True
50293,single_train,single,8,False
50297,single_train,single,9,False
47913,single_train,single,3,True
47914,single_train,single,3,True
47912,single_train,single,11,False
47909,single_train,single,14,False
47918,single_train,single,1,True
47915,single_train,single,3,True
47911,single_train,single,2,True
47910,single_train,single,11,False
109819,single_train,single,1,True
109817,single_train,single,2,True
109821,single_train,single,10,False
109823,single_train,single,2,True
109824,single_train,single,2,True
109820,single_train,single,8,False
109816,single_train,single,1,True
109825,single_train,single,12,False
109822,single_train,single,1,True
109818,single_train,single,2,True
142461,single_train,single,2,True
142464,single_train,single,7,False
142465,single_train,single,18,False
142462,single_train,single,1,True
142456,single_train,single,1,True
142463,single_train,single,1,True
135554,single_train,single,3,True
135555,single_train,single,1,True
135563,single_train,single,2,True
135561,single_train,single,33,False
135566,single_train,single,1,True
135560,single_train,single,1,True
135565,single_train,single,14,False
135564,single_train,single,2,True
135559,single_train,single,4,False
135556,single_train,single,2,True
135562,single_train,single,1,True
135553,single_train,single,1,True
135557,single_train,single,2,True
20530,single_train,single,19,False
20529,single_train,single,1,True
20532,single_train,single,6,False
20531,single_train,single,1,True
20528,single_train,single,1,True
20533,single_train,single,2,True
20535,single_train,single,1,True
136055,single_train,single,2,True
136052,single_train,single,5,False
136054,single_train,single,1,True
136048,single_train,single,2,True
136051,single_train,single,1,True
136046,single_train,single,24,False
136050,single_train,single,1,True
136045,single_train,single,2,True
136056,single_train,single,15,False
136044,single_train,single,1,True
136047,single_train,single,1,True
106276,single_train,single,1,True
106278,single_train,single,1,True
106281,single_train,single,1,True
30998,single_train,single,1,True
30995,single_train,single,1,True
30996,single_train,single,2,True
31000,single_train,single,3,True
30997,single_train,single,5,False
31001,single_train,single,11,False
31005,single_train,single,1,True
31002,single_train,single,1,True
30999,single_train,single,3,True
145646,single_train,single,1,True
145639,single_train,single,1,True
145642,single_train,single,9,False
145644,single_train,single,1,True
145648,single_train,single,1,True
145640,single_train,single,6,False
145641,single_train,single,1,True
145645,single_train,single,2,True
145638,single_train,single,4,False
145650,single_train,single,2,True
145647,single_train,single,9,False
145643,single_train,single,27,False
7646,single_train,single,3,True
7644,single_train,single,1,True
7642,single_train,single,3,True
7643,single_train,single,20,False
7647,single_train,single,1,True
7645,single_train,single,1,True
48288,single_train,single,11,False
48291,single_train,single,2,True
48292,single_train,single,3,True
48294,single_train,single,3,True
48299,single_train,single,1,True
48293,single_train,single,2,True
48296,single_train,single,3,True
48295,single_train,single,3,True
48290,single_train,single,11,False
11332,single_train,single,2,True
11334,single_train,single,8,False
11333,single_train,single,2,True
11341,single_train,single,3,True
11336,single_train,single,12,False
11335,single_train,single,1,True
11338,single_train,single,27,False
11342,single_train,single,4,False
26355,single_train,single,1,True
26353,single_train,single,1,True
26356,single_train,single,10,False
26354,single_train,single,14,False
26349,single_train,single,2,True
26352,single_train,single,1,True
26350,single_train,single,2,True
26351,single_train,single,55,False
135598,single_train,single,24,False
135600,single_train,single,6,False
135592,single_train,single,1,True
135591,single_train,single,1,True
135599,single_train,single,1,True
135593,single_train,single,5,False
135589,single_train,single,1,True
135588,single_train,single,1,True
135590,single_train,single,21,False
36525,single_train,single,2,True
36529,single_train,single,1,True
36524,single_train,single,1,True
36522,single_train,single,4,False
36526,single_train,single,4,False
36523,single_train,single,10,False
36521,single_train,single,1,True
2012,single_train,single,1,True
2014,single_train,single,2,True
2010,single_train,single,4,False
2021,single_train,single,2,True
2015,single_train,single,25,False
2017,single_train,single,6,False
2022,single_train,single,12,False
2009,single_train,single,3,True
2011,single_train,single,33,False
2019,single_train,single,12,False
2020,single_train,single,3,True
2016,single_train,single,1,True
146363,single_train,single,1,True
122436,single_train,single,5,False
122431,single_train,single,2,True
122435,single_train,single,15,False
122434,single_train,single,5,False
122433,single_train,single,3,True
122437,single_train,single,1,True
122428,single_train,single,12,False
122438,single_train,single,1,True
122432,single_train,single,1,True
122429,single_train,single,2,True
122439,single_train,single,1,True
122430,single_train,single,11,False
87527,single_train,single,2,True
87533,single_train,single,1,True
87524,single_train,single,4,False
87530,single_train,single,1,True
87532,single_train,single,7,False
87525,single_train,single,16,False
87523,single_train,single,4,False
87531,single_train,single,1,True
87526,single_train,single,4,False
87529,single_train,single,1,True
87528,single_train,single,13,False
80038,single_train,single,1,True
80047,single_train,single,4,False
80045,single_train,single,1,True
80039,single_train,single,24,False
80043,single_train,single,2,True
80037,single_train,single,1,True
80042,single_train,single,3,True
80044,single_train,single,3,True
80046,single_train,single,1,True
80041,single_train,single,12,False
80040,single_train,single,1,True
99186,single_train,single,1,True
99183,single_train,single,8,False
99190,single_train,single,1,True
99181,single_train,single,9,False
99182,single_train,single,1,True
99180,single_train,single,5,False
132273,single_train,single,1,True
132271,single_train,single,1,True
132272,single_train,single,15,False
132268,single_train,single,10,False
132274,single_train,single,1,True
132277,single_train,single,1,True
132270,single_train,single,1,True
22956,single_train,single,1,True
22953,single_train,single,9,False
22954,single_train,single,2,True
154945,single_train,single,2,True
154940,single_train,single,1,True
154941,single_train,single,2,True
154951,single_train,single,1,True
154950,single_train,single,6,False
154943,single_train,single,1,True
154947,single_train,single,1,True
154949,single_train,single,1,True
154942,single_train,single,3,True
154948,single_train,single,2,True
154946,single_train,single,2,True
154944,single_train,single,2,True
87815,single_train,single,1,True
87816,single_train,single,2,True
87817,single_train,single,1,True
87814,single_train,single,14,False
87818,single_train,single,1,True
87813,single_train,single,11,False
87819,single_train,single,1,True
87820,single_train,single,1,True
87812,single_train,single,10,False
157175,single_train,single,2,True
157169,single_train,single,3,True
157172,single_train,single,3,True
157171,single_train,single,2,True
157176,single_train,single,1,True
157174,single_train,single,3,True
157173,single_train,single,1,True
157168,single_train,single,5,False
157170,single_train,single,1,True
132773,single_train,single,1,True
132779,single_train,single,28,False
132776,single_train,single,1,True
132774,single_train,single,4,False
132772,single_train,single,12,False
132775,single_train,single,6,False
132778,single_train,single,13,False
135844,single_train,single,2,True
135856,single_train,single,2,True
135848,single_train,single,1,True
135846,single_train,single,2,True
135851,single_train,single,1,True
135855,single_train,single,1,True
135854,single_train,single,4,False
135847,single_train,single,1,True
135852,single_train,single,4,False
104210,single_train,single,6,False
104211,single_train,single,11,False
104209,single_train,single,5,False
104212,single_train,single,1,True
104217,single_train,single,1,True
104213,single_train,single,8,False
64081,single_train,single,2,True
64084,single_train,single,9,False
64076,single_train,single,2,True
64080,single_train,single,7,False
64085,single_train,single,1,True
64079,single_train,single,13,False
64078,single_train,single,1,True
64075,single_train,single,1,True
143392,single_train,single,1,True
143396,single_train,single,2,True
143385,single_train,single,22,False
143391,single_train,single,4,False
143386,single_train,single,1,True
143393,single_train,single,9,False
143395,single_train,single,22,False
56153,single_train,single,17,False
56155,single_train,single,2,True
56156,single_train,single,3,True
56157,single_train,single,6,False
56158,single_train,single,3,True
56154,single_train,single,7,False
69342,single_train,single,1,True
69345,single_train,single,1,True
69341,single_train,single,2,True
69338,single_train,single,1,True
69340,single_train,single,1,True
69344,single_train,single,1,True
69337,single_train,single,2,True
69343,single_train,single,8,False
69339,single_train,single,12,False
69346,single_train,single,5,False
38582,single_train,single,2,True
38588,single_train,single,1,True
38581,single_train,single,2,True
38580,single_train,single,1,True
38584,single_train,single,1,True
38577,single_train,single,4,False
38579,single_train,single,7,False
38583,single_train,single,3,True
38578,single_train,single,1,True
37574,single_train,single,2,True
37570,single_train,single,1,True
37575,single_train,single,17,False
37573,single_train,single,1,True
37571,single_train,single,17,False
37577,single_train,single,3,True
37569,single_train,single,2,True
108093,single_train,single,1,True
108092,single_train,single,5,False
61374,single_train,single,16,False
61379,single_train,single,1,True
61376,single_train,single,5,False
61377,single_train,single,3,True
61378,single_train,single,3,True
61375,single_train,single,2,True
108433,single_train,single,3,True
108436,single_train,single,2,True
108435,single_train,single,1,True
108434,single_train,single,4,False
108432,single_train,single,1,True
153386,single_train,single,2,True
153389,single_train,single,1,True
153391,single_train,single,6,False
153392,single_train,single,1,True
153388,single_train,single,6,False
153387,single_train,single,1,True
39490,single_train,single,1,True
39491,single_train,single,1,True
39493,single_train,single,1,True
39495,single_train,single,2,True
39492,single_train,single,23,False
39494,single_train,single,1,True
39496,single_train,single,3,True
39499,single_train,single,1,True
163801,single_train,single,1,True
163800,single_train,single,3,True
163798,single_train,single,5,False
163796,single_train,single,4,False
163799,single_train,single,1,True
163803,single_train,single,1,True
163797,single_train,single,2,True
163804,single_train,single,1,True
163805,single_train,single,5,False
163802,single_train,single,5,False
56694,single_train,single,3,True
56690,single_train,single,24,False
56693,single_train,single,2,True
56691,single_train,single,5,False
56692,single_train,single,3,True
54480,single_train,single,5,False
54482,single_train,single,3,True
54483,single_train,single,4,False
54484,single_train,single,3,True
54486,single_train,single,3,True
54485,single_train,single,3,True
54481,single_train,single,2,True
54478,single_train,single,5,False
101763,single_train,single,23,False
101765,single_train,single,3,True
101762,single_train,single,5,False
101761,single_train,single,7,False
137617,single_train,single,25,False
137615,single_train,single,2,True
50417,single_train,single,7,False
50418,single_train,single,9,False
50416,single_train,single,18,False
50423,single_train,single,16,False
50421,single_train,single,2,True
50422,single_train,single,3,True
50419,single_train,single,3,True
50420,single_train,single,3,True
50427,single_train,single,1,True
50424,single_train,single,1,True
50426,single_train,single,1,True
87103,single_train,single,10,False
87105,single_train,single,1,True
87098,single_train,single,1,True
87096,single_train,single,28,False
87097,single_train,single,13,False
87100,single_train,single,4,False
87095,single_train,single,17,False
87099,single_train,single,8,False
87102,single_train,single,1,True
87104,single_train,single,1,True
87101,single_train,single,1,True
13398,single_train,single,7,False
13396,single_train,single,2,True
13395,single_train,single,1,True
13400,single_train,single,1,True
13394,single_train,single,1,True
13399,single_train,single,2,True
13397,single_train,single,1,True
76283,single_train,single,4,False
76290,single_train,single,4,False
76288,single_train,single,6,False
76284,single_train,single,4,False
76292,single_train,single,1,True
76289,single_train,single,8,False
76291,single_train,single,10,False
76286,single_train,single,8,False
76285,single_train,single,1,True
76287,single_train,single,1,True
76282,single_train,single,1,True
77702,single_train,single,3,True
77710,single_train,single,1,True
77708,single_train,single,4,False
77712,single_train,single,3,True
77713,single_train,single,2,True
77701,single_train,single,1,True
77709,single_train,single,6,False
77704,single_train,single,1,True
77703,single_train,single,37,False
77705,single_train,single,3,True
77706,single_train,single,3,True
77714,single_train,single,1,True
115685,single_train,single,8,False
115687,single_train,single,19,False
115693,single_train,single,2,True
115694,single_train,single,1,True
115686,single_train,single,4,False
115690,single_train,single,4,False
115691,single_train,single,19,False
115689,single_train,single,1,True
115692,single_train,single,1,True
115688,single_train,single,1,True
65465,single_train,single,3,True
65464,single_train,single,1,True
65463,single_train,single,10,False
65461,single_train,single,3,True
57309,single_train,single,1,True
57303,single_train,single,3,True
57306,single_train,single,2,True
57302,single_train,single,5,False
57305,single_train,single,8,False
57307,single_train,single,3,True
57310,single_train,single,1,True
57304,single_train,single,3,True
107740,single_train,single,9,False
107741,single_train,single,1,True
107737,single_train,single,1,True
107735,single_train,single,8,False
107732,single_train,single,3,True
107739,single_train,single,2,True
65216,single_train,single,2,True
65215,single_train,single,2,True
65220,single_train,single,5,False
65214,single_train,single,1,True
65219,single_train,single,2,True
65218,single_train,single,15,False
65222,single_train,single,2,True
65213,single_train,single,9,False
65212,single_train,single,1,True
158964,single_train,single,4,False
158969,single_train,single,12,False
158965,single_train,single,5,False
158973,single_train,single,1,True
158970,single_train,single,1,True
158966,single_train,single,1,True
49307,single_train,single,2,True
49303,single_train,single,13,False
49309,single_train,single,11,False
49308,single_train,single,3,True
49304,single_train,single,5,False
49306,single_train,single,3,True
49305,single_train,single,3,True
49312,single_train,single,1,True
49311,single_train,single,1,True
117328,single_train,single,1,True
117336,single_train,single,3,True
117339,single_train,single,1,True
117332,single_train,single,4,False
117334,single_train,single,12,False
117335,single_train,single,1,True
117329,single_train,single,3,True
117331,single_train,single,1,True
117330,single_train,single,2,True
117333,single_train,single,2,True
117337,single_train,single,2,True
117338,single_train,single,2,True
152494,single_train,single,4,False
152491,single_train,single,1,True
152493,single_train,single,1,True
152490,single_train,single,12,False
152489,single_train,single,2,True
152488,single_train,single,3,True
152492,single_train,single,9,False
149556,single_train,single,1,True
149549,single_train,single,1,True
149557,single_train,single,5,False
149555,single_train,single,2,True
149548,single_train,single,3,True
149553,single_train,single,6,False
149554,single_train,single,4,False
149551,single_train,single,10,False
149546,single_train,single,6,False
149550,single_train,single,2,True
149552,single_train,single,1,True
46702,single_train,single,3,True
46699,single_train,single,3,True
46698,single_train,single,2,True
46700,single_train,single,8,False
46697,single_train,single,11,False
46704,single_train,single,1,True
46701,single_train,single,3,True
7724,single_train,single,1,True
7722,single_train,single,2,True
7725,single_train,single,4,False
7727,single_train,single,1,True
7723,single_train,single,24,False
46830,single_train,single,3,True
46831,single_train,single,4,False
46834,single_train,single,1,True
46828,single_train,single,4,False
46832,single_train,single,2,True
46837,single_train,single,1,True
46829,single_train,single,14,False
46833,single_train,single,3,True
148833,single_train,single,4,False
148834,single_train,single,2,True
148835,single_train,single,9,False
148831,single_train,single,2,True
148836,single_train,single,3,True
148832,single_train,single,2,True
148839,single_train,single,1,True
3487,single_train,single,2,True
3485,single_train,single,3,True
3493,single_train,single,3,True
3491,single_train,single,1,True
3490,single_train,single,2,True
165410,single_train,single,1,True
165412,single_train,single,3,True
165407,single_train,single,1,True
165404,single_train,single,2,True
165409,single_train,single,9,False
165406,single_train,single,8,False
165405,single_train,single,4,False
165408,single_train,single,2,True
165411,single_train,single,12,False
117440,single_train,single,1,True
117442,single_train,single,2,True
117444,single_train,single,1,True
117437,single_train,single,9,False
117438,single_train,single,1,True
117447,single_train,single,1,True
117445,single_train,single,1,True
117446,single_train,single,14,False
117443,single_train,single,22,False
117441,single_train,single,1,True
117439,single_train,single,24,False
109068,single_train,single,7,False
109069,single_train,single,1,True
109071,single_train,single,3,True
109067,single_train,single,4,False
109066,single_train,single,2,True
159787,single_train,single,6,False
159784,single_train,single,6,False
159789,single_train,single,16,False
159790,single_train,single,1,True
159782,single_train,single,9,False
159780,single_train,single,11,False
159783,single_train,single,1,True
159786,single_train,single,24,False
159785,single_train,single,16,False
8246,single_train,single,8,False
8242,single_train,single,1,True
8241,single_train,single,14,False
8243,single_train,single,2,True
8247,single_train,single,1,True
8244,single_train,single,1,True
8245,single_train,single,22,False
8248,single_train,single,2,True
100086,single_train,single,16,False
100091,single_train,single,1,True
100092,single_train,single,1,True
100088,single_train,single,16,False
100089,single_train,single,1,True
100087,single_train,single,1,True
100085,single_train,single,5,False
65064,single_train,single,3,True
65066,single_train,single,5,False
65061,single_train,single,3,True
65065,single_train,single,5,False
65062,single_train,single,5,False
65069,single_train,single,38,False
65063,single_train,single,1,True
65060,single_train,single,1,True
65067,single_train,single,7,False
94057,single_train,single,2,True
94059,single_train,single,1,True
94061,single_train,single,3,True
94063,single_train,single,1,True
94062,single_train,single,2,True
94058,single_train,single,6,False
94060,single_train,single,1,True
163436,single_train,single,1,True
163429,single_train,single,7,False
163432,single_train,single,1,True
163431,single_train,single,24,False
163430,single_train,single,7,False
55559,single_train,single,10,False
55563,single_train,single,3,True
55565,single_train,single,1,True
55560,single_train,single,2,True
55562,single_train,single,5,False
55566,single_train,single,1,True
55561,single_train,single,1,True
55564,single_train,single,3,True
117713,single_train,single,1,True
117710,single_train,single,43,False
117716,single_train,single,1,True
117712,single_train,single,1,True
44501,single_train,single,6,False
44498,single_train,single,2,True
44502,single_train,single,7,False
44504,single_train,single,1,True
44503,single_train,single,14,False
44500,single_train,single,1,True
44506,single_train,single,1,True
44499,single_train,single,20,False
123735,single_train,single,13,False
123738,single_train,single,13,False
123737,single_train,single,4,False
123733,single_train,single,11,False
123732,single_train,single,3,True
123736,single_train,single,4,False
123739,single_train,single,3,True
123740,single_train,single,1,True
123741,single_train,single,1,True
123734,single_train,single,9,False
129256,single_train,single,1,True
129258,single_train,single,2,True
129253,single_train,single,1,True
129249,single_train,single,5,False
129259,single_train,single,15,False
129252,single_train,single,1,True
129254,single_train,single,1,True
129250,single_train,single,1,True
129255,single_train,single,4,False
129261,single_train,single,21,False
129260,single_train,single,5,False
129266,single_train,single,1,True
129251,single_train,single,5,False
129263,single_train,single,1,True
129257,single_train,single,2,True
57604,single_train,single,7,False
57605,single_train,single,2,True
57607,single_train,single,6,False
57606,single_train,single,3,True
57608,single_train,single,3,True
27427,single_train,single,2,True
27430,single_train,single,1,True
27426,single_train,single,3,True
27428,single_train,single,57,False
25419,single_train,single,1,True
25420,single_train,single,1,True
25418,single_train,single,2,True
25416,single_train,single,8,False
25417,single_train,single,2,True
98068,single_train,single,1,True
98062,single_train,single,1,True
98066,single_train,single,1,True
98060,single_train,single,4,False
98061,single_train,single,27,False
98064,single_train,single,7,False
98059,single_train,single,1,True
98063,single_train,single,3,True
33499,single_train,single,3,True
33502,single_train,single,1,True
33503,single_train,single,2,True
33500,single_train,single,3,True
33505,single_train,single,1,True
49918,single_train,single,5,False
49922,single_train,single,2,True
49919,single_train,single,11,False
49920,single_train,single,2,True
49923,single_train,single,1,True
49924,single_train,single,15,False
49921,single_train,single,3,True
49917,single_train,single,19,False
20260,single_train,single,2,True
20253,single_train,single,3,True
20255,single_train,single,5,False
20256,single_train,single,1,True
20257,single_train,single,2,True
20259,single_train,single,21,False
20258,single_train,single,2,True
119946,single_train,single,21,False
119949,single_train,single,3,True
119945,single_train,single,8,False
119948,single_train,single,6,False
119947,single_train,single,5,False
119952,single_train,single,3,True
119951,single_train,single,4,False
119950,single_train,single,3,True
158186,single_train,single,2,True
158185,single_train,single,4,False
158178,single_train,single,26,False
158180,single_train,single,9,False
158181,single_train,single,2,True
158177,single_train,single,1,True
158182,single_train,single,22,False
158179,single_train,single,1,True
158187,single_train,single,1,True
118568,single_train,single,11,False
118573,single_train,single,20,False
118575,single_train,single,1,True
118572,single_train,single,2,True
118567,single_train,single,5,False
118574,single_train,single,1,True
118570,single_train,single,12,False
118571,single_train,single,2,True
111055,single_train,single,9,False
111065,single_train,single,1,True
111060,single_train,single,2,True
111063,single_train,single,2,True
111057,single_train,single,2,True
111056,single_train,single,2,True
111062,single_train,single,1,True
111064,single_train,single,1,True
111058,single_train,single,1,True
111059,single_train,single,1,True
76998,single_train,single,2,True
77000,single_train,single,1,True
77003,single_train,single,9,False
76997,single_train,single,3,True
77004,single_train,single,1,True
77001,single_train,single,1,True
77006,single_train,single,6,False
76999,single_train,single,20,False
77008,single_train,single,1,True
77002,single_train,single,6,False
77005,single_train,single,2,True
57106,single_train,single,3,True
57107,single_train,single,3,True
57104,single_train,single,3,True
57101,single_train,single,7,False
57108,single_train,single,3,True
57109,single_train,single,1,True
57102,single_train,single,4,False
57103,single_train,single,15,False
57105,single_train,single,6,False
131768,single_train,single,4,False
131771,single_train,single,2,True
131775,single_train,single,4,False
131773,single_train,single,1,True
131767,single_train,single,2,True
131772,single_train,single,8,False
131770,single_train,single,1,True
131776,single_train,single,2,True
131766,single_train,single,1,True
131777,single_train,single,1,True
131774,single_train,single,1,True
131769,single_train,single,1,True
52780,single_train,single,1,True
52777,single_train,single,2,True
52778,single_train,single,1,True
52775,single_train,single,13,False
52779,single_train,single,1,True
52776,single_train,single,6,False
52782,single_train,single,1,True
52781,single_train,single,3,True
138751,single_train,single,3,True
138752,single_train,single,1,True
138749,single_train,single,20,False
138748,single_train,single,2,True
138747,single_train,single,8,False
112265,single_train,single,1,True
112261,single_train,single,1,True
112262,single_train,single,3,True
112259,single_train,single,2,True
112257,single_train,single,10,False
112256,single_train,single,2,True
112263,single_train,single,2,True
112258,single_train,single,1,True
118655,single_train,single,4,False
118651,single_train,single,1,True
118650,single_train,single,12,False
118653,single_train,single,4,False
118658,single_train,single,1,True
118657,single_train,single,1,True
118654,single_train,single,9,False
118649,single_train,single,21,False
118648,single_train,single,4,False
86475,single_train,single,1,True
86481,single_train,single,1,True
86477,single_train,single,22,False
86474,single_train,single,1,True
86473,single_train,single,5,False
86476,single_train,single,3,True
86478,single_train,single,1,True
86472,single_train,single,1,True
86471,single_train,single,1,True
62115,single_train,single,2,True
62118,single_train,single,1,True
62113,single_train,single,4,False
62116,single_train,single,1,True
62117,single_train,single,4,False
62114,single_train,single,4,False
62120,single_train,single,4,False
62121,single_train,single,9,False
62119,single_train,single,1,True
50575,single_train,single,10,False
50580,single_train,single,3,True
50581,single_train,single,12,False
50582,single_train,single,24,False
50577,single_train,single,2,True
50578,single_train,single,12,False
50574,single_train,single,8,False
50579,single_train,single,3,True
65870,single_train,single,1,True
65871,single_train,single,1,True
65866,single_train,single,3,True
65868,single_train,single,23,False
65867,single_train,single,2,True
65873,single_train,single,1,True
65872,single_train,single,20,False
126381,single_train,single,8,False
126390,single_train,single,1,True
126384,single_train,single,1,True
126386,single_train,single,1,True
126385,single_train,single,18,False
126388,single_train,single,1,True
126383,single_train,single,1,True
126380,single_train,single,3,True
126389,single_train,single,36,False
126382,single_train,single,4,False
52979,single_train,single,1,True
52977,single_train,single,3,True
52976,single_train,single,2,True
52974,single_train,single,12,False
52975,single_train,single,8,False
52978,single_train,single,2,True
57334,single_train,single,3,True
57331,single_train,single,8,False
57332,single_train,single,2,True
57335,single_train,single,1,True
57333,single_train,single,2,True
80327,single_train,single,14,False
80325,single_train,single,13,False
80329,single_train,single,7,False
80326,single_train,single,1,True
80328,single_train,single,1,True
80330,single_train,single,3,True
118633,single_train,single,9,False
118632,single_train,single,1,True
118626,single_train,single,13,False
118627,single_train,single,31,False
118628,single_train,single,9,False
118636,single_train,single,1,True
118631,single_train,single,5,False
118629,single_train,single,2,True
118630,single_train,single,8,False
118634,single_train,single,5,False
1868,single_train,single,3,True
1865,single_train,single,3,True
1872,single_train,single,3,True
1873,single_train,single,4,False
1871,single_train,single,2,True
1870,single_train,single,1,True
1864,single_train,single,1,True
1867,single_train,single,1,True
1869,single_train,single,10,False
1866,single_train,single,2,True
53641,single_train,single,9,False
53648,single_train,single,2,True
53642,single_train,single,19,False
53647,single_train,single,1,True
53643,single_train,single,5,False
53645,single_train,single,2,True
53644,single_train,single,2,True
138657,single_train,single,5,False
138662,single_train,single,4,False
138666,single_train,single,1,True
138661,single_train,single,1,True
138656,single_train,single,2,True
138659,single_train,single,1,True
138660,single_train,single,4,False
138658,single_train,single,12,False
102051,single_train,single,5,False
102054,single_train,single,1,True
102058,single_train,single,1,True
102053,single_train,single,10,False
81703,single_train,single,1,True
81705,single_train,single,8,False
81704,single_train,single,2,True
81707,single_train,single,1,True
81706,single_train,single,1,True
81708,single_train,single,2,True
81709,single_train,single,20,False
49547,single_train,single,10,False
49553,single_train,single,5,False
49552,single_train,single,1,True
49549,single_train,single,2,True
49548,single_train,single,5,False
49555,single_train,single,1,True
49554,single_train,single,3,True
49551,single_train,single,2,True
49550,single_train,single,3,True
52394,single_train,single,2,True
52396,single_train,single,2,True
52391,single_train,single,14,False
52392,single_train,single,4,False
52399,single_train,single,1,True
52397,single_train,single,1,True
52395,single_train,single,3,True
52393,single_train,single,8,False
166304,single_train,single,4,False
166306,single_train,single,1,True
166305,single_train,single,9,False
165590,single_train,single,1,True
165584,single_train,single,2,True
165589,single_train,single,6,False
165591,single_train,single,1,True
165594,single_train,single,1,True
165585,single_train,single,9,False
165583,single_train,single,2,True
165587,single_train,single,3,True
165586,single_train,single,1,True
165588,single_train,single,1,True
84632,single_train,single,2,True
84637,single_train,single,1,True
84633,single_train,single,2,True
84634,single_train,single,2,True
84635,single_train,single,1,True
84629,single_train,single,13,False
84630,single_train,single,23,False
51358,single_train,single,1,True
51360,single_train,single,1,True
51353,single_train,single,5,False
51355,single_train,single,2,True
51356,single_train,single,3,True
51359,single_train,single,3,True
51357,single_train,single,2,True
51354,single_train,single,5,False
51362,single_train,single,1,True
48694,single_train,single,1,True
48693,single_train,single,1,True
48688,single_train,single,28,False
48690,single_train,single,3,True
48692,single_train,single,1,True
48689,single_train,single,2,True
48691,single_train,single,3,True
110879,single_train,single,1,True
110875,single_train,single,1,True
110877,single_train,single,2,True
110874,single_train,single,3,True
110876,single_train,single,2,True
110878,single_train,single,9,False
110872,single_train,single,7,False
110873,single_train,single,2,True
67793,single_train,single,13,False
67791,single_train,single,11,False
67795,single_train,single,21,False
67792,single_train,single,1,True
67789,single_train,single,4,False
139151,single_train,single,1,True
139152,single_train,single,2,True
139149,single_train,single,1,True
139150,single_train,single,4,False
139154,single_train,single,1,True
13108,single_train,single,1,True
13102,single_train,single,1,True
13107,single_train,single,5,False
13101,single_train,single,13,False
13106,single_train,single,2,True
13103,single_train,single,3,True
53614,single_train,single,5,False
53613,single_train,single,5,False
53616,single_train,single,3,True
53612,single_train,single,5,False
53615,single_train,single,3,True
131761,single_train,single,1,True
131765,single_train,single,3,True
131759,single_train,single,6,False
131763,single_train,single,4,False
131760,single_train,single,1,True
131758,single_train,single,4,False
131762,single_train,single,3,True
145149,single_train,single,2,True
145146,single_train,single,4,False
145147,single_train,single,9,False
145150,single_train,single,3,True
145151,single_train,single,2,True
145148,single_train,single,1,True
102832,single_train,single,12,False
102834,single_train,single,5,False
102835,single_train,single,1,True
102833,single_train,single,9,False
102836,single_train,single,2,True
102837,single_train,single,1,True
87403,single_train,single,41,False
87405,single_train,single,3,True
87411,single_train,single,1,True
87406,single_train,single,5,False
87404,single_train,single,41,False
87409,single_train,single,9,False
87408,single_train,single,23,False
87407,single_train,single,3,True
121300,single_train,single,4,False
121306,single_train,single,2,True
121299,single_train,single,2,True
121305,single_train,single,2,True
121303,single_train,single,2,True
70891,single_train,single,1,True
70889,single_train,single,1,True
70899,single_train,single,1,True
70893,single_train,single,1,True
70895,single_train,single,1,True
70888,single_train,single,3,True
70898,single_train,single,11,False
70894,single_train,single,18,False
70890,single_train,single,3,True
70896,single_train,single,5,False
8760,single_train,single,7,False
8759,single_train,single,2,True
8758,single_train,single,1,True
8762,single_train,single,7,False
79709,single_train,single,2,True
79708,single_train,single,8,False
79705,single_train,single,13,False
79703,single_train,single,2,True
79704,single_train,single,1,True
79713,single_train,single,1,True
79711,single_train,single,3,True
79712,single_train,single,4,False
79706,single_train,single,1,True
137830,single_train,single,18,False
137831,single_train,single,1,True
137833,single_train,single,1,True
137829,single_train,single,3,True
137791,single_train,single,1,True
137796,single_train,single,8,False
137793,single_train,single,1,True
137790,single_train,single,5,False
137794,single_train,single,3,True
137795,single_train,single,7,False
137799,single_train,single,1,True
14627,single_train,single,9,False
14633,single_train,single,6,False
14632,single_train,single,1,True
14631,single_train,single,5,False
14626,single_train,single,2,True
14628,single_train,single,1,True
14636,single_train,single,6,False
14635,single_train,single,1,True
14625,single_train,single,2,True
14629,single_train,single,2,True
51229,single_train,single,5,False
51230,single_train,single,2,True
51233,single_train,single,2,True
51232,single_train,single,2,True
51228,single_train,single,5,False
51231,single_train,single,19,False
118738,single_train,single,3,True
118737,single_train,single,2,True
118740,single_train,single,2,True
118734,single_train,single,14,False
118736,single_train,single,6,False
118741,single_train,single,7,False
118742,single_train,single,3,True
118735,single_train,single,14,False
58748,single_train,single,3,True
58747,single_train,single,3,True
58749,single_train,single,1,True
58745,single_train,single,21,False
58746,single_train,single,5,False
58752,single_train,single,1,True
16085,single_train,single,14,False
16084,single_train,single,2,True
16089,single_train,single,6,False
16086,single_train,single,1,True
16083,single_train,single,2,True
16091,single_train,single,1,True
16090,single_train,single,1,True
16088,single_train,single,5,False
16087,single_train,single,2,True
146931,single_train,single,1,True
146940,single_train,single,1,True
146938,single_train,single,1,True
146936,single_train,single,2,True
146932,single_train,single,2,True
146939,single_train,single,2,True
139996,single_train,single,1,True
139998,single_train,single,1,True
139999,single_train,single,1,True
140003,single_train,single,1,True
140000,single_train,single,6,False
140004,single_train,single,10,False
139997,single_train,single,13,False
140002,single_train,single,6,False
140006,single_train,single,1,True
140005,single_train,single,1,True
140001,single_train,single,1,True
2340,single_train,single,3,True
2344,single_train,single,9,False
2341,single_train,single,1,True
2347,single_train,single,2,True
2348,single_train,single,10,False
2342,single_train,single,18,False
2343,single_train,single,1,True
2345,single_train,single,4,False
151900,single_train,single,2,True
151904,single_train,single,3,True
151905,single_train,single,1,True
151903,single_train,single,1,True
151902,single_train,single,8,False
151901,single_train,single,3,True
92226,single_train,single,1,True
92217,single_train,single,34,False
92227,single_train,single,1,True
92225,single_train,single,1,True
92223,single_train,single,6,False
92220,single_train,single,1,True
92218,single_train,single,22,False
92222,single_train,single,14,False
92219,single_train,single,7,False
92221,single_train,single,2,True
92216,single_train,single,3,True
50478,single_train,single,7,False
50476,single_train,single,2,True
50475,single_train,single,12,False
50474,single_train,single,4,False
50482,single_train,single,1,True
50479,single_train,single,1,True
50483,single_train,single,1,True
50477,single_train,single,3,True
50480,single_train,single,8,False
37544,single_train,single,1,True
37535,single_train,single,2,True
37541,single_train,single,1,True
37543,single_train,single,2,True
37542,single_train,single,2,True
37534,single_train,single,3,True
37536,single_train,single,5,False
37538,single_train,single,2,True
37539,single_train,single,2,True
37537,single_train,single,1,True
67507,single_train,single,4,False
67513,single_train,single,1,True
67510,single_train,single,14,False
67508,single_train,single,13,False
67512,single_train,single,2,True
67506,single_train,single,1,True
67509,single_train,single,1,True
67514,single_train,single,1,True
67511,single_train,single,4,False
12504,single_train,single,1,True
12506,single_train,single,4,False
12508,single_train,single,3,True
12511,single_train,single,1,True
12509,single_train,single,1,True
12505,single_train,single,2,True
12507,single_train,single,1,True
121060,single_train,single,1,True
121047,single_train,single,46,False
121055,single_train,single,17,False
121059,single_train,single,1,True
121053,single_train,single,11,False
121058,single_train,single,1,True
121057,single_train,single,4,False
121054,single_train,single,8,False
121048,single_train,single,2,True
121056,single_train,single,2,True
121049,single_train,single,7,False
121051,single_train,single,18,False
121050,single_train,single,24,False
121052,single_train,single,3,True
22273,single_train,single,1,True
22274,single_train,single,1,True
22269,single_train,single,1,True
22271,single_train,single,2,True
22272,single_train,single,1,True
22270,single_train,single,1,True
165194,single_train,single,1,True
165188,single_train,single,6,False
165192,single_train,single,9,False
165193,single_train,single,3,True
165197,single_train,single,1,True
165191,single_train,single,1,True
165190,single_train,single,12,False
165189,single_train,single,2,True
137733,single_train,single,3,True
137738,single_train,single,18,False
137735,single_train,single,28,False
137739,single_train,single,1,True
137734,single_train,single,5,False
79309,single_train,single,4,False
79308,single_train,single,1,True
79311,single_train,single,1,True
79304,single_train,single,1,True
79305,single_train,single,1,True
79310,single_train,single,4,False
79301,single_train,single,1,True
79306,single_train,single,4,False
79302,single_train,single,2,True
79307,single_train,single,1,True
79300,single_train,single,1,True
79313,single_train,single,1,True
145726,single_train,single,1,True
145725,single_train,single,1,True
145732,single_train,single,1,True
145724,single_train,single,11,False
145729,single_train,single,2,True
145728,single_train,single,9,False
145722,single_train,single,1,True
145727,single_train,single,2,True
145723,single_train,single,3,True
145730,single_train,single,5,False
145731,single_train,single,7,False
57114,single_train,single,3,True
57115,single_train,single,6,False
57112,single_train,single,3,True
57113,single_train,single,6,False
57110,single_train,single,5,False
57111,single_train,single,3,True
11713,single_train,single,34,False
11708,single_train,single,8,False
11711,single_train,single,4,False
11709,single_train,single,2,True
11710,single_train,single,37,False
11712,single_train,single,8,False
59960,single_train,single,3,True
59959,single_train,single,2,True
59957,single_train,single,5,False
59961,single_train,single,3,True
59958,single_train,single,15,False
101190,single_train,single,3,True
101188,single_train,single,1,True
101187,single_train,single,40,False
101191,single_train,single,4,False
17823,single_train,single,1,True
17819,single_train,single,2,True
17815,single_train,single,1,True
17820,single_train,single,40,False
17822,single_train,single,2,True
17818,single_train,single,1,True
17817,single_train,single,10,False
17821,single_train,single,1,True
17816,single_train,single,6,False
97140,single_train,single,8,False
97143,single_train,single,1,True
97139,single_train,single,4,False
97138,single_train,single,2,True
97142,single_train,single,1,True
48341,single_train,single,2,True
48339,single_train,single,11,False
48343,single_train,single,3,True
48345,single_train,single,1,True
48342,single_train,single,3,True
48340,single_train,single,5,False
55425,single_train,single,5,False
55430,single_train,single,1,True
55426,single_train,single,2,True
55427,single_train,single,3,True
55424,single_train,single,8,False
55422,single_train,single,17,False
55423,single_train,single,14,False
151459,single_train,single,1,True
151468,single_train,single,2,True
151458,single_train,single,1,True
151461,single_train,single,1,True
151466,single_train,single,1,True
151465,single_train,single,1,True
151462,single_train,single,3,True
151464,single_train,single,2,True
151463,single_train,single,1,True
151467,single_train,single,1,True
151460,single_train,single,5,False
132702,single_train,single,1,True
132706,single_train,single,2,True
132708,single_train,single,1,True
132701,single_train,single,2,True
132703,single_train,single,8,False
132710,single_train,single,4,False
132707,single_train,single,5,False
132705,single_train,single,5,False
132711,single_train,single,8,False
132704,single_train,single,1,True
132712,single_train,single,1,True
98085,single_train,single,37,False
98090,single_train,single,1,True
98084,single_train,single,1,True
98087,single_train,single,3,True
98089,single_train,single,4,False
98083,single_train,single,1,True
98088,single_train,single,2,True
98086,single_train,single,1,True
55861,single_train,single,3,True
55859,single_train,single,17,False
55857,single_train,single,31,False
55860,single_train,single,6,False
55862,single_train,single,3,True
55858,single_train,single,5,False
38806,single_train,single,29,False
38807,single_train,single,2,True
38810,single_train,single,1,True
38805,single_train,single,1,True
38802,single_train,single,1,True
38803,single_train,single,2,True
38809,single_train,single,1,True
119193,single_train,single,8,False
119194,single_train,single,1,True
119192,single_train,single,5,False
119195,single_train,single,2,True
119196,single_train,single,9,False
119191,single_train,single,1,True
63206,single_train,single,5,False
63205,single_train,single,2,True
63207,single_train,single,4,False
63201,single_train,single,4,False
63202,single_train,single,1,True
63204,single_train,single,2,True
63203,single_train,single,1,True
63200,single_train,single,2,True
108344,single_train,single,1,True
108345,single_train,single,2,True
108346,single_train,single,14,False
108347,single_train,single,1,True
108348,single_train,single,5,False
108351,single_train,single,1,True
108343,single_train,single,4,False
108341,single_train,single,1,True
108342,single_train,single,6,False
54172,single_train,single,2,True
54174,single_train,single,1,True
54171,single_train,single,4,False
66365,single_train,single,36,False
66368,single_train,single,1,True
66364,single_train,single,3,True
66363,single_train,single,11,False
66367,single_train,single,36,False
66366,single_train,single,1,True
35756,single_train,single,15,False
35761,single_train,single,1,True
35755,single_train,single,12,False
35764,single_train,single,9,False
35754,single_train,single,2,True
35758,single_train,single,9,False
114032,single_train,single,1,True
114031,single_train,single,14,False
114036,single_train,single,3,True
114035,single_train,single,1,True
114030,single_train,single,2,True
114033,single_train,single,1,True
114038,single_train,single,1,True
114034,single_train,single,6,False
114029,single_train,single,3,True
114037,single_train,single,2,True
92280,single_train,single,1,True
92283,single_train,single,1,True
92272,single_train,single,3,True
92274,single_train,single,8,False
92282,single_train,single,1,True
92279,single_train,single,7,False
92273,single_train,single,2,True
92281,single_train,single,1,True
92277,single_train,single,2,True
92278,single_train,single,1,True
92275,single_train,single,7,False
51565,single_train,single,3,True
51563,single_train,single,16,False
51569,single_train,single,1,True
51562,single_train,single,14,False
51570,single_train,single,1,True
51564,single_train,single,2,True
51566,single_train,single,3,True
51567,single_train,single,3,True
116374,single_train,single,1,True
116370,single_train,single,4,False
116373,single_train,single,3,True
116376,single_train,single,17,False
116372,single_train,single,1,True
116371,single_train,single,2,True
116369,single_train,single,1,True
116377,single_train,single,1,True
116375,single_train,single,2,True
44543,single_train,single,3,True
44549,single_train,single,1,True
44545,single_train,single,5,False
44546,single_train,single,1,True
44548,single_train,single,5,False
160256,single_train,single,1,True
160254,single_train,single,1,True
160250,single_train,single,1,True
160249,single_train,single,3,True
160248,single_train,single,6,False
160247,single_train,single,6,False
160252,single_train,single,1,True
160251,single_train,single,6,False
160255,single_train,single,39,False
160253,single_train,single,6,False
86124,single_train,single,5,False
86125,single_train,single,2,True
86123,single_train,single,12,False
86122,single_train,single,40,False
86126,single_train,single,5,False
86130,single_train,single,1,True
86129,single_train,single,4,False
86120,single_train,single,2,True
86127,single_train,single,1,True
86128,single_train,single,2,True
116483,single_train,single,2,True
116485,single_train,single,1,True
116484,single_train,single,2,True
116486,single_train,single,1,True
116482,single_train,single,4,False
116487,single_train,single,1,True
116481,single_train,single,1,True
159651,single_train,single,27,False
159652,single_train,single,1,True
159658,single_train,single,1,True
159656,single_train,single,1,True
159654,single_train,single,6,False
159653,single_train,single,8,False
159655,single_train,single,14,False
159657,single_train,single,12,False
38557,single_train,single,4,False
38564,single_train,single,26,False
38563,single_train,single,2,True
38562,single_train,single,1,True
38558,single_train,single,1,True
38559,single_train,single,11,False
38560,single_train,single,16,False
38561,single_train,single,4,False
38556,single_train,single,3,True
130427,single_train,single,1,True
130435,single_train,single,1,True
130424,single_train,single,1,True
130436,single_train,single,2,True
130433,single_train,single,15,False
130426,single_train,single,9,False
130430,single_train,single,1,True
130437,single_train,single,5,False
130425,single_train,single,4,False
130434,single_train,single,1,True
130432,single_train,single,4,False
130429,single_train,single,3,True
130428,single_train,single,3,True
130431,single_train,single,3,True
25382,single_train,single,1,True
25379,single_train,single,3,True
25381,single_train,single,2,True
25380,single_train,single,1,True
60632,single_train,single,3,True
60636,single_train,single,6,False
60633,single_train,single,4,False
60635,single_train,single,3,True
60630,single_train,single,6,False
60634,single_train,single,3,True
60631,single_train,single,8,False
132326,single_train,single,1,True
132321,single_train,single,10,False
132324,single_train,single,7,False
135984,single_train,single,2,True
135993,single_train,single,2,True
135989,single_train,single,6,False
135994,single_train,single,21,False
135988,single_train,single,2,True
135995,single_train,single,1,True
135987,single_train,single,1,True
135986,single_train,single,20,False
135992,single_train,single,5,False
135985,single_train,single,1,True
135991,single_train,single,1,True
135990,single_train,single,2,True
69235,single_train,single,2,True
69234,single_train,single,1,True
69233,single_train,single,52,False
69228,single_train,single,1,True
69227,single_train,single,1,True
69238,single_train,single,1,True
69229,single_train,single,3,True
69232,single_train,single,5,False
69231,single_train,single,1,True
69230,single_train,single,1,True
113066,single_train,single,2,True
113064,single_train,single,1,True
113070,single_train,single,1,True
113065,single_train,single,1,True
113067,single_train,single,1,True
26769,single_train,single,1,True
26767,single_train,single,1,True
26772,single_train,single,7,False
26770,single_train,single,7,False
26768,single_train,single,15,False
26771,single_train,single,5,False
102590,single_train,single,19,False
102587,single_train,single,12,False
102586,single_train,single,2,True
102589,single_train,single,1,True
102585,single_train,single,4,False
102591,single_train,single,4,False
102588,single_train,single,1,True
33519,single_train,single,2,True
33526,single_train,single,1,True
33523,single_train,single,5,False
33524,single_train,single,3,True
33521,single_train,single,1,True
33518,single_train,single,3,True
127256,single_train,single,1,True
127260,single_train,single,1,True
133347,single_train,single,8,False
133343,single_train,single,2,True
133348,single_train,single,1,True
133342,single_train,single,1,True
133346,single_train,single,2,True
133344,single_train,single,1,True
156518,single_train,single,28,False
156520,single_train,single,4,False
156521,single_train,single,14,False
156517,single_train,single,2,True
156519,single_train,single,1,True
40944,single_train,single,1,True
40948,single_train,single,1,True
40946,single_train,single,6,False
40942,single_train,single,3,True
40947,single_train,single,8,False
40945,single_train,single,1,True
40943,single_train,single,5,False
19217,single_train,single,2,True
19223,single_train,single,1,True
19215,single_train,single,6,False
19221,single_train,single,3,True
19216,single_train,single,1,True
19218,single_train,single,14,False
19219,single_train,single,1,True
19213,single_train,single,2,True
19214,single_train,single,3,True
33453,single_train,single,4,False
33457,single_train,single,6,False
33454,single_train,single,1,True
33459,single_train,single,2,True
33452,single_train,single,1,True
33451,single_train,single,2,True
33456,single_train,single,5,False
33458,single_train,single,9,False
33455,single_train,single,2,True
3932,single_train,single,1,True
3933,single_train,single,1,True
3931,single_train,single,3,True
3930,single_train,single,2,True
3929,single_train,single,1,True
3936,single_train,single,1,True
53496,single_train,single,11,False
53498,single_train,single,2,True
53494,single_train,single,14,False
53497,single_train,single,3,True
53495,single_train,single,5,False
53500,single_train,single,3,True
53501,single_train,single,3,True
53503,single_train,single,1,True
53504,single_train,single,1,True
53499,single_train,single,2,True
97410,single_train,single,3,True
97411,single_train,single,1,True
97414,single_train,single,1,True
97409,single_train,single,4,False
16007,single_train,single,1,True
16011,single_train,single,5,False
16012,single_train,single,4,False
16008,single_train,single,10,False
16009,single_train,single,1,True
16010,single_train,single,1,True
16006,single_train,single,1,True
127291,single_train,single,1,True
127294,single_train,single,2,True
127292,single_train,single,7,False
127295,single_train,single,7,False
127293,single_train,single,2,True
127290,single_train,single,4,False
115887,single_train,single,2,True
115892,single_train,single,1,True
115886,single_train,single,1,True
115891,single_train,single,21,False
115889,single_train,single,1,True
115890,single_train,single,4,False
115888,single_train,single,2,True
115897,single_train,single,4,False
115893,single_train,single,4,False
115896,single_train,single,3,True
19801,single_train,single,2,True
19803,single_train,single,24,False
19800,single_train,single,1,True
19799,single_train,single,6,False
19798,single_train,single,5,False
19802,single_train,single,2,True
68439,single_train,single,1,True
68438,single_train,single,9,False
68436,single_train,single,5,False
68435,single_train,single,1,True
68433,single_train,single,2,True
68432,single_train,single,11,False
68434,single_train,single,44,False
68437,single_train,single,1,True
123273,single_train,single,1,True
123272,single_train,single,1,True
123270,single_train,single,2,True
123266,single_train,single,4,False
123267,single_train,single,6,False
123269,single_train,single,10,False
123271,single_train,single,14,False
142649,single_train,single,26,False
142646,single_train,single,1,True
142643,single_train,single,12,False
142648,single_train,single,2,True
142652,single_train,single,2,True
142653,single_train,single,19,False
142645,single_train,single,44,False
142644,single_train,single,2,True
142650,single_train,single,1,True
142647,single_train,single,1,True
4255,single_train,single,6,False
4263,single_train,single,1,True
4257,single_train,single,16,False
4253,single_train,single,2,True
4259,single_train,single,1,True
4256,single_train,single,1,True
151686,single_train,single,1,True
151689,single_train,single,13,False
151685,single_train,single,5,False
151694,single_train,single,1,True
151687,single_train,single,7,False
151690,single_train,single,1,True
151688,single_train,single,1,True
151684,single_train,single,5,False
151692,single_train,single,2,True
151683,single_train,single,3,True
150516,single_train,single,1,True
150510,single_train,single,5,False
150512,single_train,single,1,True
150509,single_train,single,4,False
150511,single_train,single,13,False
77457,single_train,single,1,True
77455,single_train,single,19,False
15998,single_train,single,15,False
16000,single_train,single,1,True
15997,single_train,single,1,True
15999,single_train,single,28,False
16001,single_train,single,18,False
15994,single_train,single,10,False
15996,single_train,single,21,False
15995,single_train,single,2,True
16002,single_train,single,1,True
17257,single_train,single,6,False
17255,single_train,single,1,True
17258,single_train,single,1,True
17256,single_train,single,2,True
17259,single_train,single,5,False
17262,single_train,single,1,True
17260,single_train,single,6,False
17264,single_train,single,13,False
17265,single_train,single,1,True
17261,single_train,single,16,False
149027,single_train,single,2,True
149024,single_train,single,2,True
149020,single_train,single,3,True
149028,single_train,single,11,False
149019,single_train,single,15,False
149021,single_train,single,2,True
149026,single_train,single,8,False
149023,single_train,single,1,True
149025,single_train,single,2,True
149022,single_train,single,1,True
109969,single_train,single,1,True
109976,single_train,single,1,True
109971,single_train,single,3,True
109970,single_train,single,2,True
109972,single_train,single,1,True
109973,single_train,single,3,True
114010,single_train,single,1,True
114011,single_train,single,14,False
114009,single_train,single,1,True
114012,single_train,single,1,True
114016,single_train,single,1,True
114013,single_train,single,3,True
114008,single_train,single,23,False
114007,single_train,single,4,False
114006,single_train,single,3,True
75253,single_train,single,2,True
75260,single_train,single,3,True
75258,single_train,single,18,False
75256,single_train,single,8,False
75257,single_train,single,3,True
75254,single_train,single,65,False
75252,single_train,single,1,True
75263,single_train,single,1,True
75259,single_train,single,1,True
75262,single_train,single,10,False
75261,single_train,single,8,False
75255,single_train,single,1,True
158703,single_train,single,1,True
158700,single_train,single,2,True
158702,single_train,single,13,False
158701,single_train,single,2,True
158705,single_train,single,14,False
158706,single_train,single,1,True
158704,single_train,single,1,True
133635,single_train,single,1,True
133637,single_train,single,1,True
133638,single_train,single,9,False
133639,single_train,single,6,False
133641,single_train,single,1,True
133634,single_train,single,1,True
133640,single_train,single,4,False
133644,single_train,single,1,True
133631,single_train,single,1,True
133642,single_train,single,2,True
133643,single_train,single,4,False
71730,single_train,single,4,False
71738,single_train,single,29,False
71735,single_train,single,29,False
71734,single_train,single,9,False
71736,single_train,single,1,True
71739,single_train,single,1,True
71731,single_train,single,2,True
71732,single_train,single,29,False
71733,single_train,single,1,True
71737,single_train,single,4,False
158118,single_train,single,2,True
158119,single_train,single,7,False
158117,single_train,single,1,True
158114,single_train,single,3,True
158115,single_train,single,7,False
158112,single_train,single,8,False
158120,single_train,single,1,True
158113,single_train,single,1,True
5037,single_train,single,1,True
5038,single_train,single,2,True
5033,single_train,single,1,True
5034,single_train,single,2,True
5032,single_train,single,11,False
5031,single_train,single,15,False
26552,single_train,single,4,False
26555,single_train,single,3,True
26548,single_train,single,4,False
26553,single_train,single,10,False
26554,single_train,single,1,True
26556,single_train,single,2,True
26551,single_train,single,1,True
26558,single_train,single,1,True
26549,single_train,single,3,True
26550,single_train,single,28,False
43121,single_train,single,1,True
43125,single_train,single,8,False
43133,single_train,single,28,False
43123,single_train,single,1,True
43130,single_train,single,1,True
43131,single_train,single,2,True
43126,single_train,single,1,True
43124,single_train,single,1,True
43127,single_train,single,2,True
43129,single_train,single,8,False
43120,single_train,single,2,True
43122,single_train,single,8,False
21091,single_train,single,2,True
21090,single_train,single,1,True
21095,single_train,single,1,True
21089,single_train,single,5,False
21092,single_train,single,1,True
21094,single_train,single,2,True
21093,single_train,single,10,False
153548,single_train,single,12,False
153551,single_train,single,1,True
153550,single_train,single,2,True
153546,single_train,single,4,False
153547,single_train,single,6,False
133246,single_train,single,13,False
133240,single_train,single,8,False
133243,single_train,single,2,True
133242,single_train,single,2,True
133245,single_train,single,2,True
133244,single_train,single,19,False
133241,single_train,single,1,True
122677,single_train,single,1,True
122673,single_train,single,5,False
122674,single_train,single,6,False
122675,single_train,single,1,True
122682,single_train,single,1,True
122679,single_train,single,2,True
122684,single_train,single,1,True
122676,single_train,single,2,True
122680,single_train,single,2,True
122681,single_train,single,3,True
49177,single_train,single,16,False
49176,single_train,single,3,True
49171,single_train,single,18,False
49175,single_train,single,2,True
49178,single_train,single,1,True
49173,single_train,single,3,True
49172,single_train,single,15,False
49174,single_train,single,2,True
20611,single_train,single,8,False
20607,single_train,single,1,True
20613,single_train,single,7,False
20610,single_train,single,2,True
20606,single_train,single,8,False
20609,single_train,single,1,True
20612,single_train,single,5,False
20608,single_train,single,20,False
91248,single_train,single,7,False
91246,single_train,single,2,True
91253,single_train,single,1,True
91251,single_train,single,4,False
91252,single_train,single,1,True
91254,single_train,single,1,True
91250,single_train,single,2,True
91249,single_train,single,3,True
17837,single_train,single,1,True
17838,single_train,single,59,False
17843,single_train,single,7,False
17842,single_train,single,1,True
17836,single_train,single,1,True
17845,single_train,single,1,True
17840,single_train,single,1,True
17839,single_train,single,1,True
17844,single_train,single,1,True
17841,single_train,single,22,False
69682,single_train,single,1,True
69679,single_train,single,2,True
69680,single_train,single,3,True
69681,single_train,single,22,False
69684,single_train,single,1,True
145822,single_train,single,4,False
145818,single_train,single,1,True
145814,single_train,single,2,True
145823,single_train,single,4,False
145820,single_train,single,1,True
145824,single_train,single,1,True
145809,single_train,single,1,True
145812,single_train,single,1,True
145819,single_train,single,11,False
145815,single_train,single,10,False
145817,single_train,single,2,True
82317,single_train,single,3,True
82318,single_train,single,2,True
82322,single_train,single,3,True
82321,single_train,single,2,True
82323,single_train,single,9,False
82319,single_train,single,6,False
136570,single_train,single,2,True
136559,single_train,single,15,False
136565,single_train,single,2,True
136562,single_train,single,1,True
136569,single_train,single,1,True
136563,single_train,single,2,True
136560,single_train,single,1,True
136567,single_train,single,3,True
136564,single_train,single,1,True
136561,single_train,single,24,False
76481,single_train,single,27,False
76485,single_train,single,6,False
76487,single_train,single,5,False
76484,single_train,single,3,True
76486,single_train,single,24,False
76489,single_train,single,1,True
76482,single_train,single,30,False
76480,single_train,single,4,False
76488,single_train,single,3,True
76483,single_train,single,1,True
44957,single_train,single,9,False
44955,single_train,single,1,True
44959,single_train,single,5,False
44958,single_train,single,1,True
44956,single_train,single,8,False
44961,single_train,single,1,True
44960,single_train,single,1,True
41213,single_train,single,1,True
41212,single_train,single,2,True
41206,single_train,single,1,True
41210,single_train,single,1,True
41208,single_train,single,3,True
41203,single_train,single,1,True
41207,single_train,single,1,True
41209,single_train,single,5,False
41205,single_train,single,7,False
26026,single_train,single,7,False
26028,single_train,single,10,False
26032,single_train,single,10,False
26036,single_train,single,6,False
26033,single_train,single,1,True
26029,single_train,single,1,True
26027,single_train,single,2,True
26031,single_train,single,2,True
26034,single_train,single,3,True
26030,single_train,single,6,False
26037,single_train,single,1,True
80731,single_train,single,1,True
80728,single_train,single,12,False
80730,single_train,single,2,True
80729,single_train,single,1,True
80732,single_train,single,5,False
80726,single_train,single,3,True
80727,single_train,single,2,True
80733,single_train,single,1,True
165905,single_train,single,8,False
165903,single_train,single,1,True
165901,single_train,single,1,True
165907,single_train,single,22,False
165904,single_train,single,7,False
165906,single_train,single,4,False
165902,single_train,single,21,False
61791,single_train,single,13,False
61793,single_train,single,17,False
61794,single_train,single,1,True
11622,single_train,single,1,True
11620,single_train,single,3,True
11626,single_train,single,1,True
11621,single_train,single,1,True
11623,single_train,single,1,True
11625,single_train,single,5,False
11619,single_train,single,2,True
145827,single_train,single,1,True
145825,single_train,single,2,True
145829,single_train,single,1,True
145828,single_train,single,2,True
86685,single_train,single,10,False
86687,single_train,single,5,False
86691,single_train,single,1,True
86690,single_train,single,15,False
86689,single_train,single,1,True
86694,single_train,single,1,True
86686,single_train,single,2,True
86692,single_train,single,1,True
86688,single_train,single,1,True
45961,single_train,single,11,False
45959,single_train,single,2,True
45964,single_train,single,1,True
45960,single_train,single,1,True
45962,single_train,single,1,True
45967,single_train,single,11,False
45957,single_train,single,2,True
78148,single_train,single,2,True
78145,single_train,single,2,True
78146,single_train,single,31,False
78149,single_train,single,20,False
78150,single_train,single,1,True
78147,single_train,single,2,True
78143,single_train,single,1,True
78140,single_train,single,3,True
78142,single_train,single,20,False
78141,single_train,single,3,True
78144,single_train,single,3,True
56323,single_train,single,1,True
56317,single_train,single,2,True
56316,single_train,single,6,False
56320,single_train,single,1,True
56318,single_train,single,2,True
56321,single_train,single,16,False
56315,single_train,single,13,False
56319,single_train,single,2,True
52462,single_train,single,1,True
52460,single_train,single,7,False
52464,single_train,single,3,True
52461,single_train,single,3,True
52459,single_train,single,5,False
52465,single_train,single,1,True
52463,single_train,single,3,True
150470,single_train,single,5,False
150473,single_train,single,1,True
150474,single_train,single,5,False
150480,single_train,single,1,True
150477,single_train,single,1,True
150476,single_train,single,4,False
103005,single_train,single,1,True
103000,single_train,single,1,True
103007,single_train,single,1,True
103004,single_train,single,1,True
102999,single_train,single,14,False
123126,single_train,single,3,True
123125,single_train,single,5,False
123128,single_train,single,1,True
123120,single_train,single,2,True
123124,single_train,single,1,True
123121,single_train,single,2,True
123123,single_train,single,1,True
123129,single_train,single,7,False
123127,single_train,single,9,False
123122,single_train,single,6,False
123131,single_train,single,1,True
9697,single_train,single,4,False
9690,single_train,single,1,True
9691,single_train,single,3,True
9699,single_train,single,6,False
9688,single_train,single,2,True
9687,single_train,single,2,True
9689,single_train,single,13,False
9700,single_train,single,1,True
9694,single_train,single,3,True
9693,single_train,single,1,True
9692,single_train,single,35,False
9695,single_train,single,6,False
140027,single_train,single,1,True
140025,single_train,single,1,True
140024,single_train,single,1,True
140026,single_train,single,19,False
140022,single_train,single,1,True
12261,single_train,single,4,False
12264,single_train,single,3,True
12262,single_train,single,14,False
12257,single_train,single,1,True
12263,single_train,single,1,True
12265,single_train,single,9,False
12260,single_train,single,2,True
12259,single_train,single,19,False
102759,single_train,single,9,False
102755,single_train,single,1,True
102761,single_train,single,8,False
102758,single_train,single,1,True
102757,single_train,single,13,False
102756,single_train,single,2,True
102762,single_train,single,1,True
102764,single_train,single,24,False
102760,single_train,single,2,True
10782,single_train,single,10,False
10784,single_train,single,3,True
10780,single_train,single,2,True
10781,single_train,single,4,False
10786,single_train,single,6,False
10788,single_train,single,3,True
10783,single_train,single,1,True
10785,single_train,single,5,False
10787,single_train,single,1,True
62586,single_train,single,1,True
62584,single_train,single,8,False
62581,single_train,single,4,False
62583,single_train,single,1,True
62582,single_train,single,15,False
62580,single_train,single,1,True
126079,single_train,single,11,False
126077,single_train,single,3,True
126091,single_train,single,1,True
126087,single_train,single,1,True
126078,single_train,single,2,True
126084,single_train,single,1,True
126086,single_train,single,6,False
126083,single_train,single,6,False
126082,single_train,single,1,True
139519,single_train,single,2,True
139517,single_train,single,1,True
139521,single_train,single,1,True
139515,single_train,single,2,True
139516,single_train,single,12,False
139518,single_train,single,4,False
139513,single_train,single,2,True
139512,single_train,single,2,True
139514,single_train,single,1,True
139520,single_train,single,13,False
85906,single_train,single,29,False
85909,single_train,single,3,True
85913,single_train,single,8,False
85907,single_train,single,38,False
85910,single_train,single,4,False
97724,single_train,single,1,True
97726,single_train,single,2,True
97728,single_train,single,1,True
97718,single_train,single,1,True
97719,single_train,single,2,True
141434,single_train,single,4,False
141445,single_train,single,1,True
141433,single_train,single,2,True
141444,single_train,single,4,False
141443,single_train,single,4,False
141439,single_train,single,1,True
141437,single_train,single,3,True
141440,single_train,single,3,True
141435,single_train,single,1,True
83224,single_train,single,3,True
83225,single_train,single,9,False
83226,single_train,single,1,True
83227,single_train,single,5,False
83223,single_train,single,1,True
83221,single_train,single,1,True
83228,single_train,single,2,True
52602,single_train,single,1,True
52601,single_train,single,3,True
52595,single_train,single,15,False
52599,single_train,single,3,True
52598,single_train,single,2,True
52597,single_train,single,5,False
52596,single_train,single,7,False
52600,single_train,single,2,True
49086,single_train,single,2,True
49089,single_train,single,3,True
49084,single_train,single,8,False
49082,single_train,single,8,False
49087,single_train,single,1,True
49088,single_train,single,7,False
49085,single_train,single,3,True
140327,single_train,single,1,True
140330,single_train,single,5,False
140331,single_train,single,1,True
140329,single_train,single,1,True
140325,single_train,single,1,True
140326,single_train,single,8,False
140328,single_train,single,4,False
87664,single_train,single,1,True
87659,single_train,single,132,False
87662,single_train,single,11,False
87666,single_train,single,2,True
87665,single_train,single,5,False
87668,single_train,single,3,True
87658,single_train,single,29,False
87657,single_train,single,16,False
80283,single_train,single,2,True
80287,single_train,single,4,False
80282,single_train,single,2,True
80286,single_train,single,1,True
80284,single_train,single,25,False
80285,single_train,single,2,True
58852,single_train,single,3,True
58848,single_train,single,5,False
58850,single_train,single,6,False
58849,single_train,single,2,True
58847,single_train,single,8,False
58853,single_train,single,3,True
37183,single_train,single,2,True
37185,single_train,single,1,True
37180,single_train,single,9,False
37181,single_train,single,1,True
37178,single_train,single,2,True
37179,single_train,single,2,True
37182,single_train,single,2,True
118910,single_train,single,1,True
118907,single_train,single,17,False
118908,single_train,single,1,True
118904,single_train,single,7,False
118906,single_train,single,2,True
118905,single_train,single,2,True
118902,single_train,single,9,False
118903,single_train,single,1,True
166647,single_train,single,4,False
166653,single_train,single,1,True
166648,single_train,single,4,False
166655,single_train,single,3,True
166650,single_train,single,3,True
166651,single_train,single,2,True
166646,single_train,single,2,True
166649,single_train,single,1,True
166652,single_train,single,3,True
152213,single_train,single,14,False
152210,single_train,single,8,False
152211,single_train,single,1,True
152208,single_train,single,4,False
27465,single_train,single,16,False
27467,single_train,single,1,True
27468,single_train,single,3,True
27466,single_train,single,4,False
144291,single_train,single,6,False
144287,single_train,single,2,True
144290,single_train,single,2,True
144286,single_train,single,6,False
144292,single_train,single,1,True
144294,single_train,single,1,True
144289,single_train,single,1,True
72312,single_train,single,8,False
72315,single_train,single,1,True
72313,single_train,single,3,True
72314,single_train,single,4,False
122995,single_train,single,2,True
122990,single_train,single,36,False
122991,single_train,single,4,False
122992,single_train,single,6,False
122994,single_train,single,2,True
122993,single_train,single,1,True
132684,single_train,single,1,True
132686,single_train,single,1,True
132682,single_train,single,2,True
132683,single_train,single,31,False
132678,single_train,single,2,True
134660,single_train,single,12,False
134658,single_train,single,10,False
134654,single_train,single,12,False
134657,single_train,single,1,True
134659,single_train,single,2,True
134661,single_train,single,1,True
134655,single_train,single,5,False
32835,single_train,single,3,True
32838,single_train,single,1,True
32841,single_train,single,2,True
32839,single_train,single,3,True
32836,single_train,single,2,True
32840,single_train,single,6,False
116637,single_train,single,2,True
116642,single_train,single,3,True
116644,single_train,single,1,True
116636,single_train,single,4,False
116640,single_train,single,2,True
116635,single_train,single,1,True
116639,single_train,single,2,True
116643,single_train,single,1,True
116641,single_train,single,1,True
116638,single_train,single,1,True
67786,single_train,single,9,False
67785,single_train,single,4,False
67780,single_train,single,1,True
67782,single_train,single,2,True
67781,single_train,single,2,True
67784,single_train,single,1,True
67783,single_train,single,1,True
67787,single_train,single,1,True
95066,single_train,single,1,True
95064,single_train,single,7,False
95062,single_train,single,2,True
95063,single_train,single,2,True
135520,single_train,single,1,True
135522,single_train,single,7,False
135523,single_train,single,1,True
135524,single_train,single,2,True
135515,single_train,single,2,True
28016,single_train,single,4,False
28017,single_train,single,6,False
28021,single_train,single,9,False
28020,single_train,single,2,True
28015,single_train,single,1,True
28018,single_train,single,1,True
80904,single_train,single,2,True
80902,single_train,single,1,True
80896,single_train,single,1,True
80901,single_train,single,2,True
80903,single_train,single,2,True
80898,single_train,single,18,False
80899,single_train,single,1,True
80905,single_train,single,2,True
80900,single_train,single,3,True
136137,single_train,single,1,True
136139,single_train,single,33,False
136127,single_train,single,1,True
136134,single_train,single,2,True
136129,single_train,single,24,False
136133,single_train,single,9,False
136132,single_train,single,1,True
136131,single_train,single,2,True
136130,single_train,single,5,False
136135,single_train,single,21,False
136128,single_train,single,6,False
136136,single_train,single,1,True
127638,single_train,single,13,False
127632,single_train,single,3,True
127635,single_train,single,1,True
127636,single_train,single,9,False
127634,single_train,single,65,False
127637,single_train,single,2,True
127639,single_train,single,1,True
127633,single_train,single,3,True
48328,single_train,single,1,True
48322,single_train,single,10,False
48321,single_train,single,17,False
48324,single_train,single,3,True
48326,single_train,single,3,True
48325,single_train,single,11,False
48323,single_train,single,3,True
48327,single_train,single,1,True
107974,single_train,single,1,True
107973,single_train,single,18,False
107977,single_train,single,1,True
107975,single_train,single,6,False
107979,single_train,single,8,False
107976,single_train,single,3,True
107978,single_train,single,2,True
107972,single_train,single,1,True
110850,single_train,single,2,True
110861,single_train,single,1,True
110856,single_train,single,6,False
110854,single_train,single,1,True
110855,single_train,single,1,True
110853,single_train,single,1,True
110851,single_train,single,4,False
110852,single_train,single,11,False
110857,single_train,single,1,True
75036,single_train,single,1,True
75033,single_train,single,4,False
75034,single_train,single,4,False
75035,single_train,single,9,False
75038,single_train,single,1,True
121741,single_train,single,83,False
121743,single_train,single,5,False
121740,single_train,single,33,False
121745,single_train,single,1,True
121746,single_train,single,1,True
121742,single_train,single,11,False
121747,single_train,single,1,True
54369,single_train,single,3,True
54365,single_train,single,11,False
54370,single_train,single,1,True
54371,single_train,single,1,True
54368,single_train,single,2,True
54367,single_train,single,1,True
54373,single_train,single,1,True
54366,single_train,single,2,True
151428,single_train,single,1,True
151435,single_train,single,1,True
151432,single_train,single,2,True
151429,single_train,single,2,True
151436,single_train,single,2,True
151433,single_train,single,10,False
151430,single_train,single,3,True
151438,single_train,single,1,True
151431,single_train,single,1,True
151434,single_train,single,2,True
151437,single_train,single,1,True
15757,single_train,single,1,True
15762,single_train,single,51,False
15763,single_train,single,1,True
15768,single_train,single,4,False
15766,single_train,single,2,True
15761,single_train,single,3,True
15767,single_train,single,1,True
15764,single_train,single,3,True
15758,single_train,single,2,True
15759,single_train,single,1,True
15760,single_train,single,1,True
81285,single_train,single,1,True
81288,single_train,single,8,False
81289,single_train,single,1,True
81284,single_train,single,18,False
81282,single_train,single,9,False
60151,single_train,single,24,False
60157,single_train,single,1,True
60153,single_train,single,3,True
60152,single_train,single,3,True
60150,single_train,single,5,False
60154,single_train,single,3,True
50682,single_train,single,5,False
50679,single_train,single,2,True
50678,single_train,single,18,False
50677,single_train,single,6,False
50676,single_train,single,61,False
50680,single_train,single,1,True
50681,single_train,single,25,False
50683,single_train,single,1,True
50675,single_train,single,4,False
133423,single_train,single,16,False
133425,single_train,single,12,False
133429,single_train,single,1,True
133428,single_train,single,6,False
133426,single_train,single,1,True
133420,single_train,single,1,True
117948,single_train,single,5,False
117942,single_train,single,7,False
117944,single_train,single,1,True
117945,single_train,single,2,True
117941,single_train,single,5,False
117947,single_train,single,1,True
81378,single_train,single,1,True
81379,single_train,single,18,False
81376,single_train,single,1,True
81383,single_train,single,1,True
81373,single_train,single,5,False
81381,single_train,single,3,True
81375,single_train,single,17,False
81377,single_train,single,4,False
81374,single_train,single,3,True
81380,single_train,single,1,True
81382,single_train,single,12,False
64415,single_train,single,17,False
64423,single_train,single,9,False
64420,single_train,single,2,True
64416,single_train,single,2,True
64424,single_train,single,1,True
64417,single_train,single,3,True
64422,single_train,single,2,True
64421,single_train,single,1,True
105573,single_train,single,1,True
105579,single_train,single,21,False
105577,single_train,single,1,True
105571,single_train,single,2,True
105580,single_train,single,1,True
105572,single_train,single,20,False
105578,single_train,single,3,True
105574,single_train,single,3,True
76801,single_train,single,4,False
76803,single_train,single,1,True
76799,single_train,single,46,False
76797,single_train,single,9,False
164675,single_train,single,1,True
164678,single_train,single,5,False
164676,single_train,single,2,True
164679,single_train,single,1,True
164673,single_train,single,2,True
164684,single_train,single,7,False
164677,single_train,single,2,True
164672,single_train,single,3,True
164674,single_train,single,41,False
164685,single_train,single,1,True
49421,single_train,single,3,True
49423,single_train,single,1,True
49422,single_train,single,3,True
49424,single_train,single,10,False
49420,single_train,single,10,False
49606,single_train,single,1,True
49605,single_train,single,2,True
49610,single_train,single,1,True
49603,single_train,single,2,True
49611,single_train,single,1,True
49602,single_train,single,3,True
49608,single_train,single,5,False
49607,single_train,single,3,True
49604,single_train,single,3,True
121902,single_train,single,3,True
121896,single_train,single,59,False
121899,single_train,single,1,True
121900,single_train,single,4,False
121903,single_train,single,1,True
121898,single_train,single,14,False
121904,single_train,single,1,True
121901,single_train,single,2,True
121895,single_train,single,32,False
15052,single_train,single,3,True
15054,single_train,single,10,False
15051,single_train,single,1,True
15053,single_train,single,2,True
15055,single_train,single,1,True
15049,single_train,single,1,True
15050,single_train,single,6,False
15048,single_train,single,3,True
85307,single_train,single,1,True
85301,single_train,single,27,False
85306,single_train,single,3,True
85305,single_train,single,1,True
85304,single_train,single,1,True
85302,single_train,single,1,True
13586,single_train,single,3,True
13584,single_train,single,13,False
13587,single_train,single,1,True
13582,single_train,single,4,False
13583,single_train,single,1,True
13588,single_train,single,13,False
13585,single_train,single,1,True
3777,single_train,single,30,False
3781,single_train,single,9,False
3782,single_train,single,1,True
3779,single_train,single,8,False
3775,single_train,single,17,False
3778,single_train,single,1,True
3783,single_train,single,13,False
3780,single_train,single,2,True
37913,single_train,single,1,True
37915,single_train,single,2,True
37918,single_train,single,1,True
37923,single_train,single,1,True
37916,single_train,single,1,True
37914,single_train,single,3,True
37917,single_train,single,2,True
37920,single_train,single,2,True
19600,single_train,single,1,True
19606,single_train,single,10,False
19598,single_train,single,1,True
19599,single_train,single,2,True
19597,single_train,single,3,True
19603,single_train,single,2,True
19607,single_train,single,1,True
19602,single_train,single,1,True
19601,single_train,single,3,True
19604,single_train,single,1,True
19605,single_train,single,1,True
144269,single_train,single,1,True
144273,single_train,single,1,True
144271,single_train,single,2,True
144270,single_train,single,3,True
144263,single_train,single,11,False
144272,single_train,single,3,True
60942,single_train,single,3,True
60939,single_train,single,3,True
60940,single_train,single,3,True
60945,single_train,single,1,True
60943,single_train,single,3,True
60941,single_train,single,2,True
60946,single_train,single,1,True
60944,single_train,single,2,True
135809,single_train,single,1,True
135808,single_train,single,1,True
135817,single_train,single,13,False
135805,single_train,single,1,True
135810,single_train,single,1,True
135814,single_train,single,2,True
135815,single_train,single,25,False
135811,single_train,single,2,True
135813,single_train,single,2,True
135807,single_train,single,33,False
12209,single_train,single,1,True
12207,single_train,single,2,True
12210,single_train,single,3,True
12208,single_train,single,5,False
12206,single_train,single,14,False
11739,single_train,single,6,False
11744,single_train,single,2,True
11740,single_train,single,1,True
11745,single_train,single,1,True
11742,single_train,single,7,False
11737,single_train,single,1,True
11743,single_train,single,20,False
11741,single_train,single,7,False
11738,single_train,single,4,False
40932,single_train,single,1,True
40935,single_train,single,1,True
40940,single_train,single,4,False
40939,single_train,single,3,True
40933,single_train,single,1,True
40936,single_train,single,2,True
40938,single_train,single,7,False
40934,single_train,single,20,False
135940,single_train,single,1,True
135941,single_train,single,9,False
135938,single_train,single,6,False
135942,single_train,single,1,True
135946,single_train,single,1,True
135937,single_train,single,1,True
135944,single_train,single,1,True
114671,single_train,single,1,True
114669,single_train,single,1,True
114668,single_train,single,3,True
114670,single_train,single,8,False
114674,single_train,single,4,False
114675,single_train,single,1,True
114673,single_train,single,4,False
114672,single_train,single,2,True
4434,single_train,single,1,True
4433,single_train,single,19,False
4430,single_train,single,1,True
4431,single_train,single,2,True
4432,single_train,single,1,True
4429,single_train,single,7,False
154153,single_train,single,1,True
154158,single_train,single,2,True
154160,single_train,single,1,True
154157,single_train,single,3,True
154156,single_train,single,1,True
154154,single_train,single,1,True
44524,single_train,single,2,True
44520,single_train,single,1,True
44519,single_train,single,1,True
44523,single_train,single,2,True
44521,single_train,single,2,True
44527,single_train,single,2,True
44528,single_train,single,1,True
44525,single_train,single,3,True
44526,single_train,single,1,True
44529,single_train,single,1,True
44522,single_train,single,1,True
44530,single_train,single,1,True
66334,single_train,single,1,True
66333,single_train,single,1,True
66339,single_train,single,6,False
66335,single_train,single,4,False
66337,single_train,single,9,False
66340,single_train,single,1,True
66338,single_train,single,4,False
66336,single_train,single,1,True
50169,single_train,single,21,False
50168,single_train,single,1,True
50166,single_train,single,2,True
50167,single_train,single,11,False
50164,single_train,single,11,False
138813,single_train,single,2,True
138819,single_train,single,1,True
138814,single_train,single,1,True
138815,single_train,single,3,True
138816,single_train,single,1,True
50726,single_train,single,1,True
50721,single_train,single,7,False
50719,single_train,single,5,False
50720,single_train,single,10,False
50718,single_train,single,10,False
50716,single_train,single,5,False
50724,single_train,single,1,True
50722,single_train,single,1,True
50723,single_train,single,7,False
111527,single_train,single,1,True
111534,single_train,single,3,True
111528,single_train,single,7,False
111526,single_train,single,2,True
111532,single_train,single,1,True
111531,single_train,single,3,True
111536,single_train,single,1,True
111529,single_train,single,1,True
111533,single_train,single,3,True
111535,single_train,single,4,False
111530,single_train,single,2,True
48202,single_train,single,5,False
48204,single_train,single,2,True
48206,single_train,single,7,False
48201,single_train,single,5,False
48205,single_train,single,2,True
48207,single_train,single,1,True
48203,single_train,single,3,True
48200,single_train,single,4,False
30954,single_train,single,5,False
30953,single_train,single,6,False
30949,single_train,single,5,False
30958,single_train,single,9,False
30952,single_train,single,1,True
30957,single_train,single,4,False
30959,single_train,single,1,True
30951,single_train,single,2,True
30955,single_train,single,1,True
30950,single_train,single,1,True
31016,single_train,single,4,False
31020,single_train,single,3,True
31025,single_train,single,1,True
31019,single_train,single,1,True
31018,single_train,single,3,True
31017,single_train,single,4,False
31022,single_train,single,1,True
26208,single_train,single,1,True
26210,single_train,single,6,False
26206,single_train,single,2,True
26207,single_train,single,7,False
26205,single_train,single,2,True
26209,single_train,single,4,False
26211,single_train,single,8,False
20790,single_train,single,8,False
20783,single_train,single,1,True
20788,single_train,single,1,True
20787,single_train,single,45,False
20785,single_train,single,1,True
20786,single_train,single,1,True
80035,single_train,single,5,False
80030,single_train,single,3,True
80026,single_train,single,1,True
80028,single_train,single,1,True
80029,single_train,single,2,True
80034,single_train,single,3,True
80025,single_train,single,2,True
80027,single_train,single,33,False
80036,single_train,single,1,True
80032,single_train,single,1,True
80031,single_train,single,33,False
87400,single_train,single,3,True
87396,single_train,single,2,True
87397,single_train,single,12,False
87398,single_train,single,14,False
87402,single_train,single,1,True
87401,single_train,single,3,True
87399,single_train,single,3,True
34133,single_train,single,2,True
34135,single_train,single,1,True
34131,single_train,single,1,True
34134,single_train,single,6,False
34129,single_train,single,5,False
34126,single_train,single,6,False
34132,single_train,single,1,True
34125,single_train,single,2,True
34128,single_train,single,6,False
114837,single_train,single,1,True
114839,single_train,single,2,True
114843,single_train,single,1,True
114838,single_train,single,2,True
94399,single_train,single,24,False
94397,single_train,single,2,True
94398,single_train,single,24,False
94395,single_train,single,32,False
94396,single_train,single,41,False
160863,single_train,single,1,True
160859,single_train,single,47,False
160857,single_train,single,8,False
160861,single_train,single,8,False
160860,single_train,single,1,True
160865,single_train,single,1,True
161412,single_train,single,9,False
161410,single_train,single,9,False
161411,single_train,single,2,True
161413,single_train,single,1,True
161408,single_train,single,15,False
135713,single_train,single,1,True
135716,single_train,single,20,False
135702,single_train,single,5,False
135709,single_train,single,1,True
135704,single_train,single,33,False
135710,single_train,single,2,True
135708,single_train,single,2,True
135715,single_train,single,4,False
135706,single_train,single,1,True
135711,single_train,single,1,True
135703,single_train,single,6,False
135714,single_train,single,15,False
135707,single_train,single,4,False
101875,single_train,single,12,False
101879,single_train,single,11,False
101878,single_train,single,1,True
101871,single_train,single,1,True
101876,single_train,single,1,True
101880,single_train,single,1,True
101874,single_train,single,1,True
101870,single_train,single,8,False
53318,single_train,single,2,True
53320,single_train,single,1,True
53321,single_train,single,1,True
53319,single_train,single,3,True
53317,single_train,single,5,False
78023,single_train,single,1,True
78019,single_train,single,1,True
78018,single_train,single,23,False
78017,single_train,single,1,True
78014,single_train,single,1,True
78013,single_train,single,3,True
78020,single_train,single,9,False
78015,single_train,single,7,False
78022,single_train,single,4,False
78016,single_train,single,8,False
96018,single_train,single,1,True
96016,single_train,single,4,False
96022,single_train,single,1,True
96013,single_train,single,4,False
96021,single_train,single,5,False
96017,single_train,single,1,True
96019,single_train,single,4,False
96020,single_train,single,5,False
37381,single_train,single,20,False
37380,single_train,single,1,True
37378,single_train,single,2,True
37385,single_train,single,1,True
53877,single_train,single,4,False
53880,single_train,single,3,True
53873,single_train,single,12,False
53874,single_train,single,8,False
53881,single_train,single,1,True
53879,single_train,single,3,True
53878,single_train,single,4,False
53876,single_train,single,3,True
53875,single_train,single,7,False
53882,single_train,single,1,True
127441,single_train,single,24,False
127442,single_train,single,1,True
127439,single_train,single,13,False
127440,single_train,single,2,True
127450,single_train,single,1,True
127445,single_train,single,18,False
127449,single_train,single,14,False
127443,single_train,single,1,True
127446,single_train,single,1,True
36464,single_train,single,4,False
36469,single_train,single,2,True
36466,single_train,single,3,True
36470,single_train,single,10,False
36471,single_train,single,1,True
36467,single_train,single,1,True
85071,single_train,single,1,True
85075,single_train,single,1,True
85078,single_train,single,1,True
85077,single_train,single,1,True
85076,single_train,single,2,True
85073,single_train,single,17,False
85070,single_train,single,2,True
85074,single_train,single,3,True
58543,single_train,single,1,True
58539,single_train,single,3,True
58535,single_train,single,12,False
58536,single_train,single,11,False
58540,single_train,single,3,True
58542,single_train,single,1,True
58538,single_train,single,2,True
58537,single_train,single,23,False
60064,single_train,single,3,True
60066,single_train,single,3,True
60065,single_train,single,3,True
60063,single_train,single,6,False
60067,single_train,single,3,True
123627,single_train,single,2,True
123628,single_train,single,6,False
123630,single_train,single,1,True
123625,single_train,single,19,False
123634,single_train,single,1,True
123629,single_train,single,2,True
37558,single_train,single,1,True
37559,single_train,single,18,False
37557,single_train,single,1,True
37561,single_train,single,6,False
37567,single_train,single,3,True
37560,single_train,single,1,True
37562,single_train,single,1,True
37564,single_train,single,1,True
37568,single_train,single,1,True
37563,single_train,single,20,False
32593,single_train,single,9,False
32601,single_train,single,1,True
32597,single_train,single,1,True
32594,single_train,single,1,True
32596,single_train,single,4,False
32591,single_train,single,2,True
32592,single_train,single,1,True
32595,single_train,single,1,True
32598,single_train,single,4,False
161932,single_train,single,65,False
161930,single_train,single,4,False
161938,single_train,single,1,True
161936,single_train,single,1,True
161934,single_train,single,64,False
161933,single_train,single,1,True
161931,single_train,single,7,False
161935,single_train,single,1,True
165364,single_train,single,3,True
165366,single_train,single,4,False
165365,single_train,single,1,True
165363,single_train,single,4,False
165362,single_train,single,1,True
109279,single_train,single,10,False
109277,single_train,single,1,True
109283,single_train,single,1,True
109274,single_train,single,3,True
109276,single_train,single,10,False
109280,single_train,single,1,True
109278,single_train,single,1,True
71162,single_train,single,1,True
71161,single_train,single,4,False
71164,single_train,single,1,True
71159,single_train,single,2,True
71163,single_train,single,8,False
71160,single_train,single,1,True
141483,single_train,single,1,True
141480,single_train,single,1,True
141484,single_train,single,1,True
141474,single_train,single,10,False
141476,single_train,single,6,False
141477,single_train,single,1,True
141479,single_train,single,17,False
141478,single_train,single,3,True
141482,single_train,single,5,False
141475,single_train,single,4,False
166214,single_train,single,1,True
166208,single_train,single,1,True
166212,single_train,single,2,True
166210,single_train,single,1,True
166209,single_train,single,6,False
116620,single_train,single,3,True
116622,single_train,single,1,True
116617,single_train,single,10,False
116615,single_train,single,1,True
116611,single_train,single,1,True
116612,single_train,single,2,True
116616,single_train,single,1,True
116618,single_train,single,1,True
116614,single_train,single,1,True
116619,single_train,single,2,True
52371,single_train,single,3,True
52372,single_train,single,1,True
52367,single_train,single,5,False
52370,single_train,single,3,True
52369,single_train,single,3,True
69488,single_train,single,3,True
69487,single_train,single,6,False
69491,single_train,single,1,True
69486,single_train,single,1,True
69492,single_train,single,3,True
69490,single_train,single,1,True
27753,single_train,single,1,True
27760,single_train,single,1,True
27757,single_train,single,6,False
27759,single_train,single,1,True
27754,single_train,single,1,True
27755,single_train,single,2,True
27758,single_train,single,1,True
27761,single_train,single,10,False
27756,single_train,single,1,True
59379,single_train,single,3,True
59376,single_train,single,3,True
59378,single_train,single,3,True
59377,single_train,single,5,False
59380,single_train,single,1,True
81751,single_train,single,1,True
81742,single_train,single,2,True
81743,single_train,single,22,False
81746,single_train,single,8,False
81744,single_train,single,1,True
81745,single_train,single,8,False
81747,single_train,single,18,False
81741,single_train,single,8,False
81748,single_train,single,1,True
22938,single_train,single,1,True
22937,single_train,single,10,False
22942,single_train,single,10,False
22944,single_train,single,21,False
22939,single_train,single,11,False
22943,single_train,single,17,False
22941,single_train,single,2,True
132166,single_train,single,24,False
132164,single_train,single,1,True
132167,single_train,single,1,True
132168,single_train,single,22,False
132169,single_train,single,1,True
132203,single_train,single,2,True
132196,single_train,single,28,False
132198,single_train,single,10,False
132201,single_train,single,1,True
132199,single_train,single,10,False
132195,single_train,single,5,False
132200,single_train,single,25,False
132197,single_train,single,1,True
104191,single_train,single,13,False
104189,single_train,single,15,False
104188,single_train,single,1,True
104190,single_train,single,1,True
104195,single_train,single,7,False
104193,single_train,single,41,False
104187,single_train,single,1,True
104192,single_train,single,24,False
104194,single_train,single,1,True
76592,single_train,single,1,True
76589,single_train,single,1,True
76583,single_train,single,10,False
76587,single_train,single,9,False
76588,single_train,single,16,False
76586,single_train,single,1,True
76591,single_train,single,25,False
76590,single_train,single,5,False
76585,single_train,single,18,False
76584,single_train,single,12,False
4669,single_train,single,1,True
4666,single_train,single,12,False
4664,single_train,single,4,False
4665,single_train,single,2,True
4670,single_train,single,1,True
4668,single_train,single,1,True
31078,single_train,single,33,False
31080,single_train,single,2,True
31072,single_train,single,1,True
31081,single_train,single,1,True
31079,single_train,single,1,True
31076,single_train,single,1,True
31075,single_train,single,1,True
31077,single_train,single,1,True
31073,single_train,single,10,False
104633,single_train,single,1,True
104631,single_train,single,1,True
104632,single_train,single,10,False
104624,single_train,single,5,False
104622,single_train,single,2,True
104626,single_train,single,3,True
104628,single_train,single,9,False
104627,single_train,single,1,True
104625,single_train,single,1,True
152228,single_train,single,1,True
152223,single_train,single,1,True
152224,single_train,single,5,False
152225,single_train,single,1,True
152222,single_train,single,1,True
9592,single_train,single,2,True
9594,single_train,single,2,True
9593,single_train,single,6,False
9591,single_train,single,3,True
9595,single_train,single,6,False
146495,single_train,single,1,True
146492,single_train,single,1,True
146490,single_train,single,1,True
146494,single_train,single,8,False
146489,single_train,single,3,True
146498,single_train,single,1,True
146491,single_train,single,7,False
138569,single_train,single,1,True
138571,single_train,single,4,False
138566,single_train,single,2,True
138567,single_train,single,2,True
138568,single_train,single,2,True
138570,single_train,single,4,False
55171,single_train,single,1,True
55168,single_train,single,2,True
55173,single_train,single,1,True
55166,single_train,single,3,True
55169,single_train,single,1,True
55167,single_train,single,3,True
55170,single_train,single,3,True
29431,single_train,single,1,True
29430,single_train,single,15,False
29428,single_train,single,3,True
29435,single_train,single,1,True
29429,single_train,single,1,True
63939,single_train,single,1,True
63946,single_train,single,1,True
63944,single_train,single,11,False
63945,single_train,single,3,True
63940,single_train,single,6,False
63942,single_train,single,4,False
63938,single_train,single,4,False
63943,single_train,single,14,False
66187,single_train,single,6,False
66185,single_train,single,1,True
66184,single_train,single,27,False
66183,single_train,single,1,True
66188,single_train,single,11,False
66186,single_train,single,2,True
47320,single_train,single,2,True
47323,single_train,single,1,True
47321,single_train,single,3,True
47322,single_train,single,3,True
47324,single_train,single,1,True
47319,single_train,single,13,False
43397,single_train,single,7,False
43393,single_train,single,11,False
43394,single_train,single,1,True
43400,single_train,single,1,True
43395,single_train,single,9,False
43399,single_train,single,3,True
153203,single_train,single,2,True
153201,single_train,single,1,True
153206,single_train,single,1,True
153205,single_train,single,10,False
153200,single_train,single,3,True
153204,single_train,single,2,True
153199,single_train,single,3,True
107555,single_train,single,1,True
107556,single_train,single,2,True
107552,single_train,single,1,True
107550,single_train,single,2,True
107551,single_train,single,4,False
107549,single_train,single,1,True
107557,single_train,single,1,True
107553,single_train,single,4,False
107554,single_train,single,3,True
140160,single_train,single,29,False
140159,single_train,single,15,False
140155,single_train,single,8,False
140156,single_train,single,1,True
140158,single_train,single,2,True
140154,single_train,single,1,True
43676,single_train,single,3,True
43673,single_train,single,6,False
43671,single_train,single,1,True
43672,single_train,single,4,False
43677,single_train,single,6,False
43674,single_train,single,1,True
43675,single_train,single,7,False
141400,single_train,single,1,True
141396,single_train,single,4,False
141399,single_train,single,1,True
141398,single_train,single,2,True
141404,single_train,single,1,True
141401,single_train,single,4,False
141403,single_train,single,1,True
141405,single_train,single,4,False
141402,single_train,single,4,False
141406,single_train,single,1,True
141397,single_train,single,1,True
18873,single_train,single,10,False
18876,single_train,single,2,True
18877,single_train,single,1,True
18871,single_train,single,1,True
18870,single_train,single,42,False
18868,single_train,single,5,False
18872,single_train,single,45,False
18869,single_train,single,2,True
18875,single_train,single,10,False
18874,single_train,single,1,True
162910,single_train,single,3,True
162911,single_train,single,2,True
162914,single_train,single,4,False
162916,single_train,single,4,False
162917,single_train,single,6,False
162915,single_train,single,10,False
162912,single_train,single,10,False
162918,single_train,single,1,True
129023,single_train,single,1,True
129027,single_train,single,1,True
129024,single_train,single,5,False
129020,single_train,single,1,True
129030,single_train,single,1,True
129029,single_train,single,5,False
129022,single_train,single,3,True
129028,single_train,single,2,True
129026,single_train,single,5,False
129025,single_train,single,1,True
129021,single_train,single,5,False
71766,single_train,single,1,True
71768,single_train,single,7,False
71760,single_train,single,4,False
71762,single_train,single,11,False
71763,single_train,single,1,True
71765,single_train,single,9,False
71767,single_train,single,2,True
71761,single_train,single,2,True
71772,single_train,single,7,False
71769,single_train,single,1,True
71764,single_train,single,2,True
71771,single_train,single,2,True
93858,single_train,single,2,True
93856,single_train,single,2,True
93855,single_train,single,1,True
93861,single_train,single,1,True
93857,single_train,single,1,True
93859,single_train,single,1,True
93854,single_train,single,2,True
130893,single_train,single,2,True
130895,single_train,single,1,True
130894,single_train,single,3,True
130901,single_train,single,5,False
130899,single_train,single,1,True
130900,single_train,single,2,True
130902,single_train,single,1,True
130898,single_train,single,1,True
83967,single_train,single,35,False
83969,single_train,single,2,True
83970,single_train,single,1,True
83971,single_train,single,5,False
83968,single_train,single,7,False
121100,single_train,single,1,True
121103,single_train,single,9,False
121097,single_train,single,15,False
121098,single_train,single,3,True
121105,single_train,single,1,True
121101,single_train,single,17,False
121102,single_train,single,3,True
121104,single_train,single,3,True
121096,single_train,single,22,False
121099,single_train,single,2,True
121095,single_train,single,4,False
121094,single_train,single,9,False
52401,single_train,single,2,True
52402,single_train,single,3,True
52404,single_train,single,3,True
52400,single_train,single,15,False
118397,single_train,single,3,True
118396,single_train,single,2,True
118399,single_train,single,23,False
118398,single_train,single,2,True
118395,single_train,single,6,False
118394,single_train,single,4,False
118400,single_train,single,6,False
97340,single_train,single,5,False
97338,single_train,single,4,False
97337,single_train,single,1,True
97339,single_train,single,3,True
97336,single_train,single,6,False
97335,single_train,single,1,True
97334,single_train,single,15,False
97341,single_train,single,1,True
110541,single_train,single,4,False
110547,single_train,single,1,True
110544,single_train,single,25,False
110543,single_train,single,2,True
110546,single_train,single,6,False
110542,single_train,single,1,True
110545,single_train,single,1,True
110540,single_train,single,2,True
127252,single_train,single,1,True
127247,single_train,single,1,True
127245,single_train,single,1,True
127246,single_train,single,6,False
127249,single_train,single,1,True
127250,single_train,single,2,True
127244,single_train,single,2,True
127248,single_train,single,9,False
127251,single_train,single,6,False
127243,single_train,single,2,True
137607,single_train,single,2,True
137609,single_train,single,2,True
137614,single_train,single,1,True
137610,single_train,single,1,True
137608,single_train,single,2,True
137613,single_train,single,6,False
111617,single_train,single,8,False
111614,single_train,single,2,True
111610,single_train,single,1,True
111612,single_train,single,12,False
111615,single_train,single,3,True
56518,single_train,single,3,True
56516,single_train,single,5,False
56519,single_train,single,4,False
56515,single_train,single,4,False
56517,single_train,single,2,True
56514,single_train,single,26,False
30907,single_train,single,4,False
30909,single_train,single,9,False
30910,single_train,single,1,True
30914,single_train,single,1,True
30908,single_train,single,1,True
69041,single_train,single,51,False
69044,single_train,single,15,False
69040,single_train,single,1,True
69042,single_train,single,1,True
69039,single_train,single,5,False
12062,single_train,single,6,False
12061,single_train,single,3,True
12064,single_train,single,2,True
12065,single_train,single,14,False
12066,single_train,single,3,True
12060,single_train,single,2,True
12063,single_train,single,1,True
78175,single_train,single,2,True
78176,single_train,single,5,False
78174,single_train,single,4,False
78179,single_train,single,1,True
78183,single_train,single,1,True
78178,single_train,single,8,False
78180,single_train,single,2,True
78177,single_train,single,1,True
26983,single_train,single,1,True
26981,single_train,single,2,True
26989,single_train,single,1,True
26984,single_train,single,2,True
26986,single_train,single,1,True
26985,single_train,single,11,False
26982,single_train,single,25,False
63163,single_train,single,1,True
63162,single_train,single,6,False
63157,single_train,single,1,True
63156,single_train,single,5,False
63159,single_train,single,2,True
63160,single_train,single,4,False
63158,single_train,single,1,True
63165,single_train,single,1,True
63161,single_train,single,1,True
63155,single_train,single,2,True
60770,single_train,single,5,False
60774,single_train,single,3,True
60771,single_train,single,8,False
60776,single_train,single,1,True
60772,single_train,single,3,True
60773,single_train,single,3,True
159515,single_train,single,2,True
159517,single_train,single,19,False
159518,single_train,single,3,True
159525,single_train,single,1,True
159516,single_train,single,3,True
30404,single_train,single,33,False
30399,single_train,single,2,True
30406,single_train,single,3,True
30400,single_train,single,25,False
30402,single_train,single,15,False
30398,single_train,single,15,False
30409,single_train,single,1,True
30403,single_train,single,6,False
30401,single_train,single,1,True
162568,single_train,single,3,True
162575,single_train,single,1,True
162569,single_train,single,5,False
20200,single_train,single,2,True
20198,single_train,single,1,True
20199,single_train,single,19,False
20206,single_train,single,1,True
20201,single_train,single,36,False
20195,single_train,single,5,False
20202,single_train,single,1,True
20197,single_train,single,3,True
20196,single_train,single,1,True
9358,single_train,single,2,True
9355,single_train,single,4,False
9357,single_train,single,1,True
9362,single_train,single,1,True
9356,single_train,single,2,True
9360,single_train,single,2,True
9359,single_train,single,26,False
68622,single_train,single,1,True
68623,single_train,single,4,False
68619,single_train,single,1,True
68621,single_train,single,4,False
68624,single_train,single,2,True
68620,single_train,single,3,True
68626,single_train,single,1,True
149969,single_train,single,5,False
149968,single_train,single,1,True
149966,single_train,single,2,True
149965,single_train,single,2,True
149967,single_train,single,12,False
149972,single_train,single,1,True
149970,single_train,single,1,True
89133,single_train,single,1,True
89127,single_train,single,7,False
89125,single_train,single,46,False
89129,single_train,single,1,True
89124,single_train,single,29,False
89128,single_train,single,17,False
101655,single_train,single,1,True
101654,single_train,single,10,False
101652,single_train,single,1,True
101653,single_train,single,2,True
135639,single_train,single,24,False
135637,single_train,single,1,True
135632,single_train,single,11,False
135633,single_train,single,1,True
135631,single_train,single,1,True
135630,single_train,single,2,True
65573,single_train,single,1,True
65575,single_train,single,1,True
65576,single_train,single,12,False
65574,single_train,single,1,True
65570,single_train,single,1,True
76091,single_train,single,9,False
76092,single_train,single,73,False
76096,single_train,single,1,True
76095,single_train,single,14,False
49485,single_train,single,3,True
49487,single_train,single,1,True
49486,single_train,single,3,True
49482,single_train,single,6,False
49491,single_train,single,1,True
49484,single_train,single,18,False
49483,single_train,single,21,False
49488,single_train,single,9,False
49489,single_train,single,3,True
154006,single_train,single,1,True
154000,single_train,single,3,True
153999,single_train,single,2,True
154001,single_train,single,11,False
154002,single_train,single,1,True
155719,single_train,single,2,True
155717,single_train,single,1,True
155716,single_train,single,2,True
155713,single_train,single,1,True
155710,single_train,single,3,True
155712,single_train,single,4,False
155711,single_train,single,1,True
155715,single_train,single,5,False
164865,single_train,single,1,True
164857,single_train,single,1,True
164858,single_train,single,1,True
164864,single_train,single,2,True
164860,single_train,single,12,False
164855,single_train,single,1,True
164866,single_train,single,3,True
164862,single_train,single,2,True
164863,single_train,single,1,True
164859,single_train,single,4,False
164861,single_train,single,1,True
33338,single_train,single,12,False
33345,single_train,single,1,True
33337,single_train,single,3,True
33336,single_train,single,2,True
33339,single_train,single,1,True
33341,single_train,single,1,True
33340,single_train,single,3,True
33342,single_train,single,1,True
157841,single_train,single,7,False
157837,single_train,single,2,True
157845,single_train,single,2,True
157846,single_train,single,9,False
157843,single_train,single,1,True
157840,single_train,single,1,True
157839,single_train,single,8,False
157838,single_train,single,2,True
141227,single_train,single,4,False
141225,single_train,single,6,False
141215,single_train,single,8,False
141222,single_train,single,1,True
141223,single_train,single,4,False
141220,single_train,single,1,True
141219,single_train,single,36,False
141214,single_train,single,1,True
141221,single_train,single,2,True
141226,single_train,single,4,False
141213,single_train,single,1,True
141224,single_train,single,1,True
141217,single_train,single,1,True
141218,single_train,single,2,True
141228,single_train,single,1,True
141216,single_train,single,1,True
89744,single_train,single,61,False
89745,single_train,single,18,False
89748,single_train,single,12,False
89746,single_train,single,2,True
89749,single_train,single,2,True
89747,single_train,single,17,False
25446,single_train,single,1,True
25447,single_train,single,3,True
25445,single_train,single,1,True
25448,single_train,single,1,True
25451,single_train,single,1,True
25450,single_train,single,2,True
25449,single_train,single,6,False
73002,single_train,single,1,True
73001,single_train,single,2,True
73000,single_train,single,3,True
72997,single_train,single,1,True
72998,single_train,single,3,True
72996,single_train,single,31,False
72999,single_train,single,5,False
48630,single_train,single,14,False
48634,single_train,single,3,True
48632,single_train,single,3,True
48633,single_train,single,3,True
48631,single_train,single,2,True
137571,single_train,single,5,False
137575,single_train,single,1,True
137573,single_train,single,7,False
137574,single_train,single,1,True
137582,single_train,single,2,True
137579,single_train,single,8,False
137580,single_train,single,9,False
137581,single_train,single,1,True
137572,single_train,single,2,True
137577,single_train,single,1,True
137578,single_train,single,8,False
137576,single_train,single,4,False
40447,single_train,single,1,True
40448,single_train,single,3,True
40451,single_train,single,1,True
40449,single_train,single,2,True
40452,single_train,single,3,True
40446,single_train,single,7,False
40444,single_train,single,1,True
40450,single_train,single,7,False
153633,single_train,single,1,True
153632,single_train,single,2,True
153631,single_train,single,3,True
153628,single_train,single,2,True
153629,single_train,single,11,False
153637,single_train,single,1,True
153630,single_train,single,1,True
153627,single_train,single,2,True
33055,single_train,single,3,True
33060,single_train,single,2,True
33065,single_train,single,1,True
33059,single_train,single,3,True
33058,single_train,single,1,True
33061,single_train,single,3,True
33056,single_train,single,3,True
96840,single_train,single,1,True
96839,single_train,single,1,True
96838,single_train,single,9,False
96842,single_train,single,1,True
96843,single_train,single,27,False
96847,single_train,single,1,True
96837,single_train,single,4,False
96844,single_train,single,1,True
104829,single_train,single,39,False
104834,single_train,single,1,True
104838,single_train,single,1,True
104828,single_train,single,2,True
104833,single_train,single,20,False
104832,single_train,single,14,False
104831,single_train,single,2,True
104827,single_train,single,62,False
104837,single_train,single,23,False
104835,single_train,single,7,False
104830,single_train,single,1,True
123530,single_train,single,6,False
123533,single_train,single,1,True
123526,single_train,single,2,True
123531,single_train,single,21,False
123529,single_train,single,7,False
123527,single_train,single,69,False
123532,single_train,single,4,False
123528,single_train,single,23,False
123534,single_train,single,1,True
22059,single_train,single,77,False
22062,single_train,single,10,False
22058,single_train,single,2,True
22060,single_train,single,1,True
22063,single_train,single,1,True
22057,single_train,single,4,False
22067,single_train,single,1,True
106518,single_train,single,1,True
106520,single_train,single,1,True
106519,single_train,single,2,True
106516,single_train,single,2,True
106523,single_train,single,1,True
106515,single_train,single,1,True
106517,single_train,single,5,False
41054,single_train,single,1,True
41051,single_train,single,19,False
41056,single_train,single,1,True
41053,single_train,single,9,False
41057,single_train,single,5,False
41055,single_train,single,3,True
41050,single_train,single,1,True
41052,single_train,single,1,True
5674,single_train,single,1,True
5672,single_train,single,9,False
5673,single_train,single,6,False
5675,single_train,single,2,True
5671,single_train,single,1,True
5677,single_train,single,7,False
69672,single_train,single,5,False
69673,single_train,single,30,False
69676,single_train,single,20,False
69678,single_train,single,7,False
69671,single_train,single,8,False
69675,single_train,single,8,False
69674,single_train,single,1,True
165345,single_train,single,1,True
165338,single_train,single,4,False
165344,single_train,single,16,False
165340,single_train,single,12,False
165341,single_train,single,1,True
165346,single_train,single,12,False
165343,single_train,single,4,False
165347,single_train,single,1,True
165339,single_train,single,8,False
165342,single_train,single,6,False
12334,single_train,single,7,False
12331,single_train,single,2,True
12335,single_train,single,12,False
12332,single_train,single,6,False
12336,single_train,single,13,False
12337,single_train,single,1,True
12330,single_train,single,1,True
67042,single_train,single,1,True
67044,single_train,single,2,True
67039,single_train,single,4,False
67043,single_train,single,3,True
67046,single_train,single,1,True
67041,single_train,single,6,False
67045,single_train,single,7,False
67040,single_train,single,4,False
84497,single_train,single,2,True
84493,single_train,single,8,False
84503,single_train,single,1,True
84494,single_train,single,4,False
84495,single_train,single,6,False
84501,single_train,single,1,True
84500,single_train,single,2,True
84498,single_train,single,2,True
84499,single_train,single,1,True
84496,single_train,single,2,True
57853,single_train,single,1,True
57846,single_train,single,6,False
57851,single_train,single,1,True
57847,single_train,single,18,False
57845,single_train,single,8,False
143955,single_train,single,9,False
143951,single_train,single,4,False
143957,single_train,single,27,False
143954,single_train,single,1,True
47675,single_train,single,1,True
47671,single_train,single,3,True
47674,single_train,single,1,True
47668,single_train,single,8,False
47670,single_train,single,2,True
47672,single_train,single,3,True
47669,single_train,single,10,False
47673,single_train,single,3,True
51027,single_train,single,2,True
51028,single_train,single,3,True
51025,single_train,single,9,False
51026,single_train,single,23,False
133751,single_train,single,3,True
133756,single_train,single,9,False
133760,single_train,single,1,True
133752,single_train,single,4,False
133758,single_train,single,2,True
133757,single_train,single,1,True
133759,single_train,single,1,True
61477,single_train,single,3,True
61473,single_train,single,3,True
61476,single_train,single,3,True
61472,single_train,single,8,False
61478,single_train,single,3,True
61471,single_train,single,7,False
61474,single_train,single,4,False
61475,single_train,single,2,True
105161,single_train,single,1,True
105159,single_train,single,2,True
17647,single_train,single,1,True
17652,single_train,single,1,True
17656,single_train,single,1,True
17655,single_train,single,6,False
17654,single_train,single,2,True
17648,single_train,single,1,True
17653,single_train,single,3,True
17650,single_train,single,1,True
17651,single_train,single,1,True
17649,single_train,single,28,False
103841,single_train,single,45,False
103845,single_train,single,1,True
103835,single_train,single,6,False
103837,single_train,single,31,False
103838,single_train,single,1,True
103839,single_train,single,11,False
103840,single_train,single,5,False
103843,single_train,single,8,False
125983,single_train,single,1,True
125992,single_train,single,1,True
125991,single_train,single,7,False
125986,single_train,single,1,True
125985,single_train,single,1,True
125990,single_train,single,1,True
125984,single_train,single,2,True
125993,single_train,single,10,False
125988,single_train,single,32,False
157016,single_train,single,11,False
157018,single_train,single,4,False
157011,single_train,single,5,False
157009,single_train,single,1,True
157008,single_train,single,6,False
157006,single_train,single,8,False
157017,single_train,single,4,False
157007,single_train,single,4,False
157015,single_train,single,1,True
157010,single_train,single,3,True
157014,single_train,single,1,True
157019,single_train,single,1,True
57339,single_train,single,3,True
57342,single_train,single,3,True
57340,single_train,single,2,True
57343,single_train,single,1,True
57338,single_train,single,8,False
57341,single_train,single,3,True
110077,single_train,single,1,True
110079,single_train,single,1,True
110075,single_train,single,3,True
110076,single_train,single,8,False
128772,single_train,single,2,True
128778,single_train,single,4,False
128777,single_train,single,1,True
128771,single_train,single,21,False
128781,single_train,single,4,False
128775,single_train,single,4,False
128773,single_train,single,12,False
128779,single_train,single,2,True
128774,single_train,single,1,True
128776,single_train,single,9,False
128780,single_train,single,18,False
123094,single_train,single,1,True
123098,single_train,single,1,True
123093,single_train,single,13,False
123090,single_train,single,2,True
123097,single_train,single,1,True
123095,single_train,single,1,True
123092,single_train,single,1,True
123091,single_train,single,3,True
33077,single_train,single,1,True
33081,single_train,single,3,True
33082,single_train,single,3,True
33079,single_train,single,10,False
33083,single_train,single,1,True
33078,single_train,single,5,False
33080,single_train,single,1,True
150961,single_train,single,4,False
150960,single_train,single,3,True
150955,single_train,single,1,True
150959,single_train,single,3,True
150956,single_train,single,1,True
50173,single_train,single,6,False
50176,single_train,single,9,False
50172,single_train,single,10,False
50177,single_train,single,3,True
50178,single_train,single,1,True
50181,single_train,single,1,True
50175,single_train,single,2,True
50174,single_train,single,7,False
50179,single_train,single,6,False
146429,single_train,single,2,True
146431,single_train,single,1,True
146421,single_train,single,3,True
146430,single_train,single,2,True
146422,single_train,single,5,False
146427,single_train,single,1,True
146424,single_train,single,1,True
146423,single_train,single,19,False
163126,single_train,single,8,False
163133,single_train,single,1,True
163128,single_train,single,12,False
111173,single_train,single,1,True
111169,single_train,single,17,False
111167,single_train,single,3,True
111165,single_train,single,6,False
111168,single_train,single,14,False
111163,single_train,single,3,True
36596,single_train,single,12,False
36593,single_train,single,3,True
36597,single_train,single,1,True
36592,single_train,single,3,True
36594,single_train,single,1,True
36595,single_train,single,4,False
36591,single_train,single,2,True
36600,single_train,single,3,True
36601,single_train,single,1,True
2433,single_train,single,1,True
2439,single_train,single,2,True
2435,single_train,single,18,False
2436,single_train,single,1,True
2438,single_train,single,1,True
2440,single_train,single,1,True
2434,single_train,single,1,True
2437,single_train,single,14,False
60268,single_train,single,1,True
60265,single_train,single,2,True
60261,single_train,single,5,False
60266,single_train,single,3,True
60267,single_train,single,6,False
60262,single_train,single,5,False
60264,single_train,single,3,True
157726,single_train,single,15,False
157732,single_train,single,1,True
157724,single_train,single,3,True
157725,single_train,single,7,False
157727,single_train,single,1,True
157728,single_train,single,11,False
157730,single_train,single,1,True
157729,single_train,single,1,True
157731,single_train,single,3,True
52126,single_train,single,5,False
52133,single_train,single,1,True
52129,single_train,single,3,True
52131,single_train,single,1,True
52130,single_train,single,1,True
52127,single_train,single,2,True
52125,single_train,single,7,False
52132,single_train,single,1,True
60112,single_train,single,3,True
60114,single_train,single,1,True
60111,single_train,single,2,True
60110,single_train,single,3,True
51775,single_train,single,1,True
51768,single_train,single,8,False
51772,single_train,single,3,True
51769,single_train,single,1,True
51770,single_train,single,2,True
51773,single_train,single,1,True
51776,single_train,single,1,True
165167,single_train,single,1,True
165162,single_train,single,1,True
165160,single_train,single,11,False
165157,single_train,single,1,True
165159,single_train,single,4,False
165163,single_train,single,4,False
165164,single_train,single,1,True
165166,single_train,single,13,False
165161,single_train,single,1,True
165158,single_train,single,4,False
165155,single_train,single,2,True
165154,single_train,single,4,False
138690,single_train,single,1,True
138692,single_train,single,1,True
138691,single_train,single,13,False
138689,single_train,single,9,False
138695,single_train,single,12,False
138693,single_train,single,1,True
138698,single_train,single,1,True
138696,single_train,single,1,True
138694,single_train,single,5,False
146347,single_train,single,1,True
146355,single_train,single,3,True
146354,single_train,single,1,True
146357,single_train,single,1,True
146352,single_train,single,1,True
146351,single_train,single,5,False
146349,single_train,single,3,True
146353,single_train,single,3,True
146350,single_train,single,1,True
146348,single_train,single,2,True
64225,single_train,single,17,False
64220,single_train,single,1,True
64226,single_train,single,1,True
64222,single_train,single,17,False
64221,single_train,single,5,False
64223,single_train,single,1,True
64224,single_train,single,4,False
126058,single_train,single,1,True
126055,single_train,single,11,False
126054,single_train,single,1,True
126051,single_train,single,13,False
126056,single_train,single,2,True
2381,single_train,single,3,True
2388,single_train,single,14,False
2385,single_train,single,5,False
2383,single_train,single,1,True
2384,single_train,single,4,False
2382,single_train,single,5,False
11990,single_train,single,1,True
11985,single_train,single,10,False
11989,single_train,single,4,False
11988,single_train,single,2,True
11986,single_train,single,1,True
11987,single_train,single,2,True
11984,single_train,single,4,False
11983,single_train,single,2,True
77265,single_train,single,10,False
77271,single_train,single,16,False
77274,single_train,single,3,True
77276,single_train,single,1,True
77272,single_train,single,1,True
77266,single_train,single,6,False
77268,single_train,single,1,True
77275,single_train,single,46,False
77270,single_train,single,14,False
77267,single_train,single,14,False
77273,single_train,single,11,False
55074,single_train,single,3,True
55068,single_train,single,14,False
55072,single_train,single,4,False
55071,single_train,single,3,True
55075,single_train,single,1,True
55073,single_train,single,3,True
55070,single_train,single,5,False
54797,single_train,single,1,True
54794,single_train,single,1,True
54795,single_train,single,2,True
54793,single_train,single,2,True
54796,single_train,single,1,True
54792,single_train,single,11,False
55772,single_train,single,2,True
55770,single_train,single,14,False
55771,single_train,single,4,False
55773,single_train,single,3,True
55774,single_train,single,5,False
55775,single_train,single,3,True
55776,single_train,single,3,True
153562,single_train,single,16,False
153567,single_train,single,1,True
153560,single_train,single,8,False
153565,single_train,single,2,True
153563,single_train,single,1,True
153566,single_train,single,4,False
153561,single_train,single,4,False
75461,single_train,single,1,True
75457,single_train,single,19,False
75456,single_train,single,5,False
75459,single_train,single,1,True
75455,single_train,single,9,False
75458,single_train,single,1,True
136310,single_train,single,2,True
136307,single_train,single,4,False
136302,single_train,single,1,True
136305,single_train,single,22,False
136309,single_train,single,1,True
136303,single_train,single,2,True
136301,single_train,single,7,False
136304,single_train,single,1,True
136306,single_train,single,1,True
136308,single_train,single,6,False
136300,single_train,single,1,True
114962,single_train,single,1,True
114957,single_train,single,2,True
114956,single_train,single,1,True
114959,single_train,single,1,True
164870,single_train,single,2,True
164877,single_train,single,11,False
164875,single_train,single,4,False
164872,single_train,single,1,True
164871,single_train,single,4,False
164873,single_train,single,10,False
164876,single_train,single,3,True
164874,single_train,single,5,False
164869,single_train,single,4,False
54591,single_train,single,3,True
54590,single_train,single,2,True
54588,single_train,single,15,False
54587,single_train,single,8,False
54589,single_train,single,4,False
54593,single_train,single,1,True
54592,single_train,single,6,False
16660,single_train,single,5,False
16659,single_train,single,5,False
16661,single_train,single,1,True
16658,single_train,single,2,True
148191,single_train,single,4,False
148197,single_train,single,1,True
148195,single_train,single,6,False
148194,single_train,single,1,True
148196,single_train,single,1,True
148193,single_train,single,3,True
589,single_train,single,3,True
587,single_train,single,2,True
588,single_train,single,1,True
590,single_train,single,2,True
592,single_train,single,1,True
595,single_train,single,4,False
594,single_train,single,3,True
586,single_train,single,2,True
585,single_train,single,4,False
591,single_train,single,3,True
59762,single_train,single,3,True
59760,single_train,single,14,False
59763,single_train,single,4,False
59761,single_train,single,2,True
124805,single_train,single,8,False
124808,single_train,single,1,True
124811,single_train,single,1,True
124809,single_train,single,3,True
124804,single_train,single,11,False
124806,single_train,single,3,True
141994,single_train,single,12,False
141997,single_train,single,4,False
141998,single_train,single,4,False
141991,single_train,single,6,False
142001,single_train,single,3,True
142000,single_train,single,2,True
141999,single_train,single,1,True
141990,single_train,single,1,True
141995,single_train,single,1,True
141996,single_train,single,10,False
141992,single_train,single,1,True
141993,single_train,single,2,True
5208,single_train,single,3,True
5211,single_train,single,4,False
5212,single_train,single,1,True
5214,single_train,single,1,True
5206,single_train,single,2,True
5219,single_train,single,1,True
5210,single_train,single,2,True
5209,single_train,single,1,True
5207,single_train,single,3,True
5213,single_train,single,21,False
50527,single_train,single,9,False
50530,single_train,single,3,True
50532,single_train,single,1,True
50526,single_train,single,2,True
50529,single_train,single,1,True
50528,single_train,single,2,True
50525,single_train,single,11,False
120283,single_train,single,1,True
120280,single_train,single,1,True
120284,single_train,single,1,True
120277,single_train,single,2,True
120276,single_train,single,2,True
120282,single_train,single,3,True
120279,single_train,single,7,False
120286,single_train,single,1,True
120281,single_train,single,25,False
120285,single_train,single,1,True
7257,single_train,single,2,True
7259,single_train,single,1,True
7253,single_train,single,1,True
7252,single_train,single,3,True
7254,single_train,single,24,False
7256,single_train,single,10,False
7255,single_train,single,2,True
103989,single_train,single,8,False
103990,single_train,single,7,False
103995,single_train,single,1,True
103993,single_train,single,12,False
103992,single_train,single,1,True
103991,single_train,single,13,False
105841,single_train,single,1,True
105842,single_train,single,15,False
105843,single_train,single,4,False
105839,single_train,single,1,True
105848,single_train,single,1,True
105840,single_train,single,10,False
105838,single_train,single,5,False
11863,single_train,single,1,True
11865,single_train,single,10,False
11867,single_train,single,6,False
11868,single_train,single,1,True
11866,single_train,single,1,True
46111,single_train,single,1,True
46106,single_train,single,2,True
46108,single_train,single,2,True
46109,single_train,single,5,False
46107,single_train,single,1,True
157496,single_train,single,1,True
157499,single_train,single,1,True
157501,single_train,single,1,True
157498,single_train,single,2,True
157497,single_train,single,2,True
50981,single_train,single,3,True
50979,single_train,single,5,False
50983,single_train,single,6,False
50977,single_train,single,5,False
50984,single_train,single,15,False
50985,single_train,single,1,True
50980,single_train,single,3,True
50978,single_train,single,6,False
50976,single_train,single,7,False
50982,single_train,single,1,True
15624,single_train,single,1,True
15620,single_train,single,1,True
15619,single_train,single,8,False
15621,single_train,single,24,False
15623,single_train,single,3,True
15622,single_train,single,2,True
15617,single_train,single,13,False
75852,single_train,single,2,True
75855,single_train,single,1,True
75853,single_train,single,1,True
75858,single_train,single,10,False
75857,single_train,single,6,False
75854,single_train,single,19,False
75856,single_train,single,1,True
65300,single_train,single,3,True
65308,single_train,single,1,True
65307,single_train,single,23,False
65302,single_train,single,2,True
65310,single_train,single,4,False
65301,single_train,single,1,True
65299,single_train,single,17,False
65306,single_train,single,4,False
65304,single_train,single,1,True
65303,single_train,single,16,False
100288,single_train,single,1,True
100293,single_train,single,1,True
100286,single_train,single,3,True
100292,single_train,single,3,True
100285,single_train,single,1,True
100289,single_train,single,1,True
100290,single_train,single,8,False
100287,single_train,single,2,True
52080,single_train,single,3,True
52078,single_train,single,1,True
52079,single_train,single,7,False
52082,single_train,single,1,True
52076,single_train,single,5,False
52077,single_train,single,2,True
52081,single_train,single,1,True
100768,single_train,single,1,True
100767,single_train,single,21,False
100770,single_train,single,1,True
143409,single_train,single,10,False
143407,single_train,single,8,False
143411,single_train,single,7,False
143408,single_train,single,1,True
143410,single_train,single,1,True
85767,single_train,single,2,True
85773,single_train,single,2,True
85775,single_train,single,1,True
85772,single_train,single,17,False
85771,single_train,single,3,True
85770,single_train,single,2,True
73376,single_train,single,3,True
73380,single_train,single,6,False
73379,single_train,single,2,True
73373,single_train,single,16,False
73371,single_train,single,7,False
73378,single_train,single,1,True
73375,single_train,single,1,True
26998,single_train,single,2,True
27006,single_train,single,2,True
27001,single_train,single,1,True
27000,single_train,single,1,True
27002,single_train,single,2,True
27003,single_train,single,2,True
27005,single_train,single,3,True
26999,single_train,single,2,True
26997,single_train,single,3,True
27004,single_train,single,1,True
126035,single_train,single,1,True
126032,single_train,single,11,False
126034,single_train,single,29,False
126033,single_train,single,4,False
108518,single_train,single,2,True
108519,single_train,single,2,True
108517,single_train,single,1,True
108523,single_train,single,1,True
47891,single_train,single,1,True
47886,single_train,single,13,False
47889,single_train,single,3,True
47888,single_train,single,3,True
35154,single_train,single,7,False
35150,single_train,single,1,True
35153,single_train,single,1,True
35145,single_train,single,2,True
35149,single_train,single,7,False
35148,single_train,single,1,True
35151,single_train,single,10,False
35152,single_train,single,13,False
35146,single_train,single,4,False
35144,single_train,single,2,True
35147,single_train,single,2,True
49543,single_train,single,3,True
49537,single_train,single,6,False
49538,single_train,single,13,False
49540,single_train,single,3,True
49542,single_train,single,7,False
49539,single_train,single,2,True
49541,single_train,single,3,True
49544,single_train,single,1,True
47459,single_train,single,2,True
47461,single_train,single,1,True
47463,single_train,single,3,True
47462,single_train,single,10,False
47460,single_train,single,3,True
47455,single_train,single,14,False
47458,single_train,single,2,True
47456,single_train,single,8,False
74896,single_train,single,1,True
74894,single_train,single,7,False
74897,single_train,single,1,True
74898,single_train,single,5,False
74895,single_train,single,1,True
159945,single_train,single,1,True
159943,single_train,single,3,True
159942,single_train,single,1,True
159944,single_train,single,9,False
159946,single_train,single,2,True
159947,single_train,single,2,True
27682,single_train,single,2,True
27685,single_train,single,1,True
27679,single_train,single,3,True
27688,single_train,single,3,True
27681,single_train,single,1,True
27692,single_train,single,26,False
27684,single_train,single,2,True
27678,single_train,single,2,True
27687,single_train,single,1,True
27691,single_train,single,3,True
27686,single_train,single,12,False
27689,single_train,single,4,False
27683,single_train,single,5,False
27690,single_train,single,1,True
27680,single_train,single,2,True
150608,single_train,single,2,True
150611,single_train,single,1,True
150601,single_train,single,8,False
150607,single_train,single,1,True
150602,single_train,single,5,False
150600,single_train,single,1,True
150604,single_train,single,2,True
150606,single_train,single,6,False
150603,single_train,single,1,True
150605,single_train,single,2,True
129107,single_train,single,2,True
129110,single_train,single,2,True
129108,single_train,single,21,False
129106,single_train,single,2,True
129102,single_train,single,8,False
129109,single_train,single,4,False
129105,single_train,single,1,True
129101,single_train,single,2,True
129100,single_train,single,2,True
129103,single_train,single,1,True
129104,single_train,single,2,True
164160,single_train,single,1,True
164157,single_train,single,1,True
164163,single_train,single,5,False
164158,single_train,single,3,True
164159,single_train,single,9,False
164161,single_train,single,2,True
164162,single_train,single,1,True
164164,single_train,single,2,True
164165,single_train,single,9,False
10466,single_train,single,4,False
10464,single_train,single,3,True
10461,single_train,single,2,True
10467,single_train,single,1,True
10460,single_train,single,2,True
10463,single_train,single,1,True
10465,single_train,single,2,True
20373,single_train,single,1,True
20377,single_train,single,3,True
20383,single_train,single,1,True
20376,single_train,single,1,True
20374,single_train,single,1,True
20378,single_train,single,3,True
32612,single_train,single,4,False
32616,single_train,single,1,True
32610,single_train,single,1,True
32613,single_train,single,1,True
32611,single_train,single,2,True
32609,single_train,single,2,True
105091,single_train,single,17,False
105092,single_train,single,4,False
105095,single_train,single,5,False
105093,single_train,single,8,False
105097,single_train,single,1,True
105096,single_train,single,8,False
23914,single_train,single,1,True
23911,single_train,single,2,True
23912,single_train,single,1,True
23917,single_train,single,13,False
23918,single_train,single,2,True
23921,single_train,single,1,True
23916,single_train,single,1,True
23913,single_train,single,9,False
23915,single_train,single,3,True
23919,single_train,single,1,True
8806,single_train,single,1,True
8807,single_train,single,3,True
8804,single_train,single,1,True
8811,single_train,single,1,True
8805,single_train,single,6,False
8810,single_train,single,2,True
94281,single_train,single,4,False
94283,single_train,single,2,True
94282,single_train,single,1,True
94284,single_train,single,1,True
94278,single_train,single,6,False
62884,single_train,single,5,False
62875,single_train,single,1,True
62883,single_train,single,1,True
62877,single_train,single,5,False
62881,single_train,single,1,True
62886,single_train,single,1,True
62878,single_train,single,1,True
62880,single_train,single,5,False
62879,single_train,single,2,True
62876,single_train,single,1,True
62882,single_train,single,1,True
96115,single_train,single,1,True
96112,single_train,single,2,True
96117,single_train,single,1,True
96111,single_train,single,1,True
96110,single_train,single,2,True
96107,single_train,single,2,True
96109,single_train,single,5,False
118604,single_train,single,9,False
118599,single_train,single,10,False
118602,single_train,single,1,True
118598,single_train,single,19,False
118597,single_train,single,11,False
118603,single_train,single,4,False
118600,single_train,single,1,True
118601,single_train,single,2,True
153980,single_train,single,1,True
153979,single_train,single,10,False
153978,single_train,single,1,True
74036,single_train,single,9,False
74031,single_train,single,9,False
74035,single_train,single,1,True
74032,single_train,single,3,True
74034,single_train,single,3,True
74033,single_train,single,2,True
94180,single_train,single,2,True
94178,single_train,single,4,False
94176,single_train,single,3,True
94179,single_train,single,4,False
94173,single_train,single,26,False
94181,single_train,single,1,True
94177,single_train,single,13,False
55941,single_train,single,3,True
55943,single_train,single,3,True
55944,single_train,single,1,True
55940,single_train,single,5,False
55945,single_train,single,1,True
55939,single_train,single,14,False
55942,single_train,single,3,True
146009,single_train,single,6,False
146006,single_train,single,1,True
146003,single_train,single,2,True
146010,single_train,single,1,True
146005,single_train,single,6,False
146013,single_train,single,1,True
146007,single_train,single,1,True
146008,single_train,single,2,True
10131,single_train,single,1,True
10126,single_train,single,1,True
10130,single_train,single,3,True
10128,single_train,single,1,True
10133,single_train,single,4,False
10129,single_train,single,1,True
10127,single_train,single,6,False
10132,single_train,single,3,True
10125,single_train,single,1,True
62929,single_train,single,4,False
62931,single_train,single,6,False
62936,single_train,single,1,True
62933,single_train,single,4,False
62939,single_train,single,1,True
62937,single_train,single,1,True
62935,single_train,single,1,True
62932,single_train,single,1,True
145040,single_train,single,21,False
145038,single_train,single,1,True
145036,single_train,single,3,True
145043,single_train,single,9,False
145039,single_train,single,4,False
145037,single_train,single,6,False
145035,single_train,single,2,True
145041,single_train,single,1,True
38798,single_train,single,1,True
38794,single_train,single,1,True
38797,single_train,single,8,False
38791,single_train,single,1,True
38801,single_train,single,1,True
38792,single_train,single,3,True
38793,single_train,single,7,False
38795,single_train,single,6,False
38796,single_train,single,2,True
123036,single_train,single,4,False
123044,single_train,single,1,True
123040,single_train,single,2,True
123042,single_train,single,4,False
123038,single_train,single,4,False
123037,single_train,single,16,False
123043,single_train,single,2,True
118702,single_train,single,1,True
118695,single_train,single,5,False
118694,single_train,single,7,False
118696,single_train,single,2,True
118692,single_train,single,16,False
118700,single_train,single,3,True
118701,single_train,single,1,True
118698,single_train,single,3,True
118699,single_train,single,2,True
41690,single_train,single,2,True
41692,single_train,single,2,True
41698,single_train,single,1,True
41694,single_train,single,4,False
41688,single_train,single,2,True
41696,single_train,single,4,False
41689,single_train,single,1,True
41691,single_train,single,1,True
41693,single_train,single,2,True
41732,single_train,single,1,True
41733,single_train,single,3,True
41735,single_train,single,32,False
41734,single_train,single,23,False
41731,single_train,single,22,False
41730,single_train,single,1,True
106189,single_train,single,11,False
106193,single_train,single,7,False
106190,single_train,single,1,True
106191,single_train,single,17,False
106196,single_train,single,1,True
106192,single_train,single,1,True
106194,single_train,single,2,True
106197,single_train,single,1,True
106195,single_train,single,133,False
9253,single_train,single,1,True
9250,single_train,single,1,True
9247,single_train,single,7,False
9249,single_train,single,9,False
9248,single_train,single,1,True
101536,single_train,single,1,True
101538,single_train,single,1,True
101533,single_train,single,1,True
101534,single_train,single,1,True
101532,single_train,single,1,True
101537,single_train,single,2,True
111581,single_train,single,4,False
111579,single_train,single,3,True
111582,single_train,single,4,False
111583,single_train,single,1,True
111577,single_train,single,1,True
111576,single_train,single,14,False
111574,single_train,single,1,True
111578,single_train,single,2,True
34949,single_train,single,5,False
34958,single_train,single,1,True
34952,single_train,single,1,True
34953,single_train,single,3,True
34951,single_train,single,2,True
34954,single_train,single,1,True
34950,single_train,single,2,True
158714,single_train,single,1,True
158718,single_train,single,8,False
158711,single_train,single,1,True
158710,single_train,single,1,True
158715,single_train,single,6,False
158707,single_train,single,30,False
158716,single_train,single,5,False
158719,single_train,single,6,False
158713,single_train,single,6,False
158717,single_train,single,6,False
158712,single_train,single,2,True
158709,single_train,single,6,False
158708,single_train,single,14,False
29617,single_train,single,14,False
29621,single_train,single,7,False
29616,single_train,single,4,False
29618,single_train,single,1,True
29615,single_train,single,2,True
29619,single_train,single,2,True
29620,single_train,single,4,False
113185,single_train,single,2,True
113188,single_train,single,4,False
113189,single_train,single,1,True
113191,single_train,single,1,True
113193,single_train,single,1,True
113190,single_train,single,4,False
113184,single_train,single,1,True
113186,single_train,single,3,True
113187,single_train,single,1,True
56144,single_train,single,14,False
56146,single_train,single,2,True
56145,single_train,single,5,False
56151,single_train,single,1,True
56150,single_train,single,6,False
56147,single_train,single,4,False
56149,single_train,single,3,True
56148,single_train,single,6,False
92447,single_train,single,12,False
92451,single_train,single,1,True
92448,single_train,single,26,False
92450,single_train,single,7,False
92449,single_train,single,3,True
92452,single_train,single,4,False
54200,single_train,single,2,True
54195,single_train,single,6,False
54201,single_train,single,1,True
54199,single_train,single,3,True
54193,single_train,single,9,False
54194,single_train,single,8,False
54197,single_train,single,1,True
54192,single_train,single,13,False
54198,single_train,single,3,True
54196,single_train,single,14,False
116127,single_train,single,1,True
116122,single_train,single,17,False
116118,single_train,single,4,False
116119,single_train,single,1,True
116121,single_train,single,4,False
116120,single_train,single,3,True
116123,single_train,single,1,True
125475,single_train,single,1,True
125472,single_train,single,2,True
125480,single_train,single,2,True
125473,single_train,single,2,True
125477,single_train,single,17,False
125478,single_train,single,13,False
125479,single_train,single,1,True
125474,single_train,single,6,False
125476,single_train,single,4,False
12661,single_train,single,1,True
12657,single_train,single,1,True
12650,single_train,single,4,False
12660,single_train,single,12,False
12652,single_train,single,9,False
12653,single_train,single,1,True
12654,single_train,single,14,False
12651,single_train,single,2,True
12656,single_train,single,9,False
8151,single_train,single,11,False
8154,single_train,single,2,True
8152,single_train,single,1,True
8156,single_train,single,1,True
8155,single_train,single,9,False
8149,single_train,single,3,True
33724,single_train,single,1,True
33723,single_train,single,8,False
33721,single_train,single,3,True
33725,single_train,single,3,True
33722,single_train,single,3,True
131207,single_train,single,10,False
131206,single_train,single,2,True
131211,single_train,single,3,True
131203,single_train,single,6,False
131201,single_train,single,2,True
131204,single_train,single,1,True
131205,single_train,single,1,True
131208,single_train,single,1,True
131210,single_train,single,2,True
131212,single_train,single,1,True
137932,single_train,single,1,True
137931,single_train,single,6,False
33859,single_train,single,1,True
33857,single_train,single,2,True
33862,single_train,single,1,True
33860,single_train,single,3,True
33863,single_train,single,3,True
33856,single_train,single,5,False
33858,single_train,single,17,False
33865,single_train,single,5,False
33861,single_train,single,2,True
143940,single_train,single,1,True
143945,single_train,single,9,False
143942,single_train,single,4,False
143946,single_train,single,2,True
143941,single_train,single,5,False
143944,single_train,single,2,True
14828,single_train,single,1,True
14823,single_train,single,7,False
14832,single_train,single,1,True
14835,single_train,single,1,True
14825,single_train,single,20,False
14822,single_train,single,1,True
14831,single_train,single,15,False
14829,single_train,single,2,True
14826,single_train,single,1,True
14834,single_train,single,5,False
14833,single_train,single,7,False
14821,single_train,single,7,False
14827,single_train,single,58,False
14824,single_train,single,1,True
104572,single_train,single,2,True
104573,single_train,single,12,False
104574,single_train,single,1,True
104571,single_train,single,11,False
116304,single_train,single,6,False
116305,single_train,single,17,False
116303,single_train,single,1,True
116307,single_train,single,4,False
116312,single_train,single,1,True
116306,single_train,single,1,True
116308,single_train,single,2,True
116309,single_train,single,1,True
42196,single_train,single,2,True
42190,single_train,single,1,True
42195,single_train,single,2,True
42191,single_train,single,3,True
42192,single_train,single,27,False
42193,single_train,single,1,True
42194,single_train,single,11,False
105954,single_train,single,4,False
105956,single_train,single,1,True
105955,single_train,single,14,False
105953,single_train,single,4,False
18157,single_train,single,2,True
18158,single_train,single,1,True
18159,single_train,single,2,True
18156,single_train,single,1,True
95892,single_train,single,23,False
95898,single_train,single,8,False
95896,single_train,single,1,True
95897,single_train,single,13,False
95895,single_train,single,1,True
95891,single_train,single,42,False
95890,single_train,single,15,False
95894,single_train,single,3,True
95893,single_train,single,8,False
948,single_train,single,33,False
950,single_train,single,9,False
955,single_train,single,1,True
953,single_train,single,2,True
951,single_train,single,11,False
952,single_train,single,1,True
949,single_train,single,1,True
954,single_train,single,5,False
141825,single_train,single,4,False
141829,single_train,single,5,False
141823,single_train,single,4,False
141826,single_train,single,3,True
141824,single_train,single,1,True
141818,single_train,single,2,True
141827,single_train,single,4,False
59023,single_train,single,6,False
59027,single_train,single,1,True
59025,single_train,single,3,True
59026,single_train,single,2,True
59022,single_train,single,21,False
59024,single_train,single,3,True
41191,single_train,single,1,True
41187,single_train,single,20,False
41189,single_train,single,2,True
41188,single_train,single,1,True
41186,single_train,single,1,True
84122,single_train,single,8,False
84125,single_train,single,1,True
84120,single_train,single,15,False
84123,single_train,single,4,False
84121,single_train,single,106,False
84127,single_train,single,1,True
84119,single_train,single,50,False
17734,single_train,single,3,True
17740,single_train,single,6,False
17737,single_train,single,1,True
17736,single_train,single,13,False
84641,single_train,single,1,True
84643,single_train,single,4,False
84639,single_train,single,7,False
84646,single_train,single,1,True
84644,single_train,single,1,True
84645,single_train,single,1,True
84640,single_train,single,4,False
84642,single_train,single,2,True
37628,single_train,single,13,False
37624,single_train,single,8,False
37629,single_train,single,1,True
37630,single_train,single,15,False
37622,single_train,single,14,False
37623,single_train,single,1,True
37632,single_train,single,1,True
37626,single_train,single,3,True
37627,single_train,single,2,True
37625,single_train,single,4,False
37631,single_train,single,12,False
77546,single_train,single,6,False
77544,single_train,single,9,False
77543,single_train,single,13,False
77539,single_train,single,5,False
77541,single_train,single,1,True
77540,single_train,single,46,False
77542,single_train,single,11,False
77545,single_train,single,1,True
55554,single_train,single,12,False
55555,single_train,single,4,False
55551,single_train,single,2,True
55556,single_train,single,3,True
55552,single_train,single,5,False
55553,single_train,single,2,True
55557,single_train,single,3,True
124908,single_train,single,4,False
124911,single_train,single,1,True
124919,single_train,single,1,True
124910,single_train,single,47,False
124918,single_train,single,2,True
124907,single_train,single,2,True
124915,single_train,single,1,True
124914,single_train,single,4,False
124912,single_train,single,1,True
124909,single_train,single,23,False
124913,single_train,single,1,True
50305,single_train,single,3,True
50309,single_train,single,1,True
50303,single_train,single,71,False
50306,single_train,single,5,False
50308,single_train,single,9,False
50302,single_train,single,9,False
50307,single_train,single,2,True
50304,single_train,single,8,False
77408,single_train,single,1,True
77406,single_train,single,3,True
77407,single_train,single,15,False
77405,single_train,single,7,False
29891,single_train,single,3,True
29888,single_train,single,11,False
29887,single_train,single,2,True
29890,single_train,single,1,True
29886,single_train,single,1,True
29889,single_train,single,1,True
61138,single_train,single,3,True
61139,single_train,single,3,True
61134,single_train,single,8,False
61136,single_train,single,3,True
61135,single_train,single,3,True
61137,single_train,single,4,False
160658,single_train,single,1,True
160657,single_train,single,2,True
160653,single_train,single,28,False
160661,single_train,single,1,True
160656,single_train,single,4,False
160655,single_train,single,17,False
160654,single_train,single,1,True
156108,single_train,single,14,False
156112,single_train,single,1,True
156109,single_train,single,1,True
156106,single_train,single,2,True
156110,single_train,single,5,False
156107,single_train,single,2,True
115640,single_train,single,1,True
115637,single_train,single,1,True
115639,single_train,single,10,False
115642,single_train,single,1,True
115645,single_train,single,8,False
115638,single_train,single,3,True
115643,single_train,single,1,True
115644,single_train,single,2,True
115646,single_train,single,1,True
60599,single_train,single,3,True
60597,single_train,single,3,True
60600,single_train,single,3,True
60598,single_train,single,3,True
27139,single_train,single,1,True
27137,single_train,single,5,False
27138,single_train,single,4,False
27136,single_train,single,3,True
39390,single_train,single,1,True
39399,single_train,single,1,True
39391,single_train,single,1,True
39395,single_train,single,2,True
39393,single_train,single,1,True
39392,single_train,single,11,False
39394,single_train,single,1,True
149564,single_train,single,1,True
149562,single_train,single,4,False
149563,single_train,single,1,True
149565,single_train,single,1,True
50342,single_train,single,2,True
50341,single_train,single,3,True
50345,single_train,single,10,False
50346,single_train,single,23,False
50340,single_train,single,16,False
50344,single_train,single,1,True
50343,single_train,single,2,True
61602,single_train,single,2,True
61603,single_train,single,3,True
61601,single_train,single,5,False
61599,single_train,single,13,False
61600,single_train,single,9,False
151350,single_train,single,9,False
151345,single_train,single,3,True
151348,single_train,single,1,True
151352,single_train,single,9,False
151349,single_train,single,2,True
151351,single_train,single,1,True
151347,single_train,single,3,True
151346,single_train,single,1,True
151353,single_train,single,1,True
54340,single_train,single,3,True
54341,single_train,single,3,True
54338,single_train,single,8,False
54344,single_train,single,1,True
54343,single_train,single,1,True
54339,single_train,single,2,True
120443,single_train,single,2,True
120438,single_train,single,6,False
120445,single_train,single,2,True
120440,single_train,single,10,False
120446,single_train,single,4,False
120439,single_train,single,9,False
120448,single_train,single,1,True
120447,single_train,single,1,True
120441,single_train,single,2,True
120442,single_train,single,3,True
120444,single_train,single,7,False
8551,single_train,single,2,True
8548,single_train,single,9,False
8547,single_train,single,4,False
8552,single_train,single,1,True
8550,single_train,single,1,True
8553,single_train,single,2,True
8549,single_train,single,22,False
137444,single_train,single,1,True
137435,single_train,single,16,False
137443,single_train,single,1,True
137438,single_train,single,4,False
137440,single_train,single,1,True
137433,single_train,single,2,True
137437,single_train,single,1,True
137441,single_train,single,1,True
137439,single_train,single,24,False
57457,single_train,single,3,True
57452,single_train,single,19,False
57458,single_train,single,3,True
57453,single_train,single,2,True
57456,single_train,single,3,True
92482,single_train,single,1,True
92481,single_train,single,1,True
92477,single_train,single,4,False
92478,single_train,single,1,True
92474,single_train,single,9,False
92484,single_train,single,1,True
92475,single_train,single,9,False
92479,single_train,single,2,True
92483,single_train,single,1,True
156327,single_train,single,1,True
156329,single_train,single,1,True
156331,single_train,single,3,True
156324,single_train,single,2,True
156323,single_train,single,1,True
156330,single_train,single,4,False
156332,single_train,single,5,False
156325,single_train,single,3,True
156326,single_train,single,1,True
156328,single_train,single,11,False
33666,single_train,single,2,True
33671,single_train,single,7,False
33665,single_train,single,3,True
33668,single_train,single,1,True
33669,single_train,single,3,True
33670,single_train,single,3,True
33672,single_train,single,1,True
81670,single_train,single,2,True
81674,single_train,single,2,True
81669,single_train,single,1,True
81671,single_train,single,20,False
81672,single_train,single,1,True
81675,single_train,single,2,True
81676,single_train,single,1,True
155556,single_train,single,1,True
155552,single_train,single,1,True
155554,single_train,single,1,True
155550,single_train,single,3,True
155551,single_train,single,3,True
120086,single_train,single,8,False
120085,single_train,single,12,False
120081,single_train,single,2,True
120084,single_train,single,2,True
120083,single_train,single,2,True
3959,single_train,single,1,True
3960,single_train,single,3,True
3962,single_train,single,1,True
3965,single_train,single,1,True
3958,single_train,single,1,True
3957,single_train,single,9,False
119821,single_train,single,6,False
119814,single_train,single,2,True
119818,single_train,single,3,True
119816,single_train,single,4,False
119822,single_train,single,5,False
119815,single_train,single,10,False
119819,single_train,single,2,True
119817,single_train,single,1,True
119820,single_train,single,1,True
4289,single_train,single,2,True
4292,single_train,single,1,True
4285,single_train,single,2,True
4288,single_train,single,1,True
4287,single_train,single,46,False
4286,single_train,single,1,True
4290,single_train,single,1,True
4293,single_train,single,2,True
49581,single_train,single,1,True
49580,single_train,single,1,True
49576,single_train,single,3,True
49577,single_train,single,3,True
49578,single_train,single,5,False
49579,single_train,single,1,True
49575,single_train,single,2,True
49572,single_train,single,20,False
49574,single_train,single,3,True
49573,single_train,single,2,True
33747,single_train,single,4,False
33742,single_train,single,11,False
33743,single_train,single,1,True
33741,single_train,single,3,True
33745,single_train,single,1,True
33740,single_train,single,3,True
33744,single_train,single,3,True
124588,single_train,single,5,False
124589,single_train,single,3,True
124584,single_train,single,8,False
124592,single_train,single,4,False
124585,single_train,single,25,False
124595,single_train,single,1,True
124590,single_train,single,7,False
124591,single_train,single,8,False
124587,single_train,single,16,False
124586,single_train,single,12,False
124593,single_train,single,1,True
49180,single_train,single,8,False
49182,single_train,single,5,False
49185,single_train,single,6,False
49181,single_train,single,6,False
49189,single_train,single,1,True
49183,single_train,single,3,True
49186,single_train,single,1,True
49187,single_train,single,21,False
49188,single_train,single,1,True
49184,single_train,single,21,False
158916,single_train,single,1,True
158910,single_train,single,4,False
158912,single_train,single,9,False
158908,single_train,single,28,False
158906,single_train,single,2,True
150305,single_train,single,1,True
150303,single_train,single,1,True
150299,single_train,single,8,False
150297,single_train,single,5,False
150298,single_train,single,2,True
150302,single_train,single,2,True
150301,single_train,single,4,False
150300,single_train,single,1,True
22634,single_train,single,15,False
22632,single_train,single,1,True
22633,single_train,single,1,True
22635,single_train,single,1,True
22630,single_train,single,6,False
22629,single_train,single,4,False
22631,single_train,single,21,False
32441,single_train,single,1,True
32444,single_train,single,5,False
32440,single_train,single,9,False
32439,single_train,single,3,True
32438,single_train,single,2,True
32443,single_train,single,1,True
32446,single_train,single,1,True
32442,single_train,single,1,True
67445,single_train,single,3,True
67448,single_train,single,1,True
67441,single_train,single,1,True
67451,single_train,single,3,True
67447,single_train,single,1,True
67453,single_train,single,2,True
67452,single_train,single,2,True
67443,single_train,single,1,True
67446,single_train,single,22,False
67444,single_train,single,3,True
67449,single_train,single,2,True
67442,single_train,single,5,False
67450,single_train,single,2,True
23110,single_train,single,1,True
23112,single_train,single,2,True
23115,single_train,single,10,False
23113,single_train,single,1,True
23114,single_train,single,1,True
23116,single_train,single,1,True
23111,single_train,single,1,True
130866,single_train,single,2,True
130871,single_train,single,8,False
130865,single_train,single,2,True
130867,single_train,single,10,False
130872,single_train,single,5,False
130869,single_train,single,3,True
130870,single_train,single,3,True
27212,single_train,single,1,True
27214,single_train,single,1,True
27210,single_train,single,3,True
27213,single_train,single,5,False
27209,single_train,single,3,True
27211,single_train,single,5,False
113797,single_train,single,1,True
113799,single_train,single,2,True
113805,single_train,single,1,True
113800,single_train,single,6,False
113802,single_train,single,3,True
113798,single_train,single,6,False
59415,single_train,single,2,True
59414,single_train,single,3,True
59416,single_train,single,6,False
59411,single_train,single,5,False
59412,single_train,single,17,False
59413,single_train,single,18,False
19916,single_train,single,1,True
19920,single_train,single,1,True
19919,single_train,single,3,True
19914,single_train,single,2,True
19917,single_train,single,12,False
19918,single_train,single,1,True
19923,single_train,single,27,False
19915,single_train,single,4,False
19924,single_train,single,1,True
19922,single_train,single,2,True
96710,single_train,single,1,True
96704,single_train,single,62,False
96708,single_train,single,2,True
96709,single_train,single,2,True
96706,single_train,single,4,False
96711,single_train,single,3,True
96707,single_train,single,1,True
57412,single_train,single,7,False
57410,single_train,single,1,True
57413,single_train,single,3,True
57409,single_train,single,12,False
57411,single_train,single,3,True
146509,single_train,single,3,True
146515,single_train,single,11,False
146519,single_train,single,3,True
146518,single_train,single,1,True
146517,single_train,single,21,False
146516,single_train,single,1,True
146514,single_train,single,2,True
139746,single_train,single,4,False
139739,single_train,single,2,True
139741,single_train,single,21,False
139748,single_train,single,4,False
139749,single_train,single,2,True
139744,single_train,single,1,True
139747,single_train,single,12,False
139745,single_train,single,3,True
97590,single_train,single,1,True
97589,single_train,single,2,True
97588,single_train,single,2,True
49829,single_train,single,2,True
49827,single_train,single,10,False
49830,single_train,single,2,True
49828,single_train,single,2,True
49832,single_train,single,9,False
49831,single_train,single,1,True
49826,single_train,single,9,False
46496,single_train,single,1,True
46492,single_train,single,1,True
46495,single_train,single,5,False
46486,single_train,single,3,True
46491,single_train,single,1,True
46490,single_train,single,3,True
46493,single_train,single,1,True
46489,single_train,single,1,True
46487,single_train,single,4,False
46488,single_train,single,8,False
104308,single_train,single,5,False
104310,single_train,single,1,True
104304,single_train,single,3,True
104307,single_train,single,1,True
104306,single_train,single,24,False
104309,single_train,single,5,False
34365,single_train,single,1,True
34367,single_train,single,12,False
34373,single_train,single,2,True
34366,single_train,single,2,True
34369,single_train,single,1,True
34368,single_train,single,1,True
34372,single_train,single,2,True
34370,single_train,single,11,False
34371,single_train,single,1,True
4394,single_train,single,1,True
4391,single_train,single,1,True
4390,single_train,single,6,False
4392,single_train,single,1,True
4386,single_train,single,8,False
4388,single_train,single,8,False
4389,single_train,single,1,True
4385,single_train,single,2,True
4387,single_train,single,1,True
4384,single_train,single,1,True
132861,single_train,single,1,True
132868,single_train,single,1,True
132859,single_train,single,2,True
132860,single_train,single,37,False
132858,single_train,single,1,True
132863,single_train,single,2,True
132865,single_train,single,1,True
132864,single_train,single,18,False
14208,single_train,single,2,True
14211,single_train,single,1,True
14210,single_train,single,4,False
23969,single_train,single,1,True
23963,single_train,single,9,False
23965,single_train,single,3,True
23962,single_train,single,2,True
23966,single_train,single,1,True
23964,single_train,single,1,True
35322,single_train,single,1,True
35321,single_train,single,9,False
35313,single_train,single,2,True
35315,single_train,single,2,True
35312,single_train,single,4,False
35320,single_train,single,1,True
35314,single_train,single,3,True
35317,single_train,single,3,True
35316,single_train,single,2,True
35318,single_train,single,1,True
35319,single_train,single,4,False
124576,single_train,single,2,True
124581,single_train,single,8,False
124582,single_train,single,1,True
124575,single_train,single,17,False
124579,single_train,single,4,False
124574,single_train,single,23,False
124578,single_train,single,4,False
124577,single_train,single,8,False
120098,single_train,single,1,True
120097,single_train,single,1,True
120099,single_train,single,1,True
120093,single_train,single,3,True
120091,single_train,single,13,False
120095,single_train,single,5,False
120100,single_train,single,1,True
120094,single_train,single,1,True
120096,single_train,single,4,False
120090,single_train,single,23,False
120092,single_train,single,7,False
89349,single_train,single,1,True
89348,single_train,single,1,True
89346,single_train,single,2,True
89350,single_train,single,1,True
89342,single_train,single,2,True
89344,single_train,single,2,True
68881,single_train,single,1,True
68883,single_train,single,1,True
68882,single_train,single,45,False
68880,single_train,single,2,True
57971,single_train,single,29,False
57975,single_train,single,3,True
57974,single_train,single,3,True
57973,single_train,single,18,False
57972,single_train,single,4,False
57976,single_train,single,5,False
57977,single_train,single,1,True
57979,single_train,single,1,True
102441,single_train,single,24,False
102442,single_train,single,1,True
102445,single_train,single,24,False
102444,single_train,single,2,True
102446,single_train,single,1,True
102439,single_train,single,9,False
71839,single_train,single,1,True
71841,single_train,single,3,True
71838,single_train,single,13,False
71842,single_train,single,1,True
71836,single_train,single,11,False
161608,single_train,single,1,True
161606,single_train,single,6,False
161602,single_train,single,7,False
161611,single_train,single,1,True
161607,single_train,single,1,True
161600,single_train,single,10,False
161603,single_train,single,1,True
161605,single_train,single,4,False
161604,single_train,single,1,True
56565,single_train,single,3,True
56564,single_train,single,3,True
56562,single_train,single,17,False
56563,single_train,single,3,True
56561,single_train,single,11,False
56566,single_train,single,2,True
54516,single_train,single,1,True
54514,single_train,single,8,False
54515,single_train,single,2,True
54517,single_train,single,3,True
54518,single_train,single,3,True
54513,single_train,single,8,False
68066,single_train,single,30,False
68061,single_train,single,8,False
68064,single_train,single,1,True
68063,single_train,single,32,False
68062,single_train,single,11,False
68067,single_train,single,12,False
68065,single_train,single,12,False
157978,single_train,single,9,False
157982,single_train,single,11,False
157981,single_train,single,1,True
157980,single_train,single,7,False
157979,single_train,single,4,False
157983,single_train,single,1,True
17956,single_train,single,1,True
17958,single_train,single,32,False
17957,single_train,single,3,True
17962,single_train,single,2,True
17961,single_train,single,51,False
17960,single_train,single,5,False
17959,single_train,single,1,True
139491,single_train,single,5,False
139489,single_train,single,3,True
139497,single_train,single,16,False
139488,single_train,single,2,True
139493,single_train,single,3,True
139487,single_train,single,1,True
139492,single_train,single,2,True
139498,single_train,single,1,True
139496,single_train,single,10,False
147061,single_train,single,8,False
147059,single_train,single,35,False
147063,single_train,single,8,False
147057,single_train,single,5,False
147058,single_train,single,4,False
147060,single_train,single,3,True
147062,single_train,single,30,False
126482,single_train,single,26,False
126483,single_train,single,1,True
126481,single_train,single,2,True
126480,single_train,single,3,True
69154,single_train,single,4,False
69157,single_train,single,30,False
69150,single_train,single,3,True
69151,single_train,single,2,True
69153,single_train,single,1,True
69152,single_train,single,9,False
69155,single_train,single,2,True
95587,single_train,single,1,True
95579,single_train,single,2,True
95580,single_train,single,4,False
95578,single_train,single,2,True
95581,single_train,single,7,False
121790,single_train,single,20,False
121794,single_train,single,8,False
121795,single_train,single,8,False
121791,single_train,single,7,False
121796,single_train,single,2,True
121792,single_train,single,2,True
79010,single_train,single,5,False
79013,single_train,single,1,True
79006,single_train,single,3,True
79008,single_train,single,11,False
79007,single_train,single,3,True
79009,single_train,single,1,True
155583,single_train,single,2,True
155582,single_train,single,1,True
155589,single_train,single,1,True
155585,single_train,single,1,True
155581,single_train,single,4,False
155580,single_train,single,3,True
155579,single_train,single,11,False
155584,single_train,single,4,False
143189,single_train,single,1,True
143190,single_train,single,13,False
143183,single_train,single,21,False
143188,single_train,single,7,False
143187,single_train,single,12,False
143182,single_train,single,1,True
143181,single_train,single,2,True
143191,single_train,single,1,True
98050,single_train,single,2,True
98053,single_train,single,1,True
98052,single_train,single,43,False
98058,single_train,single,24,False
98051,single_train,single,2,True
135023,single_train,single,4,False
135026,single_train,single,1,True
135017,single_train,single,2,True
135024,single_train,single,3,True
135016,single_train,single,2,True
135020,single_train,single,2,True
135021,single_train,single,2,True
135015,single_train,single,8,False
135019,single_train,single,3,True
135022,single_train,single,1,True
135018,single_train,single,1,True
159169,single_train,single,4,False
159176,single_train,single,2,True
159171,single_train,single,1,True
159170,single_train,single,11,False
159178,single_train,single,14,False
159179,single_train,single,1,True
159177,single_train,single,1,True
159168,single_train,single,1,True
159175,single_train,single,1,True
63185,single_train,single,10,False
63183,single_train,single,21,False
63184,single_train,single,4,False
63187,single_train,single,1,True
63190,single_train,single,1,True
63180,single_train,single,7,False
63181,single_train,single,62,False
63182,single_train,single,1,True
63186,single_train,single,1,True
73589,single_train,single,6,False
73587,single_train,single,2,True
73596,single_train,single,49,False
73594,single_train,single,1,True
73591,single_train,single,1,True
73590,single_train,single,1,True
73595,single_train,single,1,True
73593,single_train,single,20,False
40579,single_train,single,1,True
40580,single_train,single,6,False
40581,single_train,single,4,False
40585,single_train,single,4,False
40577,single_train,single,3,True
40578,single_train,single,13,False
40576,single_train,single,4,False
40583,single_train,single,1,True
40582,single_train,single,13,False
40584,single_train,single,8,False
129995,single_train,single,5,False
129996,single_train,single,4,False
130002,single_train,single,3,True
130003,single_train,single,1,True
129994,single_train,single,4,False
129997,single_train,single,1,True
130000,single_train,single,9,False
130001,single_train,single,28,False
59293,single_train,single,12,False
59290,single_train,single,5,False
59292,single_train,single,6,False
59291,single_train,single,3,True
59289,single_train,single,7,False
59294,single_train,single,3,True
99585,single_train,single,1,True
99583,single_train,single,8,False
99581,single_train,single,8,False
99584,single_train,single,1,True
49614,single_train,single,3,True
49617,single_train,single,20,False
49616,single_train,single,3,True
49618,single_train,single,3,True
49621,single_train,single,1,True
49615,single_train,single,3,True
49613,single_train,single,6,False
49612,single_train,single,6,False
142020,single_train,single,2,True
142018,single_train,single,1,True
142023,single_train,single,8,False
142025,single_train,single,4,False
142019,single_train,single,2,True
142021,single_train,single,1,True
142026,single_train,single,2,True
142024,single_train,single,10,False
142022,single_train,single,2,True
142016,single_train,single,1,True
142017,single_train,single,4,False
142015,single_train,single,1,True
10454,single_train,single,6,False
10452,single_train,single,2,True
10449,single_train,single,2,True
10455,single_train,single,1,True
10448,single_train,single,1,True
10453,single_train,single,1,True
10457,single_train,single,2,True
10450,single_train,single,2,True
57528,single_train,single,3,True
57531,single_train,single,6,False
57529,single_train,single,3,True
57526,single_train,single,2,True
57532,single_train,single,1,True
57530,single_train,single,2,True
57527,single_train,single,13,False
57533,single_train,single,1,True
121857,single_train,single,25,False
121863,single_train,single,4,False
121858,single_train,single,8,False
121862,single_train,single,3,True
121861,single_train,single,4,False
121856,single_train,single,44,False
123342,single_train,single,4,False
123338,single_train,single,18,False
123339,single_train,single,1,True
123336,single_train,single,20,False
123341,single_train,single,2,True
123337,single_train,single,8,False
119353,single_train,single,3,True
119352,single_train,single,2,True
119356,single_train,single,2,True
119351,single_train,single,2,True
119348,single_train,single,2,True
119359,single_train,single,1,True
119358,single_train,single,1,True
119350,single_train,single,18,False
119355,single_train,single,2,True
119354,single_train,single,1,True
119349,single_train,single,6,False
152201,single_train,single,6,False
152202,single_train,single,2,True
152203,single_train,single,32,False
152199,single_train,single,2,True
152207,single_train,single,1,True
152200,single_train,single,3,True
48513,single_train,single,3,True
48511,single_train,single,8,False
48515,single_train,single,3,True
48512,single_train,single,8,False
48516,single_train,single,1,True
48514,single_train,single,3,True
48517,single_train,single,1,True
147270,single_train,single,1,True
147269,single_train,single,4,False
147265,single_train,single,6,False
147264,single_train,single,1,True
147267,single_train,single,18,False
147266,single_train,single,2,True
147262,single_train,single,1,True
147263,single_train,single,2,True
94752,single_train,single,1,True
94749,single_train,single,2,True
94751,single_train,single,2,True
94750,single_train,single,1,True
94748,single_train,single,2,True
94745,single_train,single,2,True
94747,single_train,single,1,True
94744,single_train,single,4,False
13956,single_train,single,6,False
13953,single_train,single,3,True
13952,single_train,single,1,True
13955,single_train,single,1,True
13954,single_train,single,1,True
57422,single_train,single,1,True
57415,single_train,single,13,False
57417,single_train,single,3,True
57420,single_train,single,3,True
57421,single_train,single,3,True
57418,single_train,single,2,True
57419,single_train,single,3,True
57416,single_train,single,14,False
9397,single_train,single,12,False
9401,single_train,single,20,False
9406,single_train,single,1,True
9395,single_train,single,1,True
9399,single_train,single,5,False
9400,single_train,single,3,True
9402,single_train,single,1,True
9404,single_train,single,2,True
9398,single_train,single,1,True
46862,single_train,single,3,True
46863,single_train,single,3,True
46861,single_train,single,2,True
46864,single_train,single,3,True
46860,single_train,single,13,False
55205,single_train,single,3,True
55206,single_train,single,1,True
55209,single_train,single,1,True
55207,single_train,single,3,True
55204,single_train,single,2,True
55210,single_train,single,1,True
55203,single_train,single,5,False
55202,single_train,single,8,False
37363,single_train,single,1,True
37359,single_train,single,1,True
37360,single_train,single,2,True
37362,single_train,single,7,False
37361,single_train,single,2,True
37356,single_train,single,1,True
37358,single_train,single,8,False
163392,single_train,single,1,True
163396,single_train,single,1,True
163390,single_train,single,5,False
163394,single_train,single,2,True
163389,single_train,single,3,True
163395,single_train,single,11,False
163397,single_train,single,6,False
163393,single_train,single,23,False
163391,single_train,single,10,False
105337,single_train,single,12,False
105338,single_train,single,1,True
105342,single_train,single,1,True
105339,single_train,single,2,True
105336,single_train,single,9,False
105335,single_train,single,2,True
52833,single_train,single,13,False
52836,single_train,single,3,True
52834,single_train,single,3,True
52832,single_train,single,9,False
52840,single_train,single,1,True
52837,single_train,single,1,True
14760,single_train,single,2,True
14761,single_train,single,1,True
14758,single_train,single,3,True
14756,single_train,single,45,False
14759,single_train,single,1,True
14757,single_train,single,1,True
14764,single_train,single,1,True
14754,single_train,single,1,True
75370,single_train,single,1,True
75366,single_train,single,1,True
75365,single_train,single,33,False
75360,single_train,single,2,True
75363,single_train,single,7,False
75364,single_train,single,1,True
75361,single_train,single,33,False
75359,single_train,single,7,False
75362,single_train,single,1,True
137629,single_train,single,4,False
137625,single_train,single,7,False
137627,single_train,single,10,False
137628,single_train,single,1,True
137631,single_train,single,20,False
137632,single_train,single,1,True
137630,single_train,single,2,True
121823,single_train,single,1,True
121822,single_train,single,11,False
121818,single_train,single,17,False
121817,single_train,single,7,False
121820,single_train,single,6,False
121819,single_train,single,11,False
121821,single_train,single,8,False
38843,single_train,single,2,True
38840,single_train,single,2,True
38846,single_train,single,1,True
38852,single_train,single,1,True
38845,single_train,single,13,False
38842,single_train,single,1,True
38849,single_train,single,2,True
38851,single_train,single,25,False
38847,single_train,single,5,False
38841,single_train,single,10,False
38839,single_train,single,4,False
38850,single_train,single,4,False
140275,single_train,single,1,True
140269,single_train,single,7,False
140272,single_train,single,23,False
140270,single_train,single,4,False
140274,single_train,single,30,False
140279,single_train,single,1,True
140278,single_train,single,20,False
140271,single_train,single,1,True
53101,single_train,single,1,True
53099,single_train,single,6,False
53097,single_train,single,2,True
53098,single_train,single,3,True
53095,single_train,single,4,False
53094,single_train,single,13,False
53100,single_train,single,1,True
120985,single_train,single,10,False
120987,single_train,single,10,False
120991,single_train,single,4,False
120986,single_train,single,10,False
120988,single_train,single,2,True
120989,single_train,single,17,False
120993,single_train,single,5,False
120990,single_train,single,2,True
120992,single_train,single,38,False
61565,single_train,single,1,True
61562,single_train,single,3,True
61559,single_train,single,7,False
61566,single_train,single,1,True
61558,single_train,single,11,False
61564,single_train,single,1,True
61563,single_train,single,3,True
61561,single_train,single,2,True
61560,single_train,single,2,True
107596,single_train,single,1,True
107597,single_train,single,3,True
107594,single_train,single,2,True
107592,single_train,single,2,True
107590,single_train,single,6,False
107595,single_train,single,2,True
107591,single_train,single,2,True
52481,single_train,single,4,False
52484,single_train,single,3,True
52480,single_train,single,2,True
52483,single_train,single,6,False
52478,single_train,single,13,False
52479,single_train,single,26,False
52482,single_train,single,2,True
81204,single_train,single,5,False
81208,single_train,single,5,False
81209,single_train,single,11,False
81207,single_train,single,1,True
81206,single_train,single,29,False
81205,single_train,single,2,True
83148,single_train,single,2,True
83154,single_train,single,1,True
83149,single_train,single,14,False
83153,single_train,single,1,True
83147,single_train,single,3,True
83152,single_train,single,4,False
83150,single_train,single,1,True
83151,single_train,single,9,False
52499,single_train,single,1,True
52495,single_train,single,2,True
52498,single_train,single,1,True
52496,single_train,single,9,False
52501,single_train,single,1,True
52493,single_train,single,3,True
52492,single_train,single,10,False
52497,single_train,single,1,True
52494,single_train,single,21,False
48590,single_train,single,3,True
48587,single_train,single,12,False
48592,single_train,single,3,True
48593,single_train,single,1,True
48588,single_train,single,13,False
48589,single_train,single,3,True
48591,single_train,single,7,False
32162,single_train,single,4,False
32165,single_train,single,1,True
32163,single_train,single,2,True
32172,single_train,single,2,True
32170,single_train,single,1,True
32169,single_train,single,1,True
32167,single_train,single,1,True
32166,single_train,single,10,False
32168,single_train,single,11,False
32171,single_train,single,1,True
39,single_train,single,6,False
38,single_train,single,2,True
34,single_train,single,2,True
32,single_train,single,3,True
40,single_train,single,1,True
41,single_train,single,99,False
35,single_train,single,3,True
36,single_train,single,3,True
37,single_train,single,1,True
165304,single_train,single,2,True
165313,single_train,single,1,True
165314,single_train,single,2,True
165309,single_train,single,1,True
165307,single_train,single,1,True
165311,single_train,single,2,True
165310,single_train,single,3,True
165312,single_train,single,4,False
165308,single_train,single,9,False
165306,single_train,single,5,False
24822,single_train,single,1,True
24818,single_train,single,1,True
24814,single_train,single,1,True
24817,single_train,single,16,False
24812,single_train,single,4,False
24808,single_train,single,1,True
24811,single_train,single,2,True
24820,single_train,single,3,True
24809,single_train,single,16,False
24810,single_train,single,1,True
24816,single_train,single,4,False
24813,single_train,single,6,False
24807,single_train,single,4,False
24821,single_train,single,11,False
24819,single_train,single,1,True
24815,single_train,single,5,False
63812,single_train,single,4,False
63809,single_train,single,1,True
63813,single_train,single,1,True
63808,single_train,single,5,False
63811,single_train,single,4,False
63806,single_train,single,3,True
63807,single_train,single,3,True
63810,single_train,single,3,True
84578,single_train,single,20,False
84581,single_train,single,4,False
84583,single_train,single,1,True
84585,single_train,single,1,True
84584,single_train,single,1,True
84582,single_train,single,2,True
84580,single_train,single,1,True
84577,single_train,single,4,False
84579,single_train,single,2,True
44147,single_train,single,1,True
44153,single_train,single,1,True
44151,single_train,single,27,False
44155,single_train,single,2,True
44149,single_train,single,6,False
44152,single_train,single,10,False
44148,single_train,single,1,True
44150,single_train,single,1,True
12044,single_train,single,6,False
12041,single_train,single,1,True
12043,single_train,single,2,True
12046,single_train,single,9,False
12042,single_train,single,4,False
12045,single_train,single,13,False
12039,single_train,single,2,True
12040,single_train,single,16,False
12038,single_train,single,9,False
12048,single_train,single,9,False
140975,single_train,single,2,True
140971,single_train,single,2,True
140972,single_train,single,1,True
140974,single_train,single,4,False
140970,single_train,single,1,True
140976,single_train,single,1,True
140973,single_train,single,1,True
140968,single_train,single,1,True
64811,single_train,single,3,True
64814,single_train,single,1,True
64815,single_train,single,4,False
64817,single_train,single,31,False
64818,single_train,single,1,True
64812,single_train,single,2,True
64819,single_train,single,6,False
64816,single_train,single,6,False
64821,single_train,single,1,True
56544,single_train,single,1,True
56543,single_train,single,3,True
56538,single_train,single,14,False
56542,single_train,single,2,True
56540,single_train,single,7,False
56539,single_train,single,17,False
56546,single_train,single,1,True
56537,single_train,single,43,False
72590,single_train,single,9,False
72589,single_train,single,1,True
72591,single_train,single,1,True
72588,single_train,single,7,False
70440,single_train,single,9,False
70437,single_train,single,4,False
70436,single_train,single,5,False
70439,single_train,single,1,True
70441,single_train,single,8,False
70438,single_train,single,3,True
129412,single_train,single,4,False
129418,single_train,single,2,True
129419,single_train,single,1,True
129416,single_train,single,1,True
129411,single_train,single,4,False
129417,single_train,single,2,True
129413,single_train,single,13,False
129414,single_train,single,5,False
129415,single_train,single,15,False
123446,single_train,single,3,True
123447,single_train,single,10,False
123448,single_train,single,3,True
123443,single_train,single,3,True
123444,single_train,single,4,False
123445,single_train,single,2,True
123442,single_train,single,10,False
108844,single_train,single,1,True
108843,single_train,single,2,True
108839,single_train,single,2,True
108840,single_train,single,3,True
108838,single_train,single,7,False
108842,single_train,single,2,True
108841,single_train,single,1,True
108847,single_train,single,1,True
26087,single_train,single,2,True
26082,single_train,single,2,True
26083,single_train,single,3,True
26090,single_train,single,1,True
26084,single_train,single,16,False
26086,single_train,single,7,False
26089,single_train,single,1,True
26088,single_train,single,4,False
26085,single_train,single,1,True
68227,single_train,single,1,True
68221,single_train,single,1,True
68216,single_train,single,1,True
68217,single_train,single,2,True
68219,single_train,single,1,True
68222,single_train,single,2,True
68223,single_train,single,1,True
68218,single_train,single,2,True
68220,single_train,single,1,True
148013,single_train,single,2,True
148022,single_train,single,1,True
148015,single_train,single,1,True
148018,single_train,single,21,False
148012,single_train,single,4,False
148016,single_train,single,3,True
148017,single_train,single,2,True
148019,single_train,single,5,False
148014,single_train,single,8,False
124049,single_train,single,3,True
124050,single_train,single,3,True
124048,single_train,single,5,False
124051,single_train,single,8,False
124052,single_train,single,5,False
124047,single_train,single,50,False
130917,single_train,single,44,False
130918,single_train,single,1,True
130920,single_train,single,3,True
130915,single_train,single,8,False
51018,single_train,single,5,False
51021,single_train,single,3,True
51020,single_train,single,3,True
51019,single_train,single,5,False
51022,single_train,single,3,True
51024,single_train,single,1,True
71261,single_train,single,1,True
71270,single_train,single,2,True
71263,single_train,single,9,False
71267,single_train,single,9,False
71271,single_train,single,27,False
71262,single_train,single,2,True
71274,single_train,single,13,False
71266,single_train,single,1,True
71268,single_train,single,1,True
71272,single_train,single,6,False
135041,single_train,single,4,False
135043,single_train,single,10,False
135047,single_train,single,2,True
135040,single_train,single,4,False
135046,single_train,single,4,False
135039,single_train,single,2,True
135044,single_train,single,2,True
135049,single_train,single,1,True
135045,single_train,single,1,True
74129,single_train,single,2,True
74133,single_train,single,1,True
74135,single_train,single,8,False
74137,single_train,single,1,True
74132,single_train,single,1,True
74130,single_train,single,8,False
74131,single_train,single,1,True
74136,single_train,single,5,False
74128,single_train,single,6,False
20850,single_train,single,22,False
20846,single_train,single,22,False
20847,single_train,single,1,True
20851,single_train,single,1,True
20854,single_train,single,1,True
20848,single_train,single,2,True
20849,single_train,single,2,True
20845,single_train,single,2,True
20844,single_train,single,7,False
3057,single_train,single,1,True
3051,single_train,single,2,True
3056,single_train,single,9,False
3055,single_train,single,4,False
3060,single_train,single,1,True
3054,single_train,single,2,True
7529,single_train,single,1,True
7527,single_train,single,1,True
7530,single_train,single,5,False
7531,single_train,single,1,True
7533,single_train,single,2,True
7532,single_train,single,2,True
7534,single_train,single,5,False
7528,single_train,single,2,True
61486,single_train,single,1,True
61485,single_train,single,1,True
61482,single_train,single,2,True
61483,single_train,single,3,True
23563,single_train,single,2,True
23561,single_train,single,1,True
23564,single_train,single,1,True
23565,single_train,single,2,True
23562,single_train,single,1,True
23568,single_train,single,1,True
67149,single_train,single,1,True
67146,single_train,single,9,False
67152,single_train,single,1,True
67147,single_train,single,13,False
67148,single_train,single,49,False
148371,single_train,single,1,True
148373,single_train,single,1,True
148372,single_train,single,2,True
148374,single_train,single,7,False
148370,single_train,single,3,True
148379,single_train,single,1,True
90016,single_train,single,1,True
90012,single_train,single,2,True
90009,single_train,single,29,False
90015,single_train,single,1,True
90008,single_train,single,2,True
90011,single_train,single,1,True
90013,single_train,single,1,True
90014,single_train,single,5,False
90010,single_train,single,1,True
90007,single_train,single,5,False
47035,single_train,single,2,True
47032,single_train,single,5,False
47038,single_train,single,3,True
47037,single_train,single,2,True
47036,single_train,single,3,True
47034,single_train,single,18,False
47033,single_train,single,5,False
47039,single_train,single,3,True
47042,single_train,single,1,True
135614,single_train,single,16,False
135608,single_train,single,15,False
135605,single_train,single,1,True
135609,single_train,single,1,True
135611,single_train,single,1,True
135604,single_train,single,4,False
135610,single_train,single,9,False
135607,single_train,single,4,False
135606,single_train,single,2,True
97171,single_train,single,23,False
97176,single_train,single,1,True
97173,single_train,single,14,False
97172,single_train,single,23,False
97175,single_train,single,1,True
139804,single_train,single,5,False
139808,single_train,single,33,False
139806,single_train,single,1,True
139800,single_train,single,1,True
139805,single_train,single,5,False
139801,single_train,single,2,True
139807,single_train,single,13,False
65607,single_train,single,2,True
65609,single_train,single,15,False
65604,single_train,single,4,False
65603,single_train,single,2,True
65608,single_train,single,4,False
65606,single_train,single,1,True
65605,single_train,single,38,False
51194,single_train,single,1,True
51193,single_train,single,1,True
51192,single_train,single,6,False
51189,single_train,single,5,False
51191,single_train,single,3,True
51188,single_train,single,5,False
51197,single_train,single,1,True
147092,single_train,single,3,True
147100,single_train,single,1,True
147099,single_train,single,24,False
147090,single_train,single,2,True
147098,single_train,single,2,True
147096,single_train,single,1,True
147097,single_train,single,5,False
147091,single_train,single,1,True
147094,single_train,single,2,True
147095,single_train,single,2,True
147093,single_train,single,1,True
103896,single_train,single,4,False
103900,single_train,single,2,True
103898,single_train,single,14,False
103897,single_train,single,2,True
103902,single_train,single,6,False
103899,single_train,single,1,True
103901,single_train,single,2,True
108460,single_train,single,1,True
108467,single_train,single,8,False
108462,single_train,single,1,True
108464,single_train,single,1,True
108457,single_train,single,4,False
108468,single_train,single,1,True
108461,single_train,single,1,True
108459,single_train,single,18,False
108463,single_train,single,5,False
126179,single_train,single,55,False
126182,single_train,single,1,True
126177,single_train,single,8,False
126178,single_train,single,11,False
126180,single_train,single,1,True
126183,single_train,single,6,False
126181,single_train,single,5,False
50487,single_train,single,6,False
50486,single_train,single,11,False
50490,single_train,single,3,True
50489,single_train,single,3,True
50488,single_train,single,3,True
50491,single_train,single,5,False
50485,single_train,single,5,False
50484,single_train,single,5,False
123768,single_train,single,1,True
123765,single_train,single,2,True
123766,single_train,single,1,True
123764,single_train,single,1,True
123767,single_train,single,6,False
123761,single_train,single,2,True
92469,single_train,single,3,True
92466,single_train,single,38,False
92468,single_train,single,1,True
92465,single_train,single,3,True
92467,single_train,single,25,False
92472,single_train,single,14,False
92471,single_train,single,3,True
91101,single_train,single,31,False
91102,single_train,single,31,False
91103,single_train,single,4,False
91104,single_train,single,9,False
91105,single_train,single,2,True
91107,single_train,single,7,False
91108,single_train,single,3,True
91106,single_train,single,9,False
150130,single_train,single,10,False
150128,single_train,single,1,True
150129,single_train,single,7,False
150131,single_train,single,2,True
150132,single_train,single,2,True
152179,single_train,single,2,True
152180,single_train,single,1,True
152185,single_train,single,1,True
152176,single_train,single,2,True
152181,single_train,single,1,True
152178,single_train,single,1,True
152182,single_train,single,7,False
152177,single_train,single,3,True
110634,single_train,single,1,True
110629,single_train,single,3,True
110630,single_train,single,1,True
110628,single_train,single,2,True
119828,single_train,single,2,True
119831,single_train,single,2,True
119836,single_train,single,1,True
119834,single_train,single,1,True
119826,single_train,single,4,False
119832,single_train,single,4,False
119829,single_train,single,2,True
119833,single_train,single,9,False
119827,single_train,single,19,False
119830,single_train,single,2,True
124353,single_train,single,9,False
124358,single_train,single,7,False
124361,single_train,single,1,True
124354,single_train,single,2,True
124357,single_train,single,2,True
124359,single_train,single,7,False
124356,single_train,single,8,False
90875,single_train,single,1,True
90874,single_train,single,7,False
90873,single_train,single,1,True
90872,single_train,single,1,True
90877,single_train,single,1,True
90869,single_train,single,9,False
90870,single_train,single,2,True
90871,single_train,single,7,False
90876,single_train,single,1,True
81625,single_train,single,5,False
81623,single_train,single,1,True
81626,single_train,single,1,True
81624,single_train,single,1,True
78766,single_train,single,13,False
78764,single_train,single,10,False
78767,single_train,single,1,True
78765,single_train,single,2,True
78769,single_train,single,1,True
78768,single_train,single,2,True
116356,single_train,single,1,True
116358,single_train,single,1,True
116359,single_train,single,2,True
116354,single_train,single,1,True
116361,single_train,single,3,True
116355,single_train,single,2,True
116360,single_train,single,1,True
116357,single_train,single,17,False
90211,single_train,single,1,True
90216,single_train,single,1,True
90213,single_train,single,3,True
90217,single_train,single,1,True
90218,single_train,single,1,True
90210,single_train,single,9,False
90214,single_train,single,1,True
90215,single_train,single,7,False
90209,single_train,single,2,True
68407,single_train,single,3,True
68417,single_train,single,1,True
68414,single_train,single,8,False
68408,single_train,single,1,True
68412,single_train,single,14,False
68413,single_train,single,2,True
68411,single_train,single,8,False
75913,single_train,single,1,True
75915,single_train,single,2,True
75918,single_train,single,2,True
75920,single_train,single,1,True
75914,single_train,single,2,True
75909,single_train,single,4,False
75919,single_train,single,12,False
75911,single_train,single,6,False
75916,single_train,single,1,True
75912,single_train,single,1,True
75910,single_train,single,1,True
11726,single_train,single,2,True
11731,single_train,single,3,True
11729,single_train,single,1,True
11730,single_train,single,1,True
11727,single_train,single,1,True
11732,single_train,single,1,True
11728,single_train,single,13,False
26426,single_train,single,8,False
26428,single_train,single,4,False
26424,single_train,single,1,True
26427,single_train,single,1,True
26425,single_train,single,2,True
72186,single_train,single,1,True
72187,single_train,single,11,False
72185,single_train,single,2,True
72188,single_train,single,1,True
109474,single_train,single,10,False
109475,single_train,single,13,False
109473,single_train,single,1,True
109476,single_train,single,1,True
109477,single_train,single,5,False
109478,single_train,single,20,False
96247,single_train,single,2,True
96255,single_train,single,1,True
96251,single_train,single,2,True
96249,single_train,single,2,True
96253,single_train,single,1,True
96250,single_train,single,4,False
96246,single_train,single,2,True
96252,single_train,single,2,True
96254,single_train,single,1,True
61388,single_train,single,1,True
61386,single_train,single,3,True
61384,single_train,single,2,True
61382,single_train,single,4,False
61387,single_train,single,3,True
61383,single_train,single,10,False
61385,single_train,single,3,True
61389,single_train,single,1,True
96830,single_train,single,1,True
96835,single_train,single,3,True
96827,single_train,single,4,False
96836,single_train,single,1,True
96826,single_train,single,8,False
96829,single_train,single,3,True
106145,single_train,single,1,True
106144,single_train,single,6,False
106143,single_train,single,1,True
106142,single_train,single,6,False
53748,single_train,single,6,False
53752,single_train,single,1,True
53751,single_train,single,1,True
53746,single_train,single,14,False
53749,single_train,single,3,True
53745,single_train,single,5,False
53750,single_train,single,1,True
53747,single_train,single,2,True
159058,single_train,single,25,False
159055,single_train,single,1,True
159059,single_train,single,1,True
159054,single_train,single,2,True
159056,single_train,single,6,False
159063,single_train,single,1,True
159057,single_train,single,1,True
89037,single_train,single,4,False
89040,single_train,single,1,True
89041,single_train,single,1,True
89036,single_train,single,4,False
89042,single_train,single,5,False
89038,single_train,single,7,False
89043,single_train,single,1,True
89044,single_train,single,1,True
89039,single_train,single,1,True
106349,single_train,single,3,True
106353,single_train,single,5,False
106351,single_train,single,28,False
106350,single_train,single,4,False
106352,single_train,single,1,True
106354,single_train,single,2,True
124305,single_train,single,6,False
124307,single_train,single,21,False
124306,single_train,single,9,False
124310,single_train,single,3,True
124308,single_train,single,1,True
124304,single_train,single,3,True
124309,single_train,single,21,False
124303,single_train,single,41,False
58461,single_train,single,11,False
58465,single_train,single,1,True
58462,single_train,single,3,True
58464,single_train,single,1,True
58463,single_train,single,2,True
9703,single_train,single,1,True
9709,single_train,single,1,True
9708,single_train,single,12,False
9707,single_train,single,2,True
9705,single_train,single,3,True
9706,single_train,single,11,False
9702,single_train,single,12,False
9704,single_train,single,8,False
100652,single_train,single,5,False
100645,single_train,single,2,True
100649,single_train,single,1,True
100650,single_train,single,8,False
100653,single_train,single,1,True
100651,single_train,single,1,True
43831,single_train,single,1,True
43829,single_train,single,3,True
43832,single_train,single,2,True
43833,single_train,single,10,False
43830,single_train,single,10,False
152396,single_train,single,9,False
152402,single_train,single,1,True
152398,single_train,single,4,False
152401,single_train,single,1,True
152403,single_train,single,2,True
152394,single_train,single,1,True
152400,single_train,single,3,True
152399,single_train,single,3,True
152395,single_train,single,3,True
152404,single_train,single,1,True
152397,single_train,single,1,True
52271,single_train,single,2,True
52270,single_train,single,3,True
52267,single_train,single,5,False
52268,single_train,single,1,True
52272,single_train,single,1,True
52269,single_train,single,3,True
154587,single_train,single,5,False
154592,single_train,single,1,True
154586,single_train,single,1,True
154589,single_train,single,2,True
154588,single_train,single,1,True
154585,single_train,single,1,True
50999,single_train,single,9,False
51002,single_train,single,3,True
51004,single_train,single,7,False
50997,single_train,single,5,False
51000,single_train,single,6,False
51003,single_train,single,1,True
50998,single_train,single,5,False
51006,single_train,single,1,True
51001,single_train,single,7,False
10604,single_train,single,10,False
10603,single_train,single,3,True
10605,single_train,single,23,False
10602,single_train,single,1,True
10601,single_train,single,23,False
10599,single_train,single,6,False
10606,single_train,single,1,True
160472,single_train,single,8,False
160478,single_train,single,16,False
160479,single_train,single,1,True
160476,single_train,single,5,False
160477,single_train,single,2,True
46363,single_train,single,6,False
46364,single_train,single,9,False
46371,single_train,single,4,False
46367,single_train,single,7,False
46373,single_train,single,1,True
46369,single_train,single,1,True
108577,single_train,single,1,True
108576,single_train,single,3,True
108574,single_train,single,3,True
108580,single_train,single,1,True
14302,single_train,single,2,True
14304,single_train,single,8,False
14307,single_train,single,1,True
14309,single_train,single,3,True
14308,single_train,single,1,True
14306,single_train,single,7,False
14303,single_train,single,3,True
73991,single_train,single,2,True
73987,single_train,single,6,False
73993,single_train,single,1,True
73989,single_train,single,23,False
73990,single_train,single,1,True
117971,single_train,single,4,False
117972,single_train,single,29,False
117973,single_train,single,11,False
117980,single_train,single,1,True
117975,single_train,single,2,True
117976,single_train,single,4,False
117977,single_train,single,2,True
25916,single_train,single,1,True
25918,single_train,single,7,False
25919,single_train,single,1,True
25923,single_train,single,3,True
25917,single_train,single,2,True
25920,single_train,single,5,False
25922,single_train,single,1,True
25926,single_train,single,1,True
25925,single_train,single,6,False
25921,single_train,single,2,True
25924,single_train,single,2,True
156651,single_train,single,1,True
156650,single_train,single,6,False
156657,single_train,single,18,False
156656,single_train,single,1,True
156648,single_train,single,2,True
156655,single_train,single,2,True
156652,single_train,single,1,True
20135,single_train,single,1,True
20133,single_train,single,2,True
20130,single_train,single,18,False
20134,single_train,single,3,True
20129,single_train,single,2,True
20132,single_train,single,5,False
20128,single_train,single,2,True
111439,single_train,single,3,True
111445,single_train,single,4,False
111440,single_train,single,1,True
111442,single_train,single,2,True
111443,single_train,single,1,True
111437,single_train,single,1,True
111444,single_train,single,1,True
111441,single_train,single,2,True
47486,single_train,single,3,True
47484,single_train,single,39,False
47487,single_train,single,1,True
47488,single_train,single,4,False
47485,single_train,single,9,False
125667,single_train,single,3,True
125669,single_train,single,18,False
125670,single_train,single,1,True
125671,single_train,single,8,False
125673,single_train,single,1,True
125668,single_train,single,7,False
125672,single_train,single,20,False
142442,single_train,single,2,True
142440,single_train,single,2,True
142446,single_train,single,5,False
142444,single_train,single,5,False
142448,single_train,single,2,True
142452,single_train,single,4,False
142443,single_train,single,1,True
142451,single_train,single,1,True
142447,single_train,single,1,True
142453,single_train,single,1,True
142454,single_train,single,4,False
142441,single_train,single,2,True
142445,single_train,single,2,True
142450,single_train,single,10,False
142449,single_train,single,2,True
17006,single_train,single,8,False
17009,single_train,single,4,False
17010,single_train,single,8,False
17005,single_train,single,1,True
17011,single_train,single,1,True
17007,single_train,single,21,False
17008,single_train,single,1,True
123878,single_train,single,1,True
123876,single_train,single,2,True
123880,single_train,single,1,True
123877,single_train,single,5,False
123873,single_train,single,37,False
123881,single_train,single,1,True
123875,single_train,single,8,False
123874,single_train,single,3,True
114046,single_train,single,1,True
114041,single_train,single,2,True
114042,single_train,single,2,True
114040,single_train,single,4,False
114043,single_train,single,3,True
114039,single_train,single,1,True
53896,single_train,single,1,True
53894,single_train,single,2,True
53891,single_train,single,7,False
53890,single_train,single,5,False
53892,single_train,single,3,True
53898,single_train,single,1,True
53895,single_train,single,1,True
53897,single_train,single,1,True
53893,single_train,single,7,False
163244,single_train,single,1,True
163241,single_train,single,2,True
10840,single_train,single,6,False
10842,single_train,single,1,True
10844,single_train,single,25,False
10843,single_train,single,1,True
10841,single_train,single,31,False
10845,single_train,single,1,True
161446,single_train,single,1,True
161449,single_train,single,2,True
161447,single_train,single,2,True
161448,single_train,single,1,True
161451,single_train,single,5,False
161450,single_train,single,2,True
161452,single_train,single,1,True
109166,single_train,single,1,True
109163,single_train,single,1,True
109168,single_train,single,1,True
109164,single_train,single,7,False
109162,single_train,single,2,True
109165,single_train,single,16,False
82922,single_train,single,12,False
82924,single_train,single,1,True
82925,single_train,single,5,False
82926,single_train,single,1,True
82921,single_train,single,1,True
82923,single_train,single,50,False
82928,single_train,single,1,True
78724,single_train,single,35,False
78725,single_train,single,1,True
78729,single_train,single,1,True
78723,single_train,single,5,False
21367,single_train,single,2,True
21372,single_train,single,2,True
21369,single_train,single,1,True
21371,single_train,single,51,False
21366,single_train,single,1,True
21365,single_train,single,16,False
21370,single_train,single,2,True
21368,single_train,single,4,False
21364,single_train,single,9,False
104163,single_train,single,1,True
104167,single_train,single,2,True
104168,single_train,single,11,False
104169,single_train,single,1,True
59814,single_train,single,2,True
59819,single_train,single,1,True
59815,single_train,single,3,True
59813,single_train,single,3,True
59820,single_train,single,1,True
59818,single_train,single,1,True
59810,single_train,single,8,False
59812,single_train,single,2,True
59816,single_train,single,6,False
59811,single_train,single,5,False
93373,single_train,single,3,True
93375,single_train,single,1,True
93376,single_train,single,2,True
93379,single_train,single,1,True
93378,single_train,single,1,True
93380,single_train,single,1,True
93377,single_train,single,1,True
93381,single_train,single,1,True
93374,single_train,single,2,True
124759,single_train,single,1,True
124757,single_train,single,2,True
124756,single_train,single,1,True
124762,single_train,single,1,True
124753,single_train,single,4,False
124761,single_train,single,1,True
124755,single_train,single,2,True
124760,single_train,single,1,True
124752,single_train,single,12,False
124754,single_train,single,4,False
53714,single_train,single,1,True
53713,single_train,single,3,True
53710,single_train,single,5,False
53716,single_train,single,1,True
53711,single_train,single,3,True
53712,single_train,single,3,True
139704,single_train,single,1,True
139693,single_train,single,2,True
139698,single_train,single,6,False
139696,single_train,single,1,True
139695,single_train,single,4,False
139702,single_train,single,2,True
139700,single_train,single,1,True
139703,single_train,single,11,False
139697,single_train,single,4,False
139699,single_train,single,17,False
45653,single_train,single,3,True
45659,single_train,single,8,False
45655,single_train,single,1,True
45656,single_train,single,11,False
45652,single_train,single,2,True
45657,single_train,single,2,True
45658,single_train,single,1,True
45661,single_train,single,1,True
45654,single_train,single,8,False
162869,single_train,single,10,False
162871,single_train,single,6,False
162876,single_train,single,1,True
162870,single_train,single,4,False
58910,single_train,single,33,False
58914,single_train,single,3,True
58911,single_train,single,6,False
58912,single_train,single,2,True
58913,single_train,single,1,True
60072,single_train,single,4,False
60070,single_train,single,5,False
60071,single_train,single,3,True
60078,single_train,single,1,True
60075,single_train,single,3,True
60074,single_train,single,3,True
60073,single_train,single,3,True
60069,single_train,single,8,False
59584,single_train,single,3,True
59583,single_train,single,2,True
59587,single_train,single,3,True
59586,single_train,single,3,True
59582,single_train,single,12,False
59585,single_train,single,3,True
124286,single_train,single,19,False
124284,single_train,single,5,False
124287,single_train,single,2,True
124285,single_train,single,2,True
124278,single_train,single,35,False
124289,single_train,single,5,False
124283,single_train,single,2,True
124290,single_train,single,1,True
124282,single_train,single,16,False
124280,single_train,single,49,False
124279,single_train,single,5,False
124288,single_train,single,4,False
53787,single_train,single,1,True
53786,single_train,single,1,True
53785,single_train,single,3,True
53783,single_train,single,2,True
53788,single_train,single,1,True
53780,single_train,single,11,False
53781,single_train,single,3,True
53779,single_train,single,6,False
53784,single_train,single,2,True
53782,single_train,single,3,True
111433,single_train,single,1,True
111434,single_train,single,2,True
111432,single_train,single,9,False
111436,single_train,single,1,True
111431,single_train,single,7,False
111435,single_train,single,2,True
146449,single_train,single,2,True
146453,single_train,single,1,True
146459,single_train,single,1,True
146458,single_train,single,1,True
146454,single_train,single,8,False
146450,single_train,single,1,True
146451,single_train,single,14,False
146456,single_train,single,5,False
146447,single_train,single,6,False
146452,single_train,single,2,True
146448,single_train,single,2,True
166394,single_train,single,26,False
166399,single_train,single,4,False
166393,single_train,single,2,True
166401,single_train,single,1,True
166395,single_train,single,1,True
166396,single_train,single,4,False
126291,single_train,single,13,False
126290,single_train,single,21,False
126298,single_train,single,19,False
126299,single_train,single,4,False
126300,single_train,single,4,False
126302,single_train,single,2,True
126292,single_train,single,13,False
126293,single_train,single,1,True
55666,single_train,single,4,False
55668,single_train,single,3,True
55671,single_train,single,1,True
55667,single_train,single,1,True
55665,single_train,single,5,False
55664,single_train,single,23,False
72370,single_train,single,3,True
72369,single_train,single,3,True
72371,single_train,single,11,False
72374,single_train,single,4,False
72372,single_train,single,1,True
72373,single_train,single,2,True
65484,single_train,single,3,True
65491,single_train,single,2,True
65488,single_train,single,1,True
65490,single_train,single,1,True
65492,single_train,single,2,True
65485,single_train,single,3,True
65487,single_train,single,1,True
141143,single_train,single,12,False
141141,single_train,single,2,True
141139,single_train,single,12,False
141144,single_train,single,1,True
141145,single_train,single,2,True
141146,single_train,single,10,False
141137,single_train,single,8,False
141142,single_train,single,2,True
141140,single_train,single,1,True
141138,single_train,single,2,True
1491,single_train,single,2,True
1492,single_train,single,1,True
1493,single_train,single,4,False
1495,single_train,single,3,True
1496,single_train,single,2,True
1497,single_train,single,1,True
158693,single_train,single,2,True
158695,single_train,single,1,True
158694,single_train,single,12,False
158699,single_train,single,1,True
158692,single_train,single,2,True
158697,single_train,single,1,True
158698,single_train,single,1,True
158696,single_train,single,4,False
8481,single_train,single,5,False
8489,single_train,single,1,True
8483,single_train,single,10,False
8482,single_train,single,1,True
8487,single_train,single,1,True
8484,single_train,single,1,True
8480,single_train,single,1,True
34457,single_train,single,16,False
34456,single_train,single,3,True
34466,single_train,single,3,True
34460,single_train,single,2,True
34463,single_train,single,1,True
34458,single_train,single,16,False
34467,single_train,single,1,True
34464,single_train,single,4,False
34461,single_train,single,6,False
34462,single_train,single,19,False
34459,single_train,single,1,True
34468,single_train,single,1,True
79584,single_train,single,2,True
79579,single_train,single,1,True
79575,single_train,single,3,True
79582,single_train,single,1,True
79580,single_train,single,2,True
79585,single_train,single,9,False
79576,single_train,single,4,False
111390,single_train,single,1,True
111389,single_train,single,1,True
111388,single_train,single,3,True
111386,single_train,single,5,False
111393,single_train,single,1,True
144239,single_train,single,1,True
144238,single_train,single,19,False
144236,single_train,single,5,False
144234,single_train,single,11,False
144237,single_train,single,3,True
144228,single_train,single,3,True
144235,single_train,single,1,True
144230,single_train,single,11,False
144229,single_train,single,2,True
152965,single_train,single,5,False
152967,single_train,single,4,False
152962,single_train,single,2,True
152964,single_train,single,1,True
152971,single_train,single,1,True
152963,single_train,single,12,False
152968,single_train,single,3,True
152966,single_train,single,2,True
29061,single_train,single,11,False
29058,single_train,single,1,True
29063,single_train,single,4,False
29062,single_train,single,3,True
29059,single_train,single,15,False
29055,single_train,single,3,True
29060,single_train,single,3,True
29057,single_train,single,15,False
29056,single_train,single,2,True
39596,single_train,single,8,False
39595,single_train,single,2,True
39603,single_train,single,7,False
39594,single_train,single,6,False
39597,single_train,single,1,True
39598,single_train,single,27,False
39600,single_train,single,10,False
39602,single_train,single,1,True
39599,single_train,single,2,True
57705,single_train,single,7,False
57709,single_train,single,3,True
57706,single_train,single,33,False
57708,single_train,single,5,False
57707,single_train,single,13,False
32226,single_train,single,1,True
32223,single_train,single,3,True
32227,single_train,single,8,False
32224,single_train,single,2,True
32230,single_train,single,1,True
32228,single_train,single,1,True
32232,single_train,single,1,True
158159,single_train,single,16,False
158158,single_train,single,3,True
158161,single_train,single,4,False
158162,single_train,single,3,True
158154,single_train,single,2,True
36722,single_train,single,5,False
36723,single_train,single,2,True
36724,single_train,single,1,True
36727,single_train,single,1,True
36726,single_train,single,13,False
36725,single_train,single,27,False
36730,single_train,single,1,True
36721,single_train,single,1,True
18891,single_train,single,14,False
18892,single_train,single,1,True
18893,single_train,single,12,False
18888,single_train,single,1,True
18887,single_train,single,1,True
18894,single_train,single,1,True
18889,single_train,single,2,True
89882,single_train,single,1,True
89877,single_train,single,4,False
89879,single_train,single,3,True
89878,single_train,single,4,False
89881,single_train,single,2,True
89876,single_train,single,4,False
89880,single_train,single,2,True
89883,single_train,single,1,True
65649,single_train,single,1,True
65648,single_train,single,3,True
65646,single_train,single,6,False
65644,single_train,single,2,True
65647,single_train,single,1,True
65650,single_train,single,1,True
65645,single_train,single,2,True
44165,single_train,single,2,True
44166,single_train,single,7,False
44170,single_train,single,12,False
44172,single_train,single,4,False
44173,single_train,single,4,False
44169,single_train,single,3,True
44164,single_train,single,1,True
44167,single_train,single,1,True
44168,single_train,single,1,True
82606,single_train,single,3,True
82609,single_train,single,1,True
82613,single_train,single,4,False
82614,single_train,single,2,True
82615,single_train,single,1,True
82611,single_train,single,6,False
82608,single_train,single,6,False
82612,single_train,single,1,True
82610,single_train,single,7,False
82607,single_train,single,1,True
46014,single_train,single,2,True
46010,single_train,single,3,True
46012,single_train,single,14,False
46019,single_train,single,2,True
46016,single_train,single,3,True
46018,single_train,single,10,False
46017,single_train,single,1,True
46015,single_train,single,1,True
46011,single_train,single,2,True
46013,single_train,single,1,True
136545,single_train,single,2,True
136549,single_train,single,4,False
136557,single_train,single,9,False
136550,single_train,single,1,True
136547,single_train,single,2,True
136548,single_train,single,1,True
136551,single_train,single,22,False
136556,single_train,single,1,True
136554,single_train,single,2,True
121557,single_train,single,2,True
121555,single_train,single,10,False
121553,single_train,single,4,False
121556,single_train,single,2,True
121554,single_train,single,4,False
121558,single_train,single,1,True
121563,single_train,single,1,True
121560,single_train,single,2,True
121559,single_train,single,2,True
78212,single_train,single,1,True
78216,single_train,single,1,True
78213,single_train,single,2,True
78211,single_train,single,8,False
114781,single_train,single,1,True
114777,single_train,single,6,False
114776,single_train,single,2,True
49779,single_train,single,5,False
49782,single_train,single,3,True
49785,single_train,single,1,True
49784,single_train,single,7,False
49780,single_train,single,2,True
49783,single_train,single,1,True
65162,single_train,single,33,False
65153,single_train,single,2,True
65160,single_train,single,4,False
65154,single_train,single,7,False
65161,single_train,single,9,False
65164,single_train,single,2,True
65165,single_train,single,4,False
65156,single_train,single,10,False
65166,single_train,single,1,True
65158,single_train,single,36,False
65152,single_train,single,28,False
65155,single_train,single,1,True
65159,single_train,single,1,True
75100,single_train,single,12,False
75102,single_train,single,2,True
75103,single_train,single,1,True
75099,single_train,single,2,True
75101,single_train,single,1,True
75098,single_train,single,6,False
37990,single_train,single,14,False
37992,single_train,single,1,True
37996,single_train,single,3,True
37994,single_train,single,21,False
37991,single_train,single,7,False
37989,single_train,single,12,False
37995,single_train,single,1,True
37488,single_train,single,2,True
37487,single_train,single,1,True
37480,single_train,single,3,True
37481,single_train,single,3,True
37489,single_train,single,10,False
37482,single_train,single,14,False
37485,single_train,single,12,False
37490,single_train,single,1,True
37484,single_train,single,2,True
154084,single_train,single,1,True
154087,single_train,single,2,True
154083,single_train,single,12,False
154085,single_train,single,15,False
154086,single_train,single,1,True
154088,single_train,single,2,True
33111,single_train,single,6,False
33109,single_train,single,3,True
33110,single_train,single,3,True
33119,single_train,single,1,True
33113,single_train,single,3,True
33115,single_train,single,1,True
131301,single_train,single,12,False
131300,single_train,single,2,True
131302,single_train,single,1,True
131303,single_train,single,1,True
131308,single_train,single,1,True
131307,single_train,single,2,True
131299,single_train,single,2,True
2227,single_train,single,4,False
2221,single_train,single,20,False
2222,single_train,single,1,True
2225,single_train,single,1,True
2231,single_train,single,1,True
2230,single_train,single,20,False
2226,single_train,single,1,True
2224,single_train,single,1,True
2223,single_train,single,8,False
2228,single_train,single,7,False
2229,single_train,single,1,True
25739,single_train,single,1,True
25738,single_train,single,4,False
25741,single_train,single,4,False
25736,single_train,single,1,True
25740,single_train,single,7,False
25737,single_train,single,33,False
25742,single_train,single,1,True
84450,single_train,single,1,True
84446,single_train,single,10,False
84445,single_train,single,26,False
84451,single_train,single,1,True
84447,single_train,single,4,False
84453,single_train,single,1,True
84448,single_train,single,2,True
42077,single_train,single,3,True
42081,single_train,single,1,True
42086,single_train,single,1,True
42082,single_train,single,2,True
42084,single_train,single,3,True
42083,single_train,single,87,False
42079,single_train,single,25,False
42078,single_train,single,2,True
42080,single_train,single,1,True
81816,single_train,single,29,False
81815,single_train,single,2,True
81814,single_train,single,6,False
136642,single_train,single,33,False
136643,single_train,single,1,True
136637,single_train,single,1,True
136647,single_train,single,1,True
136639,single_train,single,4,False
136638,single_train,single,2,True
136644,single_train,single,17,False
136640,single_train,single,1,True
46789,single_train,single,3,True
46784,single_train,single,10,False
46788,single_train,single,2,True
46786,single_train,single,3,True
46785,single_train,single,8,False
46792,single_train,single,1,True
46790,single_train,single,6,False
50265,single_train,single,5,False
50264,single_train,single,5,False
50271,single_train,single,1,True
50263,single_train,single,16,False
50268,single_train,single,3,True
50270,single_train,single,1,True
50269,single_train,single,9,False
50267,single_train,single,2,True
50266,single_train,single,9,False
146096,single_train,single,4,False
146094,single_train,single,1,True
146098,single_train,single,3,True
146102,single_train,single,1,True
146097,single_train,single,4,False
146100,single_train,single,4,False
146099,single_train,single,1,True
146095,single_train,single,1,True
162292,single_train,single,22,False
162291,single_train,single,3,True
162290,single_train,single,15,False
162295,single_train,single,1,True
162293,single_train,single,1,True
51170,single_train,single,4,False
51172,single_train,single,2,True
51174,single_train,single,2,True
51175,single_train,single,1,True
51171,single_train,single,4,False
51176,single_train,single,3,True
51173,single_train,single,3,True
136917,single_train,single,2,True
136913,single_train,single,1,True
136905,single_train,single,1,True
136910,single_train,single,5,False
136909,single_train,single,3,True
136907,single_train,single,5,False
136908,single_train,single,1,True
136911,single_train,single,4,False
136912,single_train,single,1,True
136916,single_train,single,2,True
136914,single_train,single,6,False
136915,single_train,single,1,True
103951,single_train,single,5,False
103947,single_train,single,7,False
103948,single_train,single,9,False
103952,single_train,single,11,False
103949,single_train,single,1,True
35818,single_train,single,2,True
35813,single_train,single,3,True
35814,single_train,single,1,True
35812,single_train,single,1,True
35815,single_train,single,6,False
107749,single_train,single,3,True
107747,single_train,single,7,False
107748,single_train,single,3,True
107742,single_train,single,7,False
107745,single_train,single,1,True
107750,single_train,single,3,True
107752,single_train,single,1,True
107746,single_train,single,12,False
107744,single_train,single,3,True
107743,single_train,single,7,False
158780,single_train,single,73,False
158779,single_train,single,6,False
158781,single_train,single,1,True
130246,single_train,single,4,False
130247,single_train,single,1,True
130251,single_train,single,1,True
130255,single_train,single,1,True
130248,single_train,single,2,True
130250,single_train,single,7,False
130244,single_train,single,1,True
113413,single_train,single,2,True
113411,single_train,single,1,True
113414,single_train,single,1,True
113415,single_train,single,1,True
113419,single_train,single,1,True
6343,single_train,single,15,False
6351,single_train,single,1,True
6345,single_train,single,3,True
6347,single_train,single,15,False
6344,single_train,single,1,True
6342,single_train,single,6,False
6346,single_train,single,10,False
59784,single_train,single,8,False
59789,single_train,single,3,True
59788,single_train,single,3,True
59785,single_train,single,5,False
59786,single_train,single,3,True
59787,single_train,single,2,True
131753,single_train,single,5,False
131747,single_train,single,14,False
131750,single_train,single,1,True
131744,single_train,single,3,True
131754,single_train,single,1,True
131746,single_train,single,1,True
131748,single_train,single,14,False
131749,single_train,single,11,False
131743,single_train,single,1,True
152303,single_train,single,14,False
152310,single_train,single,1,True
152305,single_train,single,4,False
152307,single_train,single,1,True
152306,single_train,single,12,False
152304,single_train,single,1,True
152302,single_train,single,2,True
152301,single_train,single,1,True
4814,single_train,single,1,True
4816,single_train,single,6,False
4813,single_train,single,5,False
4818,single_train,single,1,True
4812,single_train,single,4,False
4822,single_train,single,1,True
4817,single_train,single,8,False
4820,single_train,single,4,False
4815,single_train,single,1,True
133811,single_train,single,1,True
133809,single_train,single,3,True
133804,single_train,single,1,True
133808,single_train,single,6,False
133807,single_train,single,1,True
133814,single_train,single,9,False
133815,single_train,single,1,True
133813,single_train,single,1,True
133805,single_train,single,1,True
133806,single_train,single,3,True
133812,single_train,single,1,True
133810,single_train,single,4,False
29289,single_train,single,1,True
29288,single_train,single,8,False
29287,single_train,single,1,True
29295,single_train,single,1,True
29291,single_train,single,1,True
29286,single_train,single,2,True
29290,single_train,single,1,True
58026,single_train,single,1,True
58023,single_train,single,3,True
58024,single_train,single,3,True
58022,single_train,single,4,False
58021,single_train,single,17,False
136424,single_train,single,22,False
136427,single_train,single,1,True
136430,single_train,single,1,True
136428,single_train,single,22,False
136433,single_train,single,1,True
136432,single_train,single,1,True
136425,single_train,single,2,True
136429,single_train,single,1,True
136426,single_train,single,7,False
85394,single_train,single,6,False
85392,single_train,single,1,True
85388,single_train,single,2,True
85389,single_train,single,1,True
85390,single_train,single,11,False
85393,single_train,single,3,True
16974,single_train,single,3,True
16977,single_train,single,1,True
16980,single_train,single,8,False
16978,single_train,single,1,True
16979,single_train,single,3,True
16976,single_train,single,6,False
16975,single_train,single,1,True
147431,single_train,single,2,True
147430,single_train,single,4,False
147433,single_train,single,1,True
147432,single_train,single,16,False
146340,single_train,single,3,True
146339,single_train,single,2,True
146344,single_train,single,1,True
146346,single_train,single,1,True
146341,single_train,single,1,True
146338,single_train,single,1,True
62966,single_train,single,5,False
62971,single_train,single,2,True
62967,single_train,single,2,True
62969,single_train,single,1,True
62968,single_train,single,1,True
62970,single_train,single,9,False
62972,single_train,single,2,True
62973,single_train,single,1,True
84714,single_train,single,8,False
84717,single_train,single,1,True
84715,single_train,single,2,True
84719,single_train,single,1,True
84718,single_train,single,1,True
84716,single_train,single,2,True
84712,single_train,single,10,False
84713,single_train,single,8,False
51714,single_train,single,6,False
51711,single_train,single,36,False
51715,single_train,single,2,True
51712,single_train,single,2,True
51713,single_train,single,3,True
51709,single_train,single,5,False
51716,single_train,single,1,True
51710,single_train,single,5,False
126729,single_train,single,10,False
126728,single_train,single,13,False
126734,single_train,single,1,True
126730,single_train,single,1,True
126731,single_train,single,1,True
126727,single_train,single,5,False
116681,single_train,single,1,True
116674,single_train,single,1,True
116675,single_train,single,4,False
116672,single_train,single,4,False
116676,single_train,single,2,True
116673,single_train,single,17,False
116671,single_train,single,1,True
116680,single_train,single,10,False
116677,single_train,single,1,True
139209,single_train,single,1,True
139210,single_train,single,4,False
139215,single_train,single,1,True
139211,single_train,single,7,False
139214,single_train,single,7,False
139218,single_train,single,1,True
139213,single_train,single,4,False
139212,single_train,single,1,True
139216,single_train,single,9,False
56911,single_train,single,3,True
56912,single_train,single,1,True
56910,single_train,single,3,True
56909,single_train,single,2,True
56908,single_train,single,5,False
85691,single_train,single,1,True
85688,single_train,single,47,False
85693,single_train,single,2,True
85694,single_train,single,2,True
85684,single_train,single,25,False
85685,single_train,single,4,False
85686,single_train,single,2,True
85692,single_train,single,8,False
85687,single_train,single,13,False
85690,single_train,single,1,True
85689,single_train,single,4,False
120373,single_train,single,2,True
120372,single_train,single,3,True
120375,single_train,single,7,False
120374,single_train,single,3,True
120370,single_train,single,2,True
120371,single_train,single,3,True
61060,single_train,single,9,False
61064,single_train,single,1,True
61063,single_train,single,3,True
61062,single_train,single,5,False
61066,single_train,single,1,True
61065,single_train,single,3,True
61061,single_train,single,5,False
704,single_train,single,1,True
693,single_train,single,2,True
697,single_train,single,20,False
698,single_train,single,1,True
695,single_train,single,1,True
696,single_train,single,7,False
694,single_train,single,1,True
692,single_train,single,1,True
700,single_train,single,1,True
34224,single_train,single,17,False
34222,single_train,single,8,False
34229,single_train,single,1,True
34223,single_train,single,2,True
34226,single_train,single,5,False
146435,single_train,single,1,True
146446,single_train,single,1,True
146437,single_train,single,2,True
146434,single_train,single,3,True
146439,single_train,single,1,True
146443,single_train,single,1,True
146444,single_train,single,1,True
146433,single_train,single,1,True
146432,single_train,single,2,True
146438,single_train,single,3,True
146445,single_train,single,1,True
146436,single_train,single,2,True
146442,single_train,single,3,True
21285,single_train,single,5,False
21288,single_train,single,3,True
21286,single_train,single,1,True
21289,single_train,single,42,False
21287,single_train,single,9,False
165091,single_train,single,1,True
165098,single_train,single,2,True
165096,single_train,single,18,False
165099,single_train,single,17,False
165094,single_train,single,1,True
165095,single_train,single,1,True
165097,single_train,single,5,False
54299,single_train,single,3,True
54301,single_train,single,1,True
54298,single_train,single,3,True
54300,single_train,single,1,True
54296,single_train,single,3,True
54303,single_train,single,1,True
54295,single_train,single,2,True
54302,single_train,single,1,True
54293,single_train,single,11,False
54297,single_train,single,1,True
54294,single_train,single,16,False
84567,single_train,single,1,True
84565,single_train,single,1,True
84561,single_train,single,9,False
84566,single_train,single,1,True
84562,single_train,single,4,False
84563,single_train,single,2,True
84568,single_train,single,1,True
84564,single_train,single,1,True
146551,single_train,single,1,True
146544,single_train,single,2,True
146546,single_train,single,18,False
146553,single_train,single,3,True
146540,single_train,single,18,False
146550,single_train,single,8,False
146542,single_train,single,4,False
146543,single_train,single,1,True
146548,single_train,single,1,True
146545,single_train,single,1,True
36363,single_train,single,2,True
36359,single_train,single,1,True
36365,single_train,single,6,False
36360,single_train,single,2,True
36361,single_train,single,2,True
36362,single_train,single,1,True
36364,single_train,single,2,True
117580,single_train,single,1,True
117582,single_train,single,2,True
117585,single_train,single,2,True
117583,single_train,single,6,False
117578,single_train,single,5,False
117586,single_train,single,1,True
117579,single_train,single,4,False
117581,single_train,single,7,False
117584,single_train,single,1,True
93477,single_train,single,1,True
93473,single_train,single,1,True
93469,single_train,single,5,False
93470,single_train,single,11,False
93474,single_train,single,1,True
93475,single_train,single,1,True
93472,single_train,single,1,True
93476,single_train,single,1,True
17756,single_train,single,1,True
17750,single_train,single,5,False
17759,single_train,single,1,True
17752,single_train,single,1,True
17754,single_train,single,2,True
17753,single_train,single,8,False
17755,single_train,single,2,True
17751,single_train,single,5,False
166060,single_train,single,24,False
166055,single_train,single,6,False
166058,single_train,single,9,False
166057,single_train,single,14,False
166061,single_train,single,1,True
166059,single_train,single,9,False
78563,single_train,single,1,True
78566,single_train,single,1,True
78560,single_train,single,1,True
78568,single_train,single,1,True
78564,single_train,single,3,True
78565,single_train,single,6,False
66691,single_train,single,18,False
66690,single_train,single,1,True
66694,single_train,single,3,True
66685,single_train,single,2,True
66688,single_train,single,1,True
66689,single_train,single,8,False
66692,single_train,single,1,True
66687,single_train,single,2,True
66686,single_train,single,4,False
66693,single_train,single,1,True
40728,single_train,single,1,True
40729,single_train,single,8,False
40736,single_train,single,1,True
40732,single_train,single,1,True
40727,single_train,single,17,False
40726,single_train,single,3,True
40730,single_train,single,3,True
40731,single_train,single,7,False
55762,single_train,single,4,False
55761,single_train,single,21,False
55764,single_train,single,1,True
55763,single_train,single,2,True
55760,single_train,single,16,False
55766,single_train,single,3,True
55767,single_train,single,3,True
55765,single_train,single,6,False
140356,single_train,single,2,True
140351,single_train,single,1,True
140348,single_train,single,7,False
140353,single_train,single,3,True
140358,single_train,single,1,True
140355,single_train,single,2,True
140361,single_train,single,5,False
140362,single_train,single,1,True
140350,single_train,single,6,False
140357,single_train,single,11,False
140359,single_train,single,7,False
140352,single_train,single,3,True
140360,single_train,single,3,True
140354,single_train,single,1,True
30563,single_train,single,6,False
30561,single_train,single,1,True
30562,single_train,single,3,True
30559,single_train,single,3,True
30558,single_train,single,3,True
30560,single_train,single,11,False
30564,single_train,single,1,True
30566,single_train,single,1,True
103319,single_train,single,1,True
103315,single_train,single,4,False
27054,single_train,single,7,False
27049,single_train,single,1,True
27059,single_train,single,1,True
27053,single_train,single,1,True
27052,single_train,single,8,False
27056,single_train,single,11,False
27051,single_train,single,1,True
27050,single_train,single,2,True
27057,single_train,single,8,False
27058,single_train,single,13,False
47841,single_train,single,3,True
47838,single_train,single,9,False
47839,single_train,single,3,True
47837,single_train,single,5,False
47840,single_train,single,3,True
96286,single_train,single,6,False
96288,single_train,single,1,True
96291,single_train,single,1,True
96290,single_train,single,1,True
96287,single_train,single,5,False
96289,single_train,single,3,True
96284,single_train,single,9,False
118560,single_train,single,2,True
118558,single_train,single,2,True
118561,single_train,single,1,True
118554,single_train,single,6,False
118563,single_train,single,1,True
118557,single_train,single,16,False
118562,single_train,single,3,True
118564,single_train,single,3,True
118555,single_train,single,4,False
118556,single_train,single,3,True
38277,single_train,single,16,False
38272,single_train,single,2,True
38271,single_train,single,3,True
38275,single_train,single,4,False
38274,single_train,single,1,True
38276,single_train,single,8,False
38278,single_train,single,1,True
38273,single_train,single,43,False
114551,single_train,single,1,True
114553,single_train,single,2,True
114552,single_train,single,1,True
27011,single_train,single,1,True
27015,single_train,single,2,True
27012,single_train,single,6,False
27010,single_train,single,1,True
27007,single_train,single,1,True
27014,single_train,single,1,True
27013,single_train,single,15,False
27008,single_train,single,1,True
27009,single_train,single,18,False
33509,single_train,single,3,True
33511,single_train,single,4,False
33516,single_train,single,6,False
33514,single_train,single,6,False
33513,single_train,single,1,True
33510,single_train,single,1,True
33515,single_train,single,1,True
140147,single_train,single,3,True
140145,single_train,single,1,True
140150,single_train,single,2,True
140148,single_train,single,17,False
140143,single_train,single,2,True
140146,single_train,single,12,False
79489,single_train,single,1,True
79483,single_train,single,17,False
79482,single_train,single,2,True
79486,single_train,single,2,True
79485,single_train,single,5,False
79484,single_train,single,1,True
79481,single_train,single,2,True
79487,single_train,single,4,False
79488,single_train,single,1,True
112020,single_train,single,2,True
112025,single_train,single,1,True
112018,single_train,single,8,False
112017,single_train,single,4,False
112024,single_train,single,10,False
55059,single_train,single,21,False
55058,single_train,single,19,False
55064,single_train,single,3,True
55063,single_train,single,3,True
55060,single_train,single,3,True
55061,single_train,single,7,False
55065,single_train,single,1,True
55807,single_train,single,1,True
55802,single_train,single,5,False
55804,single_train,single,2,True
55803,single_train,single,3,True
55805,single_train,single,1,True
62859,single_train,single,13,False
62860,single_train,single,1,True
62856,single_train,single,1,True
62861,single_train,single,3,True
62855,single_train,single,31,False
62858,single_train,single,3,True
62863,single_train,single,1,True
62857,single_train,single,4,False
62854,single_train,single,3,True
62853,single_train,single,2,True
139677,single_train,single,10,False
139680,single_train,single,35,False
139670,single_train,single,1,True
139673,single_train,single,1,True
139676,single_train,single,12,False
139674,single_train,single,1,True
139678,single_train,single,1,True
139679,single_train,single,20,False
139675,single_train,single,2,True
139671,single_train,single,2,True
147416,single_train,single,1,True
147411,single_train,single,1,True
147412,single_train,single,9,False
147413,single_train,single,1,True
147408,single_train,single,1,True
15153,single_train,single,2,True
15155,single_train,single,2,True
15151,single_train,single,1,True
15149,single_train,single,1,True
15157,single_train,single,1,True
15150,single_train,single,2,True
15152,single_train,single,3,True
142499,single_train,single,2,True
142490,single_train,single,1,True
142491,single_train,single,2,True
142498,single_train,single,2,True
142495,single_train,single,2,True
142500,single_train,single,1,True
142496,single_train,single,7,False
142494,single_train,single,5,False
51415,single_train,single,2,True
51416,single_train,single,6,False
51418,single_train,single,2,True
51420,single_train,single,1,True
51414,single_train,single,17,False
51417,single_train,single,2,True
51423,single_train,single,1,True
51413,single_train,single,5,False
51419,single_train,single,6,False
101147,single_train,single,4,False
101145,single_train,single,1,True
101146,single_train,single,19,False
101143,single_train,single,3,True
101144,single_train,single,11,False
31180,single_train,single,4,False
31182,single_train,single,2,True
31187,single_train,single,1,True
31186,single_train,single,1,True
31178,single_train,single,1,True
31184,single_train,single,1,True
31179,single_train,single,2,True
31183,single_train,single,4,False
31185,single_train,single,2,True
31181,single_train,single,1,True
24747,single_train,single,4,False
24743,single_train,single,3,True
24755,single_train,single,1,True
24749,single_train,single,1,True
24742,single_train,single,1,True
24748,single_train,single,1,True
24746,single_train,single,2,True
24750,single_train,single,10,False
24745,single_train,single,4,False
24741,single_train,single,1,True
24751,single_train,single,1,True
27120,single_train,single,22,False
27127,single_train,single,5,False
27125,single_train,single,1,True
27124,single_train,single,6,False
27122,single_train,single,3,True
27119,single_train,single,14,False
27118,single_train,single,17,False
27126,single_train,single,6,False
27121,single_train,single,1,True
27123,single_train,single,3,True
113268,single_train,single,1,True
113271,single_train,single,2,True
113269,single_train,single,6,False
113274,single_train,single,1,True
68995,single_train,single,2,True
68999,single_train,single,1,True
68994,single_train,single,1,True
68996,single_train,single,2,True
69000,single_train,single,4,False
68992,single_train,single,4,False
69004,single_train,single,20,False
69003,single_train,single,2,True
68997,single_train,single,4,False
68991,single_train,single,1,True
68998,single_train,single,1,True
69002,single_train,single,1,True
68993,single_train,single,10,False
69001,single_train,single,3,True
56179,single_train,single,2,True
56181,single_train,single,3,True
56183,single_train,single,1,True
56182,single_train,single,1,True
56184,single_train,single,1,True
56180,single_train,single,3,True
69160,single_train,single,2,True
69161,single_train,single,2,True
69162,single_train,single,1,True
69164,single_train,single,1,True
69159,single_train,single,4,False
77930,single_train,single,32,False
77935,single_train,single,1,True
77934,single_train,single,4,False
77933,single_train,single,4,False
77931,single_train,single,1,True
77928,single_train,single,10,False
77929,single_train,single,4,False
77926,single_train,single,2,True
77927,single_train,single,1,True
77925,single_train,single,2,True
77924,single_train,single,3,True
48284,single_train,single,3,True
48280,single_train,single,2,True
48279,single_train,single,7,False
48286,single_train,single,1,True
48283,single_train,single,3,True
48278,single_train,single,7,False
48287,single_train,single,1,True
48281,single_train,single,3,True
48282,single_train,single,3,True
88901,single_train,single,1,True
88902,single_train,single,1,True
88900,single_train,single,9,False
88897,single_train,single,2,True
88898,single_train,single,3,True
88899,single_train,single,1,True
127663,single_train,single,2,True
127665,single_train,single,23,False
127666,single_train,single,1,True
127664,single_train,single,5,False
127669,single_train,single,1,True
100827,single_train,single,1,True
100824,single_train,single,12,False
100826,single_train,single,20,False
100825,single_train,single,5,False
100821,single_train,single,24,False
102146,single_train,single,2,True
102145,single_train,single,2,True
102148,single_train,single,1,True
102141,single_train,single,4,False
102143,single_train,single,10,False
102144,single_train,single,1,True
102142,single_train,single,1,True
163185,single_train,single,1,True
163180,single_train,single,12,False
163174,single_train,single,1,True
163181,single_train,single,1,True
163173,single_train,single,11,False
163171,single_train,single,9,False
163172,single_train,single,2,True
163178,single_train,single,3,True
163177,single_train,single,1,True
163179,single_train,single,1,True
163175,single_train,single,9,False
92642,single_train,single,16,False
92644,single_train,single,7,False
92640,single_train,single,9,False
92637,single_train,single,4,False
92638,single_train,single,2,True
92643,single_train,single,2,True
92641,single_train,single,7,False
92639,single_train,single,9,False
92645,single_train,single,2,True
92648,single_train,single,1,True
92647,single_train,single,1,True
92646,single_train,single,1,True
76511,single_train,single,10,False
76510,single_train,single,6,False
76520,single_train,single,1,True
76513,single_train,single,26,False
76515,single_train,single,8,False
76512,single_train,single,1,True
76516,single_train,single,1,True
76509,single_train,single,1,True
76514,single_train,single,10,False
101794,single_train,single,12,False
101795,single_train,single,1,True
101792,single_train,single,1,True
101789,single_train,single,11,False
101790,single_train,single,4,False
101791,single_train,single,13,False
81200,single_train,single,7,False
81201,single_train,single,1,True
81199,single_train,single,22,False
56529,single_train,single,4,False
56531,single_train,single,3,True
56530,single_train,single,2,True
56535,single_train,single,3,True
56532,single_train,single,2,True
56533,single_train,single,3,True
56534,single_train,single,3,True
37162,single_train,single,2,True
37160,single_train,single,19,False
37159,single_train,single,1,True
37169,single_train,single,1,True
37163,single_train,single,2,True
37165,single_train,single,1,True
37158,single_train,single,2,True
37161,single_train,single,1,True
37164,single_train,single,2,True
37166,single_train,single,1,True
125647,single_train,single,1,True
125655,single_train,single,1,True
125645,single_train,single,1,True
125651,single_train,single,1,True
125650,single_train,single,18,False
125646,single_train,single,39,False
125648,single_train,single,7,False
125649,single_train,single,2,True
125653,single_train,single,2,True
125654,single_train,single,3,True
123701,single_train,single,1,True
123699,single_train,single,1,True
123694,single_train,single,3,True
123695,single_train,single,16,False
123698,single_train,single,3,True
123700,single_train,single,29,False
69875,single_train,single,9,False
69871,single_train,single,5,False
69877,single_train,single,5,False
69876,single_train,single,1,True
69872,single_train,single,1,True
69873,single_train,single,3,True
69870,single_train,single,5,False
69880,single_train,single,1,True
69869,single_train,single,3,True
69874,single_train,single,9,False
60184,single_train,single,2,True
60189,single_train,single,1,True
60185,single_train,single,3,True
60182,single_train,single,18,False
60187,single_train,single,3,True
60183,single_train,single,8,False
60188,single_train,single,3,True
60181,single_train,single,32,False
60186,single_train,single,3,True
154578,single_train,single,1,True
154577,single_train,single,2,True
154584,single_train,single,4,False
154580,single_train,single,3,True
154583,single_train,single,2,True
154575,single_train,single,8,False
154579,single_train,single,1,True
154581,single_train,single,1,True
150244,single_train,single,10,False
150250,single_train,single,1,True
150247,single_train,single,8,False
150243,single_train,single,1,True
150239,single_train,single,4,False
150245,single_train,single,1,True
150246,single_train,single,1,True
150241,single_train,single,2,True
150242,single_train,single,1,True
150240,single_train,single,5,False
69736,single_train,single,2,True
69732,single_train,single,2,True
69739,single_train,single,1,True
69735,single_train,single,3,True
69738,single_train,single,1,True
69734,single_train,single,1,True
69733,single_train,single,8,False
69743,single_train,single,6,False
69741,single_train,single,6,False
69745,single_train,single,1,True
69740,single_train,single,1,True
69742,single_train,single,1,True
69737,single_train,single,9,False
69731,single_train,single,1,True
137050,single_train,single,2,True
137046,single_train,single,2,True
137049,single_train,single,2,True
137052,single_train,single,2,True
137048,single_train,single,2,True
137051,single_train,single,2,True
151846,single_train,single,16,False
151844,single_train,single,5,False
151845,single_train,single,2,True
151848,single_train,single,9,False
151849,single_train,single,3,True
151847,single_train,single,1,True
151853,single_train,single,1,True
151978,single_train,single,2,True
151980,single_train,single,28,False
151975,single_train,single,1,True
151974,single_train,single,2,True
151976,single_train,single,22,False
151979,single_train,single,2,True
151981,single_train,single,1,True
151977,single_train,single,1,True
102750,single_train,single,33,False
102746,single_train,single,113,False
102754,single_train,single,1,True
102745,single_train,single,31,False
102747,single_train,single,1,True
102752,single_train,single,3,True
102748,single_train,single,1,True
102749,single_train,single,2,True
102751,single_train,single,3,True
85488,single_train,single,4,False
85483,single_train,single,5,False
85492,single_train,single,1,True
85485,single_train,single,8,False
85489,single_train,single,4,False
85491,single_train,single,14,False
85493,single_train,single,1,True
85482,single_train,single,18,False
85486,single_train,single,3,True
85484,single_train,single,3,True
85490,single_train,single,1,True
85494,single_train,single,1,True
22430,single_train,single,17,False
22423,single_train,single,3,True
22422,single_train,single,1,True
22428,single_train,single,9,False
22429,single_train,single,1,True
22427,single_train,single,2,True
22424,single_train,single,9,False
22425,single_train,single,1,True
22426,single_train,single,18,False
18910,single_train,single,3,True
18915,single_train,single,1,True
18914,single_train,single,13,False
18911,single_train,single,1,True
18909,single_train,single,2,True
59874,single_train,single,3,True
59878,single_train,single,1,True
59873,single_train,single,3,True
59872,single_train,single,5,False
59875,single_train,single,3,True
59871,single_train,single,20,False
95727,single_train,single,1,True
95721,single_train,single,2,True
95723,single_train,single,2,True
95728,single_train,single,1,True
95722,single_train,single,1,True
119103,single_train,single,2,True
119105,single_train,single,2,True
119104,single_train,single,2,True
119100,single_train,single,5,False
119101,single_train,single,10,False
109138,single_train,single,2,True
109139,single_train,single,4,False
109136,single_train,single,1,True
109135,single_train,single,4,False
109132,single_train,single,1,True
82108,single_train,single,6,False
82105,single_train,single,56,False
82111,single_train,single,4,False
82104,single_train,single,2,True
126892,single_train,single,53,False
126891,single_train,single,1,True
126889,single_train,single,6,False
126885,single_train,single,26,False
126884,single_train,single,11,False
126888,single_train,single,4,False
126886,single_train,single,1,True
50443,single_train,single,1,True
50444,single_train,single,1,True
50438,single_train,single,3,True
50439,single_train,single,2,True
50437,single_train,single,5,False
50440,single_train,single,3,True
117927,single_train,single,2,True
117926,single_train,single,6,False
117925,single_train,single,5,False
117924,single_train,single,11,False
117923,single_train,single,3,True
75585,single_train,single,27,False
75586,single_train,single,1,True
75588,single_train,single,6,False
75589,single_train,single,25,False
75590,single_train,single,1,True
113504,single_train,single,1,True
113495,single_train,single,2,True
113498,single_train,single,6,False
113497,single_train,single,1,True
41250,single_train,single,1,True
41253,single_train,single,2,True
64398,single_train,single,5,False
64390,single_train,single,1,True
64388,single_train,single,1,True
7992,single_train,single,1,True
7985,single_train,single,1,True
7989,single_train,single,1,True
7983,single_train,single,2,True
7987,single_train,single,1,True
4352,single_train,single,1,True
4343,single_train,single,2,True
4348,single_train,single,1,True
4345,single_train,single,1,True
54274,single_train,single,1,True
54267,single_train,single,3,True
54266,single_train,single,2,True
134214,single_train,single,2,True
134210,single_train,single,1,True
134212,single_train,single,1,True
3047,single_train,single,1,True
3045,single_train,single,2,True
49029,single_train,single,2,True
49028,single_train,single,3,True
83117,single_train,single,4,False
83123,single_train,single,1,True
83114,single_train,single,7,False
83116,single_train,single,1,True
83119,single_train,single,1,True
83121,single_train,single,2,True
110622,single_train,single,1,True
110626,single_train,single,1,True
110624,single_train,single,2,True
53729,single_train,single,6,False
53735,single_train,single,1,True
53730,single_train,single,3,True
53734,single_train,single,1,True
53736,single_train,single,1,True
53728,single_train,single,3,True
46818,single_train,single,1,True
46816,single_train,single,3,True
134961,single_train,single,1,True
134957,single_train,single,1,True
96366,single_train,single,1,True
8922,single_train,single,1,True
125258,single_train,single,1,True
157324,single_train,single,1,True
248,single_train,single,1,True
256,single_train,single,1,True
252,single_train,single,1,True
70052,single_train,single,1,True
119063,single_train,single,1,True
28518,single_train,single,1,True
28521,single_train,single,1,True
67101,single_train,single,1,True
67104,single_train,single,1,True
160442,single_train,single,1,True
160444,single_train,single,1,True
160438,single_train,single,1,True
113172,single_train,single,1,True
113176,single_train,single,1,True
51793,single_train,single,1,True
108087,single_train,single,1,True
108090,single_train,single,1,True
118977,single_train,single,1,True
10697,single_train,single,1,True
10705,single_train,single,1,True
43243,single_train,single,1,True
43247,single_train,single,1,True
126656,single_train,single,1,True
126660,single_train,single,1,True
106944,single_train,single,1,True
106940,single_train,single,1,True
143918,single_train,single,1,True
143922,single_train,single,1,True
33574,single_train,single,1,True
33578,single_train,single,1,True
44106,single_train,single,1,True
44102,single_train,single,1,True
90883,single_train,single,1,True
90885,single_train,single,1,True
41554,single_train,single,1,True
41560,single_train,single,1,True
30937,single_train,single,1,True
49518,single_train,single,1,True
152611,single_train,single,1,True
152615,single_train,single,1,True
131283,single_train,single,1,True
131280,single_train,single,1,True
131286,single_train,single,1,True
109851,single_train,single,1,True
109855,single_train,single,1,True
109847,single_train,single,1,True
52774,single_train,single,1,True
52773,single_train,single,1,True
115277,single_train,single,1,True
115278,single_train,single,1,True
38776,single_train,single,1,True
38780,single_train,single,1,True
38773,single_train,single,1,True
94578,single_train,single,1,True
165103,single_train,single,1,True
56721,single_train,single,1,True
56719,single_train,single,1,True
56720,single_train,single,1,True
9510,single_train,single,1,True
9503,single_train,single,1,True
9506,single_train,single,1,True
87691,single_train,single,1,True
87692,single_train,single,1,True
87693,single_train,single,1,True
27243,single_train,single,1,True
27240,single_train,single,1,True
82218,single_train,single,1,True
82221,single_train,single,1,True
82224,single_train,single,1,True
62796,single_train,single,1,True
62793,single_train,single,1,True
60961,single_train,single,1,True
27173,single_train,single,1,True
166443,single_train,single,1,True
126668,single_train,single,1,True
126671,single_train,single,1,True
56449,single_train,single,1,True
56450,single_train,single,1,True
6142,single_train,single,1,True
6138,single_train,single,1,True
60137,single_train,single,1,True
60139,single_train,single,1,True
73318,single_train,single,1,True
73311,single_train,single,1,True
70258,single_train,single,1,True
129395,single_train,single,1,True
129391,single_train,single,1,True
105742,single_train,single,1,True
109581,single_train,single,1,True
109585,single_train,single,1,True
29547,single_train,single,1,True
29550,single_train,single,1,True
61512,single_train,single,1,True
61511,single_train,single,1,True
10007,single_train,single,1,True
10009,single_train,single,1,True
10013,single_train,single,1,True
48133,single_train,single,1,True
44535,single_train,single,1,True
44542,single_train,single,1,True
44539,single_train,single,1,True
107710,single_train,single,1,True
107707,single_train,single,1,True
161029,single_train,single,1,True
57076,single_train,single,1,True
69479,single_train,single,1,True
69485,single_train,single,1,True
122917,single_train,single,1,True
7235,single_train,single,1,True
52060,single_train,single,1,True
114445,single_train,single,1,True
114449,single_train,single,1,True
81727,single_train,single,1,True
40209,single_train,single,1,True
40206,single_train,single,1,True
125047,single_train,single,1,True
145536,single_train,single,1,True
145529,single_train,single,1,True
145533,single_train,single,1,True
15517,single_train,single,1,True
15521,single_train,single,1,True
41974,single_train,single,1,True
67898,single_train,single,1,True
67894,single_train,single,1,True
67890,single_train,single,1,True
59781,single_train,single,1,True
59783,single_train,single,1,True
59782,single_train,single,1,True
46057,single_train,single,1,True
46060,single_train,single,1,True
60529,single_train,single,1,True
119464,single_train,single,1,True
82285,single_train,single,1,True
82289,single_train,single,1,True
82293,single_train,single,1,True
82296,single_train,single,1,True
58973,single_train,single,1,True
58975,single_train,single,1,True
71596,single_train,single,1,True
71593,single_train,single,1,True
71600,single_train,single,1,True
109396,single_train,single,1,True
145518,single_train,single,1,True
145514,single_train,single,1,True
36773,single_train,single,1,True
36777,single_train,single,1,True
36781,single_train,single,1,True
101741,single_train,single,1,True
101738,single_train,single,1,True
115533,single_train,single,1,True
115536,single_train,single,1,True
40396,single_train,single,1,True
157567,single_train,single,1,True
134981,single_train,single,1,True
134986,single_train,single,1,True
134984,single_train,single,1,True
134978,single_train,single,1,True
11440,single_train,single,1,True
11442,single_train,single,1,True
81434,single_train,single,1,True
81437,single_train,single,5,False
81433,single_train,single,7,False
81430,single_train,single,2,True
81431,single_train,single,12,False
81438,single_train,single,1,True
81429,single_train,single,1,True
111705,single_train,single,3,True
111706,single_train,single,4,False
111704,single_train,single,1,True
111708,single_train,single,1,True
22594,single_train,single,3,True
22596,single_train,single,13,False
31423,single_train,single,6,False
31427,single_train,single,1,True
31421,single_train,single,9,False
31420,single_train,single,7,False
31419,single_train,single,1,True
31422,single_train,single,11,False
22498,single_train,single,1,True
22496,single_train,single,4,False
22497,single_train,single,2,True
22499,single_train,single,14,False
22500,single_train,single,7,False
22501,single_train,single,1,True
144896,single_train,single,2,True
144889,single_train,single,2,True
144895,single_train,single,4,False
144890,single_train,single,11,False
144888,single_train,single,1,True
10953,single_train,single,1,True
10952,single_train,single,17,False
10951,single_train,single,2,True
10948,single_train,single,3,True
10957,single_train,single,3,True
10955,single_train,single,4,False
10949,single_train,single,3,True
10950,single_train,single,6,False
10956,single_train,single,43,False
10954,single_train,single,4,False
149397,single_train,single,1,True
149393,single_train,single,4,False
149390,single_train,single,1,True
149396,single_train,single,1,True
149395,single_train,single,6,False
93963,single_train,single,5,False
93962,single_train,single,16,False
93965,single_train,single,7,False
93964,single_train,single,7,False
93960,single_train,single,20,False
93961,single_train,single,2,True
111741,single_train,single,1,True
111732,single_train,single,5,False
111736,single_train,single,11,False
162676,single_train,single,1,True
162675,single_train,single,2,True
162671,single_train,single,7,False
162673,single_train,single,3,True
162672,single_train,single,1,True
162674,single_train,single,1,True
66291,single_train,single,20,False
66293,single_train,single,1,True
66292,single_train,single,1,True
66290,single_train,single,2,True
41171,single_train,single,8,False
41168,single_train,single,3,True
41167,single_train,single,3,True
41170,single_train,single,4,False
41175,single_train,single,1,True
41169,single_train,single,8,False
138402,single_train,single,11,False
138405,single_train,single,9,False
138406,single_train,single,1,True
138403,single_train,single,14,False
138404,single_train,single,1,True
134093,single_train,single,14,False
134090,single_train,single,14,False
134092,single_train,single,8,False
134091,single_train,single,1,True
134094,single_train,single,1,True
134095,single_train,single,4,False
134088,single_train,single,2,True
13124,single_train,single,1,True
13122,single_train,single,8,False
13123,single_train,single,1,True
13121,single_train,single,1,True
13120,single_train,single,2,True
40196,single_train,single,1,True
40198,single_train,single,27,False
40199,single_train,single,1,True
40197,single_train,single,2,True
40202,single_train,single,1,True
40200,single_train,single,4,False
120653,single_train,single,5,False
120651,single_train,single,2,True
120656,single_train,single,1,True
120649,single_train,single,4,False
120652,single_train,single,2,True
120654,single_train,single,2,True
136670,single_train,single,1,True
136673,single_train,single,1,True
136675,single_train,single,13,False
136666,single_train,single,9,False
136664,single_train,single,6,False
136669,single_train,single,7,False
136667,single_train,single,1,True
136665,single_train,single,6,False
136668,single_train,single,6,False
136672,single_train,single,21,False
80866,single_train,single,1,True
80867,single_train,single,5,False
80861,single_train,single,10,False
80864,single_train,single,5,False
80859,single_train,single,1,True
80865,single_train,single,10,False
80872,single_train,single,1,True
80869,single_train,single,7,False
80862,single_train,single,1,True
80868,single_train,single,5,False
80863,single_train,single,5,False
112320,single_train,single,1,True
112319,single_train,single,4,False
112317,single_train,single,1,True
112321,single_train,single,4,False
112314,single_train,single,6,False
112315,single_train,single,2,True
112316,single_train,single,39,False
112318,single_train,single,5,False
44881,single_train,single,45,False
44875,single_train,single,1,True
44872,single_train,single,6,False
44873,single_train,single,5,False
44874,single_train,single,36,False
44879,single_train,single,1,True
44878,single_train,single,50,False
44877,single_train,single,6,False
44876,single_train,single,1,True
114876,single_train,single,1,True
114881,single_train,single,9,False
114878,single_train,single,1,True
114875,single_train,single,3,True
114879,single_train,single,2,True
114877,single_train,single,2,True
114874,single_train,single,1,True
114873,single_train,single,1,True
114880,single_train,single,4,False
138530,single_train,single,1,True
138532,single_train,single,2,True
138533,single_train,single,1,True
138535,single_train,single,1,True
138531,single_train,single,9,False
114667,single_train,single,1,True
114662,single_train,single,2,True
114663,single_train,single,2,True
161833,single_train,single,2,True
161827,single_train,single,2,True
161831,single_train,single,5,False
161832,single_train,single,1,True
161830,single_train,single,1,True
161829,single_train,single,1,True
161826,single_train,single,5,False
161834,single_train,single,3,True
161828,single_train,single,2,True
158450,single_train,single,2,True
158452,single_train,single,38,False
158457,single_train,single,1,True
158460,single_train,single,1,True
158456,single_train,single,26,False
158453,single_train,single,1,True
93914,single_train,single,1,True
93917,single_train,single,1,True
93911,single_train,single,4,False
93910,single_train,single,3,True
93912,single_train,single,1,True
93913,single_train,single,5,False
93915,single_train,single,1,True
93916,single_train,single,1,True
71634,single_train,single,1,True
71633,single_train,single,1,True
71632,single_train,single,17,False
71630,single_train,single,11,False
71631,single_train,single,2,True
155791,single_train,single,1,True
155788,single_train,single,1,True
155786,single_train,single,1,True
155787,single_train,single,4,False
155789,single_train,single,4,False
155790,single_train,single,2,True
155785,single_train,single,1,True
27156,single_train,single,5,False
27165,single_train,single,8,False
27159,single_train,single,8,False
27161,single_train,single,1,True
27163,single_train,single,9,False
27162,single_train,single,1,True
27158,single_train,single,9,False
27166,single_train,single,1,True
27164,single_train,single,1,True
27154,single_train,single,2,True
27160,single_train,single,1,True
27155,single_train,single,1,True
27157,single_train,single,1,True
26711,single_train,single,39,False
26708,single_train,single,39,False
26712,single_train,single,2,True
26709,single_train,single,1,True
26710,single_train,single,2,True
26707,single_train,single,1,True
26713,single_train,single,1,True
109992,single_train,single,7,False
109993,single_train,single,1,True
109997,single_train,single,1,True
109991,single_train,single,4,False
109989,single_train,single,13,False
109990,single_train,single,1,True
109995,single_train,single,2,True
109996,single_train,single,6,False
122297,single_train,single,10,False
122303,single_train,single,8,False
122302,single_train,single,2,True
122304,single_train,single,22,False
122305,single_train,single,1,True
122300,single_train,single,5,False
122301,single_train,single,23,False
122299,single_train,single,6,False
122306,single_train,single,1,True
122298,single_train,single,1,True
122296,single_train,single,8,False
29040,single_train,single,2,True
29047,single_train,single,1,True
29044,single_train,single,17,False
29048,single_train,single,9,False
29038,single_train,single,2,True
29045,single_train,single,1,True
29046,single_train,single,2,True
29039,single_train,single,3,True
29043,single_train,single,2,True
29041,single_train,single,1,True
29042,single_train,single,7,False
29049,single_train,single,1,True
88738,single_train,single,3,True
88735,single_train,single,6,False
88741,single_train,single,1,True
88734,single_train,single,44,False
88736,single_train,single,6,False
88737,single_train,single,6,False
88733,single_train,single,5,False
6012,single_train,single,1,True
6007,single_train,single,1,True
6004,single_train,single,1,True
6005,single_train,single,4,False
6006,single_train,single,6,False
6009,single_train,single,1,True
104286,single_train,single,1,True
92659,single_train,single,1,True
92650,single_train,single,3,True
92652,single_train,single,3,True
92660,single_train,single,1,True
92657,single_train,single,1,True
92655,single_train,single,2,True
92653,single_train,single,4,False
92651,single_train,single,4,False
92658,single_train,single,1,True
92656,single_train,single,1,True
92654,single_train,single,9,False
92649,single_train,single,5,False
156742,single_train,single,1,True
156749,single_train,single,1,True
156744,single_train,single,1,True
156743,single_train,single,1,True
156745,single_train,single,1,True
63986,single_train,single,1,True
63980,single_train,single,3,True
63982,single_train,single,1,True
63985,single_train,single,18,False
63984,single_train,single,1,True
63979,single_train,single,4,False
63983,single_train,single,2,True
63981,single_train,single,61,False
63989,single_train,single,1,True
63988,single_train,single,4,False
99475,single_train,single,3,True
99481,single_train,single,4,False
99482,single_train,single,63,False
99477,single_train,single,6,False
99478,single_train,single,1,True
99480,single_train,single,28,False
99476,single_train,single,2,True
99483,single_train,single,1,True
13976,single_train,single,1,True
13972,single_train,single,24,False
13971,single_train,single,9,False
13974,single_train,single,3,True
13970,single_train,single,10,False
122441,single_train,single,3,True
122448,single_train,single,1,True
122440,single_train,single,6,False
122442,single_train,single,15,False
122443,single_train,single,2,True
122445,single_train,single,2,True
122447,single_train,single,2,True
122449,single_train,single,1,True
122444,single_train,single,1,True
126844,single_train,single,21,False
126853,single_train,single,5,False
126845,single_train,single,7,False
126846,single_train,single,9,False
126850,single_train,single,1,True
126848,single_train,single,9,False
126851,single_train,single,8,False
126849,single_train,single,30,False
126847,single_train,single,1,True
164592,single_train,single,1,True
164590,single_train,single,1,True
164588,single_train,single,1,True
164589,single_train,single,6,False
41229,single_train,single,2,True
41221,single_train,single,2,True
41227,single_train,single,1,True
41225,single_train,single,5,False
41224,single_train,single,1,True
41222,single_train,single,1,True
41230,single_train,single,1,True
41223,single_train,single,4,False
41226,single_train,single,15,False
41228,single_train,single,2,True
92980,single_train,single,2,True
92976,single_train,single,2,True
92979,single_train,single,2,True
92975,single_train,single,2,True
92972,single_train,single,6,False
92974,single_train,single,9,False
92977,single_train,single,2,True
92981,single_train,single,2,True
92978,single_train,single,2,True
92982,single_train,single,1,True
92973,single_train,single,8,False
100279,single_train,single,1,True
100275,single_train,single,1,True
100272,single_train,single,4,False
100277,single_train,single,1,True
100278,single_train,single,9,False
100274,single_train,single,4,False
100276,single_train,single,2,True
152155,single_train,single,3,True
152152,single_train,single,3,True
152156,single_train,single,1,True
152154,single_train,single,5,False
152153,single_train,single,1,True
29128,single_train,single,1,True
29127,single_train,single,1,True
29125,single_train,single,8,False
29132,single_train,single,1,True
29126,single_train,single,14,False
29124,single_train,single,3,True
29130,single_train,single,21,False
44213,single_train,single,1,True
44209,single_train,single,1,True
44207,single_train,single,1,True
44212,single_train,single,8,False
44211,single_train,single,1,True
44205,single_train,single,10,False
44208,single_train,single,10,False
44206,single_train,single,9,False
44204,single_train,single,2,True
14077,single_train,single,5,False
14078,single_train,single,2,True
14072,single_train,single,1,True
14080,single_train,single,8,False
14079,single_train,single,3,True
14076,single_train,single,1,True
14073,single_train,single,1,True
14075,single_train,single,1,True
14074,single_train,single,16,False
74696,single_train,single,2,True
74698,single_train,single,1,True
74695,single_train,single,11,False
74700,single_train,single,4,False
74701,single_train,single,1,True
74697,single_train,single,4,False
74699,single_train,single,6,False
73579,single_train,single,5,False
73581,single_train,single,19,False
73580,single_train,single,1,True
73576,single_train,single,1,True
73577,single_train,single,41,False
73582,single_train,single,1,True
73575,single_train,single,5,False
73578,single_train,single,1,True
4868,single_train,single,1,True
4863,single_train,single,1,True
4865,single_train,single,1,True
4864,single_train,single,11,False
93196,single_train,single,1,True
93189,single_train,single,2,True
93194,single_train,single,1,True
93191,single_train,single,4,False
93195,single_train,single,1,True
93190,single_train,single,4,False
93193,single_train,single,1,True
93192,single_train,single,1,True
93197,single_train,single,1,True
102416,single_train,single,1,True
102415,single_train,single,30,False
102418,single_train,single,3,True
102417,single_train,single,7,False
102414,single_train,single,1,True
154209,single_train,single,4,False
154208,single_train,single,4,False
154211,single_train,single,1,True
154213,single_train,single,4,False
154215,single_train,single,1,True
154212,single_train,single,3,True
154214,single_train,single,8,False
34058,single_train,single,1,True
34059,single_train,single,17,False
34057,single_train,single,2,True
34053,single_train,single,1,True
34055,single_train,single,5,False
34060,single_train,single,2,True
34054,single_train,single,7,False
34056,single_train,single,1,True
20227,single_train,single,34,False
20222,single_train,single,6,False
20229,single_train,single,1,True
20223,single_train,single,2,True
20228,single_train,single,1,True
20221,single_train,single,2,True
20226,single_train,single,4,False
20225,single_train,single,12,False
20224,single_train,single,1,True
28903,single_train,single,10,False
28905,single_train,single,13,False
28908,single_train,single,8,False
28904,single_train,single,1,True
28906,single_train,single,1,True
28907,single_train,single,5,False
13127,single_train,single,2,True
13130,single_train,single,3,True
13136,single_train,single,1,True
13132,single_train,single,1,True
13131,single_train,single,2,True
13133,single_train,single,3,True
13126,single_train,single,1,True
13135,single_train,single,14,False
13128,single_train,single,7,False
13129,single_train,single,1,True
87694,single_train,single,14,False
87699,single_train,single,14,False
87695,single_train,single,2,True
87698,single_train,single,4,False
87700,single_train,single,1,True
87696,single_train,single,14,False
87701,single_train,single,1,True
87697,single_train,single,2,True
121432,single_train,single,40,False
121431,single_train,single,29,False
121440,single_train,single,1,True
121433,single_train,single,40,False
121439,single_train,single,11,False
121442,single_train,single,1,True
121438,single_train,single,9,False
121434,single_train,single,3,True
121437,single_train,single,4,False
91300,single_train,single,3,True
91303,single_train,single,1,True
91294,single_train,single,8,False
91302,single_train,single,1,True
91299,single_train,single,2,True
91296,single_train,single,2,True
91293,single_train,single,2,True
91295,single_train,single,4,False
91298,single_train,single,2,True
91301,single_train,single,3,True
91297,single_train,single,2,True
98327,single_train,single,10,False
98324,single_train,single,4,False
98333,single_train,single,1,True
98326,single_train,single,27,False
106136,single_train,single,1,True
106141,single_train,single,1,True
106139,single_train,single,2,True
106138,single_train,single,6,False
106140,single_train,single,4,False
133298,single_train,single,2,True
133296,single_train,single,1,True
133295,single_train,single,4,False
133297,single_train,single,10,False
133301,single_train,single,1,True
99773,single_train,single,1,True
99777,single_train,single,1,True
99776,single_train,single,1,True
99775,single_train,single,55,False
99774,single_train,single,2,True
68846,single_train,single,1,True
68847,single_train,single,74,False
68844,single_train,single,20,False
68842,single_train,single,4,False
68843,single_train,single,7,False
68848,single_train,single,1,True
68851,single_train,single,20,False
106006,single_train,single,1,True
106004,single_train,single,3,True
106002,single_train,single,2,True
106003,single_train,single,1,True
106001,single_train,single,6,False
106007,single_train,single,2,True
106005,single_train,single,1,True
138193,single_train,single,7,False
138194,single_train,single,1,True
138197,single_train,single,1,True
138192,single_train,single,14,False
11829,single_train,single,15,False
11828,single_train,single,1,True
11825,single_train,single,1,True
11826,single_train,single,2,True
11827,single_train,single,1,True
11830,single_train,single,68,False
11834,single_train,single,27,False
11824,single_train,single,1,True
11831,single_train,single,1,True
19905,single_train,single,1,True
19899,single_train,single,1,True
19902,single_train,single,1,True
19901,single_train,single,2,True
92772,single_train,single,1,True
92778,single_train,single,1,True
92773,single_train,single,2,True
92776,single_train,single,1,True
92779,single_train,single,1,True
92777,single_train,single,1,True
92775,single_train,single,2,True
104484,single_train,single,1,True
104485,single_train,single,1,True
104487,single_train,single,1,True
104490,single_train,single,2,True
104495,single_train,single,1,True
104489,single_train,single,2,True
104492,single_train,single,8,False
104491,single_train,single,1,True
104494,single_train,single,33,False
104488,single_train,single,30,False
104493,single_train,single,2,True
104486,single_train,single,33,False
31906,single_train,single,1,True
31904,single_train,single,2,True
31913,single_train,single,1,True
31908,single_train,single,2,True
31903,single_train,single,1,True
31905,single_train,single,6,False
31909,single_train,single,1,True
31907,single_train,single,8,False
154955,single_train,single,1,True
154952,single_train,single,2,True
154954,single_train,single,15,False
154957,single_train,single,1,True
154958,single_train,single,22,False
25482,single_train,single,16,False
25486,single_train,single,1,True
25485,single_train,single,3,True
25489,single_train,single,1,True
25483,single_train,single,1,True
25484,single_train,single,1,True
25480,single_train,single,24,False
25487,single_train,single,10,False
25488,single_train,single,5,False
10513,single_train,single,2,True
10514,single_train,single,1,True
10519,single_train,single,2,True
10520,single_train,single,1,True
10517,single_train,single,2,True
10515,single_train,single,55,False
10516,single_train,single,1,True
10518,single_train,single,6,False
93921,single_train,single,2,True
93922,single_train,single,5,False
93919,single_train,single,3,True
93918,single_train,single,2,True
93920,single_train,single,2,True
93924,single_train,single,1,True
146886,single_train,single,1,True
146884,single_train,single,12,False
146888,single_train,single,1,True
146883,single_train,single,2,True
146885,single_train,single,1,True
146879,single_train,single,2,True
146880,single_train,single,1,True
146887,single_train,single,3,True
146882,single_train,single,1,True
146881,single_train,single,3,True
128120,single_train,single,3,True
128123,single_train,single,1,True
160028,single_train,single,3,True
160030,single_train,single,12,False
160025,single_train,single,2,True
160029,single_train,single,4,False
160027,single_train,single,1,True
160026,single_train,single,6,False
125940,single_train,single,5,False
125941,single_train,single,7,False
125942,single_train,single,6,False
125944,single_train,single,37,False
125936,single_train,single,6,False
125938,single_train,single,10,False
125943,single_train,single,1,True
125939,single_train,single,1,True
125946,single_train,single,5,False
110976,single_train,single,1,True
110975,single_train,single,16,False
110969,single_train,single,5,False
110970,single_train,single,2,True
110974,single_train,single,5,False
110980,single_train,single,1,True
110972,single_train,single,1,True
102448,single_train,single,11,False
102447,single_train,single,9,False
102449,single_train,single,1,True
102450,single_train,single,9,False
21665,single_train,single,4,False
21668,single_train,single,1,True
21670,single_train,single,2,True
21667,single_train,single,1,True
21669,single_train,single,5,False
21671,single_train,single,1,True
21675,single_train,single,1,True
21664,single_train,single,3,True
21666,single_train,single,9,False
131832,single_train,single,50,False
131834,single_train,single,1,True
131826,single_train,single,6,False
131830,single_train,single,9,False
131833,single_train,single,5,False
78338,single_train,single,1,True
78334,single_train,single,1,True
78333,single_train,single,3,True
78331,single_train,single,1,True
78335,single_train,single,2,True
78332,single_train,single,4,False
78329,single_train,single,2,True
78328,single_train,single,2,True
78330,single_train,single,17,False
78337,single_train,single,18,False
156762,single_train,single,1,True
156763,single_train,single,2,True
156765,single_train,single,8,False
156761,single_train,single,2,True
156759,single_train,single,1,True
156764,single_train,single,2,True
156768,single_train,single,1,True
102224,single_train,single,3,True
102218,single_train,single,2,True
102217,single_train,single,2,True
102223,single_train,single,3,True
102216,single_train,single,3,True
102225,single_train,single,2,True
102222,single_train,single,1,True
103405,single_train,single,3,True
103402,single_train,single,3,True
103400,single_train,single,1,True
103406,single_train,single,2,True
103403,single_train,single,6,False
103401,single_train,single,1,True
103399,single_train,single,19,False
103398,single_train,single,2,True
103404,single_train,single,1,True
103408,single_train,single,1,True
81730,single_train,single,27,False
81738,single_train,single,2,True
81735,single_train,single,4,False
81737,single_train,single,15,False
81733,single_train,single,1,True
81739,single_train,single,2,True
81736,single_train,single,46,False
81732,single_train,single,8,False
81740,single_train,single,1,True
81734,single_train,single,8,False
81731,single_train,single,1,True
146894,single_train,single,2,True
146897,single_train,single,5,False
146898,single_train,single,2,True
146895,single_train,single,12,False
146896,single_train,single,1,True
102278,single_train,single,6,False
102281,single_train,single,1,True
160947,single_train,single,6,False
160945,single_train,single,1,True
160946,single_train,single,12,False
160948,single_train,single,41,False
160943,single_train,single,2,True
160942,single_train,single,4,False
160944,single_train,single,41,False
21975,single_train,single,1,True
21981,single_train,single,1,True
21984,single_train,single,5,False
21976,single_train,single,1,True
21977,single_train,single,6,False
21980,single_train,single,1,True
21978,single_train,single,1,True
21979,single_train,single,21,False
127968,single_train,single,1,True
127969,single_train,single,6,False
127970,single_train,single,1,True
127973,single_train,single,1,True
96748,single_train,single,19,False
96752,single_train,single,2,True
96753,single_train,single,11,False
96751,single_train,single,2,True
42578,single_train,single,2,True
42580,single_train,single,1,True
42581,single_train,single,1,True
42585,single_train,single,17,False
42583,single_train,single,1,True
42579,single_train,single,34,False
42577,single_train,single,1,True
42586,single_train,single,1,True
42582,single_train,single,7,False
42584,single_train,single,10,False
111568,single_train,single,7,False
111573,single_train,single,1,True
111570,single_train,single,1,True
111569,single_train,single,6,False
111567,single_train,single,16,False
111571,single_train,single,6,False
69857,single_train,single,4,False
69860,single_train,single,10,False
69862,single_train,single,1,True
69856,single_train,single,1,True
69854,single_train,single,2,True
69855,single_train,single,10,False
69861,single_train,single,2,True
68472,single_train,single,16,False
68473,single_train,single,10,False
68470,single_train,single,4,False
68468,single_train,single,1,True
68471,single_train,single,1,True
68477,single_train,single,6,False
68469,single_train,single,9,False
68479,single_train,single,1,True
68475,single_train,single,1,True
68474,single_train,single,17,False
24717,single_train,single,20,False
24718,single_train,single,1,True
24719,single_train,single,3,True
24716,single_train,single,3,True
24715,single_train,single,8,False
107716,single_train,single,1,True
107713,single_train,single,3,True
107715,single_train,single,9,False
107718,single_train,single,2,True
107714,single_train,single,5,False
107720,single_train,single,1,True
89404,single_train,single,1,True
89407,single_train,single,1,True
89400,single_train,single,4,False
89401,single_train,single,2,True
89406,single_train,single,1,True
89399,single_train,single,6,False
89402,single_train,single,1,True
89398,single_train,single,5,False
89405,single_train,single,2,True
89403,single_train,single,2,True
3474,single_train,single,1,True
3467,single_train,single,46,False
3469,single_train,single,5,False
3472,single_train,single,2,True
3471,single_train,single,1,True
3470,single_train,single,11,False
3468,single_train,single,1,True
3465,single_train,single,1,True
3466,single_train,single,3,True
75080,single_train,single,1,True
75073,single_train,single,6,False
75072,single_train,single,6,False
75077,single_train,single,1,True
75074,single_train,single,1,True
75076,single_train,single,11,False
75078,single_train,single,1,True
75075,single_train,single,1,True
75079,single_train,single,4,False
156307,single_train,single,1,True
156312,single_train,single,4,False
156311,single_train,single,1,True
156309,single_train,single,2,True
156304,single_train,single,1,True
156308,single_train,single,6,False
156313,single_train,single,3,True
156305,single_train,single,2,True
156310,single_train,single,2,True
127471,single_train,single,2,True
127473,single_train,single,1,True
127470,single_train,single,1,True
127467,single_train,single,10,False
127468,single_train,single,4,False
127466,single_train,single,1,True
127472,single_train,single,8,False
127469,single_train,single,1,True
127477,single_train,single,1,True
124877,single_train,single,1,True
124881,single_train,single,1,True
124878,single_train,single,1,True
124880,single_train,single,2,True
124882,single_train,single,1,True
124875,single_train,single,40,False
124879,single_train,single,2,True
124876,single_train,single,10,False
88621,single_train,single,8,False
88620,single_train,single,62,False
88623,single_train,single,10,False
153992,single_train,single,3,True
153998,single_train,single,1,True
153993,single_train,single,8,False
153997,single_train,single,12,False
153996,single_train,single,2,True
153994,single_train,single,1,True
153995,single_train,single,4,False
97906,single_train,single,1,True
97907,single_train,single,12,False
97902,single_train,single,1,True
97901,single_train,single,1,True
97911,single_train,single,1,True
97905,single_train,single,5,False
97903,single_train,single,2,True
159620,single_train,single,6,False
159616,single_train,single,6,False
159619,single_train,single,3,True
159618,single_train,single,1,True
159614,single_train,single,8,False
159615,single_train,single,2,True
159617,single_train,single,1,True
28489,single_train,single,2,True
28490,single_train,single,1,True
28488,single_train,single,5,False
28485,single_train,single,6,False
28486,single_train,single,23,False
28487,single_train,single,1,True
28484,single_train,single,1,True
23229,single_train,single,13,False
23233,single_train,single,48,False
23228,single_train,single,1,True
23232,single_train,single,1,True
23230,single_train,single,1,True
23234,single_train,single,1,True
91053,single_train,single,2,True
91051,single_train,single,12,False
91054,single_train,single,2,True
91058,single_train,single,1,True
91059,single_train,single,6,False
91060,single_train,single,1,True
91062,single_train,single,1,True
91052,single_train,single,7,False
91056,single_train,single,3,True
91061,single_train,single,1,True
91057,single_train,single,1,True
91055,single_train,single,3,True
145269,single_train,single,3,True
145278,single_train,single,1,True
145270,single_train,single,1,True
145273,single_train,single,8,False
145274,single_train,single,1,True
145272,single_train,single,1,True
145271,single_train,single,18,False
153183,single_train,single,5,False
153176,single_train,single,1,True
153177,single_train,single,2,True
153178,single_train,single,1,True
153175,single_train,single,8,False
153181,single_train,single,1,True
153179,single_train,single,8,False
153180,single_train,single,1,True
153182,single_train,single,1,True
153184,single_train,single,2,True
15770,single_train,single,9,False
15771,single_train,single,2,True
15769,single_train,single,1,True
15773,single_train,single,1,True
112378,single_train,single,1,True
112382,single_train,single,2,True
112381,single_train,single,12,False
112383,single_train,single,1,True
112377,single_train,single,7,False
112379,single_train,single,4,False
153208,single_train,single,1,True
153207,single_train,single,2,True
153210,single_train,single,1,True
153211,single_train,single,15,False
153212,single_train,single,1,True
153209,single_train,single,6,False
88817,single_train,single,1,True
88816,single_train,single,2,True
88818,single_train,single,1,True
88821,single_train,single,2,True
88815,single_train,single,30,False
13176,single_train,single,2,True
13172,single_train,single,1,True
13178,single_train,single,2,True
13177,single_train,single,1,True
13181,single_train,single,2,True
13173,single_train,single,2,True
74808,single_train,single,9,False
74812,single_train,single,1,True
74807,single_train,single,18,False
74813,single_train,single,2,True
74809,single_train,single,26,False
74810,single_train,single,1,True
74811,single_train,single,2,True
74792,single_train,single,5,False
74789,single_train,single,16,False
74794,single_train,single,4,False
74790,single_train,single,62,False
74795,single_train,single,1,True
74791,single_train,single,1,True
74793,single_train,single,2,True
151013,single_train,single,1,True
151012,single_train,single,1,True
151014,single_train,single,4,False
151015,single_train,single,1,True
151019,single_train,single,1,True
151017,single_train,single,1,True
28556,single_train,single,1,True
28551,single_train,single,1,True
28549,single_train,single,4,False
28550,single_train,single,2,True
28548,single_train,single,3,True
15376,single_train,single,3,True
15373,single_train,single,3,True
15368,single_train,single,2,True
15377,single_train,single,4,False
15369,single_train,single,2,True
15370,single_train,single,1,True
15371,single_train,single,4,False
15374,single_train,single,1,True
15378,single_train,single,1,True
15367,single_train,single,4,False
156778,single_train,single,1,True
156781,single_train,single,3,True
156782,single_train,single,1,True
156780,single_train,single,1,True
66945,single_train,single,1,True
66943,single_train,single,4,False
66949,single_train,single,1,True
66942,single_train,single,39,False
104593,single_train,single,1,True
104588,single_train,single,6,False
104589,single_train,single,20,False
104587,single_train,single,8,False
104591,single_train,single,1,True
147896,single_train,single,1,True
147900,single_train,single,1,True
147894,single_train,single,5,False
147895,single_train,single,8,False
147893,single_train,single,1,True
32677,single_train,single,1,True
32681,single_train,single,6,False
32684,single_train,single,2,True
32676,single_train,single,2,True
32678,single_train,single,11,False
32679,single_train,single,1,True
32682,single_train,single,4,False
32680,single_train,single,3,True
32685,single_train,single,6,False
142787,single_train,single,2,True
142785,single_train,single,13,False
142788,single_train,single,7,False
142790,single_train,single,2,True
142786,single_train,single,1,True
142784,single_train,single,2,True
142795,single_train,single,13,False
142793,single_train,single,3,True
142783,single_train,single,3,True
142791,single_train,single,3,True
142794,single_train,single,1,True
142792,single_train,single,7,False
142789,single_train,single,1,True
23720,single_train,single,1,True
23717,single_train,single,10,False
23727,single_train,single,6,False
23726,single_train,single,8,False
23722,single_train,single,1,True
23724,single_train,single,1,True
23721,single_train,single,1,True
23719,single_train,single,59,False
35308,single_train,single,3,True
35304,single_train,single,2,True
35307,single_train,single,10,False
35305,single_train,single,2,True
35309,single_train,single,3,True
35311,single_train,single,1,True
35303,single_train,single,2,True
35306,single_train,single,1,True
35310,single_train,single,3,True
114744,single_train,single,2,True
114741,single_train,single,8,False
114739,single_train,single,3,True
114747,single_train,single,6,False
114740,single_train,single,2,True
114742,single_train,single,1,True
114746,single_train,single,3,True
114745,single_train,single,2,True
114743,single_train,single,2,True
114738,single_train,single,1,True
155370,single_train,single,3,True
155368,single_train,single,8,False
155367,single_train,single,1,True
155371,single_train,single,21,False
155369,single_train,single,1,True
155372,single_train,single,1,True
72817,single_train,single,1,True
72823,single_train,single,26,False
72821,single_train,single,7,False
72819,single_train,single,32,False
72818,single_train,single,4,False
72820,single_train,single,1,True
72824,single_train,single,1,True
157822,single_train,single,4,False
157817,single_train,single,1,True
157825,single_train,single,1,True
157823,single_train,single,15,False
157820,single_train,single,3,True
157819,single_train,single,2,True
157821,single_train,single,23,False
157815,single_train,single,1,True
157826,single_train,single,2,True
157824,single_train,single,1,True
157816,single_train,single,2,True
4518,single_train,single,10,False
4515,single_train,single,3,True
4516,single_train,single,3,True
4517,single_train,single,2,True
4513,single_train,single,16,False
4511,single_train,single,3,True
4514,single_train,single,1,True
4512,single_train,single,3,True
111193,single_train,single,2,True
111195,single_train,single,1,True
121998,single_train,single,2,True
121993,single_train,single,43,False
121999,single_train,single,2,True
121997,single_train,single,9,False
122001,single_train,single,1,True
121996,single_train,single,9,False
121994,single_train,single,48,False
121995,single_train,single,59,False
119991,single_train,single,5,False
119996,single_train,single,3,True
119997,single_train,single,6,False
119995,single_train,single,2,True
119992,single_train,single,2,True
119989,single_train,single,10,False
119994,single_train,single,2,True
119990,single_train,single,23,False
15309,single_train,single,4,False
15316,single_train,single,1,True
15314,single_train,single,2,True
15310,single_train,single,4,False
15313,single_train,single,2,True
15312,single_train,single,1,True
15311,single_train,single,6,False
152432,single_train,single,1,True
152429,single_train,single,2,True
152425,single_train,single,3,True
152426,single_train,single,4,False
152428,single_train,single,1,True
152427,single_train,single,7,False
69890,single_train,single,1,True
69889,single_train,single,16,False
69892,single_train,single,1,True
69888,single_train,single,3,True
130148,single_train,single,2,True
130146,single_train,single,2,True
130141,single_train,single,14,False
130149,single_train,single,4,False
130140,single_train,single,4,False
130142,single_train,single,1,True
130144,single_train,single,1,True
130147,single_train,single,2,True
34114,single_train,single,15,False
34116,single_train,single,25,False
34112,single_train,single,1,True
34113,single_train,single,5,False
34117,single_train,single,2,True
34115,single_train,single,1,True
34118,single_train,single,11,False
4610,single_train,single,2,True
4611,single_train,single,13,False
4609,single_train,single,2,True
4614,single_train,single,2,True
161495,single_train,single,2,True
161496,single_train,single,1,True
161493,single_train,single,1,True
161490,single_train,single,2,True
161494,single_train,single,11,False
159292,single_train,single,1,True
159291,single_train,single,44,False
159289,single_train,single,4,False
11903,single_train,single,1,True
11901,single_train,single,5,False
11902,single_train,single,6,False
11900,single_train,single,7,False
16804,single_train,single,9,False
16803,single_train,single,2,True
16809,single_train,single,9,False
16802,single_train,single,1,True
16806,single_train,single,2,True
16805,single_train,single,1,True
16808,single_train,single,1,True
16812,single_train,single,1,True
75764,single_train,single,1,True
75759,single_train,single,1,True
75762,single_train,single,2,True
75761,single_train,single,1,True
75758,single_train,single,4,False
75760,single_train,single,14,False
75357,single_train,single,2,True
75356,single_train,single,6,False
75354,single_train,single,11,False
75358,single_train,single,1,True
75352,single_train,single,4,False
75351,single_train,single,3,True
75355,single_train,single,1,True
75353,single_train,single,1,True
152754,single_train,single,4,False
152752,single_train,single,3,True
152758,single_train,single,1,True
152753,single_train,single,1,True
152756,single_train,single,2,True
152755,single_train,single,1,True
97033,single_train,single,1,True
97030,single_train,single,14,False
97031,single_train,single,12,False
97036,single_train,single,4,False
97032,single_train,single,2,True
97029,single_train,single,11,False
159638,single_train,single,1,True
159634,single_train,single,10,False
159635,single_train,single,3,True
159629,single_train,single,3,True
115281,single_train,single,2,True
115285,single_train,single,1,True
115288,single_train,single,12,False
115287,single_train,single,5,False
115280,single_train,single,1,True
115282,single_train,single,2,True
104887,single_train,single,6,False
138313,single_train,single,2,True
138310,single_train,single,8,False
138309,single_train,single,5,False
138312,single_train,single,2,True
138308,single_train,single,17,False
138314,single_train,single,7,False
138315,single_train,single,1,True
138311,single_train,single,1,True
33795,single_train,single,1,True
33790,single_train,single,3,True
33789,single_train,single,2,True
33788,single_train,single,3,True
72712,single_train,single,37,False
72719,single_train,single,1,True
72715,single_train,single,13,False
72714,single_train,single,6,False
72713,single_train,single,1,True
72718,single_train,single,15,False
72717,single_train,single,6,False
72716,single_train,single,1,True
104388,single_train,single,5,False
104382,single_train,single,5,False
104389,single_train,single,2,True
104386,single_train,single,14,False
104384,single_train,single,9,False
104387,single_train,single,1,True
104381,single_train,single,1,True
104383,single_train,single,1,True
164452,single_train,single,1,True
164457,single_train,single,1,True
164455,single_train,single,1,True
164454,single_train,single,4,False
164456,single_train,single,3,True
163622,single_train,single,1,True
163624,single_train,single,5,False
163620,single_train,single,2,True
163621,single_train,single,14,False
163625,single_train,single,1,True
163627,single_train,single,2,True
163623,single_train,single,6,False
163619,single_train,single,9,False
163628,single_train,single,14,False
163629,single_train,single,1,True
6941,single_train,single,1,True
6938,single_train,single,3,True
6945,single_train,single,1,True
6934,single_train,single,1,True
6940,single_train,single,8,False
6939,single_train,single,1,True
6944,single_train,single,10,False
6935,single_train,single,6,False
6936,single_train,single,140,False
6937,single_train,single,1,True
15122,single_train,single,1,True
15111,single_train,single,1,True
15119,single_train,single,1,True
15116,single_train,single,1,True
15114,single_train,single,1,True
15112,single_train,single,1,True
15118,single_train,single,1,True
15115,single_train,single,7,False
15120,single_train,single,2,True
15121,single_train,single,9,False
15113,single_train,single,3,True
124247,single_train,single,33,False
124242,single_train,single,3,True
124243,single_train,single,8,False
124246,single_train,single,3,True
124245,single_train,single,3,True
124241,single_train,single,2,True
124248,single_train,single,3,True
124244,single_train,single,1,True
35030,single_train,single,1,True
35029,single_train,single,2,True
35033,single_train,single,11,False
35031,single_train,single,21,False
35027,single_train,single,1,True
35032,single_train,single,1,True
35028,single_train,single,2,True
17888,single_train,single,18,False
17887,single_train,single,4,False
17886,single_train,single,5,False
102957,single_train,single,5,False
102960,single_train,single,8,False
102963,single_train,single,1,True
102959,single_train,single,1,True
102962,single_train,single,16,False
102954,single_train,single,2,True
102953,single_train,single,5,False
119484,single_train,single,3,True
119487,single_train,single,2,True
119486,single_train,single,8,False
119488,single_train,single,46,False
119483,single_train,single,38,False
119485,single_train,single,1,True
31295,single_train,single,2,True
31292,single_train,single,1,True
31291,single_train,single,14,False
31294,single_train,single,4,False
31293,single_train,single,17,False
119607,single_train,single,58,False
119606,single_train,single,6,False
119608,single_train,single,9,False
119609,single_train,single,1,True
119610,single_train,single,45,False
143752,single_train,single,1,True
143754,single_train,single,4,False
143746,single_train,single,2,True
143755,single_train,single,3,True
143750,single_train,single,12,False
143747,single_train,single,2,True
143756,single_train,single,1,True
143753,single_train,single,1,True
143751,single_train,single,9,False
43653,single_train,single,7,False
43651,single_train,single,1,True
43650,single_train,single,11,False
43647,single_train,single,6,False
43649,single_train,single,1,True
43645,single_train,single,3,True
43654,single_train,single,17,False
43648,single_train,single,1,True
43646,single_train,single,7,False
42290,single_train,single,1,True
42292,single_train,single,2,True
42296,single_train,single,11,False
42297,single_train,single,1,True
42294,single_train,single,2,True
42293,single_train,single,1,True
42291,single_train,single,2,True
158100,single_train,single,8,False
158105,single_train,single,14,False
158106,single_train,single,1,True
158108,single_train,single,7,False
158101,single_train,single,2,True
158109,single_train,single,11,False
158107,single_train,single,5,False
158104,single_train,single,6,False
109043,single_train,single,10,False
109044,single_train,single,13,False
109041,single_train,single,83,False
109045,single_train,single,1,True
109042,single_train,single,1,True
153378,single_train,single,1,True
153377,single_train,single,2,True
153366,single_train,single,7,False
153376,single_train,single,1,True
153371,single_train,single,1,True
153372,single_train,single,1,True
153368,single_train,single,2,True
153365,single_train,single,2,True
153367,single_train,single,1,True
153375,single_train,single,1,True
153373,single_train,single,2,True
153374,single_train,single,5,False
153369,single_train,single,1,True
153370,single_train,single,5,False
153364,single_train,single,1,True
125691,single_train,single,26,False
125692,single_train,single,1,True
81853,single_train,single,1,True
81854,single_train,single,2,True
81851,single_train,single,2,True
81858,single_train,single,2,True
81859,single_train,single,1,True
81850,single_train,single,1,True
81857,single_train,single,2,True
81171,single_train,single,1,True
81170,single_train,single,5,False
81168,single_train,single,1,True
81172,single_train,single,4,False
81169,single_train,single,13,False
81167,single_train,single,10,False
81165,single_train,single,25,False
67590,single_train,single,4,False
67591,single_train,single,14,False
67594,single_train,single,7,False
67593,single_train,single,2,True
67595,single_train,single,1,True
67592,single_train,single,1,True
67589,single_train,single,2,True
12096,single_train,single,1,True
12097,single_train,single,2,True
12099,single_train,single,3,True
12098,single_train,single,12,False
12100,single_train,single,41,False
12093,single_train,single,1,True
12102,single_train,single,1,True
12103,single_train,single,1,True
12101,single_train,single,1,True
12094,single_train,single,2,True
12095,single_train,single,29,False
16715,single_train,single,1,True
16716,single_train,single,5,False
16712,single_train,single,1,True
16711,single_train,single,2,True
16714,single_train,single,2,True
16710,single_train,single,2,True
16709,single_train,single,1,True
16719,single_train,single,1,True
81252,single_train,single,1,True
81246,single_train,single,2,True
81248,single_train,single,1,True
81247,single_train,single,2,True
107142,single_train,single,1,True
107144,single_train,single,1,True
107146,single_train,single,3,True
107148,single_train,single,2,True
107147,single_train,single,1,True
107141,single_train,single,5,False
107145,single_train,single,2,True
107149,single_train,single,2,True
107151,single_train,single,1,True
107143,single_train,single,10,False
24671,single_train,single,2,True
24670,single_train,single,2,True
24673,single_train,single,2,True
24677,single_train,single,1,True
24674,single_train,single,6,False
24678,single_train,single,8,False
24680,single_train,single,1,True
24679,single_train,single,2,True
24676,single_train,single,2,True
24669,single_train,single,2,True
24672,single_train,single,1,True
24675,single_train,single,1,True
163983,single_train,single,2,True
163982,single_train,single,6,False
163979,single_train,single,4,False
163980,single_train,single,1,True
163984,single_train,single,6,False
163981,single_train,single,5,False
77199,single_train,single,6,False
77201,single_train,single,13,False
77202,single_train,single,1,True
77206,single_train,single,1,True
77200,single_train,single,4,False
156320,single_train,single,1,True
156321,single_train,single,4,False
156317,single_train,single,4,False
156322,single_train,single,1,True
156315,single_train,single,1,True
156319,single_train,single,2,True
156318,single_train,single,1,True
66838,single_train,single,2,True
66847,single_train,single,1,True
66837,single_train,single,2,True
66840,single_train,single,1,True
66845,single_train,single,2,True
66841,single_train,single,4,False
66842,single_train,single,7,False
66843,single_train,single,1,True
66839,single_train,single,17,False
11035,single_train,single,2,True
11042,single_train,single,1,True
11036,single_train,single,3,True
11038,single_train,single,1,True
11041,single_train,single,3,True
11034,single_train,single,2,True
11037,single_train,single,5,False
93741,single_train,single,11,False
93737,single_train,single,3,True
93740,single_train,single,1,True
93733,single_train,single,2,True
93732,single_train,single,7,False
93734,single_train,single,2,True
93736,single_train,single,3,True
93738,single_train,single,3,True
28452,single_train,single,38,False
28457,single_train,single,1,True
28450,single_train,single,1,True
28454,single_train,single,9,False
28449,single_train,single,6,False
28451,single_train,single,1,True
28453,single_train,single,1,True
28447,single_train,single,8,False
12497,single_train,single,4,False
12500,single_train,single,7,False
12502,single_train,single,10,False
12503,single_train,single,1,True
12496,single_train,single,2,True
12498,single_train,single,26,False
12499,single_train,single,1,True
74586,single_train,single,2,True
74582,single_train,single,2,True
74585,single_train,single,1,True
74583,single_train,single,1,True
74587,single_train,single,1,True
74584,single_train,single,2,True
150633,single_train,single,2,True
150634,single_train,single,1,True
150629,single_train,single,1,True
150640,single_train,single,1,True
150630,single_train,single,2,True
150635,single_train,single,3,True
150638,single_train,single,2,True
38908,single_train,single,1,True
38904,single_train,single,1,True
38905,single_train,single,12,False
38903,single_train,single,3,True
38906,single_train,single,1,True
148354,single_train,single,2,True
148356,single_train,single,3,True
148351,single_train,single,2,True
148355,single_train,single,1,True
148350,single_train,single,3,True
148352,single_train,single,4,False
148357,single_train,single,2,True
148353,single_train,single,1,True
78327,single_train,single,19,False
78321,single_train,single,1,True
78323,single_train,single,2,True
78320,single_train,single,19,False
78318,single_train,single,8,False
78325,single_train,single,3,True
78324,single_train,single,1,True
78322,single_train,single,8,False
78319,single_train,single,1,True
144065,single_train,single,3,True
144067,single_train,single,14,False
144074,single_train,single,2,True
144072,single_train,single,1,True
144075,single_train,single,4,False
144073,single_train,single,1,True
144066,single_train,single,5,False
8025,single_train,single,6,False
8022,single_train,single,7,False
8028,single_train,single,1,True
8023,single_train,single,1,True
8020,single_train,single,2,True
8026,single_train,single,4,False
8024,single_train,single,4,False
8021,single_train,single,2,True
68296,single_train,single,6,False
68301,single_train,single,1,True
68298,single_train,single,2,True
126345,single_train,single,15,False
126346,single_train,single,16,False
126342,single_train,single,6,False
126344,single_train,single,1,True
126341,single_train,single,2,True
126347,single_train,single,1,True
126343,single_train,single,6,False
128281,single_train,single,11,False
128282,single_train,single,1,True
128278,single_train,single,2,True
128277,single_train,single,1,True
128279,single_train,single,61,False
128276,single_train,single,2,True
128283,single_train,single,18,False
128275,single_train,single,11,False
128274,single_train,single,6,False
127960,single_train,single,3,True
127961,single_train,single,2,True
127962,single_train,single,11,False
127959,single_train,single,1,True
127963,single_train,single,1,True
127958,single_train,single,9,False
3900,single_train,single,1,True
3903,single_train,single,1,True
3901,single_train,single,2,True
3897,single_train,single,1,True
3898,single_train,single,2,True
3902,single_train,single,2,True
150546,single_train,single,4,False
150547,single_train,single,2,True
150552,single_train,single,1,True
150549,single_train,single,1,True
150548,single_train,single,2,True
125208,single_train,single,3,True
125210,single_train,single,3,True
125209,single_train,single,3,True
125205,single_train,single,17,False
125211,single_train,single,3,True
125212,single_train,single,1,True
125207,single_train,single,3,True
125206,single_train,single,30,False
99699,single_train,single,6,False
99701,single_train,single,10,False
99703,single_train,single,1,True
99702,single_train,single,1,True
99704,single_train,single,1,True
99700,single_train,single,2,True
34779,single_train,single,8,False
34781,single_train,single,1,True
34777,single_train,single,1,True
34774,single_train,single,1,True
34778,single_train,single,1,True
34776,single_train,single,21,False
34775,single_train,single,1,True
34780,single_train,single,2,True
66938,single_train,single,1,True
66936,single_train,single,22,False
66940,single_train,single,2,True
66939,single_train,single,5,False
66935,single_train,single,5,False
66941,single_train,single,4,False
18701,single_train,single,1,True
18702,single_train,single,9,False
74989,single_train,single,1,True
74992,single_train,single,1,True
74987,single_train,single,7,False
74988,single_train,single,20,False
74986,single_train,single,1,True
131383,single_train,single,1,True
131385,single_train,single,5,False
131382,single_train,single,7,False
131388,single_train,single,10,False
131381,single_train,single,5,False
131387,single_train,single,1,True
131386,single_train,single,17,False
131384,single_train,single,2,True
137865,single_train,single,1,True
137860,single_train,single,8,False
137864,single_train,single,14,False
137862,single_train,single,10,False
137861,single_train,single,1,True
137869,single_train,single,1,True
137868,single_train,single,4,False
137859,single_train,single,2,True
137858,single_train,single,2,True
137867,single_train,single,1,True
137866,single_train,single,4,False
137863,single_train,single,5,False
79838,single_train,single,24,False
79841,single_train,single,3,True
79837,single_train,single,4,False
79842,single_train,single,1,True
79839,single_train,single,1,True
79840,single_train,single,2,True
100017,single_train,single,6,False
100020,single_train,single,2,True
100019,single_train,single,1,True
100021,single_train,single,2,True
100012,single_train,single,2,True
100013,single_train,single,5,False
100018,single_train,single,2,True
58012,single_train,single,3,True
58009,single_train,single,2,True
58008,single_train,single,7,False
58006,single_train,single,4,False
58010,single_train,single,3,True
58007,single_train,single,17,False
58011,single_train,single,3,True
58013,single_train,single,3,True
94034,single_train,single,1,True
94030,single_train,single,1,True
94029,single_train,single,16,False
94033,single_train,single,3,True
94035,single_train,single,1,True
94032,single_train,single,5,False
64150,single_train,single,1,True
64151,single_train,single,3,True
64148,single_train,single,2,True
64147,single_train,single,1,True
64149,single_train,single,2,True
101069,single_train,single,37,False
101071,single_train,single,5,False
101070,single_train,single,1,True
141067,single_train,single,10,False
141066,single_train,single,3,True
141069,single_train,single,4,False
141073,single_train,single,52,False
141068,single_train,single,4,False
141070,single_train,single,2,True
141071,single_train,single,8,False
141072,single_train,single,1,True
21947,single_train,single,1,True
21941,single_train,single,5,False
21946,single_train,single,5,False
21943,single_train,single,1,True
21942,single_train,single,20,False
97928,single_train,single,1,True
97933,single_train,single,1,True
97927,single_train,single,1,True
97929,single_train,single,1,True
23262,single_train,single,1,True
23260,single_train,single,1,True
23257,single_train,single,13,False
23258,single_train,single,1,True
23256,single_train,single,1,True
23261,single_train,single,5,False
23255,single_train,single,11,False
23259,single_train,single,2,True
12377,single_train,single,1,True
12381,single_train,single,1,True
12378,single_train,single,2,True
12382,single_train,single,1,True
12379,single_train,single,7,False
12383,single_train,single,2,True
71645,single_train,single,1,True
71643,single_train,single,3,True
71642,single_train,single,5,False
71644,single_train,single,19,False
18293,single_train,single,1,True
18290,single_train,single,13,False
18289,single_train,single,1,True
18291,single_train,single,1,True
18288,single_train,single,1,True
18294,single_train,single,3,True
148509,single_train,single,1,True
148505,single_train,single,1,True
148514,single_train,single,3,True
148504,single_train,single,2,True
148516,single_train,single,1,True
148510,single_train,single,2,True
148508,single_train,single,7,False
148512,single_train,single,5,False
148506,single_train,single,2,True
148503,single_train,single,2,True
148502,single_train,single,3,True
148515,single_train,single,4,False
148511,single_train,single,3,True
148507,single_train,single,3,True
97365,single_train,single,2,True
97357,single_train,single,1,True
97356,single_train,single,6,False
97361,single_train,single,1,True
97364,single_train,single,6,False
97363,single_train,single,2,True
30266,single_train,single,12,False
30265,single_train,single,1,True
30262,single_train,single,10,False
30269,single_train,single,1,True
30267,single_train,single,10,False
30264,single_train,single,16,False
30263,single_train,single,2,True
30268,single_train,single,9,False
151235,single_train,single,2,True
151238,single_train,single,6,False
151239,single_train,single,2,True
151234,single_train,single,1,True
151237,single_train,single,1,True
151240,single_train,single,1,True
151236,single_train,single,4,False
97749,single_train,single,2,True
97751,single_train,single,1,True
97744,single_train,single,1,True
97750,single_train,single,5,False
97746,single_train,single,13,False
97748,single_train,single,1,True
119759,single_train,single,10,False
119756,single_train,single,5,False
119760,single_train,single,3,True
119755,single_train,single,8,False
119762,single_train,single,10,False
119761,single_train,single,5,False
119757,single_train,single,2,True
119764,single_train,single,1,True
119758,single_train,single,7,False
75166,single_train,single,1,True
75171,single_train,single,12,False
75170,single_train,single,1,True
75167,single_train,single,2,True
75168,single_train,single,2,True
72899,single_train,single,19,False
72900,single_train,single,1,True
72903,single_train,single,1,True
72904,single_train,single,10,False
72905,single_train,single,19,False
72906,single_train,single,20,False
72901,single_train,single,4,False
124113,single_train,single,10,False
124117,single_train,single,3,True
124112,single_train,single,10,False
124118,single_train,single,3,True
124120,single_train,single,5,False
124122,single_train,single,1,True
124123,single_train,single,1,True
124114,single_train,single,5,False
124116,single_train,single,6,False
124111,single_train,single,52,False
124115,single_train,single,2,True
124121,single_train,single,1,True
124119,single_train,single,11,False
133864,single_train,single,1,True
133858,single_train,single,2,True
133867,single_train,single,1,True
133860,single_train,single,1,True
133861,single_train,single,2,True
133857,single_train,single,2,True
133866,single_train,single,11,False
133859,single_train,single,3,True
133862,single_train,single,18,False
133863,single_train,single,49,False
88716,single_train,single,1,True
88715,single_train,single,1,True
88709,single_train,single,4,False
88713,single_train,single,4,False
88708,single_train,single,27,False
88710,single_train,single,1,True
88714,single_train,single,3,True
32131,single_train,single,1,True
32134,single_train,single,4,False
32132,single_train,single,6,False
32130,single_train,single,1,True
32135,single_train,single,2,True
32137,single_train,single,1,True
32133,single_train,single,1,True
32129,single_train,single,9,False
100797,single_train,single,4,False
100800,single_train,single,2,True
100799,single_train,single,1,True
100798,single_train,single,22,False
127272,single_train,single,47,False
127273,single_train,single,1,True
127274,single_train,single,4,False
127270,single_train,single,1,True
127271,single_train,single,2,True
127277,single_train,single,1,True
156882,single_train,single,8,False
156881,single_train,single,5,False
156884,single_train,single,1,True
156883,single_train,single,5,False
30152,single_train,single,2,True
30147,single_train,single,1,True
30149,single_train,single,8,False
30145,single_train,single,6,False
30154,single_train,single,1,True
30148,single_train,single,1,True
30153,single_train,single,4,False
30151,single_train,single,7,False
30146,single_train,single,49,False
30150,single_train,single,30,False
30144,single_train,single,1,True
101864,single_train,single,3,True
101863,single_train,single,1,True
101862,single_train,single,46,False
101861,single_train,single,1,True
101869,single_train,single,1,True
156620,single_train,single,6,False
156624,single_train,single,1,True
156615,single_train,single,2,True
156616,single_train,single,7,False
156614,single_train,single,1,True
156619,single_train,single,1,True
156618,single_train,single,2,True
110553,single_train,single,2,True
110550,single_train,single,42,False
110549,single_train,single,3,True
110551,single_train,single,1,True
110555,single_train,single,1,True
34716,single_train,single,1,True
34708,single_train,single,2,True
34707,single_train,single,13,False
34711,single_train,single,9,False
34710,single_train,single,1,True
34713,single_train,single,9,False
34712,single_train,single,1,True
107027,single_train,single,1,True
107033,single_train,single,12,False
107034,single_train,single,1,True
107030,single_train,single,1,True
107028,single_train,single,2,True
163730,single_train,single,1,True
163727,single_train,single,10,False
163729,single_train,single,17,False
163731,single_train,single,1,True
163728,single_train,single,2,True
163732,single_train,single,24,False
112281,single_train,single,4,False
112277,single_train,single,2,True
112283,single_train,single,1,True
112278,single_train,single,1,True
112279,single_train,single,6,False
112280,single_train,single,1,True
112285,single_train,single,3,True
112282,single_train,single,2,True
112284,single_train,single,2,True
140755,single_train,single,10,False
140756,single_train,single,3,True
140750,single_train,single,1,True
140751,single_train,single,1,True
140757,single_train,single,2,True
140753,single_train,single,12,False
140749,single_train,single,3,True
140758,single_train,single,2,True
140748,single_train,single,1,True
140752,single_train,single,2,True
140754,single_train,single,1,True
140747,single_train,single,1,True
98212,single_train,single,1,True
98207,single_train,single,5,False
98209,single_train,single,1,True
98203,single_train,single,1,True
98208,single_train,single,2,True
98206,single_train,single,1,True
98205,single_train,single,11,False
93263,single_train,single,2,True
93265,single_train,single,1,True
93261,single_train,single,2,True
93267,single_train,single,1,True
93266,single_train,single,1,True
93264,single_train,single,4,False
93262,single_train,single,2,True
93260,single_train,single,6,False
155678,single_train,single,4,False
155681,single_train,single,1,True
155677,single_train,single,5,False
155679,single_train,single,3,True
155680,single_train,single,4,False
155674,single_train,single,1,True
155683,single_train,single,1,True
155673,single_train,single,1,True
38693,single_train,single,24,False
38690,single_train,single,1,True
38688,single_train,single,2,True
38683,single_train,single,3,True
38694,single_train,single,1,True
38697,single_train,single,25,False
38684,single_train,single,4,False
38686,single_train,single,1,True
38689,single_train,single,8,False
38692,single_train,single,2,True
38685,single_train,single,8,False
38691,single_train,single,2,True
38687,single_train,single,4,False
162618,single_train,single,1,True
162614,single_train,single,1,True
162615,single_train,single,7,False
162619,single_train,single,2,True
162616,single_train,single,1,True
162613,single_train,single,2,True
162617,single_train,single,1,True
97128,single_train,single,21,False
97127,single_train,single,16,False
97129,single_train,single,21,False
79859,single_train,single,1,True
79866,single_train,single,1,True
79861,single_train,single,1,True
79865,single_train,single,2,True
79860,single_train,single,2,True
79863,single_train,single,1,True
79862,single_train,single,2,True
79857,single_train,single,3,True
79864,single_train,single,2,True
129240,single_train,single,1,True
129246,single_train,single,1,True
129242,single_train,single,1,True
129241,single_train,single,12,False
129236,single_train,single,1,True
129244,single_train,single,1,True
129239,single_train,single,1,True
74740,single_train,single,1,True
74733,single_train,single,9,False
74736,single_train,single,1,True
74737,single_train,single,6,False
74741,single_train,single,1,True
74734,single_train,single,1,True
74738,single_train,single,3,True
74735,single_train,single,7,False
74506,single_train,single,1,True
74501,single_train,single,25,False
74499,single_train,single,26,False
74504,single_train,single,1,True
74502,single_train,single,1,True
158049,single_train,single,1,True
158057,single_train,single,22,False
158058,single_train,single,1,True
158053,single_train,single,6,False
158051,single_train,single,2,True
158052,single_train,single,1,True
158055,single_train,single,5,False
158054,single_train,single,4,False
12880,single_train,single,1,True
12884,single_train,single,1,True
12877,single_train,single,1,True
12879,single_train,single,19,False
12881,single_train,single,5,False
12878,single_train,single,2,True
100124,single_train,single,2,True
100127,single_train,single,1,True
100133,single_train,single,2,True
100134,single_train,single,7,False
100129,single_train,single,4,False
100130,single_train,single,3,True
100135,single_train,single,1,True
100131,single_train,single,1,True
21229,single_train,single,1,True
21231,single_train,single,11,False
21228,single_train,single,5,False
21227,single_train,single,7,False
151162,single_train,single,6,False
151160,single_train,single,3,True
151163,single_train,single,6,False
151159,single_train,single,1,True
161889,single_train,single,3,True
161891,single_train,single,21,False
161886,single_train,single,7,False
161885,single_train,single,2,True
161888,single_train,single,1,True
161895,single_train,single,1,True
161890,single_train,single,2,True
161892,single_train,single,1,True
161887,single_train,single,23,False
74315,single_train,single,10,False
74316,single_train,single,1,True
74317,single_train,single,1,True
74313,single_train,single,9,False
74314,single_train,single,3,True
14298,single_train,single,1,True
14293,single_train,single,1,True
14297,single_train,single,6,False
14300,single_train,single,1,True
14296,single_train,single,14,False
14294,single_train,single,8,False
14295,single_train,single,1,True
14289,single_train,single,3,True
14288,single_train,single,1,True
14291,single_train,single,1,True
14299,single_train,single,1,True
14292,single_train,single,6,False
63195,single_train,single,19,False
63193,single_train,single,42,False
63196,single_train,single,1,True
63192,single_train,single,2,True
63199,single_train,single,6,False
63191,single_train,single,5,False
63198,single_train,single,2,True
105198,single_train,single,3,True
105201,single_train,single,37,False
105204,single_train,single,11,False
105200,single_train,single,3,True
105202,single_train,single,1,True
105199,single_train,single,10,False
159463,single_train,single,1,True
159461,single_train,single,15,False
159462,single_train,single,1,True
159460,single_train,single,2,True
23337,single_train,single,1,True
23335,single_train,single,3,True
23336,single_train,single,21,False
23334,single_train,single,3,True
124397,single_train,single,16,False
124395,single_train,single,1,True
124391,single_train,single,23,False
124392,single_train,single,23,False
124393,single_train,single,2,True
124399,single_train,single,1,True
124396,single_train,single,2,True
124390,single_train,single,7,False
124398,single_train,single,12,False
35242,single_train,single,1,True
35247,single_train,single,2,True
35244,single_train,single,7,False
35249,single_train,single,1,True
35245,single_train,single,1,True
35243,single_train,single,1,True
35246,single_train,single,6,False
23197,single_train,single,2,True
23202,single_train,single,3,True
23204,single_train,single,2,True
23201,single_train,single,1,True
23199,single_train,single,7,False
23198,single_train,single,1,True
23206,single_train,single,19,False
23207,single_train,single,1,True
23200,single_train,single,1,True
23203,single_train,single,1,True
71054,single_train,single,3,True
71057,single_train,single,3,True
71055,single_train,single,21,False
71053,single_train,single,4,False
71058,single_train,single,1,True
133058,single_train,single,2,True
133062,single_train,single,1,True
133061,single_train,single,4,False
133064,single_train,single,1,True
133065,single_train,single,4,False
133063,single_train,single,2,True
133059,single_train,single,2,True
133066,single_train,single,2,True
133060,single_train,single,1,True
133057,single_train,single,1,True
76193,single_train,single,1,True
76191,single_train,single,5,False
76192,single_train,single,2,True
76187,single_train,single,1,True
76189,single_train,single,13,False
76188,single_train,single,2,True
67432,single_train,single,1,True
67433,single_train,single,2,True
67431,single_train,single,8,False
67429,single_train,single,40,False
67434,single_train,single,1,True
67430,single_train,single,1,True
24853,single_train,single,6,False
24855,single_train,single,2,True
24857,single_train,single,4,False
24860,single_train,single,1,True
24859,single_train,single,10,False
24854,single_train,single,3,True
24858,single_train,single,4,False
27986,single_train,single,1,True
27983,single_train,single,1,True
27991,single_train,single,1,True
27985,single_train,single,2,True
27989,single_train,single,19,False
27987,single_train,single,11,False
27990,single_train,single,1,True
102732,single_train,single,21,False
102733,single_train,single,1,True
102731,single_train,single,2,True
102730,single_train,single,1,True
102728,single_train,single,9,False
102726,single_train,single,74,False
102725,single_train,single,4,False
102724,single_train,single,9,False
83429,single_train,single,1,True
83427,single_train,single,2,True
83428,single_train,single,2,True
83434,single_train,single,1,True
83430,single_train,single,7,False
83432,single_train,single,4,False
83433,single_train,single,7,False
83431,single_train,single,2,True
83435,single_train,single,1,True
122819,single_train,single,9,False
122817,single_train,single,4,False
122812,single_train,single,8,False
122813,single_train,single,34,False
122822,single_train,single,1,True
122811,single_train,single,9,False
122818,single_train,single,1,True
141500,single_train,single,2,True
141504,single_train,single,6,False
141502,single_train,single,1,True
141503,single_train,single,2,True
141506,single_train,single,7,False
141499,single_train,single,2,True
141498,single_train,single,1,True
141496,single_train,single,1,True
141501,single_train,single,2,True
141505,single_train,single,1,True
72760,single_train,single,2,True
72767,single_train,single,1,True
72764,single_train,single,16,False
72763,single_train,single,2,True
72762,single_train,single,17,False
72765,single_train,single,1,True
72761,single_train,single,2,True
87071,single_train,single,67,False
87069,single_train,single,4,False
87075,single_train,single,2,True
87070,single_train,single,29,False
87073,single_train,single,7,False
87076,single_train,single,15,False
87072,single_train,single,2,True
163240,single_train,single,1,True
163238,single_train,single,4,False
163237,single_train,single,1,True
163236,single_train,single,15,False
163239,single_train,single,6,False
163235,single_train,single,7,False
161525,single_train,single,1,True
161518,single_train,single,1,True
161517,single_train,single,1,True
161516,single_train,single,19,False
161519,single_train,single,1,True
161520,single_train,single,4,False
161514,single_train,single,12,False
161515,single_train,single,3,True
161521,single_train,single,1,True
152875,single_train,single,1,True
152869,single_train,single,5,False
152873,single_train,single,1,True
152868,single_train,single,3,True
152867,single_train,single,3,True
152870,single_train,single,1,True
152871,single_train,single,3,True
152872,single_train,single,6,False
152874,single_train,single,3,True
125910,single_train,single,20,False
125911,single_train,single,5,False
125912,single_train,single,47,False
125916,single_train,single,5,False
125917,single_train,single,4,False
125914,single_train,single,9,False
125918,single_train,single,8,False
125915,single_train,single,23,False
125913,single_train,single,1,True
5061,single_train,single,1,True
5058,single_train,single,1,True
5059,single_train,single,1,True
5062,single_train,single,4,False
5063,single_train,single,1,True
5060,single_train,single,21,False
5065,single_train,single,1,True
5064,single_train,single,16,False
74292,single_train,single,5,False
74284,single_train,single,2,True
74289,single_train,single,6,False
74290,single_train,single,29,False
74285,single_train,single,12,False
74287,single_train,single,1,True
74291,single_train,single,1,True
74286,single_train,single,11,False
74288,single_train,single,4,False
87499,single_train,single,13,False
87498,single_train,single,9,False
87497,single_train,single,4,False
87494,single_train,single,13,False
87493,single_train,single,17,False
87501,single_train,single,1,True
87502,single_train,single,1,True
87496,single_train,single,5,False
87500,single_train,single,1,True
87495,single_train,single,3,True
130965,single_train,single,15,False
130966,single_train,single,3,True
130970,single_train,single,1,True
130967,single_train,single,1,True
130968,single_train,single,3,True
46212,single_train,single,2,True
46217,single_train,single,1,True
46219,single_train,single,1,True
46225,single_train,single,1,True
46215,single_train,single,1,True
46216,single_train,single,2,True
46226,single_train,single,2,True
46213,single_train,single,1,True
46214,single_train,single,14,False
46220,single_train,single,5,False
46218,single_train,single,3,True
46222,single_train,single,1,True
46221,single_train,single,2,True
46223,single_train,single,2,True
94321,single_train,single,1,True
94315,single_train,single,15,False
94320,single_train,single,1,True
7062,single_train,single,1,True
7057,single_train,single,6,False
7055,single_train,single,5,False
7061,single_train,single,4,False
7056,single_train,single,2,True
7059,single_train,single,2,True
7058,single_train,single,1,True
7060,single_train,single,2,True
7066,single_train,single,1,True
147912,single_train,single,2,True
147909,single_train,single,2,True
147911,single_train,single,1,True
147917,single_train,single,1,True
147908,single_train,single,3,True
147915,single_train,single,5,False
147914,single_train,single,1,True
125328,single_train,single,22,False
125315,single_train,single,16,False
125322,single_train,single,4,False
125316,single_train,single,4,False
125323,single_train,single,2,True
125325,single_train,single,5,False
125326,single_train,single,2,True
125320,single_train,single,3,True
125327,single_train,single,16,False
125324,single_train,single,4,False
125319,single_train,single,38,False
100493,single_train,single,5,False
100494,single_train,single,6,False
100492,single_train,single,1,True
100496,single_train,single,1,True
100491,single_train,single,13,False
100489,single_train,single,2,True
104241,single_train,single,1,True
104238,single_train,single,11,False
104233,single_train,single,6,False
68019,single_train,single,2,True
68017,single_train,single,12,False
68013,single_train,single,2,True
68022,single_train,single,2,True
68023,single_train,single,1,True
68016,single_train,single,1,True
68020,single_train,single,1,True
68021,single_train,single,1,True
68015,single_train,single,1,True
68018,single_train,single,5,False
68014,single_train,single,2,True
147647,single_train,single,1,True
147644,single_train,single,2,True
147648,single_train,single,2,True
147645,single_train,single,2,True
147646,single_train,single,4,False
90815,single_train,single,1,True
90816,single_train,single,1,True
90811,single_train,single,4,False
90813,single_train,single,13,False
90814,single_train,single,1,True
90809,single_train,single,4,False
90812,single_train,single,18,False
90810,single_train,single,10,False
91290,single_train,single,4,False
91288,single_train,single,32,False
91291,single_train,single,1,True
91287,single_train,single,32,False
91289,single_train,single,2,True
17077,single_train,single,1,True
17078,single_train,single,5,False
17074,single_train,single,3,True
17075,single_train,single,1,True
17076,single_train,single,2,True
17079,single_train,single,1,True
40664,single_train,single,6,False
40662,single_train,single,5,False
40659,single_train,single,8,False
40663,single_train,single,1,True
40666,single_train,single,1,True
40660,single_train,single,10,False
40661,single_train,single,1,True
40658,single_train,single,14,False
40665,single_train,single,44,False
98668,single_train,single,3,True
98670,single_train,single,29,False
98669,single_train,single,2,True
98675,single_train,single,3,True
98674,single_train,single,1,True
98672,single_train,single,4,False
98673,single_train,single,2,True
98678,single_train,single,1,True
98671,single_train,single,1,True
103684,single_train,single,5,False
103687,single_train,single,1,True
103685,single_train,single,1,True
103686,single_train,single,2,True
67317,single_train,single,3,True
67319,single_train,single,16,False
67320,single_train,single,1,True
67318,single_train,single,4,False
67321,single_train,single,4,False
139057,single_train,single,3,True
139063,single_train,single,1,True
139059,single_train,single,1,True
139058,single_train,single,8,False
139056,single_train,single,1,True
139060,single_train,single,2,True
82653,single_train,single,7,False
82656,single_train,single,4,False
82662,single_train,single,1,True
82657,single_train,single,15,False
82654,single_train,single,1,True
82651,single_train,single,1,True
82655,single_train,single,17,False
137927,single_train,single,1,True
137926,single_train,single,3,True
137921,single_train,single,2,True
137925,single_train,single,3,True
137920,single_train,single,1,True
106954,single_train,single,4,False
106956,single_train,single,1,True
106950,single_train,single,1,True
106946,single_train,single,1,True
106952,single_train,single,1,True
106945,single_train,single,2,True
97505,single_train,single,3,True
97498,single_train,single,14,False
97500,single_train,single,25,False
97501,single_train,single,1,True
97499,single_train,single,3,True
97503,single_train,single,7,False
97502,single_train,single,8,False
74612,single_train,single,3,True
74617,single_train,single,14,False
74618,single_train,single,1,True
74614,single_train,single,1,True
74613,single_train,single,12,False
74616,single_train,single,2,True
74619,single_train,single,4,False
79745,single_train,single,9,False
79752,single_train,single,1,True
79751,single_train,single,9,False
79750,single_train,single,7,False
79746,single_train,single,1,True
133972,single_train,single,1,True
133967,single_train,single,1,True
133969,single_train,single,10,False
133968,single_train,single,3,True
133973,single_train,single,6,False
133970,single_train,single,1,True
133974,single_train,single,1,True
133978,single_train,single,1,True
133971,single_train,single,15,False
82812,single_train,single,1,True
82807,single_train,single,14,False
82806,single_train,single,6,False
82808,single_train,single,1,True
82805,single_train,single,12,False
128904,single_train,single,1,True
128902,single_train,single,2,True
128899,single_train,single,2,True
128898,single_train,single,5,False
128894,single_train,single,1,True
128897,single_train,single,1,True
128903,single_train,single,7,False
128895,single_train,single,2,True
128896,single_train,single,79,False
128900,single_train,single,9,False
163271,single_train,single,1,True
163273,single_train,single,1,True
163277,single_train,single,1,True
163269,single_train,single,1,True
163272,single_train,single,1,True
163270,single_train,single,1,True
149955,single_train,single,1,True
149952,single_train,single,3,True
149959,single_train,single,1,True
149957,single_train,single,3,True
149954,single_train,single,7,False
149953,single_train,single,1,True
41341,single_train,single,15,False
41340,single_train,single,6,False
41339,single_train,single,3,True
41342,single_train,single,1,True
41337,single_train,single,11,False
41336,single_train,single,8,False
41335,single_train,single,30,False
41338,single_train,single,1,True
129549,single_train,single,1,True
129548,single_train,single,6,False
129553,single_train,single,26,False
129546,single_train,single,3,True
129551,single_train,single,10,False
129550,single_train,single,6,False
129547,single_train,single,2,True
129554,single_train,single,1,True
41343,single_train,single,1,True
41345,single_train,single,2,True
41347,single_train,single,3,True
41352,single_train,single,2,True
41348,single_train,single,5,False
41350,single_train,single,1,True
41344,single_train,single,3,True
41346,single_train,single,1,True
41349,single_train,single,13,False
132491,single_train,single,4,False
132486,single_train,single,1,True
132484,single_train,single,2,True
132492,single_train,single,1,True
132489,single_train,single,1,True
132487,single_train,single,3,True
132483,single_train,single,4,False
132488,single_train,single,2,True
132485,single_train,single,9,False
132490,single_train,single,4,False
22547,single_train,single,2,True
22549,single_train,single,1,True
22546,single_train,single,1,True
22544,single_train,single,1,True
22545,single_train,single,2,True
22553,single_train,single,1,True
120475,single_train,single,110,False
120481,single_train,single,1,True
120477,single_train,single,21,False
126494,single_train,single,1,True
126498,single_train,single,2,True
126495,single_train,single,2,True
126496,single_train,single,12,False
126499,single_train,single,2,True
126497,single_train,single,1,True
11017,single_train,single,1,True
11019,single_train,single,2,True
11016,single_train,single,15,False
11014,single_train,single,1,True
11012,single_train,single,6,False
11013,single_train,single,7,False
11011,single_train,single,1,True
11015,single_train,single,2,True
74748,single_train,single,6,False
74746,single_train,single,8,False
74745,single_train,single,1,True
74742,single_train,single,3,True
74744,single_train,single,5,False
74743,single_train,single,1,True
128383,single_train,single,21,False
128385,single_train,single,3,True
128387,single_train,single,22,False
128386,single_train,single,2,True
128384,single_train,single,1,True
128390,single_train,single,10,False
128388,single_train,single,1,True
128389,single_train,single,2,True
128382,single_train,single,2,True
104056,single_train,single,1,True
104055,single_train,single,14,False
104053,single_train,single,7,False
104060,single_train,single,1,True
143524,single_train,single,1,True
143523,single_train,single,30,False
143521,single_train,single,18,False
143514,single_train,single,8,False
143513,single_train,single,6,False
143520,single_train,single,9,False
143515,single_train,single,1,True
143518,single_train,single,3,True
143525,single_train,single,11,False
8630,single_train,single,2,True
8628,single_train,single,1,True
8625,single_train,single,1,True
8632,single_train,single,1,True
8627,single_train,single,4,False
8629,single_train,single,11,False
12421,single_train,single,1,True
12427,single_train,single,1,True
12426,single_train,single,20,False
12425,single_train,single,16,False
12424,single_train,single,1,True
12422,single_train,single,1,True
12423,single_train,single,2,True
21906,single_train,single,1,True
21901,single_train,single,3,True
21903,single_train,single,1,True
21907,single_train,single,3,True
21904,single_train,single,6,False
21902,single_train,single,20,False
21900,single_train,single,3,True
18728,single_train,single,3,True
18724,single_train,single,1,True
18732,single_train,single,24,False
18726,single_train,single,1,True
18725,single_train,single,12,False
18727,single_train,single,4,False
18731,single_train,single,7,False
18730,single_train,single,9,False
18729,single_train,single,12,False
97789,single_train,single,8,False
97791,single_train,single,10,False
97788,single_train,single,4,False
97787,single_train,single,5,False
97792,single_train,single,1,True
97793,single_train,single,6,False
97790,single_train,single,1,True
26526,single_train,single,3,True
26527,single_train,single,27,False
26532,single_train,single,49,False
26530,single_train,single,8,False
26528,single_train,single,6,False
26529,single_train,single,1,True
26531,single_train,single,4,False
110483,single_train,single,1,True
110478,single_train,single,2,True
110481,single_train,single,2,True
110477,single_train,single,6,False
110476,single_train,single,5,False
110480,single_train,single,8,False
110479,single_train,single,1,True
110482,single_train,single,6,False
43703,single_train,single,2,True
43708,single_train,single,1,True
43705,single_train,single,1,True
43707,single_train,single,4,False
43706,single_train,single,1,True
43704,single_train,single,34,False
43702,single_train,single,2,True
109698,single_train,single,2,True
109704,single_train,single,1,True
109701,single_train,single,4,False
109703,single_train,single,40,False
109707,single_train,single,1,True
109697,single_train,single,1,True
19290,single_train,single,6,False
19288,single_train,single,2,True
19287,single_train,single,1,True
19286,single_train,single,8,False
19284,single_train,single,3,True
19292,single_train,single,12,False
19283,single_train,single,5,False
19289,single_train,single,1,True
19285,single_train,single,1,True
19291,single_train,single,2,True
27082,single_train,single,2,True
27081,single_train,single,3,True
27086,single_train,single,1,True
27085,single_train,single,8,False
27084,single_train,single,4,False
27083,single_train,single,1,True
73080,single_train,single,2,True
73082,single_train,single,1,True
73077,single_train,single,4,False
73081,single_train,single,22,False
73079,single_train,single,1,True
73078,single_train,single,46,False
7108,single_train,single,1,True
7102,single_train,single,1,True
7103,single_train,single,2,True
7101,single_train,single,1,True
7107,single_train,single,8,False
7098,single_train,single,2,True
7100,single_train,single,2,True
7105,single_train,single,2,True
7106,single_train,single,2,True
7099,single_train,single,1,True
7104,single_train,single,4,False
139930,single_train,single,1,True
139936,single_train,single,9,False
139935,single_train,single,1,True
139934,single_train,single,1,True
139928,single_train,single,1,True
139926,single_train,single,2,True
117632,single_train,single,3,True
117630,single_train,single,1,True
117625,single_train,single,1,True
117633,single_train,single,1,True
117626,single_train,single,3,True
117624,single_train,single,6,False
117631,single_train,single,1,True
117629,single_train,single,1,True
117628,single_train,single,6,False
117627,single_train,single,1,True
30603,single_train,single,8,False
30605,single_train,single,2,True
30604,single_train,single,1,True
30607,single_train,single,2,True
30606,single_train,single,1,True
30610,single_train,single,1,True
140034,single_train,single,11,False
140032,single_train,single,6,False
140035,single_train,single,5,False
140033,single_train,single,1,True
140030,single_train,single,3,True
150237,single_train,single,8,False
150234,single_train,single,6,False
150228,single_train,single,1,True
150229,single_train,single,1,True
150236,single_train,single,2,True
150233,single_train,single,6,False
150227,single_train,single,2,True
150226,single_train,single,2,True
150232,single_train,single,5,False
150225,single_train,single,5,False
150230,single_train,single,10,False
150235,single_train,single,4,False
150238,single_train,single,1,True
134393,single_train,single,1,True
134385,single_train,single,2,True
134384,single_train,single,2,True
134383,single_train,single,2,True
134389,single_train,single,5,False
134386,single_train,single,1,True
134387,single_train,single,5,False
134388,single_train,single,2,True
158376,single_train,single,21,False
158374,single_train,single,1,True
158377,single_train,single,1,True
158366,single_train,single,5,False
158370,single_train,single,7,False
158368,single_train,single,41,False
158373,single_train,single,1,True
158372,single_train,single,6,False
158369,single_train,single,1,True
98967,single_train,single,1,True
98965,single_train,single,1,True
98964,single_train,single,2,True
98974,single_train,single,1,True
98972,single_train,single,2,True
98969,single_train,single,4,False
98970,single_train,single,1,True
98968,single_train,single,2,True
98966,single_train,single,4,False
88230,single_train,single,1,True
88228,single_train,single,1,True
88226,single_train,single,6,False
88229,single_train,single,6,False
36329,single_train,single,1,True
36327,single_train,single,1,True
36325,single_train,single,1,True
36322,single_train,single,1,True
36324,single_train,single,9,False
36326,single_train,single,6,False
36323,single_train,single,1,True
36328,single_train,single,14,False
30580,single_train,single,141,False
30582,single_train,single,1,True
30578,single_train,single,5,False
120892,single_train,single,11,False
120896,single_train,single,2,True
120889,single_train,single,65,False
120893,single_train,single,5,False
120894,single_train,single,57,False
120890,single_train,single,7,False
120897,single_train,single,1,True
120898,single_train,single,1,True
120895,single_train,single,18,False
120891,single_train,single,3,True
120888,single_train,single,6,False
150336,single_train,single,1,True
150337,single_train,single,4,False
150341,single_train,single,1,True
150343,single_train,single,1,True
150338,single_train,single,1,True
150340,single_train,single,6,False
150339,single_train,single,2,True
22208,single_train,single,11,False
22209,single_train,single,1,True
22204,single_train,single,5,False
22203,single_train,single,2,True
22206,single_train,single,1,True
22205,single_train,single,9,False
165506,single_train,single,1,True
165504,single_train,single,4,False
165508,single_train,single,5,False
165509,single_train,single,1,True
165507,single_train,single,5,False
165505,single_train,single,10,False
157099,single_train,single,2,True
157104,single_train,single,2,True
157098,single_train,single,2,True
76697,single_train,single,8,False
76698,single_train,single,7,False
76704,single_train,single,1,True
76699,single_train,single,41,False
62735,single_train,single,4,False
62733,single_train,single,13,False
62724,single_train,single,1,True
62731,single_train,single,3,True
62723,single_train,single,1,True
62727,single_train,single,1,True
62728,single_train,single,2,True
62730,single_train,single,1,True
62729,single_train,single,6,False
62726,single_train,single,1,True
128455,single_train,single,1,True
128457,single_train,single,2,True
128454,single_train,single,10,False
128458,single_train,single,11,False
128462,single_train,single,1,True
128456,single_train,single,13,False
128460,single_train,single,13,False
128459,single_train,single,1,True
99711,single_train,single,1,True
99713,single_train,single,55,False
99721,single_train,single,5,False
99712,single_train,single,6,False
99714,single_train,single,1,True
99716,single_train,single,55,False
99719,single_train,single,8,False
99717,single_train,single,1,True
99715,single_train,single,7,False
89098,single_train,single,4,False
89100,single_train,single,1,True
89096,single_train,single,17,False
89101,single_train,single,1,True
89097,single_train,single,3,True
159802,single_train,single,4,False
159798,single_train,single,7,False
159804,single_train,single,1,True
159801,single_train,single,2,True
159799,single_train,single,5,False
159803,single_train,single,5,False
159796,single_train,single,6,False
159795,single_train,single,3,True
159797,single_train,single,1,True
142553,single_train,single,8,False
142548,single_train,single,2,True
142551,single_train,single,2,True
142547,single_train,single,2,True
142550,single_train,single,1,True
142552,single_train,single,7,False
106848,single_train,single,2,True
106851,single_train,single,2,True
106845,single_train,single,6,False
106852,single_train,single,2,True
106849,single_train,single,5,False
106850,single_train,single,1,True
106854,single_train,single,1,True
106843,single_train,single,2,True
106847,single_train,single,4,False
106846,single_train,single,1,True
148866,single_train,single,3,True
148861,single_train,single,2,True
148867,single_train,single,1,True
148864,single_train,single,8,False
148863,single_train,single,1,True
148868,single_train,single,1,True
148860,single_train,single,2,True
148871,single_train,single,1,True
148869,single_train,single,2,True
148862,single_train,single,4,False
148865,single_train,single,3,True
138955,single_train,single,1,True
138952,single_train,single,1,True
138956,single_train,single,1,True
138950,single_train,single,1,True
138954,single_train,single,4,False
138953,single_train,single,2,True
138951,single_train,single,4,False
138949,single_train,single,2,True
17937,single_train,single,1,True
17933,single_train,single,1,True
17932,single_train,single,5,False
17935,single_train,single,1,True
17934,single_train,single,38,False
97828,single_train,single,3,True
97833,single_train,single,7,False
97827,single_train,single,1,True
97831,single_train,single,4,False
97824,single_train,single,1,True
97829,single_train,single,7,False
97830,single_train,single,6,False
97826,single_train,single,8,False
97832,single_train,single,5,False
97825,single_train,single,5,False
28717,single_train,single,1,True
28712,single_train,single,2,True
28720,single_train,single,13,False
28713,single_train,single,1,True
28711,single_train,single,4,False
28721,single_train,single,1,True
28714,single_train,single,3,True
28716,single_train,single,59,False
28719,single_train,single,2,True
137596,single_train,single,1,True
137591,single_train,single,8,False
137586,single_train,single,1,True
137590,single_train,single,1,True
137588,single_train,single,8,False
137593,single_train,single,8,False
137592,single_train,single,1,True
137587,single_train,single,1,True
137595,single_train,single,6,False
137589,single_train,single,1,True
153353,single_train,single,1,True
153354,single_train,single,1,True
153349,single_train,single,1,True
153351,single_train,single,6,False
153350,single_train,single,3,True
153352,single_train,single,1,True
119021,single_train,single,6,False
119020,single_train,single,8,False
119018,single_train,single,17,False
119017,single_train,single,17,False
119022,single_train,single,1,True
119019,single_train,single,8,False
119023,single_train,single,1,True
99824,single_train,single,4,False
99828,single_train,single,4,False
99826,single_train,single,2,True
99833,single_train,single,1,True
99830,single_train,single,55,False
99827,single_train,single,1,True
99825,single_train,single,7,False
99829,single_train,single,1,True
13138,single_train,single,3,True
13142,single_train,single,5,False
13146,single_train,single,3,True
13145,single_train,single,4,False
13137,single_train,single,1,True
13148,single_train,single,1,True
13139,single_train,single,6,False
13144,single_train,single,1,True
13147,single_train,single,16,False
13140,single_train,single,1,True
13143,single_train,single,6,False
13141,single_train,single,4,False
42661,single_train,single,1,True
42659,single_train,single,62,False
42660,single_train,single,1,True
42658,single_train,single,4,False
42662,single_train,single,1,True
101261,single_train,single,2,True
101260,single_train,single,1,True
101265,single_train,single,4,False
101263,single_train,single,4,False
101264,single_train,single,7,False
101267,single_train,single,4,False
101257,single_train,single,4,False
109111,single_train,single,1,True
109109,single_train,single,2,True
109108,single_train,single,5,False
109114,single_train,single,1,True
109110,single_train,single,43,False
37956,single_train,single,2,True
37961,single_train,single,1,True
37951,single_train,single,3,True
37952,single_train,single,2,True
37955,single_train,single,3,True
37957,single_train,single,1,True
37953,single_train,single,2,True
37954,single_train,single,1,True
11369,single_train,single,5,False
11378,single_train,single,1,True
11373,single_train,single,7,False
11367,single_train,single,7,False
11376,single_train,single,2,True
11368,single_train,single,1,True
11370,single_train,single,1,True
11372,single_train,single,1,True
11365,single_train,single,1,True
11374,single_train,single,86,False
11366,single_train,single,2,True
11371,single_train,single,4,False
11377,single_train,single,14,False
89410,single_train,single,5,False
89411,single_train,single,2,True
89408,single_train,single,19,False
89414,single_train,single,1,True
89409,single_train,single,4,False
118186,single_train,single,10,False
118189,single_train,single,4,False
118191,single_train,single,8,False
118190,single_train,single,1,True
118188,single_train,single,5,False
118185,single_train,single,23,False
118187,single_train,single,8,False
5086,single_train,single,1,True
5083,single_train,single,1,True
5080,single_train,single,1,True
5085,single_train,single,2,True
5087,single_train,single,4,False
5084,single_train,single,1,True
5081,single_train,single,5,False
5082,single_train,single,1,True
26822,single_train,single,4,False
26816,single_train,single,1,True
26819,single_train,single,1,True
26821,single_train,single,1,True
26818,single_train,single,4,False
26817,single_train,single,8,False
26823,single_train,single,1,True
26820,single_train,single,2,True
46153,single_train,single,2,True
46160,single_train,single,4,False
46154,single_train,single,1,True
46158,single_train,single,2,True
46159,single_train,single,11,False
46156,single_train,single,1,True
46157,single_train,single,9,False
46155,single_train,single,2,True
46162,single_train,single,1,True
159016,single_train,single,6,False
159018,single_train,single,1,True
159012,single_train,single,1,True
159014,single_train,single,1,True
159017,single_train,single,2,True
159013,single_train,single,14,False
159020,single_train,single,5,False
49492,single_train,single,13,False
49497,single_train,single,3,True
49495,single_train,single,3,True
49498,single_train,single,1,True
49496,single_train,single,3,True
49494,single_train,single,10,False
49499,single_train,single,1,True
162425,single_train,single,3,True
162422,single_train,single,2,True
162424,single_train,single,11,False
162418,single_train,single,1,True
162419,single_train,single,1,True
162416,single_train,single,1,True
162421,single_train,single,9,False
162415,single_train,single,13,False
162417,single_train,single,2,True
162420,single_train,single,2,True
96566,single_train,single,19,False
96561,single_train,single,3,True
96558,single_train,single,32,False
96565,single_train,single,3,True
96567,single_train,single,5,False
96557,single_train,single,17,False
96560,single_train,single,4,False
96564,single_train,single,6,False
96556,single_train,single,31,False
124695,single_train,single,22,False
124700,single_train,single,4,False
124698,single_train,single,7,False
124701,single_train,single,2,True
124697,single_train,single,1,True
124694,single_train,single,7,False
14477,single_train,single,1,True
14473,single_train,single,1,True
14476,single_train,single,3,True
14472,single_train,single,3,True
14479,single_train,single,7,False
14475,single_train,single,3,True
14474,single_train,single,1,True
14480,single_train,single,1,True
40001,single_train,single,1,True
39996,single_train,single,35,False
39999,single_train,single,1,True
39997,single_train,single,1,True
39995,single_train,single,1,True
40000,single_train,single,1,True
39994,single_train,single,6,False
164224,single_train,single,2,True
164226,single_train,single,1,True
164218,single_train,single,3,True
164217,single_train,single,5,False
164221,single_train,single,9,False
164220,single_train,single,1,True
9754,single_train,single,2,True
9759,single_train,single,1,True
9760,single_train,single,3,True
9762,single_train,single,1,True
9758,single_train,single,3,True
9753,single_train,single,2,True
9757,single_train,single,2,True
9755,single_train,single,4,False
9756,single_train,single,1,True
32846,single_train,single,4,False
32848,single_train,single,1,True
32847,single_train,single,1,True
32845,single_train,single,2,True
32849,single_train,single,1,True
156088,single_train,single,18,False
156087,single_train,single,2,True
156086,single_train,single,6,False
34632,single_train,single,27,False
34631,single_train,single,7,False
34629,single_train,single,13,False
34628,single_train,single,1,True
34625,single_train,single,2,True
34626,single_train,single,1,True
34633,single_train,single,7,False
34627,single_train,single,5,False
63210,single_train,single,3,True
63220,single_train,single,1,True
63212,single_train,single,1,True
63215,single_train,single,2,True
63213,single_train,single,3,True
63209,single_train,single,1,True
63216,single_train,single,1,True
63218,single_train,single,3,True
63214,single_train,single,3,True
105817,single_train,single,15,False
105820,single_train,single,1,True
105818,single_train,single,1,True
105815,single_train,single,2,True
105816,single_train,single,7,False
14082,single_train,single,1,True
14091,single_train,single,1,True
14083,single_train,single,3,True
14086,single_train,single,1,True
14085,single_train,single,1,True
154038,single_train,single,2,True
154041,single_train,single,8,False
154039,single_train,single,2,True
154040,single_train,single,1,True
63696,single_train,single,8,False
63701,single_train,single,2,True
63707,single_train,single,8,False
63706,single_train,single,9,False
63700,single_train,single,1,True
63703,single_train,single,8,False
63698,single_train,single,2,True
63702,single_train,single,4,False
63705,single_train,single,3,True
63697,single_train,single,1,True
63704,single_train,single,1,True
63695,single_train,single,5,False
100365,single_train,single,4,False
100368,single_train,single,3,True
100370,single_train,single,1,True
100369,single_train,single,2,True
100367,single_train,single,1,True
100374,single_train,single,1,True
100366,single_train,single,2,True
1809,single_train,single,6,False
1803,single_train,single,1,True
1813,single_train,single,2,True
1807,single_train,single,1,True
1814,single_train,single,1,True
1804,single_train,single,8,False
1810,single_train,single,1,True
1806,single_train,single,1,True
98320,single_train,single,1,True
98319,single_train,single,14,False
98318,single_train,single,1,True
98317,single_train,single,1,True
98323,single_train,single,10,False
44059,single_train,single,3,True
44065,single_train,single,4,False
44061,single_train,single,4,False
44067,single_train,single,1,True
44064,single_train,single,4,False
44062,single_train,single,1,True
44063,single_train,single,1,True
44066,single_train,single,4,False
44060,single_train,single,2,True
16018,single_train,single,14,False
16025,single_train,single,14,False
16026,single_train,single,1,True
16023,single_train,single,1,True
16022,single_train,single,20,False
16019,single_train,single,1,True
16020,single_train,single,3,True
16024,single_train,single,3,True
16021,single_train,single,2,True
16017,single_train,single,1,True
16016,single_train,single,1,True
30801,single_train,single,1,True
30797,single_train,single,1,True
30798,single_train,single,10,False
30799,single_train,single,1,True
30796,single_train,single,1,True
30804,single_train,single,1,True
30800,single_train,single,2,True
30803,single_train,single,6,False
91891,single_train,single,3,True
91895,single_train,single,1,True
91898,single_train,single,1,True
91890,single_train,single,4,False
91894,single_train,single,1,True
91896,single_train,single,1,True
91892,single_train,single,2,True
91889,single_train,single,27,False
91893,single_train,single,1,True
91897,single_train,single,1,True
91888,single_train,single,9,False
15006,single_train,single,15,False
14998,single_train,single,4,False
15005,single_train,single,2,True
15001,single_train,single,3,True
15004,single_train,single,3,True
15000,single_train,single,1,True
14999,single_train,single,8,False
15002,single_train,single,2,True
15009,single_train,single,4,False
15011,single_train,single,1,True
135179,single_train,single,9,False
135177,single_train,single,3,True
135180,single_train,single,4,False
135183,single_train,single,1,True
135178,single_train,single,2,True
135182,single_train,single,5,False
142775,single_train,single,3,True
142772,single_train,single,3,True
142776,single_train,single,2,True
142777,single_train,single,6,False
142771,single_train,single,3,True
142773,single_train,single,19,False
142782,single_train,single,1,True
142774,single_train,single,1,True
148344,single_train,single,1,True
148346,single_train,single,11,False
148343,single_train,single,1,True
148342,single_train,single,3,True
148341,single_train,single,2,True
148338,single_train,single,1,True
148345,single_train,single,4,False
148340,single_train,single,1,True
163546,single_train,single,9,False
163547,single_train,single,17,False
163553,single_train,single,2,True
105390,single_train,single,1,True
105393,single_train,single,1,True
105386,single_train,single,3,True
105389,single_train,single,1,True
105388,single_train,single,8,False
164327,single_train,single,1,True
164326,single_train,single,4,False
164329,single_train,single,1,True
164328,single_train,single,6,False
164331,single_train,single,2,True
164333,single_train,single,1,True
90527,single_train,single,6,False
90530,single_train,single,1,True
90528,single_train,single,5,False
90532,single_train,single,7,False
90534,single_train,single,1,True
90533,single_train,single,1,True
90529,single_train,single,1,True
90531,single_train,single,1,True
75045,single_train,single,4,False
75048,single_train,single,7,False
75044,single_train,single,1,True
75046,single_train,single,6,False
75047,single_train,single,1,True
75049,single_train,single,24,False
103079,single_train,single,3,True
103080,single_train,single,7,False
103075,single_train,single,5,False
103076,single_train,single,2,True
103078,single_train,single,1,True
22742,single_train,single,2,True
22741,single_train,single,4,False
22739,single_train,single,11,False
22737,single_train,single,1,True
22738,single_train,single,2,True
9914,single_train,single,1,True
9913,single_train,single,47,False
9910,single_train,single,6,False
9911,single_train,single,1,True
9909,single_train,single,1,True
9912,single_train,single,2,True
9908,single_train,single,1,True
75570,single_train,single,2,True
75564,single_train,single,3,True
75563,single_train,single,2,True
75569,single_train,single,11,False
75568,single_train,single,1,True
75567,single_train,single,22,False
75571,single_train,single,1,True
160489,single_train,single,3,True
160490,single_train,single,7,False
160488,single_train,single,3,True
131509,single_train,single,11,False
131508,single_train,single,1,True
131517,single_train,single,1,True
131511,single_train,single,5,False
131513,single_train,single,16,False
131507,single_train,single,2,True
131514,single_train,single,1,True
131512,single_train,single,1,True
39805,single_train,single,1,True
39807,single_train,single,1,True
39808,single_train,single,4,False
39806,single_train,single,4,False
39811,single_train,single,1,True
39804,single_train,single,1,True
137544,single_train,single,1,True
137543,single_train,single,8,False
137545,single_train,single,8,False
137548,single_train,single,1,True
137542,single_train,single,4,False
137546,single_train,single,1,True
137550,single_train,single,1,True
3215,single_train,single,52,False
3216,single_train,single,1,True
3207,single_train,single,2,True
3211,single_train,single,4,False
3213,single_train,single,1,True
3210,single_train,single,1,True
3208,single_train,single,2,True
3209,single_train,single,1,True
74719,single_train,single,1,True
74718,single_train,single,28,False
74721,single_train,single,2,True
74724,single_train,single,21,False
74717,single_train,single,9,False
74720,single_train,single,10,False
74723,single_train,single,2,True
154224,single_train,single,1,True
154219,single_train,single,1,True
154217,single_train,single,2,True
154221,single_train,single,2,True
154218,single_train,single,5,False
154222,single_train,single,1,True
154216,single_train,single,1,True
154220,single_train,single,3,True
147280,single_train,single,3,True
147281,single_train,single,1,True
147278,single_train,single,1,True
147276,single_train,single,3,True
147272,single_train,single,2,True
147277,single_train,single,1,True
147271,single_train,single,1,True
147273,single_train,single,1,True
147274,single_train,single,1,True
147279,single_train,single,3,True
106239,single_train,single,6,False
106236,single_train,single,18,False
106240,single_train,single,11,False
106244,single_train,single,19,False
106245,single_train,single,1,True
106242,single_train,single,7,False
106238,single_train,single,6,False
106243,single_train,single,2,True
106235,single_train,single,2,True
106241,single_train,single,1,True
106234,single_train,single,3,True
8061,single_train,single,5,False
8057,single_train,single,7,False
8065,single_train,single,2,True
8055,single_train,single,3,True
8060,single_train,single,7,False
8059,single_train,single,4,False
8062,single_train,single,5,False
8058,single_train,single,1,True
8056,single_train,single,3,True
8066,single_train,single,1,True
39455,single_train,single,1,True
39456,single_train,single,5,False
39454,single_train,single,1,True
39453,single_train,single,1,True
39452,single_train,single,27,False
39450,single_train,single,1,True
39451,single_train,single,2,True
69956,single_train,single,1,True
69958,single_train,single,1,True
69955,single_train,single,19,False
69953,single_train,single,14,False
69954,single_train,single,2,True
116997,single_train,single,3,True
116991,single_train,single,1,True
116993,single_train,single,12,False
116994,single_train,single,4,False
116996,single_train,single,1,True
116995,single_train,single,4,False
116992,single_train,single,2,True
164153,single_train,single,4,False
164149,single_train,single,6,False
164151,single_train,single,2,True
164154,single_train,single,4,False
164152,single_train,single,1,True
164156,single_train,single,1,True
164155,single_train,single,2,True
149294,single_train,single,6,False
149301,single_train,single,8,False
149297,single_train,single,1,True
149296,single_train,single,2,True
149302,single_train,single,1,True
149300,single_train,single,2,True
149295,single_train,single,1,True
149299,single_train,single,1,True
149292,single_train,single,12,False
149293,single_train,single,2,True
149298,single_train,single,2,True
2862,single_train,single,8,False
2861,single_train,single,1,True
2864,single_train,single,32,False
2859,single_train,single,4,False
2863,single_train,single,5,False
2860,single_train,single,8,False
2858,single_train,single,1,True
2867,single_train,single,1,True
2868,single_train,single,11,False
2865,single_train,single,1,True
124208,single_train,single,12,False
124202,single_train,single,1,True
124210,single_train,single,9,False
124205,single_train,single,2,True
124209,single_train,single,2,True
124207,single_train,single,5,False
124203,single_train,single,23,False
124206,single_train,single,12,False
139651,single_train,single,1,True
139655,single_train,single,10,False
139652,single_train,single,2,True
139657,single_train,single,5,False
139654,single_train,single,1,True
139650,single_train,single,1,True
139653,single_train,single,11,False
139659,single_train,single,3,True
139658,single_train,single,1,True
139649,single_train,single,2,True
132675,single_train,single,1,True
132677,single_train,single,1,True
132673,single_train,single,1,True
132672,single_train,single,8,False
132674,single_train,single,30,False
149321,single_train,single,1,True
149328,single_train,single,1,True
149331,single_train,single,5,False
149325,single_train,single,6,False
149323,single_train,single,3,True
149326,single_train,single,1,True
149327,single_train,single,1,True
149322,single_train,single,1,True
149329,single_train,single,5,False
149330,single_train,single,5,False
117910,single_train,single,1,True
117905,single_train,single,12,False
117902,single_train,single,26,False
117903,single_train,single,12,False
117907,single_train,single,37,False
117904,single_train,single,1,True
117908,single_train,single,7,False
117906,single_train,single,2,True
117909,single_train,single,1,True
1602,single_train,single,1,True
1607,single_train,single,8,False
1604,single_train,single,1,True
1608,single_train,single,4,False
1606,single_train,single,4,False
1601,single_train,single,5,False
13454,single_train,single,7,False
13450,single_train,single,21,False
13448,single_train,single,1,True
13449,single_train,single,8,False
13455,single_train,single,1,True
13452,single_train,single,1,True
13451,single_train,single,1,True
13453,single_train,single,1,True
160829,single_train,single,3,True
160828,single_train,single,2,True
160835,single_train,single,2,True
160833,single_train,single,19,False
160831,single_train,single,1,True
160826,single_train,single,13,False
160825,single_train,single,2,True
160832,single_train,single,2,True
160830,single_train,single,34,False
160827,single_train,single,1,True
160834,single_train,single,3,True
90357,single_train,single,11,False
90362,single_train,single,1,True
90359,single_train,single,1,True
90364,single_train,single,1,True
90363,single_train,single,1,True
90356,single_train,single,19,False
96308,single_train,single,1,True
96307,single_train,single,2,True
96302,single_train,single,2,True
96312,single_train,single,1,True
96311,single_train,single,1,True
96303,single_train,single,2,True
44286,single_train,single,2,True
44289,single_train,single,1,True
44287,single_train,single,7,False
44291,single_train,single,1,True
44288,single_train,single,4,False
44290,single_train,single,3,True
90203,single_train,single,6,False
90201,single_train,single,10,False
90207,single_train,single,1,True
90206,single_train,single,1,True
90204,single_train,single,3,True
90202,single_train,single,36,False
90205,single_train,single,6,False
21134,single_train,single,2,True
21131,single_train,single,25,False
21135,single_train,single,1,True
21133,single_train,single,3,True
21130,single_train,single,2,True
21129,single_train,single,3,True
21137,single_train,single,1,True
76616,single_train,single,4,False
76612,single_train,single,2,True
76619,single_train,single,15,False
76614,single_train,single,1,True
76611,single_train,single,6,False
76617,single_train,single,83,False
76618,single_train,single,1,True
76615,single_train,single,9,False
76613,single_train,single,22,False
137970,single_train,single,1,True
137967,single_train,single,1,True
137969,single_train,single,27,False
30391,single_train,single,1,True
30396,single_train,single,7,False
30390,single_train,single,2,True
30394,single_train,single,1,True
30395,single_train,single,1,True
30397,single_train,single,1,True
30392,single_train,single,14,False
49746,single_train,single,2,True
49749,single_train,single,9,False
49744,single_train,single,7,False
49748,single_train,single,1,True
49747,single_train,single,6,False
49745,single_train,single,3,True
49743,single_train,single,5,False
86004,single_train,single,8,False
86001,single_train,single,209,False
86005,single_train,single,1,True
86000,single_train,single,2,True
86003,single_train,single,1,True
86002,single_train,single,4,False
73216,single_train,single,35,False
73215,single_train,single,2,True
73217,single_train,single,1,True
73219,single_train,single,33,False
73220,single_train,single,1,True
67608,single_train,single,1,True
67606,single_train,single,2,True
67607,single_train,single,11,False
138009,single_train,single,12,False
138010,single_train,single,1,True
138008,single_train,single,2,True
103732,single_train,single,1,True
44439,single_train,single,2,True
44437,single_train,single,1,True
121174,single_train,single,6,False
121175,single_train,single,2,True
64312,single_train,single,1,True
64308,single_train,single,1,True
64310,single_train,single,12,False
64314,single_train,single,1,True
64316,single_train,single,1,True
64306,single_train,single,1,True
134862,single_train,single,1,True
134864,single_train,single,1,True
22087,single_train,single,1,True
22090,single_train,single,1,True
22081,single_train,single,1,True
22083,single_train,single,1,True
22085,single_train,single,1,True
21554,single_train,single,1,True
21558,single_train,single,1,True
117319,single_train,single,1,True
117323,single_train,single,1,True
117327,single_train,single,1,True
149404,single_train,single,1,True
149401,single_train,single,1,True
162002,single_train,single,1,True
114028,single_train,single,1,True
114020,single_train,single,1,True
114024,single_train,single,1,True
15015,single_train,single,1,True
15019,single_train,single,1,True
106503,single_train,single,1,True
133669,single_train,single,1,True
133663,single_train,single,1,True
36039,single_train,single,1,True
165328,single_train,single,1,True
165334,single_train,single,1,True
101844,single_train,single,1,True
101840,single_train,single,1,True
43604,single_train,single,1,True
76921,single_train,single,1,True
76923,single_train,single,1,True
76917,single_train,single,1,True
13489,single_train,single,1,True
108937,single_train,single,1,True
108934,single_train,single,1,True
40316,single_train,single,1,True
65740,single_train,single,1,True
65736,single_train,single,1,True
89633,single_train,single,1,True
89632,single_train,single,1,True
130854,single_train,single,1,True
130850,single_train,single,1,True
130847,single_train,single,1,True
130726,single_train,single,1,True
25708,single_train,single,1,True
25712,single_train,single,1,True
25704,single_train,single,1,True
15939,single_train,single,1,True
15943,single_train,single,1,True
30973,single_train,single,1,True
30976,single_train,single,1,True
64710,single_train,single,1,True
26003,single_train,single,1,True
42779,single_train,single,1,True
73462,single_train,single,1,True
73458,single_train,single,1,True
76858,single_train,single,1,True
76855,single_train,single,1,True
110567,single_train,single,1,True
78689,single_train,single,1,True
118532,single_train,single,1,True
118531,single_train,single,1,True
28317,single_train,single,1,True
28314,single_train,single,1,True
47438,single_test,single,4,False
47445,single_test,single,1,True
47441,single_test,single,3,True
47443,single_test,single,1,True
47442,single_test,single,19,False
47444,single_test,single,1,True
47439,single_test,single,2,True
47440,single_test,single,2,True
47437,single_test,single,7,False
55001,single_test,single,1,True
54995,single_test,single,8,False
54993,single_test,single,11,False
54994,single_test,single,20,False
55000,single_test,single,6,False
54998,single_test,single,6,False
54997,single_test,single,14,False
54999,single_test,single,3,True
54996,single_test,single,3,True
102806,single_test,single,15,False
161917,single_test,single,1,True
161920,single_test,single,2,True
161915,single_test,single,3,True
161916,single_test,single,8,False
161919,single_test,single,1,True
79659,single_test,single,2,True
79660,single_test,single,4,False
79664,single_test,single,2,True
79662,single_test,single,4,False
79661,single_test,single,7,False
79663,single_test,single,1,True
88442,single_test,single,1,True
88441,single_test,single,1,True
88436,single_test,single,8,False
88440,single_test,single,1,True
88437,single_test,single,35,False
88443,single_test,single,1,True
88439,single_test,single,3,True
81513,single_test,single,3,True
81516,single_test,single,1,True
81515,single_test,single,37,False
120750,single_test,single,2,True
120753,single_test,single,1,True
120749,single_test,single,1,True
120748,single_test,single,2,True
120752,single_test,single,5,False
120751,single_test,single,1,True
127352,single_test,single,1,True
127354,single_test,single,18,False
127359,single_test,single,1,True
127356,single_test,single,2,True
127353,single_test,single,5,False
127362,single_test,single,4,False
127357,single_test,single,2,True
127358,single_test,single,4,False
127363,single_test,single,1,True
127355,single_test,single,1,True
127360,single_test,single,9,False
127361,single_test,single,1,True
59892,single_test,single,1,True
59889,single_test,single,3,True
59888,single_test,single,3,True
59890,single_test,single,3,True
59894,single_test,single,1,True
59886,single_test,single,16,False
59891,single_test,single,2,True
59887,single_test,single,6,False
116506,single_test,single,2,True
116500,single_test,single,9,False
116505,single_test,single,1,True
116502,single_test,single,3,True
116496,single_test,single,1,True
116499,single_test,single,1,True
116504,single_test,single,1,True
116501,single_test,single,1,True
116503,single_test,single,1,True
116497,single_test,single,4,False
116498,single_test,single,2,True
77788,single_test,single,8,False
77789,single_test,single,2,True
77790,single_test,single,6,False
77791,single_test,single,1,True
77795,single_test,single,1,True
128683,single_test,single,1,True
128686,single_test,single,3,True
128689,single_test,single,1,True
128684,single_test,single,4,False
128681,single_test,single,1,True
128685,single_test,single,1,True
128682,single_test,single,4,False
128679,single_test,single,3,True
128680,single_test,single,13,False
128678,single_test,single,1,True
110883,single_test,single,1,True
110886,single_test,single,3,True
110882,single_test,single,9,False
110881,single_test,single,2,True
110885,single_test,single,1,True
110887,single_test,single,1,True
110880,single_test,single,7,False
60662,single_test,single,1,True
60656,single_test,single,20,False
60659,single_test,single,2,True
60657,single_test,single,2,True
60658,single_test,single,3,True
134204,single_test,single,1,True
134203,single_test,single,3,True
134202,single_test,single,1,True
57662,single_test,single,1,True
57656,single_test,single,9,False
57657,single_test,single,14,False
57663,single_test,single,1,True
57658,single_test,single,8,False
57659,single_test,single,2,True
57660,single_test,single,3,True
57661,single_test,single,3,True
60170,single_test,single,3,True
60168,single_test,single,6,False
60167,single_test,single,6,False
60169,single_test,single,2,True
60165,single_test,single,11,False
60166,single_test,single,3,True
60171,single_test,single,1,True
53581,single_test,single,1,True
53575,single_test,single,11,False
53580,single_test,single,1,True
53579,single_test,single,2,True
53582,single_test,single,1,True
53577,single_test,single,3,True
53576,single_test,single,5,False
53578,single_test,single,3,True
101551,single_test,single,9,False
101552,single_test,single,1,True
101557,single_test,single,1,True
101547,single_test,single,11,False
101550,single_test,single,1,True
101556,single_test,single,2,True
101549,single_test,single,77,False
25782,single_test,single,1,True
25779,single_test,single,3,True
25780,single_test,single,5,False
25781,single_test,single,4,False
25785,single_test,single,9,False
25786,single_test,single,1,True
3297,single_test,single,5,False
3300,single_test,single,3,True
3293,single_test,single,1,True
3301,single_test,single,3,True
3294,single_test,single,5,False
3296,single_test,single,2,True
3295,single_test,single,1,True
3302,single_test,single,1,True
3298,single_test,single,4,False
3292,single_test,single,20,False
129880,single_test,single,1,True
129881,single_test,single,15,False
129889,single_test,single,10,False
129883,single_test,single,2,True
129884,single_test,single,11,False
129882,single_test,single,1,True
129890,single_test,single,1,True
129886,single_test,single,1,True
129885,single_test,single,8,False
121876,single_test,single,6,False
121881,single_test,single,1,True
121879,single_test,single,7,False
121884,single_test,single,27,False
121877,single_test,single,133,False
121885,single_test,single,1,True
121880,single_test,single,8,False
121882,single_test,single,20,False
121883,single_test,single,6,False
8565,single_test,single,7,False
8568,single_test,single,2,True
8570,single_test,single,4,False
8569,single_test,single,3,True
8567,single_test,single,1,True
8571,single_test,single,1,True
8566,single_test,single,12,False
123250,single_test,single,5,False
123253,single_test,single,1,True
123249,single_test,single,2,True
123248,single_test,single,4,False
123251,single_test,single,1,True
123252,single_test,single,1,True
74213,single_test,single,1,True
74210,single_test,single,17,False
74216,single_test,single,1,True
74212,single_test,single,25,False
74211,single_test,single,5,False
105916,single_test,single,4,False
105914,single_test,single,1,True
105911,single_test,single,1,True
105915,single_test,single,2,True
105917,single_test,single,14,False
105913,single_test,single,34,False
79724,single_test,single,1,True
79731,single_test,single,9,False
79726,single_test,single,2,True
79732,single_test,single,4,False
79725,single_test,single,1,True
79727,single_test,single,1,True
79722,single_test,single,3,True
79728,single_test,single,1,True
79721,single_test,single,9,False
79730,single_test,single,1,True
79729,single_test,single,16,False
79723,single_test,single,14,False
49111,single_test,single,3,True
49110,single_test,single,6,False
49114,single_test,single,1,True
49115,single_test,single,3,True
49113,single_test,single,1,True
49109,single_test,single,99,False
49112,single_test,single,6,False
149176,single_test,single,2,True
149172,single_test,single,1,True
149173,single_test,single,2,True
149171,single_test,single,7,False
149168,single_test,single,2,True
149166,single_test,single,3,True
149170,single_test,single,1,True
149174,single_test,single,1,True
149169,single_test,single,1,True
149178,single_test,single,4,False
149179,single_test,single,1,True
149175,single_test,single,8,False
149177,single_test,single,2,True
66170,single_test,single,1,True
66167,single_test,single,3,True
66171,single_test,single,1,True
66175,single_test,single,7,False
66173,single_test,single,1,True
66177,single_test,single,1,True
66168,single_test,single,2,True
66169,single_test,single,10,False
66172,single_test,single,2,True
62174,single_test,single,1,True
62170,single_test,single,7,False
62173,single_test,single,12,False
62166,single_test,single,3,True
62169,single_test,single,1,True
62168,single_test,single,57,False
62171,single_test,single,6,False
62167,single_test,single,2,True
78120,single_test,single,1,True
78119,single_test,single,3,True
78122,single_test,single,1,True
78118,single_test,single,2,True
78117,single_test,single,1,True
78123,single_test,single,8,False
62150,single_test,single,1,True
62147,single_test,single,1,True
62144,single_test,single,3,True
62149,single_test,single,2,True
62148,single_test,single,1,True
62151,single_test,single,10,False
62146,single_test,single,7,False
62145,single_test,single,1,True
106871,single_test,single,1,True
106870,single_test,single,19,False
106865,single_test,single,4,False
106866,single_test,single,26,False
106867,single_test,single,1,True
106869,single_test,single,2,True
58688,single_test,single,1,True
58684,single_test,single,3,True
58683,single_test,single,8,False
58681,single_test,single,14,False
58687,single_test,single,3,True
58685,single_test,single,3,True
58686,single_test,single,2,True
22376,single_test,single,5,False
22375,single_test,single,13,False
22372,single_test,single,2,True
22373,single_test,single,15,False
22374,single_test,single,1,True
22377,single_test,single,6,False
22371,single_test,single,3,True
22378,single_test,single,1,True
22379,single_test,single,2,True
46346,single_test,single,2,True
46344,single_test,single,1,True
46350,single_test,single,2,True
46341,single_test,single,4,False
46352,single_test,single,1,True
46345,single_test,single,5,False
46351,single_test,single,9,False
46348,single_test,single,1,True
46342,single_test,single,4,False
46349,single_test,single,12,False
146759,single_test,single,1,True
146760,single_test,single,9,False
146755,single_test,single,2,True
146763,single_test,single,1,True
146766,single_test,single,1,True
146758,single_test,single,3,True
146757,single_test,single,1,True
146761,single_test,single,1,True
146762,single_test,single,8,False
148798,single_test,single,4,False
148804,single_test,single,2,True
148799,single_test,single,1,True
148802,single_test,single,9,False
148803,single_test,single,1,True
148805,single_test,single,2,True
148797,single_test,single,3,True
148801,single_test,single,2,True
112837,single_test,single,3,True
112843,single_test,single,2,True
112842,single_test,single,3,True
112835,single_test,single,1,True
112844,single_test,single,15,False
112839,single_test,single,2,True
112841,single_test,single,1,True
112836,single_test,single,1,True
112838,single_test,single,1,True
112840,single_test,single,2,True
91757,single_test,single,1,True
91752,single_test,single,2,True
91756,single_test,single,1,True
91754,single_test,single,1,True
91753,single_test,single,2,True
91755,single_test,single,8,False
91751,single_test,single,3,True
146480,single_test,single,6,False
146484,single_test,single,13,False
146483,single_test,single,4,False
146488,single_test,single,1,True
146482,single_test,single,3,True
146479,single_test,single,3,True
146485,single_test,single,1,True
146481,single_test,single,1,True
91024,single_test,single,2,True
91030,single_test,single,1,True
91026,single_test,single,4,False
91029,single_test,single,2,True
91028,single_test,single,1,True
91023,single_test,single,12,False
91025,single_test,single,2,True
52072,single_test,single,3,True
52071,single_test,single,3,True
52068,single_test,single,12,False
52070,single_test,single,2,True
19967,single_test,single,2,True
19969,single_test,single,1,True
19971,single_test,single,1,True
19973,single_test,single,1,True
19968,single_test,single,12,False
19972,single_test,single,13,False
19966,single_test,single,2,True
90613,single_test,single,2,True
90619,single_test,single,1,True
90614,single_test,single,16,False
90621,single_test,single,1,True
90612,single_test,single,3,True
90617,single_test,single,10,False
90615,single_test,single,10,False
90616,single_test,single,1,True
90618,single_test,single,1,True
90620,single_test,single,1,True
32561,single_test,single,2,True
32560,single_test,single,1,True
32558,single_test,single,1,True
32559,single_test,single,18,False
32557,single_test,single,2,True
86402,single_test,single,2,True
86410,single_test,single,1,True
86408,single_test,single,1,True
86409,single_test,single,2,True
86405,single_test,single,2,True
86403,single_test,single,4,False
86406,single_test,single,8,False
86404,single_test,single,11,False
82439,single_test,single,6,False
82437,single_test,single,105,False
82438,single_test,single,1,True
82440,single_test,single,39,False
82436,single_test,single,1,True
82441,single_test,single,32,False
82435,single_test,single,3,True
37818,single_test,single,2,True
37812,single_test,single,3,True
37813,single_test,single,1,True
37814,single_test,single,6,False
37815,single_test,single,1,True
37819,single_test,single,1,True
37816,single_test,single,3,True
37817,single_test,single,1,True
37822,single_test,single,1,True
161038,single_test,single,4,False
161036,single_test,single,4,False
161034,single_test,single,2,True
161039,single_test,single,7,False
161042,single_test,single,1,True
161037,single_test,single,1,True
161035,single_test,single,2,True
124257,single_test,single,5,False
124251,single_test,single,2,True
124252,single_test,single,2,True
124250,single_test,single,3,True
124253,single_test,single,1,True
124254,single_test,single,4,False
124258,single_test,single,12,False
124259,single_test,single,1,True
31166,single_test,single,1,True
31164,single_test,single,6,False
31160,single_test,single,2,True
31162,single_test,single,1,True
31168,single_test,single,5,False
31165,single_test,single,14,False
31169,single_test,single,14,False
31161,single_test,single,20,False
31159,single_test,single,5,False
151821,single_test,single,8,False
151817,single_test,single,2,True
151816,single_test,single,3,True
151819,single_test,single,2,True
151818,single_test,single,8,False
151820,single_test,single,2,True
81076,single_test,single,4,False
81073,single_test,single,6,False
81070,single_test,single,1,True
81068,single_test,single,1,True
81071,single_test,single,13,False
81069,single_test,single,2,True
81072,single_test,single,3,True
45353,single_test,single,2,True
45350,single_test,single,15,False
45349,single_test,single,2,True
45354,single_test,single,1,True
45351,single_test,single,1,True
45352,single_test,single,1,True
4155,single_test,single,6,False
4158,single_test,single,1,True
4160,single_test,single,7,False
4162,single_test,single,13,False
4161,single_test,single,1,True
29470,single_test,single,4,False
29471,single_test,single,1,True
29475,single_test,single,1,True
29474,single_test,single,5,False
29473,single_test,single,3,True
29472,single_test,single,48,False
29468,single_test,single,1,True
29479,single_test,single,1,True
115437,single_test,single,4,False
115438,single_test,single,2,True
115441,single_test,single,4,False
115439,single_test,single,1,True
115434,single_test,single,1,True
115443,single_test,single,1,True
115436,single_test,single,1,True
115440,single_test,single,3,True
115442,single_test,single,2,True
115435,single_test,single,12,False
44216,single_test,single,29,False
44219,single_test,single,3,True
44214,single_test,single,1,True
44220,single_test,single,1,True
44217,single_test,single,1,True
44215,single_test,single,1,True
154933,single_test,single,2,True
154934,single_test,single,5,False
154939,single_test,single,2,True
109918,single_test,single,5,False
109914,single_test,single,2,True
109913,single_test,single,4,False
109916,single_test,single,1,True
109915,single_test,single,3,True
105234,single_test,single,1,True
105236,single_test,single,2,True
105235,single_test,single,2,True
105227,single_test,single,1,True
105233,single_test,single,33,False
130070,single_test,single,16,False
130069,single_test,single,2,True
130063,single_test,single,2,True
130066,single_test,single,6,False
130064,single_test,single,1,True
130068,single_test,single,3,True
130067,single_test,single,1,True
130062,single_test,single,2,True
106758,single_test,single,2,True
106764,single_test,single,6,False
106760,single_test,single,7,False
106763,single_test,single,1,True
106759,single_test,single,1,True
106762,single_test,single,2,True
106756,single_test,single,7,False
106765,single_test,single,9,False
106761,single_test,single,1,True
106757,single_test,single,1,True
96320,single_test,single,1,True
96313,single_test,single,2,True
96314,single_test,single,2,True
96321,single_test,single,1,True
30064,single_test,single,5,False
30059,single_test,single,1,True
30060,single_test,single,1,True
30061,single_test,single,8,False
30063,single_test,single,1,True
56947,single_test,single,1,True
56945,single_test,single,3,True
56942,single_test,single,11,False
56944,single_test,single,2,True
56943,single_test,single,13,False
56946,single_test,single,3,True
150712,single_test,single,1,True
150706,single_test,single,8,False
150710,single_test,single,3,True
150703,single_test,single,1,True
150707,single_test,single,3,True
150705,single_test,single,1,True
150708,single_test,single,1,True
150704,single_test,single,3,True
132240,single_test,single,2,True
132238,single_test,single,4,False
132236,single_test,single,2,True
132241,single_test,single,5,False
132244,single_test,single,3,True
132237,single_test,single,2,True
132243,single_test,single,1,True
132246,single_test,single,12,False
132239,single_test,single,1,True
8873,single_test,single,1,True
8878,single_test,single,10,False
8877,single_test,single,1,True
8871,single_test,single,1,True
8879,single_test,single,1,True
8872,single_test,single,5,False
8875,single_test,single,2,True
8876,single_test,single,5,False
114906,single_test,single,1,True
114904,single_test,single,2,True
114899,single_test,single,1,True
114902,single_test,single,1,True
114900,single_test,single,1,True
114903,single_test,single,2,True
114901,single_test,single,12,False
6625,single_test,single,1,True
6628,single_test,single,12,False
6630,single_test,single,1,True
6627,single_test,single,1,True
6626,single_test,single,3,True
6624,single_test,single,3,True
6632,single_test,single,21,False
6633,single_test,single,1,True
6629,single_test,single,21,False
650,single_test,single,10,False
648,single_test,single,1,True
651,single_test,single,2,True
647,single_test,single,3,True
653,single_test,single,1,True
649,single_test,single,1,True
3950,single_test,single,2,True
3949,single_test,single,1,True
3956,single_test,single,1,True
3952,single_test,single,14,False
3954,single_test,single,2,True
3955,single_test,single,1,True
3953,single_test,single,1,True
3951,single_test,single,1,True
74070,single_test,single,6,False
74066,single_test,single,47,False
74068,single_test,single,3,True
74065,single_test,single,3,True
74067,single_test,single,1,True
74064,single_test,single,8,False
74069,single_test,single,28,False
54103,single_test,single,5,False
54102,single_test,single,4,False
54105,single_test,single,1,True
54110,single_test,single,1,True
54109,single_test,single,3,True
54108,single_test,single,3,True
54104,single_test,single,2,True
54101,single_test,single,5,False
54106,single_test,single,6,False
54107,single_test,single,3,True
3478,single_test,single,3,True
3475,single_test,single,2,True
3484,single_test,single,1,True
3480,single_test,single,1,True
3479,single_test,single,7,False
3477,single_test,single,1,True
13562,single_test,single,1,True
13558,single_test,single,1,True
13557,single_test,single,2,True
13555,single_test,single,1,True
13552,single_test,single,1,True
13560,single_test,single,3,True
13554,single_test,single,7,False
13553,single_test,single,1,True
13556,single_test,single,2,True
13559,single_test,single,1,True
149690,single_test,single,2,True
149692,single_test,single,1,True
149686,single_test,single,2,True
149684,single_test,single,3,True
149691,single_test,single,12,False
149689,single_test,single,1,True
149688,single_test,single,4,False
149685,single_test,single,1,True
20590,single_test,single,1,True
20580,single_test,single,6,False
20592,single_test,single,12,False
20581,single_test,single,5,False
20584,single_test,single,3,True
20585,single_test,single,5,False
20591,single_test,single,1,True
20586,single_test,single,1,True
20587,single_test,single,4,False
20582,single_test,single,1,True
20588,single_test,single,6,False
20589,single_test,single,19,False
122482,single_test,single,1,True
122488,single_test,single,1,True
122484,single_test,single,7,False
122479,single_test,single,2,True
122487,single_test,single,1,True
122480,single_test,single,1,True
122485,single_test,single,1,True
122483,single_test,single,1,True
122477,single_test,single,7,False
122481,single_test,single,2,True
53956,single_test,single,3,True
53952,single_test,single,5,False
53957,single_test,single,1,True
53953,single_test,single,3,True
53951,single_test,single,7,False
53954,single_test,single,3,True
53955,single_test,single,3,True
53959,single_test,single,1,True
84406,single_test,single,6,False
84409,single_test,single,1,True
84412,single_test,single,1,True
84411,single_test,single,1,True
84415,single_test,single,1,True
84408,single_test,single,9,False
84413,single_test,single,1,True
84410,single_test,single,4,False
84414,single_test,single,1,True
84407,single_test,single,3,True
56227,single_test,single,3,True
56228,single_test,single,3,True
56224,single_test,single,5,False
56232,single_test,single,1,True
56225,single_test,single,2,True
56229,single_test,single,3,True
56226,single_test,single,3,True
53060,single_test,single,2,True
53063,single_test,single,1,True
53059,single_test,single,5,False
53062,single_test,single,3,True
53061,single_test,single,3,True
11027,single_test,single,1,True
11029,single_test,single,2,True
11023,single_test,single,1,True
11024,single_test,single,4,False
11022,single_test,single,2,True
11025,single_test,single,1,True
11031,single_test,single,1,True
11028,single_test,single,4,False
11033,single_test,single,2,True
11030,single_test,single,30,False
11026,single_test,single,1,True
35856,single_test,single,1,True
35855,single_test,single,17,False
35862,single_test,single,2,True
35854,single_test,single,3,True
35859,single_test,single,17,False
35860,single_test,single,1,True
35853,single_test,single,1,True
35857,single_test,single,2,True
35858,single_test,single,9,False
35861,single_test,single,7,False
145739,single_test,single,1,True
145735,single_test,single,10,False
145740,single_test,single,3,True
145736,single_test,single,1,True
145733,single_test,single,2,True
38243,single_test,single,2,True
38245,single_test,single,1,True
38241,single_test,single,1,True
38239,single_test,single,2,True
38248,single_test,single,5,False
38247,single_test,single,1,True
38238,single_test,single,1,True
38244,single_test,single,4,False
38240,single_test,single,2,True
38242,single_test,single,1,True
38246,single_test,single,1,True
113055,single_test,single,2,True
113056,single_test,single,1,True
113051,single_test,single,1,True
113052,single_test,single,2,True
113048,single_test,single,1,True
113053,single_test,single,3,True
113050,single_test,single,10,False
113054,single_test,single,5,False
18818,single_test,single,2,True
18825,single_test,single,1,True
18819,single_test,single,1,True
18820,single_test,single,2,True
18824,single_test,single,4,False
18821,single_test,single,1,True
18822,single_test,single,10,False
109930,single_test,single,5,False
109931,single_test,single,1,True
109932,single_test,single,5,False
109928,single_test,single,10,False
109929,single_test,single,1,True
109926,single_test,single,2,True
109934,single_test,single,3,True
109927,single_test,single,4,False
109933,single_test,single,1,True
109935,single_test,single,2,True
47313,single_test,single,3,True
47314,single_test,single,3,True
47318,single_test,single,1,True
47311,single_test,single,7,False
47310,single_test,single,8,False
47315,single_test,single,3,True
47312,single_test,single,2,True
49561,single_test,single,1,True
49562,single_test,single,9,False
49557,single_test,single,11,False
49558,single_test,single,19,False
49559,single_test,single,2,True
65697,single_test,single,2,True
65704,single_test,single,1,True
65699,single_test,single,1,True
65702,single_test,single,1,True
65700,single_test,single,7,False
65703,single_test,single,1,True
65698,single_test,single,6,False
65696,single_test,single,8,False
65701,single_test,single,2,True
83266,single_test,single,1,True
83262,single_test,single,40,False
83265,single_test,single,40,False
83261,single_test,single,3,True
83269,single_test,single,4,False
83264,single_test,single,3,True
83263,single_test,single,1,True
83260,single_test,single,2,True
83268,single_test,single,1,True
59113,single_test,single,3,True
59112,single_test,single,2,True
59109,single_test,single,18,False
59111,single_test,single,3,True
59110,single_test,single,5,False
92064,single_test,single,4,False
92060,single_test,single,4,False
92065,single_test,single,3,True
92068,single_test,single,1,True
92069,single_test,single,1,True
92058,single_test,single,3,True
92057,single_test,single,9,False
92066,single_test,single,3,True
92061,single_test,single,3,True
92062,single_test,single,1,True
92070,single_test,single,2,True
92059,single_test,single,15,False
52632,single_test,single,3,True
52634,single_test,single,1,True
52631,single_test,single,1,True
52628,single_test,single,13,False
52629,single_test,single,3,True
52630,single_test,single,6,False
75839,single_test,single,7,False
75843,single_test,single,2,True
75841,single_test,single,1,True
75838,single_test,single,2,True
75840,single_test,single,23,False
75842,single_test,single,3,True
113230,single_test,single,1,True
113231,single_test,single,12,False
113232,single_test,single,1,True
113226,single_test,single,1,True
113233,single_test,single,2,True
113234,single_test,single,3,True
113229,single_test,single,1,True
113228,single_test,single,5,False
146080,single_test,single,5,False
146079,single_test,single,1,True
146083,single_test,single,3,True
146078,single_test,single,3,True
146082,single_test,single,2,True
146081,single_test,single,1,True
139162,single_test,single,1,True
139156,single_test,single,2,True
139159,single_test,single,6,False
139164,single_test,single,5,False
139163,single_test,single,4,False
139166,single_test,single,8,False
139165,single_test,single,1,True
139160,single_test,single,2,True
139155,single_test,single,2,True
139161,single_test,single,7,False
7295,single_test,single,2,True
7298,single_test,single,3,True
7299,single_test,single,2,True
7300,single_test,single,7,False
7294,single_test,single,22,False
7296,single_test,single,35,False
130529,single_test,single,2,True
130531,single_test,single,16,False
130537,single_test,single,7,False
130528,single_test,single,1,True
130525,single_test,single,2,True
130535,single_test,single,3,True
130538,single_test,single,1,True
130534,single_test,single,1,True
130532,single_test,single,1,True
130527,single_test,single,8,False
130533,single_test,single,2,True
130530,single_test,single,5,False
130536,single_test,single,2,True
102888,single_test,single,4,False
102889,single_test,single,3,True
102894,single_test,single,1,True
102891,single_test,single,1,True
102890,single_test,single,51,False
102893,single_test,single,21,False
150435,single_test,single,3,True
150439,single_test,single,3,True
150438,single_test,single,1,True
20620,single_test,single,8,False
20619,single_test,single,4,False
20618,single_test,single,1,True
20630,single_test,single,1,True
20621,single_test,single,5,False
20625,single_test,single,6,False
20624,single_test,single,1,True
20623,single_test,single,3,True
20617,single_test,single,1,True
97820,single_test,single,1,True
97822,single_test,single,2,True
97817,single_test,single,6,False
97819,single_test,single,7,False
97818,single_test,single,8,False
9343,single_test,single,6,False
9340,single_test,single,1,True
9333,single_test,single,1,True
9342,single_test,single,1,True
9334,single_test,single,3,True
9339,single_test,single,1,True
9335,single_test,single,2,True
9336,single_test,single,1,True
16568,single_test,single,2,True
16566,single_test,single,1,True
16570,single_test,single,6,False
16569,single_test,single,1,True
16564,single_test,single,6,False
16563,single_test,single,2,True
16572,single_test,single,1,True
16562,single_test,single,8,False
16565,single_test,single,1,True
16567,single_test,single,1,True
16574,single_test,single,1,True
16573,single_test,single,4,False
57257,single_test,single,10,False
57261,single_test,single,3,True
57255,single_test,single,14,False
57259,single_test,single,3,True
57256,single_test,single,11,False
57260,single_test,single,7,False
57263,single_test,single,1,True
57258,single_test,single,2,True
10618,single_test,single,1,True
10609,single_test,single,34,False
10615,single_test,single,9,False
10611,single_test,single,1,True
10608,single_test,single,1,True
10616,single_test,single,1,True
10617,single_test,single,7,False
10610,single_test,single,1,True
60988,single_test,single,3,True
60985,single_test,single,3,True
60990,single_test,single,1,True
60987,single_test,single,3,True
60989,single_test,single,3,True
60986,single_test,single,10,False
60984,single_test,single,6,False
60982,single_test,single,8,False
60983,single_test,single,8,False
115241,single_test,single,4,False
115239,single_test,single,1,True
115244,single_test,single,1,True
115235,single_test,single,1,True
115237,single_test,single,2,True
115236,single_test,single,6,False
115238,single_test,single,1,True
115240,single_test,single,1,True
4115,single_test,single,1,True
4112,single_test,single,3,True
4118,single_test,single,1,True
4114,single_test,single,1,True
4116,single_test,single,1,True
4120,single_test,single,2,True
4113,single_test,single,11,False
152585,single_test,single,1,True
152588,single_test,single,4,False
152591,single_test,single,1,True
152584,single_test,single,11,False
152582,single_test,single,4,False
152583,single_test,single,5,False
152589,single_test,single,1,True
152586,single_test,single,4,False
150577,single_test,single,2,True
150573,single_test,single,1,True
150572,single_test,single,1,True
150570,single_test,single,1,True
150580,single_test,single,2,True
150576,single_test,single,1,True
150571,single_test,single,3,True
150569,single_test,single,1,True
150578,single_test,single,2,True
150581,single_test,single,2,True
150579,single_test,single,1,True
150574,single_test,single,2,True
51270,single_test,single,3,True
51272,single_test,single,1,True
51273,single_test,single,1,True
51269,single_test,single,5,False
51271,single_test,single,2,True
62322,single_test,single,2,True
62333,single_test,single,1,True
62330,single_test,single,1,True
62325,single_test,single,1,True
62323,single_test,single,2,True
62327,single_test,single,6,False
62324,single_test,single,31,False
62328,single_test,single,18,False
62326,single_test,single,2,True
62329,single_test,single,1,True
112139,single_test,single,2,True
112141,single_test,single,1,True
112144,single_test,single,8,False
112142,single_test,single,1,True
112143,single_test,single,1,True
112145,single_test,single,1,True
112140,single_test,single,7,False
112149,single_test,single,1,True
112138,single_test,single,12,False
112148,single_test,single,4,False
128103,single_test,single,1,True
128105,single_test,single,16,False
128107,single_test,single,1,True
128106,single_test,single,1,True
128104,single_test,single,2,True
49203,single_test,single,3,True
49204,single_test,single,3,True
49200,single_test,single,11,False
49201,single_test,single,8,False
49207,single_test,single,1,True
49205,single_test,single,9,False
49206,single_test,single,3,True
49202,single_test,single,8,False
99970,single_test,single,19,False
99967,single_test,single,2,True
99966,single_test,single,5,False
99973,single_test,single,1,True
99969,single_test,single,11,False
99971,single_test,single,1,True
99968,single_test,single,7,False
154797,single_test,single,1,True
154798,single_test,single,2,True
154801,single_test,single,1,True
154802,single_test,single,2,True
154800,single_test,single,1,True
154799,single_test,single,2,True
154803,single_test,single,3,True
81807,single_test,single,2,True
81806,single_test,single,3,True
81803,single_test,single,7,False
81808,single_test,single,14,False
81805,single_test,single,14,False
81804,single_test,single,4,False
4209,single_test,single,1,True
4213,single_test,single,1,True
4208,single_test,single,12,False
4210,single_test,single,8,False
4205,single_test,single,1,True
4204,single_test,single,13,False
4202,single_test,single,1,True
4211,single_test,single,2,True
4212,single_test,single,15,False
4206,single_test,single,1,True
166382,single_test,single,1,True
166379,single_test,single,1,True
166378,single_test,single,6,False
166376,single_test,single,4,False
69547,single_test,single,1,True
69544,single_test,single,1,True
69545,single_test,single,5,False
69550,single_test,single,1,True
69546,single_test,single,5,False
69548,single_test,single,1,True
108002,single_test,single,1,True
108001,single_test,single,2,True
108000,single_test,single,1,True
108003,single_test,single,2,True
107997,single_test,single,1,True
107998,single_test,single,6,False
127092,single_test,single,8,False
127089,single_test,single,7,False
127087,single_test,single,2,True
127088,single_test,single,3,True
127090,single_test,single,1,True
127096,single_test,single,1,True
127094,single_test,single,1,True
127095,single_test,single,3,True
127091,single_test,single,22,False
127093,single_test,single,10,False
160843,single_test,single,3,True
160842,single_test,single,2,True
160837,single_test,single,12,False
160847,single_test,single,1,True
160841,single_test,single,6,False
160839,single_test,single,2,True
75086,single_test,single,89,False
75083,single_test,single,25,False
75087,single_test,single,1,True
75082,single_test,single,6,False
75081,single_test,single,9,False
75084,single_test,single,1,True
75085,single_test,single,5,False
126950,single_test,single,1,True
126946,single_test,single,5,False
126949,single_test,single,5,False
126948,single_test,single,1,True
126951,single_test,single,6,False
126945,single_test,single,7,False
126947,single_test,single,11,False
109609,single_test,single,1,True
109617,single_test,single,1,True
109613,single_test,single,1,True
90103,single_test,single,1,True
90104,single_test,single,1,True
15358,single_test,single,1,True
15366,single_test,single,1,True
15362,single_test,single,1,True
144974,single_test,single,1,True
115183,single_test,single,1,True
115187,single_test,single,1,True
91540,single_test,single,54,False
91537,single_test,single,2,True
91546,single_test,single,3,True
91542,single_test,single,1,True
91548,single_test,single,1,True
91541,single_test,single,3,True
91544,single_test,single,3,True
91547,single_test,single,4,False
91545,single_test,single,1,True
91539,single_test,single,6,False
125687,single_test,single,4,False
125688,single_test,single,21,False
125682,single_test,single,13,False
125685,single_test,single,1,True
125684,single_test,single,21,False
125683,single_test,single,3,True
125689,single_test,single,1,True
95015,single_test,single,2,True
95012,single_test,single,2,True
95017,single_test,single,10,False
95011,single_test,single,35,False
95016,single_test,single,25,False
127867,single_test,single,3,True
127874,single_test,single,1,True
127869,single_test,single,31,False
127870,single_test,single,1,True
68922,single_test,single,2,True
68926,single_test,single,11,False
68933,single_test,single,6,False
68924,single_test,single,5,False
68929,single_test,single,4,False
68921,single_test,single,3,True
68930,single_test,single,1,True
68928,single_test,single,6,False
68932,single_test,single,2,True
68923,single_test,single,1,True
68931,single_test,single,5,False
68927,single_test,single,1,True
83003,single_test,single,1,True
82999,single_test,single,1,True
83002,single_test,single,5,False
82997,single_test,single,2,True
83000,single_test,single,1,True
83006,single_test,single,1,True
83004,single_test,single,2,True
83005,single_test,single,6,False
83001,single_test,single,5,False
82996,single_test,single,1,True
83008,single_test,single,1,True
83007,single_test,single,11,False
82998,single_test,single,8,False
145215,single_test,single,1,True
145213,single_test,single,1,True
145214,single_test,single,29,False
145216,single_test,single,1,True
5764,single_test,single,41,False
5766,single_test,single,10,False
5765,single_test,single,1,True
5756,single_test,single,5,False
5761,single_test,single,1,True
5762,single_test,single,2,True
5760,single_test,single,13,False
5755,single_test,single,3,True
5757,single_test,single,13,False
5763,single_test,single,2,True
5759,single_test,single,6,False
5758,single_test,single,1,True
5768,single_test,single,1,True
15270,single_test,single,5,False
15275,single_test,single,2,True
15276,single_test,single,2,True
15272,single_test,single,2,True
15273,single_test,single,1,True
15274,single_test,single,4,False
15271,single_test,single,2,True
15279,single_test,single,1,True
158979,single_test,single,1,True
158980,single_test,single,1,True
158974,single_test,single,2,True
158975,single_test,single,3,True
164374,single_test,single,2,True
164373,single_test,single,2,True
164378,single_test,single,1,True
164380,single_test,single,1,True
164377,single_test,single,3,True
164375,single_test,single,6,False
164386,single_test,single,1,True
164376,single_test,single,1,True
164382,single_test,single,1,True
164379,single_test,single,7,False
81186,single_test,single,10,False
81184,single_test,single,5,False
81185,single_test,single,1,True
81187,single_test,single,1,True
164747,single_test,single,81,False
163024,single_test,single,4,False
163022,single_test,single,1,True
163026,single_test,single,1,True
163025,single_test,single,27,False
163027,single_test,single,10,False
163023,single_test,single,1,True
163029,single_test,single,6,False
163028,single_test,single,1,True
163020,single_test,single,28,False
163021,single_test,single,1,True
163018,single_test,single,2,True
163019,single_test,single,2,True
15333,single_test,single,1,True
15327,single_test,single,1,True
15325,single_test,single,1,True
15328,single_test,single,7,False
15329,single_test,single,1,True
15324,single_test,single,2,True
11090,single_test,single,11,False
11093,single_test,single,1,True
11086,single_test,single,1,True
11092,single_test,single,2,True
11085,single_test,single,3,True
11091,single_test,single,1,True
11087,single_test,single,22,False
11088,single_test,single,1,True
143107,single_test,single,6,False
143103,single_test,single,2,True
143104,single_test,single,14,False
143105,single_test,single,19,False
72805,single_test,single,2,True
72806,single_test,single,35,False
72807,single_test,single,1,True
72810,single_test,single,1,True
72808,single_test,single,2,True
44184,single_test,single,1,True
44187,single_test,single,1,True
44192,single_test,single,19,False
44188,single_test,single,6,False
44181,single_test,single,4,False
44183,single_test,single,15,False
44182,single_test,single,1,True
44190,single_test,single,5,False
44189,single_test,single,4,False
44193,single_test,single,1,True
44186,single_test,single,13,False
141909,single_test,single,1,True
141913,single_test,single,1,True
141910,single_test,single,1,True
141911,single_test,single,1,True
141916,single_test,single,4,False
141912,single_test,single,22,False
141907,single_test,single,17,False
141906,single_test,single,1,True
141908,single_test,single,4,False
141914,single_test,single,5,False
141915,single_test,single,1,True
118057,single_test,single,1,True
118053,single_test,single,1,True
118054,single_test,single,1,True
118050,single_test,single,5,False
118052,single_test,single,1,True
118056,single_test,single,1,True
118051,single_test,single,7,False
112688,single_test,single,2,True
112686,single_test,single,2,True
112685,single_test,single,4,False
112687,single_test,single,1,True
112689,single_test,single,1,True
112684,single_test,single,1,True
112690,single_test,single,1,True
6270,single_test,single,5,False
6266,single_test,single,1,True
6265,single_test,single,1,True
6271,single_test,single,1,True
6268,single_test,single,1,True
6263,single_test,single,2,True
6269,single_test,single,1,True
6264,single_test,single,2,True
6267,single_test,single,2,True
73907,single_test,single,5,False
73910,single_test,single,1,True
73913,single_test,single,38,False
73909,single_test,single,14,False
73912,single_test,single,6,False
73908,single_test,single,6,False
88874,single_test,single,27,False
88871,single_test,single,3,True
88866,single_test,single,80,False
88873,single_test,single,5,False
88867,single_test,single,13,False
88870,single_test,single,9,False
88876,single_test,single,11,False
88872,single_test,single,2,True
88875,single_test,single,11,False
158810,single_test,single,1,True
158811,single_test,single,13,False
158809,single_test,single,3,True
158816,single_test,single,1,True
158815,single_test,single,18,False
158807,single_test,single,1,True
158812,single_test,single,4,False
158808,single_test,single,2,True
112627,single_test,single,8,False
112624,single_test,single,1,True
112626,single_test,single,2,True
112620,single_test,single,10,False
112623,single_test,single,8,False
112621,single_test,single,13,False
112619,single_test,single,1,True
112622,single_test,single,1,True
112618,single_test,single,12,False
2732,single_test,single,1,True
2725,single_test,single,3,True
2728,single_test,single,1,True
2729,single_test,single,57,False
2727,single_test,single,2,True
2735,single_test,single,1,True
2731,single_test,single,14,False
2726,single_test,single,2,True
2733,single_test,single,2,True
2730,single_test,single,1,True
63799,single_test,single,14,False
63800,single_test,single,1,True
63798,single_test,single,2,True
63797,single_test,single,10,False
63803,single_test,single,9,False
63804,single_test,single,1,True
63802,single_test,single,2,True
64966,single_test,single,4,False
64967,single_test,single,10,False
64968,single_test,single,1,True
64965,single_test,single,2,True
64969,single_test,single,1,True
82867,single_test,single,3,True
82871,single_test,single,11,False
82874,single_test,single,1,True
82873,single_test,single,15,False
82872,single_test,single,1,True
82866,single_test,single,1,True
82868,single_test,single,2,True
82870,single_test,single,1,True
82869,single_test,single,1,True
64925,single_test,single,6,False
64923,single_test,single,5,False
64926,single_test,single,1,True
64932,single_test,single,1,True
64924,single_test,single,5,False
64928,single_test,single,17,False
43353,single_test,single,1,True
43348,single_test,single,2,True
43342,single_test,single,2,True
43352,single_test,single,8,False
43341,single_test,single,7,False
43343,single_test,single,1,True
43346,single_test,single,1,True
43340,single_test,single,3,True
43345,single_test,single,6,False
43344,single_test,single,1,True
43351,single_test,single,2,True
43350,single_test,single,1,True
43349,single_test,single,2,True
165704,single_test,single,3,True
165708,single_test,single,1,True
165706,single_test,single,15,False
94417,single_test,single,14,False
94415,single_test,single,2,True
94413,single_test,single,4,False
36970,single_test,single,5,False
36977,single_test,single,1,True
36967,single_test,single,2,True
36975,single_test,single,1,True
36969,single_test,single,1,True
36976,single_test,single,19,False
36974,single_test,single,2,True
36972,single_test,single,18,False
36973,single_test,single,1,True
36968,single_test,single,19,False
23254,single_test,single,1,True
23246,single_test,single,1,True
23250,single_test,single,1,True
23249,single_test,single,11,False
23245,single_test,single,18,False
23247,single_test,single,6,False
23248,single_test,single,5,False
23244,single_test,single,1,True
23243,single_test,single,3,True
147135,single_test,single,2,True
147130,single_test,single,1,True
147138,single_test,single,1,True
147134,single_test,single,1,True
147131,single_test,single,3,True
147133,single_test,single,9,False
147137,single_test,single,20,False
147136,single_test,single,3,True
104326,single_test,single,42,False
104329,single_test,single,5,False
104327,single_test,single,1,True
104324,single_test,single,7,False
69518,single_test,single,8,False
69514,single_test,single,3,True
69515,single_test,single,8,False
69516,single_test,single,8,False
69517,single_test,single,1,True
69521,single_test,single,1,True
98882,single_test,single,1,True
98879,single_test,single,14,False
16609,single_test,single,2,True
16605,single_test,single,4,False
16604,single_test,single,1,True
16607,single_test,single,36,False
16601,single_test,single,28,False
16603,single_test,single,100,False
16602,single_test,single,4,False
16611,single_test,single,1,True
100592,single_test,single,1,True
100590,single_test,single,4,False
35396,single_test,single,1,True
35400,single_test,single,1,True
5260,single_test,single,1,True
5256,single_test,single,1,True
82233,single_test,single,1,True
82237,single_test,single,1,True
82230,single_test,single,1,True
16188,single_test,single,1,True
16192,single_test,single,1,True
76965,single_test,single,1,True
76968,single_test,single,1,True
80469,single_test,single,1,True
80477,single_test,single,1,True
158279,single_test,single,1,True
158282,single_test,single,1,True
5560,multi_train,multi,6,False
5561,multi_train,multi,1,True
5562,multi_train,multi,1,True
5563,multi_train,multi,8,False
5564,multi_train,multi,6,False
181,multi_train,multi,13,False
182,multi_train,multi,2,True
183,multi_train,multi,2,True
185,multi_train,multi,1,True
184,multi_train,multi,2,True
8087,multi_train,multi,1,True
8088,multi_train,multi,14,False
8089,multi_train,multi,14,False
8090,multi_train,multi,2,True
8937,multi_train,multi,49,False
8938,multi_train,multi,29,False
7367,multi_train,multi,2,True
7368,multi_train,multi,3,True
7369,multi_train,multi,1,True
7798,multi_train,multi,4,False
7799,multi_train,multi,2,True
7800,multi_train,multi,1,True
8284,multi_train,multi,2,True
8286,multi_train,multi,2,True
1080,multi_train,multi,6,False
1961,multi_train,multi,4,False
1962,multi_train,multi,6,False
1964,multi_train,multi,1,True
1965,multi_train,multi,6,False
7659,multi_train,multi,32,False
4346,multi_train,multi,24,False
4347,multi_train,multi,8,False
9509,multi_train,multi,1,True
9512,multi_train,multi,2,True
9510,multi_train,multi,1,True
9511,multi_train,multi,1,True
4828,multi_train,multi,7,False
4830,multi_train,multi,9,False
4831,multi_train,multi,2,True
4832,multi_train,multi,1,True
4833,multi_train,multi,15,False
4838,multi_train,multi,31,False
4834,multi_train,multi,18,False
4835,multi_train,multi,20,False
6421,multi_train,multi,6,False
6422,multi_train,multi,3,True
6423,multi_train,multi,6,False
345,multi_train,multi,1,True
348,multi_train,multi,2,True
349,multi_train,multi,2,True
350,multi_train,multi,1,True
351,multi_train,multi,6,False
354,multi_train,multi,2,True
671,multi_train,multi,2,True
670,multi_train,multi,1,True
665,multi_train,multi,2,True
666,multi_train,multi,2,True
667,multi_train,multi,2,True
668,multi_train,multi,1,True
662,multi_train,multi,2,True
664,multi_train,multi,4,False
661,multi_train,multi,1,True
663,multi_train,multi,1,True
8518,multi_train,multi,1,True
8519,multi_train,multi,1,True
8520,multi_train,multi,2,True
8521,multi_train,multi,2,True
8522,multi_train,multi,2,True
8523,multi_train,multi,1,True
8524,multi_train,multi,1,True
8525,multi_train,multi,2,True
8526,multi_train,multi,3,True
8515,multi_train,multi,1,True
8517,multi_train,multi,2,True
577,multi_train,multi,7,False
579,multi_train,multi,5,False
572,multi_train,multi,21,False
573,multi_train,multi,16,False
574,multi_train,multi,6,False
575,multi_train,multi,1,True
576,multi_train,multi,6,False
7579,multi_train,multi,1,True
7580,multi_train,multi,21,False
4418,multi_train,multi,1,True
4419,multi_train,multi,1,True
4420,multi_train,multi,7,False
4422,multi_train,multi,7,False
5515,multi_train,multi,1,True
5516,multi_train,multi,4,False
5517,multi_train,multi,3,True
5518,multi_train,multi,1,True
5519,multi_train,multi,6,False
5520,multi_train,multi,1,True
4217,multi_train,multi,4,False
4218,multi_train,multi,1,True
4219,multi_train,multi,7,False
4213,multi_train,multi,2,True
4207,multi_train,multi,2,True
4211,multi_train,multi,11,False
840,multi_train,multi,2,True
836,multi_train,multi,1,True
837,multi_train,multi,1,True
838,multi_train,multi,4,False
839,multi_train,multi,2,True
2575,multi_train,multi,1,True
2576,multi_train,multi,7,False
2578,multi_train,multi,6,False
2570,multi_train,multi,6,False
2572,multi_train,multi,5,False
2573,multi_train,multi,6,False
2574,multi_train,multi,1,True
8604,multi_train,multi,2,True
8605,multi_train,multi,2,True
8606,multi_train,multi,4,False
8607,multi_train,multi,1,True
7031,multi_train,multi,9,False
5328,multi_train,multi,2,True
5329,multi_train,multi,6,False
9389,multi_train,multi,2,True
9390,multi_train,multi,1,True
9391,multi_train,multi,4,False
9392,multi_train,multi,4,False
9393,multi_train,multi,2,True
8299,multi_train,multi,1,True
5972,multi_train,multi,7,False
5974,multi_train,multi,3,True
5969,multi_train,multi,1,True
5965,multi_train,multi,2,True
8887,multi_train,multi,3,True
8885,multi_train,multi,3,True
4327,multi_train,multi,2,True
4328,multi_train,multi,6,False
4329,multi_train,multi,1,True
4330,multi_train,multi,2,True
12,multi_train,multi,1,True
13,multi_train,multi,2,True
15,multi_train,multi,6,False
17,multi_train,multi,2,True
14,multi_train,multi,1,True
16,multi_train,multi,6,False
4337,multi_train,multi,1,True
4338,multi_train,multi,2,True
4339,multi_train,multi,1,True
4340,multi_train,multi,2,True
7513,multi_train,multi,15,False
4275,multi_train,multi,1,True
4276,multi_train,multi,2,True
4277,multi_train,multi,2,True
4278,multi_train,multi,1,True
4279,multi_train,multi,1,True
4271,multi_train,multi,1,True
4272,multi_train,multi,4,False
4273,multi_train,multi,8,False
4274,multi_train,multi,7,False
1255,multi_train,multi,7,False
1257,multi_train,multi,2,True
7664,multi_train,multi,1,True
8065,multi_train,multi,12,False
7525,multi_train,multi,1,True
7526,multi_train,multi,1,True
7527,multi_train,multi,7,False
3710,multi_train,multi,6,False
3711,multi_train,multi,15,False
3712,multi_train,multi,5,False
3714,multi_train,multi,5,False
3715,multi_train,multi,1,True
2862,multi_train,multi,1,True
2863,multi_train,multi,3,True
2868,multi_train,multi,2,True
2869,multi_train,multi,1,True
2870,multi_train,multi,2,True
2871,multi_train,multi,2,True
2872,multi_train,multi,1,True
2866,multi_train,multi,2,True
2867,multi_train,multi,5,False
567,multi_train,multi,12,False
571,multi_train,multi,1,True
284,multi_train,multi,25,False
285,multi_train,multi,8,False
8207,multi_train,multi,8,False
694,multi_train,multi,7,False
695,multi_train,multi,6,False
685,multi_train,multi,7,False
686,multi_train,multi,3,True
687,multi_train,multi,8,False
688,multi_train,multi,6,False
689,multi_train,multi,6,False
690,multi_train,multi,8,False
692,multi_train,multi,5,False
693,multi_train,multi,7,False
7180,multi_train,multi,1,True
7182,multi_train,multi,11,False
5544,multi_train,multi,2,True
2647,multi_train,multi,2,True
2651,multi_train,multi,4,False
2652,multi_train,multi,4,False
8665,multi_train,multi,2,True
8666,multi_train,multi,2,True
3057,multi_train,multi,2,True
3058,multi_train,multi,7,False
3059,multi_train,multi,6,False
3060,multi_train,multi,7,False
3061,multi_train,multi,1,True
3062,multi_train,multi,1,True
3063,multi_train,multi,6,False
3064,multi_train,multi,7,False
3065,multi_train,multi,6,False
3066,multi_train,multi,1,True
3068,multi_train,multi,6,False
3798,multi_train,multi,9,False
3799,multi_train,multi,1,True
3800,multi_train,multi,22,False
3794,multi_train,multi,45,False
3795,multi_train,multi,1,True
3797,multi_train,multi,21,False
650,multi_train,multi,1,True
651,multi_train,multi,2,True
652,multi_train,multi,2,True
653,multi_train,multi,2,True
654,multi_train,multi,2,True
655,multi_train,multi,1,True
656,multi_train,multi,2,True
658,multi_train,multi,2,True
659,multi_train,multi,1,True
660,multi_train,multi,2,True
6383,multi_train,multi,1,True
6384,multi_train,multi,5,False
6385,multi_train,multi,4,False
5278,multi_train,multi,1,True
5279,multi_train,multi,4,False
5280,multi_train,multi,4,False
1913,multi_train,multi,1,True
1914,multi_train,multi,10,False
1915,multi_train,multi,10,False
2805,multi_train,multi,1,True
2806,multi_train,multi,7,False
2807,multi_train,multi,1,True
2808,multi_train,multi,10,False
2809,multi_train,multi,6,False
2810,multi_train,multi,1,True
2812,multi_train,multi,13,False
2321,multi_train,multi,1,True
2323,multi_train,multi,2,True
7249,multi_train,multi,6,False
7250,multi_train,multi,5,False
7254,multi_train,multi,7,False
7255,multi_train,multi,6,False
3184,multi_train,multi,1,True
3185,multi_train,multi,2,True
3181,multi_train,multi,2,True
3182,multi_train,multi,4,False
4028,multi_train,multi,2,True
8256,multi_train,multi,2,True
8257,multi_train,multi,1,True
8258,multi_train,multi,2,True
8259,multi_train,multi,1,True
8260,multi_train,multi,2,True
392,multi_train,multi,1,True
393,multi_train,multi,7,False
394,multi_train,multi,4,False
395,multi_train,multi,1,True
702,multi_train,multi,2,True
703,multi_train,multi,1,True
704,multi_train,multi,2,True
705,multi_train,multi,1,True
706,multi_train,multi,1,True
696,multi_train,multi,5,False
699,multi_train,multi,1,True
700,multi_train,multi,5,False
701,multi_train,multi,1,True
709,multi_train,multi,6,False
57,multi_train,multi,1,True
59,multi_train,multi,1,True
60,multi_train,multi,6,False
56,multi_train,multi,2,True
58,multi_train,multi,1,True
3001,multi_train,multi,2,True
2992,multi_train,multi,2,True
2993,multi_train,multi,2,True
2994,multi_train,multi,1,True
2995,multi_train,multi,2,True
2997,multi_train,multi,2,True
7907,multi_train,multi,1,True
9456,multi_train,multi,1,True
9457,multi_train,multi,1,True
9458,multi_train,multi,4,False
9452,multi_train,multi,2,True
9453,multi_train,multi,4,False
9454,multi_train,multi,1,True
9455,multi_train,multi,2,True
9459,multi_train,multi,1,True
9460,multi_train,multi,1,True
7634,multi_train,multi,2,True
7635,multi_train,multi,2,True
7636,multi_train,multi,1,True
7637,multi_train,multi,1,True
8184,multi_train,multi,1,True
4616,multi_train,multi,2,True
4617,multi_train,multi,1,True
4618,multi_train,multi,5,False
5084,multi_train,multi,5,False
5086,multi_train,multi,4,False
5087,multi_train,multi,1,True
5088,multi_train,multi,6,False
5076,multi_train,multi,5,False
5077,multi_train,multi,1,True
5078,multi_train,multi,1,True
5079,multi_train,multi,4,False
5080,multi_train,multi,1,True
5081,multi_train,multi,8,False
5082,multi_train,multi,4,False
5869,multi_train,multi,2,True
5870,multi_train,multi,1,True
5872,multi_train,multi,12,False
5873,multi_train,multi,3,True
5874,multi_train,multi,3,True
5875,multi_train,multi,1,True
8336,multi_train,multi,2,True
8337,multi_train,multi,1,True
1500,multi_train,multi,1,True
1501,multi_train,multi,7,False
1502,multi_train,multi,2,True
7598,multi_train,multi,2,True
7599,multi_train,multi,2,True
7600,multi_train,multi,1,True
7601,multi_train,multi,1,True
7602,multi_train,multi,2,True
3623,multi_train,multi,1,True
3624,multi_train,multi,6,False
3625,multi_train,multi,6,False
3628,multi_train,multi,6,False
3629,multi_train,multi,1,True
3630,multi_train,multi,2,True
3632,multi_train,multi,6,False
4230,multi_train,multi,2,True
4231,multi_train,multi,2,True
4232,multi_train,multi,1,True
4234,multi_train,multi,5,False
4221,multi_train,multi,3,True
4222,multi_train,multi,1,True
4223,multi_train,multi,1,True
4225,multi_train,multi,2,True
4227,multi_train,multi,2,True
4229,multi_train,multi,1,True
1055,multi_train,multi,7,False
1056,multi_train,multi,1,True
1057,multi_train,multi,6,False
1388,multi_train,multi,6,False
1389,multi_train,multi,6,False
4489,multi_train,multi,16,False
4490,multi_train,multi,1,True
4491,multi_train,multi,24,False
4488,multi_train,multi,1,True
5196,multi_train,multi,1,True
5197,multi_train,multi,2,True
5198,multi_train,multi,2,True
8948,multi_train,multi,2,True
8949,multi_train,multi,1,True
8950,multi_train,multi,4,False
8951,multi_train,multi,1,True
8953,multi_train,multi,4,False
8956,multi_train,multi,3,True
8957,multi_train,multi,2,True
8958,multi_train,multi,2,True
8954,multi_train,multi,1,True
8903,multi_train,multi,3,True
8901,multi_train,multi,13,False
8902,multi_train,multi,5,False
8904,multi_train,multi,1,True
8905,multi_train,multi,6,False
8906,multi_train,multi,7,False
8907,multi_train,multi,1,True
1627,multi_train,multi,5,False
1629,multi_train,multi,2,True
1630,multi_train,multi,22,False
6571,multi_train,multi,13,False
6572,multi_train,multi,1,True
6573,multi_train,multi,3,True
6574,multi_train,multi,5,False
148,multi_train,multi,3,True
149,multi_train,multi,1,True
150,multi_train,multi,4,False
151,multi_train,multi,3,True
152,multi_train,multi,4,False
8327,multi_train,multi,2,True
8328,multi_train,multi,4,False
8329,multi_train,multi,1,True
8331,multi_train,multi,2,True
9560,multi_train,multi,2,True
9561,multi_train,multi,2,True
9562,multi_train,multi,1,True
9563,multi_train,multi,2,True
7221,multi_train,multi,1,True
7222,multi_train,multi,29,False
7216,multi_train,multi,17,False
7217,multi_train,multi,1,True
7218,multi_train,multi,1,True
7219,multi_train,multi,18,False
7224,multi_train,multi,17,False
6742,multi_train,multi,15,False
4447,multi_train,multi,3,True
4448,multi_train,multi,2,True
7184,multi_train,multi,1,True
7185,multi_train,multi,11,False
6850,multi_train,multi,10,False
1396,multi_train,multi,2,True
3467,multi_train,multi,6,False
3468,multi_train,multi,7,False
3469,multi_train,multi,1,True
3470,multi_train,multi,2,True
3476,multi_train,multi,1,True
3477,multi_train,multi,4,False
3478,multi_train,multi,2,True
3471,multi_train,multi,2,True
3472,multi_train,multi,2,True
3473,multi_train,multi,8,False
3474,multi_train,multi,1,True
3475,multi_train,multi,2,True
9352,multi_train,multi,36,False
9354,multi_train,multi,30,False
9342,multi_train,multi,1,True
9343,multi_train,multi,11,False
9344,multi_train,multi,24,False
9346,multi_train,multi,24,False
9347,multi_train,multi,11,False
9350,multi_train,multi,21,False
9351,multi_train,multi,1,True
247,multi_train,multi,4,False
249,multi_train,multi,1,True
245,multi_train,multi,4,False
246,multi_train,multi,1,True
248,multi_train,multi,1,True
250,multi_train,multi,3,True
2290,multi_train,multi,4,False
4643,multi_train,multi,10,False
4644,multi_train,multi,6,False
4645,multi_train,multi,5,False
4646,multi_train,multi,1,True
6942,multi_train,multi,16,False
113,multi_train,multi,2,True
115,multi_train,multi,2,True
6872,multi_train,multi,1,True
6873,multi_train,multi,2,True
4647,multi_train,multi,4,False
4648,multi_train,multi,3,True
4649,multi_train,multi,4,False
1904,multi_train,multi,14,False
1905,multi_train,multi,1,True
1906,multi_train,multi,1,True
7861,multi_train,multi,2,True
7863,multi_train,multi,1,True
1146,multi_train,multi,5,False
1149,multi_train,multi,1,True
8235,multi_train,multi,12,False
8236,multi_train,multi,1,True
8237,multi_train,multi,1,True
6550,multi_train,multi,2,True
1828,multi_train,multi,4,False
1829,multi_train,multi,2,True
1830,multi_train,multi,1,True
1831,multi_train,multi,1,True
1832,multi_train,multi,4,False
8499,multi_train,multi,1,True
8500,multi_train,multi,2,True
8505,multi_train,multi,2,True
8507,multi_train,multi,1,True
8501,multi_train,multi,2,True
8502,multi_train,multi,1,True
8503,multi_train,multi,2,True
8504,multi_train,multi,1,True
3520,multi_train,multi,1,True
3521,multi_train,multi,2,True
3522,multi_train,multi,2,True
3523,multi_train,multi,2,True
3524,multi_train,multi,2,True
3528,multi_train,multi,2,True
3530,multi_train,multi,1,True
7631,multi_train,multi,2,True
7632,multi_train,multi,1,True
7633,multi_train,multi,2,True
5330,multi_train,multi,12,False
5331,multi_train,multi,19,False
5332,multi_train,multi,1,True
6461,multi_train,multi,13,False
6463,multi_train,multi,15,False
3702,multi_train,multi,8,False
3704,multi_train,multi,1,True
3705,multi_train,multi,8,False
7212,multi_train,multi,1,True
7209,multi_train,multi,1,True
6968,multi_train,multi,1,True
4193,multi_train,multi,19,False
5527,multi_train,multi,1,True
5528,multi_train,multi,4,False
5529,multi_train,multi,4,False
5530,multi_train,multi,2,True
9436,multi_train,multi,1,True
9437,multi_train,multi,2,True
9432,multi_train,multi,1,True
9434,multi_train,multi,1,True
9426,multi_train,multi,1,True
9427,multi_train,multi,4,False
9428,multi_train,multi,2,True
9429,multi_train,multi,1,True
9430,multi_train,multi,1,True
9431,multi_train,multi,1,True
390,multi_train,multi,7,False
391,multi_train,multi,7,False
8060,multi_train,multi,18,False
8061,multi_train,multi,1,True
8062,multi_train,multi,18,False
6842,multi_train,multi,1,True
9264,multi_train,multi,4,False
9265,multi_train,multi,2,True
9266,multi_train,multi,2,True
9267,multi_train,multi,2,True
9268,multi_train,multi,2,True
8683,multi_train,multi,1,True
8684,multi_train,multi,2,True
8686,multi_train,multi,3,True
8687,multi_train,multi,2,True
953,multi_train,multi,1,True
954,multi_train,multi,2,True
955,multi_train,multi,3,True
6437,multi_train,multi,2,True
6439,multi_train,multi,4,False
4456,multi_train,multi,2,True
4457,multi_train,multi,4,False
4458,multi_train,multi,1,True
4459,multi_train,multi,2,True
6399,multi_train,multi,19,False
6308,multi_train,multi,4,False
6646,multi_train,multi,1,True
6647,multi_train,multi,18,False
1371,multi_train,multi,1,True
1372,multi_train,multi,4,False
1373,multi_train,multi,2,True
1374,multi_train,multi,7,False
5598,multi_train,multi,1,True
5599,multi_train,multi,9,False
5600,multi_train,multi,14,False
5601,multi_train,multi,15,False
1197,multi_train,multi,6,False
1195,multi_train,multi,1,True
1196,multi_train,multi,12,False
1198,multi_train,multi,2,True
1267,multi_train,multi,6,False
1268,multi_train,multi,4,False
1269,multi_train,multi,2,True
1270,multi_train,multi,2,True
5366,multi_train,multi,4,False
5371,multi_train,multi,1,True
9327,multi_train,multi,2,True
9329,multi_train,multi,1,True
9330,multi_train,multi,2,True
9331,multi_train,multi,1,True
6076,multi_train,multi,11,False
6077,multi_train,multi,11,False
6078,multi_train,multi,4,False
6240,multi_train,multi,5,False
6242,multi_train,multi,1,True
9262,multi_train,multi,1,True
9263,multi_train,multi,8,False
6372,multi_train,multi,7,False
6373,multi_train,multi,1,True
6374,multi_train,multi,11,False
4844,multi_train,multi,2,True
4845,multi_train,multi,2,True
4846,multi_train,multi,5,False
4847,multi_train,multi,2,True
4848,multi_train,multi,1,True
4849,multi_train,multi,6,False
6336,multi_train,multi,1,True
6337,multi_train,multi,10,False
6338,multi_train,multi,5,False
7967,multi_train,multi,37,False
7968,multi_train,multi,14,False
7969,multi_train,multi,26,False
7970,multi_train,multi,1,True
7971,multi_train,multi,1,True
7972,multi_train,multi,3,True
1517,multi_train,multi,1,True
1519,multi_train,multi,2,True
1520,multi_train,multi,2,True
1521,multi_train,multi,2,True
976,multi_train,multi,2,True
977,multi_train,multi,1,True
978,multi_train,multi,2,True
979,multi_train,multi,2,True
2292,multi_train,multi,2,True
2293,multi_train,multi,2,True
2294,multi_train,multi,1,True
2295,multi_train,multi,2,True
5668,multi_train,multi,13,False
5669,multi_train,multi,16,False
5671,multi_train,multi,6,False
5672,multi_train,multi,5,False
5670,multi_train,multi,1,True
4763,multi_train,multi,5,False
4764,multi_train,multi,4,False
4765,multi_train,multi,2,True
4766,multi_train,multi,1,True
4767,multi_train,multi,5,False
1840,multi_train,multi,2,True
1841,multi_train,multi,2,True
1842,multi_train,multi,1,True
1843,multi_train,multi,1,True
7691,multi_train,multi,2,True
7692,multi_train,multi,1,True
7693,multi_train,multi,3,True
7694,multi_train,multi,1,True
5429,multi_train,multi,4,False
5430,multi_train,multi,2,True
5431,multi_train,multi,1,True
5432,multi_train,multi,2,True
6889,multi_train,multi,1,True
6890,multi_train,multi,2,True
4302,multi_train,multi,4,False
5994,multi_train,multi,8,False
5996,multi_train,multi,1,True
5997,multi_train,multi,2,True
5998,multi_train,multi,4,False
5999,multi_train,multi,1,True
6000,multi_train,multi,1,True
5589,multi_train,multi,4,False
5590,multi_train,multi,2,True
5591,multi_train,multi,1,True
7673,multi_train,multi,2,True
7675,multi_train,multi,2,True
7676,multi_train,multi,1,True
9038,multi_train,multi,1,True
9039,multi_train,multi,22,False
9040,multi_train,multi,29,False
9041,multi_train,multi,15,False
9042,multi_train,multi,20,False
9036,multi_train,multi,7,False
9037,multi_train,multi,7,False
9043,multi_train,multi,54,False
9044,multi_train,multi,1,True
9045,multi_train,multi,44,False
9046,multi_train,multi,12,False
8586,multi_train,multi,2,True
8587,multi_train,multi,3,True
8590,multi_train,multi,3,True
8591,multi_train,multi,4,False
8592,multi_train,multi,1,True
8593,multi_train,multi,8,False
8594,multi_train,multi,2,True
8596,multi_train,multi,4,False
7774,multi_train,multi,5,False
7775,multi_train,multi,1,True
7776,multi_train,multi,4,False
5941,multi_train,multi,1,True
5942,multi_train,multi,3,True
5943,multi_train,multi,2,True
8339,multi_train,multi,2,True
8340,multi_train,multi,2,True
1951,multi_train,multi,1,True
1952,multi_train,multi,54,False
1953,multi_train,multi,4,False
1584,multi_train,multi,2,True
2981,multi_train,multi,2,True
2983,multi_train,multi,2,True
2984,multi_train,multi,1,True
2975,multi_train,multi,2,True
2978,multi_train,multi,2,True
2988,multi_train,multi,2,True
4884,multi_train,multi,3,True
4886,multi_train,multi,4,False
4878,multi_train,multi,10,False
4879,multi_train,multi,5,False
4880,multi_train,multi,8,False
4882,multi_train,multi,2,True
4883,multi_train,multi,4,False
4887,multi_train,multi,16,False
4889,multi_train,multi,1,True
4890,multi_train,multi,1,True
4891,multi_train,multi,2,True
4892,multi_train,multi,3,True
3731,multi_train,multi,2,True
3732,multi_train,multi,2,True
3733,multi_train,multi,1,True
4825,multi_train,multi,4,False
4826,multi_train,multi,1,True
4827,multi_train,multi,14,False
1770,multi_train,multi,6,False
1771,multi_train,multi,1,True
1772,multi_train,multi,11,False
4015,multi_train,multi,4,False
4016,multi_train,multi,6,False
4017,multi_train,multi,1,True
4018,multi_train,multi,1,True
4019,multi_train,multi,4,False
6992,multi_train,multi,1,True
779,multi_train,multi,1,True
780,multi_train,multi,6,False
781,multi_train,multi,2,True
782,multi_train,multi,1,True
783,multi_train,multi,12,False
784,multi_train,multi,2,True
776,multi_train,multi,1,True
777,multi_train,multi,3,True
778,multi_train,multi,6,False
2966,multi_train,multi,4,False
2967,multi_train,multi,1,True
2969,multi_train,multi,8,False
2971,multi_train,multi,8,False
2972,multi_train,multi,1,True
982,multi_train,multi,1,True
983,multi_train,multi,2,True
984,multi_train,multi,26,False
6836,multi_train,multi,4,False
6837,multi_train,multi,1,True
6839,multi_train,multi,4,False
6840,multi_train,multi,5,False
1787,multi_train,multi,2,True
1788,multi_train,multi,1,True
1789,multi_train,multi,4,False
318,multi_train,multi,9,False
319,multi_train,multi,7,False
5022,multi_train,multi,2,True
5023,multi_train,multi,1,True
5024,multi_train,multi,2,True
5025,multi_train,multi,2,True
5026,multi_train,multi,1,True
5027,multi_train,multi,1,True
5019,multi_train,multi,1,True
5020,multi_train,multi,4,False
5021,multi_train,multi,2,True
5013,multi_train,multi,2,True
5014,multi_train,multi,2,True
5015,multi_train,multi,1,True
5016,multi_train,multi,2,True
5017,multi_train,multi,1,True
5018,multi_train,multi,1,True
2766,multi_train,multi,4,False
2767,multi_train,multi,2,True
2768,multi_train,multi,1,True
2769,multi_train,multi,6,False
2760,multi_train,multi,4,False
2761,multi_train,multi,2,True
2763,multi_train,multi,1,True
2765,multi_train,multi,7,False
1901,multi_train,multi,3,True
1902,multi_train,multi,2,True
1903,multi_train,multi,4,False
7751,multi_train,multi,3,True
7753,multi_train,multi,3,True
8882,multi_train,multi,4,False
8884,multi_train,multi,3,True
221,multi_train,multi,3,True
223,multi_train,multi,2,True
224,multi_train,multi,1,True
225,multi_train,multi,1,True
4429,multi_train,multi,4,False
1247,multi_train,multi,2,True
1248,multi_train,multi,4,False
5433,multi_train,multi,1,True
5435,multi_train,multi,2,True
5436,multi_train,multi,2,True
8199,multi_train,multi,1,True
8200,multi_train,multi,1,True
2060,multi_train,multi,1,True
8544,multi_train,multi,1,True
8545,multi_train,multi,1,True
8546,multi_train,multi,2,True
8547,multi_train,multi,4,False
8548,multi_train,multi,1,True
8549,multi_train,multi,2,True
8551,multi_train,multi,2,True
930,multi_train,multi,2,True
933,multi_train,multi,1,True
3682,multi_train,multi,2,True
3683,multi_train,multi,2,True
3684,multi_train,multi,1,True
3685,multi_train,multi,7,False
875,multi_train,multi,14,False
876,multi_train,multi,10,False
2457,multi_train,multi,1,True
2459,multi_train,multi,4,False
2466,multi_train,multi,4,False
2467,multi_train,multi,2,True
2468,multi_train,multi,1,True
2462,multi_train,multi,1,True
2463,multi_train,multi,3,True
2465,multi_train,multi,2,True
1348,multi_train,multi,4,False
1349,multi_train,multi,1,True
1350,multi_train,multi,11,False
7025,multi_train,multi,14,False
7026,multi_train,multi,5,False
4687,multi_train,multi,13,False
4688,multi_train,multi,15,False
2553,multi_train,multi,3,True
2556,multi_train,multi,3,True
2557,multi_train,multi,4,False
2549,multi_train,multi,2,True
2550,multi_train,multi,2,True
2551,multi_train,multi,2,True
2552,multi_train,multi,1,True
4963,multi_train,multi,2,True
4964,multi_train,multi,2,True
4965,multi_train,multi,1,True
4966,multi_train,multi,5,False
4967,multi_train,multi,1,True
4958,multi_train,multi,2,True
4960,multi_train,multi,2,True
4961,multi_train,multi,7,False
4962,multi_train,multi,1,True
2873,multi_train,multi,1,True
2874,multi_train,multi,2,True
2875,multi_train,multi,1,True
2879,multi_train,multi,5,False
2880,multi_train,multi,7,False
2881,multi_train,multi,2,True
2882,multi_train,multi,1,True
2876,multi_train,multi,2,True
2877,multi_train,multi,1,True
2878,multi_train,multi,2,True
6354,multi_train,multi,6,False
6357,multi_train,multi,12,False
1531,multi_train,multi,1,True
1532,multi_train,multi,2,True
1534,multi_train,multi,1,True
1535,multi_train,multi,2,True
1533,multi_train,multi,2,True
6116,multi_train,multi,1,True
1158,multi_train,multi,2,True
1157,multi_train,multi,2,True
1159,multi_train,multi,2,True
5946,multi_train,multi,13,False
5947,multi_train,multi,13,False
5944,multi_train,multi,6,False
5945,multi_train,multi,2,True
8027,multi_train,multi,1,True
1720,multi_train,multi,1,True
1723,multi_train,multi,6,False
1724,multi_train,multi,1,True
9142,multi_train,multi,1,True
9143,multi_train,multi,4,False
9144,multi_train,multi,2,True
9146,multi_train,multi,1,True
9147,multi_train,multi,2,True
9148,multi_train,multi,2,True
9149,multi_train,multi,1,True
9150,multi_train,multi,1,True
9140,multi_train,multi,1,True
9141,multi_train,multi,2,True
9139,multi_train,multi,4,False
6531,multi_train,multi,3,True
6532,multi_train,multi,3,True
3186,multi_train,multi,6,False
3187,multi_train,multi,1,True
3190,multi_train,multi,6,False
3191,multi_train,multi,12,False
3193,multi_train,multi,2,True
3196,multi_train,multi,4,False
3127,multi_train,multi,4,False
3128,multi_train,multi,8,False
3129,multi_train,multi,2,True
3130,multi_train,multi,1,True
3124,multi_train,multi,6,False
3120,multi_train,multi,8,False
3123,multi_train,multi,2,True
5222,multi_train,multi,1,True
5223,multi_train,multi,14,False
5224,multi_train,multi,10,False
5225,multi_train,multi,14,False
5226,multi_train,multi,2,True
6645,multi_train,multi,2,True
7894,multi_train,multi,12,False
7896,multi_train,multi,24,False
849,multi_train,multi,2,True
850,multi_train,multi,2,True
851,multi_train,multi,6,False
4298,multi_train,multi,14,False
4299,multi_train,multi,14,False
4300,multi_train,multi,1,True
6829,multi_train,multi,28,False
2787,multi_train,multi,2,True
2788,multi_train,multi,1,True
2790,multi_train,multi,1,True
2791,multi_train,multi,2,True
2792,multi_train,multi,1,True
2793,multi_train,multi,3,True
2782,multi_train,multi,6,False
2783,multi_train,multi,4,False
2785,multi_train,multi,5,False
2786,multi_train,multi,2,True
4011,multi_train,multi,9,False
4012,multi_train,multi,1,True
3848,multi_train,multi,3,True
3849,multi_train,multi,5,False
3850,multi_train,multi,4,False
3851,multi_train,multi,1,True
3855,multi_train,multi,2,True
3845,multi_train,multi,8,False
3847,multi_train,multi,2,True
7544,multi_train,multi,1,True
7545,multi_train,multi,2,True
7546,multi_train,multi,2,True
3928,multi_train,multi,1,True
3929,multi_train,multi,5,False
8764,multi_train,multi,1,True
8765,multi_train,multi,4,False
8766,multi_train,multi,3,True
8761,multi_train,multi,1,True
8762,multi_train,multi,1,True
8763,multi_train,multi,4,False
8847,multi_train,multi,4,False
8848,multi_train,multi,1,True
8849,multi_train,multi,4,False
8842,multi_train,multi,1,True
8843,multi_train,multi,1,True
8844,multi_train,multi,2,True
8845,multi_train,multi,1,True
5856,multi_train,multi,15,False
5857,multi_train,multi,15,False
5858,multi_train,multi,1,True
4054,multi_train,multi,1,True
4056,multi_train,multi,2,True
4057,multi_train,multi,2,True
8211,multi_train,multi,4,False
8212,multi_train,multi,4,False
8213,multi_train,multi,1,True
5537,multi_train,multi,1,True
5538,multi_train,multi,2,True
5540,multi_train,multi,2,True
4351,multi_train,multi,1,True
4352,multi_train,multi,5,False
1495,multi_train,multi,2,True
6708,multi_train,multi,1,True
1631,multi_train,multi,2,True
1632,multi_train,multi,1,True
1633,multi_train,multi,1,True
1634,multi_train,multi,2,True
1635,multi_train,multi,2,True
1636,multi_train,multi,2,True
1117,multi_train,multi,6,False
1118,multi_train,multi,1,True
1119,multi_train,multi,2,True
7829,multi_train,multi,1,True
7830,multi_train,multi,6,False
7831,multi_train,multi,1,True
7832,multi_train,multi,2,True
7833,multi_train,multi,2,True
1818,multi_train,multi,2,True
1820,multi_train,multi,1,True
1821,multi_train,multi,1,True
6859,multi_train,multi,1,True
6860,multi_train,multi,18,False
6861,multi_train,multi,22,False
1048,multi_train,multi,6,False
5258,multi_train,multi,2,True
5259,multi_train,multi,10,False
5260,multi_train,multi,8,False
5261,multi_train,multi,1,True
5262,multi_train,multi,1,True
3562,multi_train,multi,2,True
3563,multi_train,multi,2,True
3565,multi_train,multi,2,True
4079,multi_train,multi,9,False
6755,multi_train,multi,1,True
6756,multi_train,multi,5,False
9030,multi_train,multi,1,True
9031,multi_train,multi,1,True
9032,multi_train,multi,2,True
9033,multi_train,multi,1,True
9034,multi_train,multi,2,True
9035,multi_train,multi,2,True
9025,multi_train,multi,2,True
9026,multi_train,multi,4,False
9027,multi_train,multi,1,True
9028,multi_train,multi,1,True
9029,multi_train,multi,1,True
2274,multi_train,multi,4,False
2276,multi_train,multi,1,True
2277,multi_train,multi,2,True
2278,multi_train,multi,2,True
2064,multi_train,multi,3,True
2065,multi_train,multi,3,True
2066,multi_train,multi,1,True
9015,multi_train,multi,1,True
9017,multi_train,multi,1,True
9018,multi_train,multi,3,True
9019,multi_train,multi,3,True
9011,multi_train,multi,15,False
9014,multi_train,multi,17,False
8066,multi_train,multi,8,False
8067,multi_train,multi,14,False
8068,multi_train,multi,1,True
5707,multi_train,multi,2,True
5708,multi_train,multi,11,False
4521,multi_train,multi,3,True
4522,multi_train,multi,2,True
3708,multi_train,multi,8,False
8654,multi_train,multi,2,True
8655,multi_train,multi,1,True
8657,multi_train,multi,4,False
4937,multi_train,multi,1,True
4939,multi_train,multi,1,True
4940,multi_train,multi,40,False
4941,multi_train,multi,17,False
4942,multi_train,multi,11,False
4037,multi_train,multi,4,False
4038,multi_train,multi,1,True
4039,multi_train,multi,3,True
4040,multi_train,multi,1,True
4041,multi_train,multi,1,True
3670,multi_train,multi,15,False
3671,multi_train,multi,13,False
3672,multi_train,multi,3,True
3036,multi_train,multi,8,False
3039,multi_train,multi,1,True
3041,multi_train,multi,5,False
3028,multi_train,multi,2,True
3029,multi_train,multi,2,True
3031,multi_train,multi,2,True
3033,multi_train,multi,2,True
3034,multi_train,multi,1,True
3035,multi_train,multi,3,True
6729,multi_train,multi,4,False
6732,multi_train,multi,5,False
6733,multi_train,multi,7,False
1858,multi_train,multi,2,True
1859,multi_train,multi,9,False
1860,multi_train,multi,1,True
1861,multi_train,multi,4,False
7765,multi_train,multi,3,True
4750,multi_train,multi,4,False
4751,multi_train,multi,5,False
4752,multi_train,multi,1,True
9079,multi_train,multi,1,True
9080,multi_train,multi,1,True
9081,multi_train,multi,2,True
9082,multi_train,multi,1,True
9083,multi_train,multi,1,True
9084,multi_train,multi,1,True
9085,multi_train,multi,2,True
9087,multi_train,multi,2,True
9088,multi_train,multi,1,True
9089,multi_train,multi,2,True
9090,multi_train,multi,1,True
9091,multi_train,multi,1,True
1135,multi_train,multi,4,False
1137,multi_train,multi,4,False
1138,multi_train,multi,4,False
6133,multi_train,multi,2,True
6134,multi_train,multi,19,False
3964,multi_train,multi,1,True
3966,multi_train,multi,5,False
3967,multi_train,multi,4,False
8153,multi_train,multi,1,True
8154,multi_train,multi,2,True
8155,multi_train,multi,2,True
4777,multi_train,multi,6,False
4778,multi_train,multi,1,True
4779,multi_train,multi,2,True
6284,multi_train,multi,2,True
6285,multi_train,multi,1,True
6286,multi_train,multi,28,False
6329,multi_train,multi,4,False
6330,multi_train,multi,1,True
6331,multi_train,multi,16,False
1180,multi_train,multi,10,False
3920,multi_train,multi,2,True
2336,multi_train,multi,6,False
2337,multi_train,multi,1,True
7500,multi_train,multi,1,True
7501,multi_train,multi,4,False
7502,multi_train,multi,2,True
6737,multi_train,multi,32,False
6738,multi_train,multi,32,False
2020,multi_train,multi,2,True
2021,multi_train,multi,2,True
903,multi_train,multi,5,False
905,multi_train,multi,5,False
906,multi_train,multi,3,True
5687,multi_train,multi,3,True
1967,multi_train,multi,2,True
1968,multi_train,multi,2,True
6109,multi_train,multi,1,True
6110,multi_train,multi,1,True
6111,multi_train,multi,2,True
5071,multi_train,multi,1,True
5072,multi_train,multi,4,False
5074,multi_train,multi,2,True
7496,multi_train,multi,2,True
7497,multi_train,multi,2,True
7499,multi_train,multi,1,True
6296,multi_train,multi,2,True
6297,multi_train,multi,4,False
6298,multi_train,multi,5,False
3198,multi_train,multi,2,True
3199,multi_train,multi,2,True
3200,multi_train,multi,1,True
1806,multi_train,multi,6,False
5384,multi_train,multi,2,True
5386,multi_train,multi,2,True
3884,multi_train,multi,6,False
3885,multi_train,multi,2,True
3886,multi_train,multi,2,True
3887,multi_train,multi,4,False
3888,multi_train,multi,2,True
3881,multi_train,multi,1,True
3883,multi_train,multi,21,False
3877,multi_train,multi,4,False
3879,multi_train,multi,1,True
6302,multi_train,multi,1,True
1109,multi_train,multi,2,True
1112,multi_train,multi,1,True
1113,multi_train,multi,1,True
8135,multi_train,multi,15,False
8136,multi_train,multi,1,True
8137,multi_train,multi,6,False
5479,multi_train,multi,4,False
4094,multi_train,multi,6,False
4095,multi_train,multi,4,False
4096,multi_train,multi,10,False
4097,multi_train,multi,10,False
4107,multi_train,multi,1,True
4109,multi_train,multi,10,False
4111,multi_train,multi,9,False
9297,multi_train,multi,2,True
9298,multi_train,multi,2,True
9299,multi_train,multi,1,True
9300,multi_train,multi,1,True
9301,multi_train,multi,2,True
9302,multi_train,multi,2,True
9303,multi_train,multi,2,True
9304,multi_train,multi,1,True
1397,multi_train,multi,12,False
1399,multi_train,multi,6,False
2476,multi_train,multi,2,True
2477,multi_train,multi,1,True
2478,multi_train,multi,1,True
2479,multi_train,multi,6,False
2480,multi_train,multi,3,True
6316,multi_train,multi,4,False
6318,multi_train,multi,4,False
7898,multi_train,multi,2,True
7900,multi_train,multi,10,False
4510,multi_train,multi,5,False
4511,multi_train,multi,5,False
4512,multi_train,multi,2,True
4513,multi_train,multi,2,True
4514,multi_train,multi,1,True
8909,multi_train,multi,20,False
8912,multi_train,multi,17,False
8913,multi_train,multi,25,False
8039,multi_train,multi,1,True
8041,multi_train,multi,1,True
8043,multi_train,multi,1,True
8045,multi_train,multi,1,True
8046,multi_train,multi,11,False
1792,multi_train,multi,3,True
1793,multi_train,multi,5,False
1794,multi_train,multi,5,False
1795,multi_train,multi,1,True
1797,multi_train,multi,5,False
6970,multi_train,multi,4,False
6971,multi_train,multi,2,True
6972,multi_train,multi,1,True
6973,multi_train,multi,1,True
1292,multi_train,multi,4,False
1294,multi_train,multi,1,True
1295,multi_train,multi,1,True
1969,multi_train,multi,2,True
1970,multi_train,multi,4,False
1971,multi_train,multi,1,True
1972,multi_train,multi,4,False
4136,multi_train,multi,1,True
1412,multi_train,multi,2,True
1413,multi_train,multi,28,False
1414,multi_train,multi,33,False
1415,multi_train,multi,3,True
1417,multi_train,multi,19,False
1154,multi_train,multi,10,False
1155,multi_train,multi,2,True
1156,multi_train,multi,1,True
3051,multi_train,multi,6,False
3056,multi_train,multi,2,True
3043,multi_train,multi,1,True
3044,multi_train,multi,4,False
3045,multi_train,multi,2,True
3046,multi_train,multi,2,True
3047,multi_train,multi,1,True
3048,multi_train,multi,2,True
3049,multi_train,multi,12,False
3050,multi_train,multi,1,True
9225,multi_train,multi,1,True
9226,multi_train,multi,25,False
9227,multi_train,multi,28,False
9219,multi_train,multi,13,False
9220,multi_train,multi,4,False
9222,multi_train,multi,2,True
9224,multi_train,multi,8,False
4492,multi_train,multi,1,True
4493,multi_train,multi,4,False
5760,multi_train,multi,7,False
5761,multi_train,multi,4,False
5762,multi_train,multi,1,True
5763,multi_train,multi,1,True
5756,multi_train,multi,1,True
5757,multi_train,multi,2,True
5758,multi_train,multi,24,False
5759,multi_train,multi,4,False
5753,multi_train,multi,2,True
5754,multi_train,multi,10,False
6865,multi_train,multi,1,True
6866,multi_train,multi,8,False
6867,multi_train,multi,2,True
6900,multi_train,multi,1,True
6901,multi_train,multi,16,False
6902,multi_train,multi,27,False
6903,multi_train,multi,2,True
6904,multi_train,multi,2,True
7949,multi_train,multi,3,True
7950,multi_train,multi,27,False
7951,multi_train,multi,1,True
7952,multi_train,multi,1,True
7953,multi_train,multi,12,False
7954,multi_train,multi,57,False
7685,multi_train,multi,22,False
7027,multi_train,multi,1,True
7029,multi_train,multi,10,False
7030,multi_train,multi,6,False
7034,multi_train,multi,4,False
7036,multi_train,multi,9,False
7037,multi_train,multi,4,False
5310,multi_train,multi,1,True
4409,multi_train,multi,8,False
4410,multi_train,multi,1,True
4411,multi_train,multi,8,False
9322,multi_train,multi,12,False
9323,multi_train,multi,4,False
9324,multi_train,multi,1,True
9325,multi_train,multi,1,True
9326,multi_train,multi,4,False
9318,multi_train,multi,4,False
9319,multi_train,multi,1,True
9320,multi_train,multi,2,True
6678,multi_train,multi,4,False
6679,multi_train,multi,1,True
6681,multi_train,multi,6,False
2224,multi_train,multi,2,True
2339,multi_train,multi,4,False
2340,multi_train,multi,6,False
2341,multi_train,multi,1,True
2342,multi_train,multi,4,False
2343,multi_train,multi,6,False
2344,multi_train,multi,1,True
1878,multi_train,multi,2,True
1879,multi_train,multi,28,False
7356,multi_train,multi,3,True
7357,multi_train,multi,5,False
269,multi_train,multi,2,True
270,multi_train,multi,13,False
271,multi_train,multi,1,True
272,multi_train,multi,2,True
273,multi_train,multi,11,False
8803,multi_train,multi,13,False
8806,multi_train,multi,22,False
8807,multi_train,multi,14,False
8810,multi_train,multi,2,True
8812,multi_train,multi,26,False
8813,multi_train,multi,1,True
5165,multi_train,multi,2,True
5169,multi_train,multi,2,True
4007,multi_train,multi,2,True
4010,multi_train,multi,10,False
7328,multi_train,multi,1,True
7329,multi_train,multi,1,True
7330,multi_train,multi,22,False
7331,multi_train,multi,1,True
915,multi_train,multi,5,False
917,multi_train,multi,10,False
2374,multi_train,multi,1,True
2375,multi_train,multi,6,False
2376,multi_train,multi,4,False
7984,multi_train,multi,15,False
7985,multi_train,multi,4,False
7987,multi_train,multi,11,False
7988,multi_train,multi,16,False
1869,multi_train,multi,7,False
1870,multi_train,multi,1,True
1871,multi_train,multi,1,True
1872,multi_train,multi,2,True
1873,multi_train,multi,14,False
5702,multi_train,multi,3,True
5703,multi_train,multi,1,True
5704,multi_train,multi,3,True
4783,multi_train,multi,2,True
19,multi_train,multi,1,True
20,multi_train,multi,6,False
18,multi_train,multi,2,True
4656,multi_train,multi,8,False
4657,multi_train,multi,5,False
4658,multi_train,multi,1,True
4659,multi_train,multi,17,False
4660,multi_train,multi,2,True
3464,multi_train,multi,1,True
3465,multi_train,multi,13,False
3466,multi_train,multi,6,False
7857,multi_train,multi,15,False
4053,multi_train,multi,2,True
3947,multi_train,multi,1,True
3949,multi_train,multi,2,True
1077,multi_train,multi,1,True
1079,multi_train,multi,1,True
1076,multi_train,multi,2,True
5227,multi_train,multi,16,False
5228,multi_train,multi,2,True
5229,multi_train,multi,1,True
5230,multi_train,multi,2,True
3461,multi_train,multi,6,False
3462,multi_train,multi,1,True
3460,multi_train,multi,1,True
8322,multi_train,multi,1,True
8323,multi_train,multi,2,True
8324,multi_train,multi,2,True
8325,multi_train,multi,14,False
8326,multi_train,multi,1,True
8315,multi_train,multi,1,True
8316,multi_train,multi,2,True
8317,multi_train,multi,2,True
8318,multi_train,multi,3,True
8319,multi_train,multi,1,True
8320,multi_train,multi,14,False
8321,multi_train,multi,2,True
7061,multi_train,multi,6,False
7063,multi_train,multi,7,False
7056,multi_train,multi,6,False
7057,multi_train,multi,6,False
7059,multi_train,multi,1,True
7052,multi_train,multi,1,True
7053,multi_train,multi,6,False
7054,multi_train,multi,9,False
5506,multi_train,multi,1,True
5507,multi_train,multi,2,True
5508,multi_train,multi,7,False
5036,multi_train,multi,3,True
5037,multi_train,multi,1,True
5038,multi_train,multi,2,True
5032,multi_train,multi,1,True
5034,multi_train,multi,2,True
5035,multi_train,multi,2,True
5028,multi_train,multi,1,True
5029,multi_train,multi,10,False
5030,multi_train,multi,2,True
5031,multi_train,multi,2,True
2318,multi_train,multi,5,False
2319,multi_train,multi,1,True
4188,multi_train,multi,1,True
4191,multi_train,multi,4,False
201,multi_train,multi,5,False
202,multi_train,multi,1,True
2535,multi_train,multi,6,False
2538,multi_train,multi,6,False
2540,multi_train,multi,6,False
2541,multi_train,multi,2,True
8058,multi_train,multi,27,False
8059,multi_train,multi,1,True
6927,multi_train,multi,10,False
6929,multi_train,multi,2,True
6930,multi_train,multi,1,True
1404,multi_train,multi,6,False
1402,multi_train,multi,1,True
1403,multi_train,multi,8,False
7503,multi_train,multi,1,True
7505,multi_train,multi,2,True
7506,multi_train,multi,2,True
4204,multi_train,multi,2,True
4205,multi_train,multi,1,True
8892,multi_train,multi,5,False
8893,multi_train,multi,7,False
8894,multi_train,multi,1,True
8895,multi_train,multi,16,False
8900,multi_train,multi,5,False
8896,multi_train,multi,12,False
8897,multi_train,multi,4,False
8898,multi_train,multi,1,True
2794,multi_train,multi,4,False
2796,multi_train,multi,3,True
1759,multi_train,multi,10,False
1762,multi_train,multi,1,True
1763,multi_train,multi,7,False
1849,multi_train,multi,3,True
1850,multi_train,multi,28,False
5240,multi_train,multi,12,False
5241,multi_train,multi,8,False
5556,multi_train,multi,3,True
5557,multi_train,multi,58,False
5558,multi_train,multi,44,False
5559,multi_train,multi,1,True
6815,multi_train,multi,4,False
6816,multi_train,multi,1,True
1219,multi_train,multi,2,True
1220,multi_train,multi,2,True
1221,multi_train,multi,2,True
1222,multi_train,multi,9,False
445,multi_train,multi,8,False
446,multi_train,multi,1,True
448,multi_train,multi,4,False
450,multi_train,multi,3,True
6790,multi_train,multi,2,True
6791,multi_train,multi,8,False
3837,multi_train,multi,2,True
3839,multi_train,multi,1,True
3840,multi_train,multi,16,False
3842,multi_train,multi,8,False
3843,multi_train,multi,6,False
3844,multi_train,multi,1,True
7117,multi_train,multi,9,False
6559,multi_train,multi,6,False
3784,multi_train,multi,3,True
3785,multi_train,multi,5,False
1615,multi_train,multi,6,False
1617,multi_train,multi,6,False
6563,multi_train,multi,6,False
6853,multi_train,multi,2,True
7749,multi_train,multi,2,True
6560,multi_train,multi,1,True
6561,multi_train,multi,2,True
6562,multi_train,multi,1,True
6767,multi_train,multi,3,True
5821,multi_train,multi,5,False
5822,multi_train,multi,8,False
5811,multi_train,multi,4,False
5812,multi_train,multi,1,True
5813,multi_train,multi,3,True
5814,multi_train,multi,3,True
5816,multi_train,multi,5,False
5817,multi_train,multi,3,True
5818,multi_train,multi,1,True
4316,multi_train,multi,4,False
4318,multi_train,multi,13,False
4319,multi_train,multi,2,True
4320,multi_train,multi,2,True
1150,multi_train,multi,1,True
1151,multi_train,multi,2,True
1152,multi_train,multi,2,True
1153,multi_train,multi,2,True
5690,multi_train,multi,1,True
5691,multi_train,multi,5,False
5692,multi_train,multi,4,False
4013,multi_train,multi,1,True
4014,multi_train,multi,2,True
9506,multi_train,multi,4,False
9507,multi_train,multi,2,True
9508,multi_train,multi,3,True
9504,multi_train,multi,1,True
9505,multi_train,multi,1,True
4799,multi_train,multi,8,False
4801,multi_train,multi,6,False
4463,multi_train,multi,2,True
4464,multi_train,multi,6,False
4465,multi_train,multi,1,True
5851,multi_train,multi,4,False
233,multi_train,multi,2,True
234,multi_train,multi,4,False
235,multi_train,multi,1,True
236,multi_train,multi,4,False
8876,multi_train,multi,1,True
8877,multi_train,multi,4,False
8878,multi_train,multi,1,True
8879,multi_train,multi,6,False
8880,multi_train,multi,4,False
8881,multi_train,multi,1,True
3690,multi_train,multi,16,False
3691,multi_train,multi,1,True
3692,multi_train,multi,10,False
3693,multi_train,multi,10,False
2307,multi_train,multi,3,True
2308,multi_train,multi,6,False
2309,multi_train,multi,6,False
2311,multi_train,multi,3,True
1944,multi_train,multi,1,True
1945,multi_train,multi,2,True
1947,multi_train,multi,2,True
1343,multi_train,multi,1,True
1345,multi_train,multi,2,True
1344,multi_train,multi,1,True
9076,multi_train,multi,2,True
9073,multi_train,multi,4,False
9074,multi_train,multi,2,True
9075,multi_train,multi,1,True
9071,multi_train,multi,2,True
9173,multi_train,multi,1,True
9176,multi_train,multi,1,True
9177,multi_train,multi,8,False
8268,multi_train,multi,27,False
3551,multi_train,multi,2,True
3553,multi_train,multi,1,True
3554,multi_train,multi,2,True
3555,multi_train,multi,1,True
3556,multi_train,multi,2,True
3557,multi_train,multi,1,True
8342,multi_train,multi,2,True
8343,multi_train,multi,2,True
8344,multi_train,multi,2,True
8345,multi_train,multi,1,True
9255,multi_train,multi,14,False
9252,multi_train,multi,1,True
9253,multi_train,multi,17,False
2860,multi_train,multi,2,True
2861,multi_train,multi,1,True
2856,multi_train,multi,2,True
2857,multi_train,multi,1,True
2858,multi_train,multi,6,False
7242,multi_train,multi,14,False
7246,multi_train,multi,1,True
7247,multi_train,multi,11,False
7243,multi_train,multi,17,False
7244,multi_train,multi,1,True
1790,multi_train,multi,1,True
1791,multi_train,multi,2,True
7086,multi_train,multi,3,True
7087,multi_train,multi,3,True
7152,multi_train,multi,3,True
7157,multi_train,multi,7,False
7158,multi_train,multi,2,True
7161,multi_train,multi,2,True
7164,multi_train,multi,3,True
1,multi_train,multi,6,False
2,multi_train,multi,1,True
3,multi_train,multi,2,True
4,multi_train,multi,2,True
7908,multi_train,multi,25,False
7910,multi_train,multi,19,False
460,multi_train,multi,15,False
5138,multi_train,multi,4,False
5139,multi_train,multi,1,True
5140,multi_train,multi,4,False
5141,multi_train,multi,4,False
5134,multi_train,multi,4,False
5135,multi_train,multi,4,False
5136,multi_train,multi,1,True
4032,multi_train,multi,1,True
7638,multi_train,multi,8,False
8078,multi_train,multi,1,True
8079,multi_train,multi,14,False
8080,multi_train,multi,5,False
4651,multi_train,multi,15,False
4652,multi_train,multi,1,True
4653,multi_train,multi,1,True
4654,multi_train,multi,1,True
4655,multi_train,multi,10,False
1279,multi_train,multi,2,True
1282,multi_train,multi,5,False
7474,multi_train,multi,2,True
7475,multi_train,multi,5,False
7476,multi_train,multi,2,True
2602,multi_train,multi,9,False
2605,multi_train,multi,1,True
2608,multi_train,multi,6,False
2610,multi_train,multi,2,True
2611,multi_train,multi,3,True
1552,multi_train,multi,2,True
1034,multi_train,multi,7,False
1035,multi_train,multi,36,False
1036,multi_train,multi,1,True
1037,multi_train,multi,4,False
6780,multi_train,multi,6,False
6782,multi_train,multi,1,True
5604,multi_train,multi,2,True
5606,multi_train,multi,1,True
5722,multi_train,multi,2,True
5723,multi_train,multi,7,False
5725,multi_train,multi,2,True
5726,multi_train,multi,2,True
3767,multi_train,multi,20,False
3768,multi_train,multi,6,False
3769,multi_train,multi,1,True
5397,multi_train,multi,2,True
5398,multi_train,multi,8,False
5399,multi_train,multi,1,True
5400,multi_train,multi,2,True
5175,multi_train,multi,1,True
5176,multi_train,multi,21,False
5177,multi_train,multi,6,False
5178,multi_train,multi,1,True
5179,multi_train,multi,28,False
5180,multi_train,multi,6,False
5709,multi_train,multi,2,True
5710,multi_train,multi,1,True
5711,multi_train,multi,2,True
5712,multi_train,multi,4,False
6094,multi_train,multi,14,False
6095,multi_train,multi,1,True
6096,multi_train,multi,34,False
5830,multi_train,multi,2,True
5826,multi_train,multi,1,True
5832,multi_train,multi,4,False
5677,multi_train,multi,3,True
5678,multi_train,multi,2,True
5679,multi_train,multi,4,False
5680,multi_train,multi,1,True
5681,multi_train,multi,3,True
5393,multi_train,multi,1,True
8608,multi_train,multi,2,True
8609,multi_train,multi,2,True
8610,multi_train,multi,1,True
8611,multi_train,multi,2,True
8613,multi_train,multi,1,True
8734,multi_train,multi,2,True
8735,multi_train,multi,2,True
8737,multi_train,multi,2,True
8730,multi_train,multi,2,True
8731,multi_train,multi,2,True
8732,multi_train,multi,1,True
8733,multi_train,multi,1,True
9375,multi_train,multi,3,True
9376,multi_train,multi,1,True
9379,multi_train,multi,4,False
9380,multi_train,multi,3,True
9381,multi_train,multi,3,True
9382,multi_train,multi,3,True
9383,multi_train,multi,1,True
9384,multi_train,multi,2,True
1979,multi_train,multi,2,True
1980,multi_train,multi,3,True
1981,multi_train,multi,1,True
1982,multi_train,multi,2,True
1983,multi_train,multi,2,True
1984,multi_train,multi,2,True
8658,multi_train,multi,2,True
8660,multi_train,multi,8,False
8661,multi_train,multi,4,False
8662,multi_train,multi,1,True
8663,multi_train,multi,1,True
3405,multi_train,multi,6,False
3406,multi_train,multi,1,True
3407,multi_train,multi,4,False
3408,multi_train,multi,1,True
3409,multi_train,multi,1,True
3410,multi_train,multi,6,False
3411,multi_train,multi,1,True
3412,multi_train,multi,1,True
9524,multi_train,multi,1,True
9525,multi_train,multi,2,True
9526,multi_train,multi,1,True
5503,multi_train,multi,13,False
5504,multi_train,multi,1,True
7414,multi_train,multi,2,True
1733,multi_train,multi,5,False
1734,multi_train,multi,2,True
1735,multi_train,multi,1,True
1736,multi_train,multi,9,False
6797,multi_train,multi,47,False
6798,multi_train,multi,1,True
4788,multi_train,multi,1,True
4789,multi_train,multi,4,False
4790,multi_train,multi,10,False
4791,multi_train,multi,8,False
468,multi_train,multi,4,False
4756,multi_train,multi,5,False
4757,multi_train,multi,2,True
4758,multi_train,multi,1,True
8743,multi_train,multi,1,True
8745,multi_train,multi,2,True
8746,multi_train,multi,2,True
8747,multi_train,multi,2,True
8748,multi_train,multi,2,True
8749,multi_train,multi,2,True
8750,multi_train,multi,1,True
8752,multi_train,multi,2,True
8753,multi_train,multi,1,True
8754,multi_train,multi,1,True
8755,multi_train,multi,2,True
42,multi_train,multi,2,True
43,multi_train,multi,6,False
44,multi_train,multi,1,True
7479,multi_train,multi,2,True
7480,multi_train,multi,2,True
7481,multi_train,multi,8,False
7483,multi_train,multi,1,True
173,multi_train,multi,3,True
174,multi_train,multi,12,False
175,multi_train,multi,2,True
176,multi_train,multi,1,True
7989,multi_train,multi,32,False
7990,multi_train,multi,11,False
7992,multi_train,multi,2,True
6403,multi_train,multi,60,False
5462,multi_train,multi,2,True
7865,multi_train,multi,1,True
7866,multi_train,multi,30,False
9258,multi_train,multi,18,False
5401,multi_train,multi,8,False
5403,multi_train,multi,12,False
2737,multi_train,multi,8,False
2739,multi_train,multi,10,False
2039,multi_train,multi,6,False
2040,multi_train,multi,4,False
2041,multi_train,multi,1,True
7465,multi_train,multi,23,False
7466,multi_train,multi,28,False
7467,multi_train,multi,37,False
7469,multi_train,multi,21,False
7470,multi_train,multi,1,True
5573,multi_train,multi,1,True
5574,multi_train,multi,6,False
5575,multi_train,multi,68,False
5576,multi_train,multi,37,False
5578,multi_train,multi,77,False
8646,multi_train,multi,1,True
8647,multi_train,multi,2,True
8648,multi_train,multi,1,True
8649,multi_train,multi,2,True
8640,multi_train,multi,1,True
8641,multi_train,multi,2,True
8642,multi_train,multi,1,True
8643,multi_train,multi,2,True
8645,multi_train,multi,1,True
8650,multi_train,multi,2,True
8651,multi_train,multi,6,False
8652,multi_train,multi,2,True
8653,multi_train,multi,1,True
4518,multi_train,multi,6,False
4519,multi_train,multi,1,True
4520,multi_train,multi,2,True
2599,multi_train,multi,1,True
2600,multi_train,multi,2,True
2601,multi_train,multi,1,True
2598,multi_train,multi,5,False
2591,multi_train,multi,1,True
2592,multi_train,multi,2,True
2593,multi_train,multi,5,False
2594,multi_train,multi,1,True
5339,multi_train,multi,2,True
1007,multi_train,multi,6,False
1008,multi_train,multi,4,False
5750,multi_train,multi,2,True
5751,multi_train,multi,1,True
5752,multi_train,multi,2,True
6178,multi_train,multi,5,False
6179,multi_train,multi,1,True
6180,multi_train,multi,1,True
6181,multi_train,multi,5,False
1973,multi_train,multi,3,True
1974,multi_train,multi,2,True
3142,multi_train,multi,4,False
3143,multi_train,multi,6,False
7436,multi_train,multi,2,True
7437,multi_train,multi,1,True
7439,multi_train,multi,2,True
7440,multi_train,multi,5,False
331,multi_train,multi,2,True
333,multi_train,multi,11,False
334,multi_train,multi,4,False
4453,multi_train,multi,2,True
1894,multi_train,multi,1,True
1895,multi_train,multi,1,True
1896,multi_train,multi,1,True
1897,multi_train,multi,2,True
1898,multi_train,multi,6,False
7956,multi_train,multi,27,False
7957,multi_train,multi,1,True
7958,multi_train,multi,1,True
7959,multi_train,multi,1,True
7960,multi_train,multi,27,False
841,multi_train,multi,1,True
842,multi_train,multi,2,True
843,multi_train,multi,2,True
8214,multi_train,multi,1,True
8215,multi_train,multi,4,False
8216,multi_train,multi,2,True
7507,multi_train,multi,4,False
7508,multi_train,multi,1,True
7509,multi_train,multi,1,True
7510,multi_train,multi,2,True
216,multi_train,multi,2,True
217,multi_train,multi,1,True
218,multi_train,multi,2,True
220,multi_train,multi,2,True
219,multi_train,multi,1,True
1862,multi_train,multi,1,True
1863,multi_train,multi,3,True
8280,multi_train,multi,1,True
8281,multi_train,multi,1,True
8282,multi_train,multi,2,True
8283,multi_train,multi,1,True
1529,multi_train,multi,2,True
5119,multi_train,multi,2,True
5120,multi_train,multi,1,True
5122,multi_train,multi,5,False
5123,multi_train,multi,1,True
5129,multi_train,multi,1,True
5132,multi_train,multi,3,True
5133,multi_train,multi,4,False
5124,multi_train,multi,1,True
5125,multi_train,multi,2,True
5127,multi_train,multi,2,True
5128,multi_train,multi,5,False
1207,multi_train,multi,1,True
1208,multi_train,multi,2,True
1209,multi_train,multi,2,True
1210,multi_train,multi,7,False
7390,multi_train,multi,1,True
7391,multi_train,multi,12,False
3110,multi_train,multi,1,True
3111,multi_train,multi,3,True
3112,multi_train,multi,2,True
943,multi_train,multi,1,True
942,multi_train,multi,12,False
4850,multi_train,multi,1,True
4851,multi_train,multi,2,True
4852,multi_train,multi,2,True
4592,multi_train,multi,4,False
7370,multi_train,multi,2,True
7371,multi_train,multi,1,True
7372,multi_train,multi,1,True
129,multi_train,multi,24,False
1637,multi_train,multi,2,True
1638,multi_train,multi,2,True
1639,multi_train,multi,2,True
1641,multi_train,multi,1,True
2954,multi_train,multi,1,True
2956,multi_train,multi,2,True
2957,multi_train,multi,2,True
2958,multi_train,multi,2,True
2963,multi_train,multi,1,True
2964,multi_train,multi,4,False
2965,multi_train,multi,4,False
2959,multi_train,multi,4,False
8871,multi_train,multi,2,True
8872,multi_train,multi,4,False
8873,multi_train,multi,1,True
8874,multi_train,multi,4,False
8875,multi_train,multi,2,True
9059,multi_train,multi,1,True
9060,multi_train,multi,1,True
9061,multi_train,multi,2,True
9057,multi_train,multi,1,True
9058,multi_train,multi,2,True
9066,multi_train,multi,2,True
9067,multi_train,multi,2,True
9068,multi_train,multi,1,True
9062,multi_train,multi,1,True
9063,multi_train,multi,1,True
9064,multi_train,multi,4,False
9065,multi_train,multi,2,True
9212,multi_train,multi,1,True
9214,multi_train,multi,30,False
9215,multi_train,multi,12,False
9209,multi_train,multi,14,False
9210,multi_train,multi,8,False
9202,multi_train,multi,29,False
9204,multi_train,multi,11,False
9205,multi_train,multi,33,False
4400,multi_train,multi,2,True
4401,multi_train,multi,1,True
4402,multi_train,multi,9,False
4403,multi_train,multi,1,True
4404,multi_train,multi,10,False
4742,multi_train,multi,1,True
4743,multi_train,multi,1,True
4744,multi_train,multi,2,True
4745,multi_train,multi,4,False
4746,multi_train,multi,4,False
7231,multi_train,multi,3,True
7226,multi_train,multi,17,False
7229,multi_train,multi,20,False
7236,multi_train,multi,5,False
7237,multi_train,multi,12,False
7238,multi_train,multi,11,False
7239,multi_train,multi,1,True
7240,multi_train,multi,4,False
6606,multi_train,multi,6,False
592,multi_train,multi,2,True
593,multi_train,multi,1,True
595,multi_train,multi,12,False
596,multi_train,multi,2,True
597,multi_train,multi,1,True
602,multi_train,multi,1,True
598,multi_train,multi,2,True
7993,multi_train,multi,11,False
7994,multi_train,multi,37,False
7996,multi_train,multi,34,False
387,multi_train,multi,1,True
388,multi_train,multi,2,True
389,multi_train,multi,2,True
3259,multi_train,multi,3,True
3260,multi_train,multi,1,True
3261,multi_train,multi,2,True
3262,multi_train,multi,1,True
3263,multi_train,multi,6,False
3265,multi_train,multi,1,True
3266,multi_train,multi,2,True
3267,multi_train,multi,2,True
3268,multi_train,multi,1,True
451,multi_train,multi,1,True
452,multi_train,multi,2,True
453,multi_train,multi,1,True
454,multi_train,multi,4,False
455,multi_train,multi,1,True
5454,multi_train,multi,6,False
5455,multi_train,multi,6,False
5456,multi_train,multi,4,False
5457,multi_train,multi,1,True
5458,multi_train,multi,4,False
3951,multi_train,multi,1,True
7891,multi_train,multi,2,True
5648,multi_train,multi,6,False
2000,multi_train,multi,1,True
2001,multi_train,multi,39,False
2002,multi_train,multi,1,True
1954,multi_train,multi,2,True
1955,multi_train,multi,1,True
1956,multi_train,multi,2,True
8018,multi_train,multi,2,True
8019,multi_train,multi,1,True
8021,multi_train,multi,2,True
4166,multi_train,multi,2,True
4167,multi_train,multi,1,True
4168,multi_train,multi,2,True
4169,multi_train,multi,2,True
2214,multi_train,multi,2,True
2215,multi_train,multi,1,True
2216,multi_train,multi,2,True
2217,multi_train,multi,2,True
4527,multi_train,multi,4,False
4528,multi_train,multi,1,True
4529,multi_train,multi,2,True
4530,multi_train,multi,4,False
4551,multi_train,multi,3,True
4553,multi_train,multi,3,True
1890,multi_train,multi,1,True
1892,multi_train,multi,10,False
1893,multi_train,multi,4,False
1593,multi_train,multi,1,True
1594,multi_train,multi,6,False
1595,multi_train,multi,1,True
7640,multi_train,multi,4,False
7641,multi_train,multi,2,True
7812,multi_train,multi,2,True
7813,multi_train,multi,1,True
7815,multi_train,multi,2,True
324,multi_train,multi,2,True
325,multi_train,multi,2,True
326,multi_train,multi,1,True
1462,multi_train,multi,4,False
1464,multi_train,multi,7,False
1985,multi_train,multi,1,True
1986,multi_train,multi,4,False
1987,multi_train,multi,2,True
1029,multi_train,multi,6,False
1026,multi_train,multi,1,True
1027,multi_train,multi,6,False
2487,multi_train,multi,2,True
2488,multi_train,multi,1,True
2489,multi_train,multi,2,True
7974,multi_train,multi,4,False
6544,multi_train,multi,4,False
6545,multi_train,multi,3,True
6546,multi_train,multi,17,False
4485,multi_train,multi,2,True
4486,multi_train,multi,6,False
1287,multi_train,multi,6,False
1288,multi_train,multi,2,True
1290,multi_train,multi,4,False
1291,multi_train,multi,6,False
1289,multi_train,multi,1,True
434,multi_train,multi,2,True
3744,multi_train,multi,7,False
3746,multi_train,multi,1,True
9020,multi_train,multi,2,True
9022,multi_train,multi,2,True
9023,multi_train,multi,6,False
1094,multi_train,multi,4,False
1096,multi_train,multi,1,True
1097,multi_train,multi,2,True
1095,multi_train,multi,12,False
5387,multi_train,multi,15,False
4070,multi_train,multi,1,True
4121,multi_train,multi,34,False
4122,multi_train,multi,1,True
4123,multi_train,multi,11,False
4124,multi_train,multi,2,True
2102,multi_train,multi,4,False
2103,multi_train,multi,2,True
6718,multi_train,multi,2,True
8512,multi_train,multi,1,True
8513,multi_train,multi,1,True
8514,multi_train,multi,2,True
8511,multi_train,multi,3,True
8508,multi_train,multi,2,True
8509,multi_train,multi,1,True
8510,multi_train,multi,2,True
7522,multi_train,multi,1,True
7523,multi_train,multi,2,True
4597,multi_train,multi,1,True
4598,multi_train,multi,14,False
4599,multi_train,multi,4,False
8069,multi_train,multi,14,False
8070,multi_train,multi,1,True
8072,multi_train,multi,19,False
8073,multi_train,multi,19,False
6712,multi_train,multi,3,True
6713,multi_train,multi,4,False
6715,multi_train,multi,5,False
6716,multi_train,multi,2,True
7552,multi_train,multi,5,False
362,multi_train,multi,2,True
361,multi_train,multi,2,True
363,multi_train,multi,1,True
8016,multi_train,multi,9,False
8017,multi_train,multi,8,False
5472,multi_train,multi,4,False
5473,multi_train,multi,1,True
5474,multi_train,multi,2,True
6499,multi_train,multi,3,True
7399,multi_train,multi,8,False
7400,multi_train,multi,5,False
7401,multi_train,multi,5,False
6769,multi_train,multi,6,False
6770,multi_train,multi,1,True
8831,multi_train,multi,2,True
8832,multi_train,multi,4,False
8833,multi_train,multi,1,True
8834,multi_train,multi,2,True
8836,multi_train,multi,4,False
8837,multi_train,multi,2,True
8838,multi_train,multi,2,True
7654,multi_train,multi,2,True
7655,multi_train,multi,2,True
7656,multi_train,multi,1,True
7657,multi_train,multi,1,True
7658,multi_train,multi,2,True
6252,multi_train,multi,9,False
6253,multi_train,multi,1,True
6254,multi_train,multi,1,True
6255,multi_train,multi,4,False
1929,multi_train,multi,2,True
1930,multi_train,multi,8,False
1931,multi_train,multi,1,True
295,multi_train,multi,7,False
297,multi_train,multi,1,True
299,multi_train,multi,13,False
6985,multi_train,multi,1,True
6986,multi_train,multi,2,True
945,multi_train,multi,1,True
946,multi_train,multi,6,False
947,multi_train,multi,6,False
990,multi_train,multi,7,False
992,multi_train,multi,9,False
993,multi_train,multi,6,False
994,multi_train,multi,1,True
995,multi_train,multi,9,False
5186,multi_train,multi,1,True
5187,multi_train,multi,1,True
5188,multi_train,multi,3,True
5189,multi_train,multi,2,True
6205,multi_train,multi,10,False
1334,multi_train,multi,18,False
1335,multi_train,multi,6,False
1336,multi_train,multi,4,False
1337,multi_train,multi,25,False
8405,multi_train,multi,4,False
8406,multi_train,multi,2,True
8407,multi_train,multi,4,False
8408,multi_train,multi,2,True
8410,multi_train,multi,2,True
8414,multi_train,multi,2,True
8415,multi_train,multi,1,True
8416,multi_train,multi,4,False
8417,multi_train,multi,2,True
8411,multi_train,multi,5,False
8412,multi_train,multi,1,True
2135,multi_train,multi,2,True
2138,multi_train,multi,2,True
2139,multi_train,multi,2,True
1899,multi_train,multi,6,False
6802,multi_train,multi,1,True
1546,multi_train,multi,1,True
1548,multi_train,multi,2,True
170,multi_train,multi,1,True
171,multi_train,multi,45,False
5298,multi_train,multi,10,False
5299,multi_train,multi,5,False
5300,multi_train,multi,6,False
5302,multi_train,multi,10,False
123,multi_train,multi,1,True
5442,multi_train,multi,1,True
5443,multi_train,multi,3,True
5444,multi_train,multi,2,True
1575,multi_train,multi,8,False
1576,multi_train,multi,4,False
1578,multi_train,multi,1,True
1579,multi_train,multi,4,False
1574,multi_train,multi,1,True
922,multi_train,multi,1,True
2185,multi_train,multi,3,True
8960,multi_train,multi,1,True
8961,multi_train,multi,3,True
8962,multi_train,multi,10,False
8963,multi_train,multi,22,False
8965,multi_train,multi,4,False
8967,multi_train,multi,1,True
397,multi_train,multi,2,True
398,multi_train,multi,6,False
399,multi_train,multi,2,True
400,multi_train,multi,3,True
2148,multi_train,multi,2,True
2149,multi_train,multi,1,True
355,multi_train,multi,1,True
356,multi_train,multi,21,False
357,multi_train,multi,6,False
358,multi_train,multi,1,True
359,multi_train,multi,8,False
360,multi_train,multi,6,False
6924,multi_train,multi,1,True
6925,multi_train,multi,3,True
6926,multi_train,multi,1,True
5769,multi_train,multi,6,False
5771,multi_train,multi,5,False
5772,multi_train,multi,1,True
5773,multi_train,multi,7,False
5775,multi_train,multi,2,True
1274,multi_train,multi,1,True
1276,multi_train,multi,1,True
1277,multi_train,multi,2,True
1278,multi_train,multi,6,False
5541,multi_train,multi,2,True
31,multi_train,multi,2,True
29,multi_train,multi,1,True
27,multi_train,multi,2,True
28,multi_train,multi,1,True
30,multi_train,multi,2,True
2813,multi_train,multi,7,False
2814,multi_train,multi,6,False
2816,multi_train,multi,1,True
5372,multi_train,multi,4,False
5374,multi_train,multi,4,False
1650,multi_train,multi,2,True
7976,multi_train,multi,1,True
7977,multi_train,multi,1,True
7979,multi_train,multi,2,True
7980,multi_train,multi,3,True
6322,multi_train,multi,8,False
6323,multi_train,multi,7,False
1694,multi_train,multi,2,True
1695,multi_train,multi,13,False
1696,multi_train,multi,1,True
1697,multi_train,multi,42,False
4151,multi_train,multi,3,True
4153,multi_train,multi,2,True
6367,multi_train,multi,2,True
1738,multi_train,multi,2,True
1739,multi_train,multi,12,False
1740,multi_train,multi,6,False
7741,multi_train,multi,1,True
7742,multi_train,multi,4,False
7743,multi_train,multi,1,True
7744,multi_train,multi,2,True
4640,multi_train,multi,10,False
4641,multi_train,multi,14,False
4642,multi_train,multi,4,False
5418,multi_train,multi,4,False
5420,multi_train,multi,4,False
6156,multi_train,multi,1,True
6157,multi_train,multi,14,False
6159,multi_train,multi,2,True
2030,multi_train,multi,14,False
2031,multi_train,multi,6,False
811,multi_train,multi,2,True
812,multi_train,multi,2,True
813,multi_train,multi,5,False
810,multi_train,multi,1,True
800,multi_train,multi,3,True
801,multi_train,multi,2,True
802,multi_train,multi,1,True
803,multi_train,multi,3,True
804,multi_train,multi,1,True
805,multi_train,multi,1,True
806,multi_train,multi,2,True
807,multi_train,multi,3,True
808,multi_train,multi,4,False
617,multi_train,multi,1,True
618,multi_train,multi,1,True
619,multi_train,multi,1,True
620,multi_train,multi,6,False
621,multi_train,multi,4,False
614,multi_train,multi,98,False
615,multi_train,multi,4,False
616,multi_train,multi,36,False
623,multi_train,multi,61,False
624,multi_train,multi,19,False
6551,multi_train,multi,5,False
6553,multi_train,multi,2,True
6555,multi_train,multi,3,True
8426,multi_train,multi,1,True
8427,multi_train,multi,2,True
8428,multi_train,multi,2,True
3168,multi_train,multi,2,True
3169,multi_train,multi,1,True
2170,multi_train,multi,3,True
4759,multi_train,multi,2,True
4760,multi_train,multi,1,True
1709,multi_train,multi,9,False
1710,multi_train,multi,6,False
6981,multi_train,multi,1,True
6982,multi_train,multi,2,True
6984,multi_train,multi,2,True
6495,multi_train,multi,1,True
6496,multi_train,multi,2,True
3941,multi_train,multi,2,True
3942,multi_train,multi,6,False
3943,multi_train,multi,1,True
4585,multi_train,multi,8,False
4587,multi_train,multi,6,False
4588,multi_train,multi,8,False
4579,multi_train,multi,2,True
4580,multi_train,multi,2,True
7146,multi_train,multi,4,False
7147,multi_train,multi,4,False
7148,multi_train,multi,4,False
7149,multi_train,multi,1,True
7142,multi_train,multi,6,False
7144,multi_train,multi,1,True
7138,multi_train,multi,7,False
7139,multi_train,multi,3,True
7141,multi_train,multi,1,True
1925,multi_train,multi,4,False
1926,multi_train,multi,1,True
1927,multi_train,multi,12,False
1928,multi_train,multi,3,True
5003,multi_train,multi,19,False
5005,multi_train,multi,31,False
5006,multi_train,multi,17,False
5007,multi_train,multi,2,True
5008,multi_train,multi,1,True
5009,multi_train,multi,2,True
5010,multi_train,multi,1,True
5011,multi_train,multi,2,True
6503,multi_train,multi,3,True
6504,multi_train,multi,2,True
6505,multi_train,multi,2,True
107,multi_train,multi,4,False
108,multi_train,multi,4,False
109,multi_train,multi,1,True
110,multi_train,multi,3,True
2035,multi_train,multi,5,False
9106,multi_train,multi,2,True
9107,multi_train,multi,2,True
9114,multi_train,multi,2,True
9117,multi_train,multi,1,True
9118,multi_train,multi,2,True
9115,multi_train,multi,1,True
9116,multi_train,multi,1,True
9110,multi_train,multi,2,True
9111,multi_train,multi,1,True
9112,multi_train,multi,2,True
3603,multi_train,multi,2,True
3604,multi_train,multi,4,False
3605,multi_train,multi,6,False
3606,multi_train,multi,6,False
3607,multi_train,multi,1,True
3598,multi_train,multi,6,False
3599,multi_train,multi,1,True
3600,multi_train,multi,6,False
3601,multi_train,multi,4,False
3602,multi_train,multi,1,True
3608,multi_train,multi,1,True
3609,multi_train,multi,6,False
3610,multi_train,multi,1,True
3611,multi_train,multi,6,False
6151,multi_train,multi,6,False
1296,multi_train,multi,1,True
1297,multi_train,multi,2,True
1298,multi_train,multi,2,True
1299,multi_train,multi,4,False
1300,multi_train,multi,1,True
7787,multi_train,multi,2,True
7788,multi_train,multi,2,True
1667,multi_train,multi,6,False
1668,multi_train,multi,6,False
1670,multi_train,multi,6,False
6739,multi_train,multi,29,False
6740,multi_train,multi,23,False
6741,multi_train,multi,1,True
1908,multi_train,multi,4,False
1909,multi_train,multi,1,True
1910,multi_train,multi,4,False
1911,multi_train,multi,1,True
6142,multi_train,multi,1,True
3716,multi_train,multi,28,False
3717,multi_train,multi,12,False
7562,multi_train,multi,1,True
7563,multi_train,multi,2,True
7564,multi_train,multi,1,True
7565,multi_train,multi,2,True
7566,multi_train,multi,2,True
7567,multi_train,multi,4,False
1768,multi_train,multi,2,True
1769,multi_train,multi,1,True
4785,multi_train,multi,2,True
4786,multi_train,multi,1,True
4787,multi_train,multi,10,False
6236,multi_train,multi,4,False
9539,multi_train,multi,3,True
9540,multi_train,multi,3,True
9541,multi_train,multi,1,True
9531,multi_train,multi,1,True
9532,multi_train,multi,1,True
9534,multi_train,multi,1,True
9530,multi_train,multi,2,True
9533,multi_train,multi,1,True
5510,multi_train,multi,2,True
3156,multi_train,multi,2,True
3157,multi_train,multi,1,True
3154,multi_train,multi,3,True
3159,multi_train,multi,2,True
3161,multi_train,multi,1,True
4091,multi_train,multi,2,True
4092,multi_train,multi,13,False
4093,multi_train,multi,27,False
6905,multi_train,multi,1,True
6640,multi_train,multi,27,False
6642,multi_train,multi,9,False
4414,multi_train,multi,2,True
4417,multi_train,multi,1,True
6137,multi_train,multi,3,True
6138,multi_train,multi,3,True
6140,multi_train,multi,2,True
2500,multi_train,multi,1,True
2501,multi_train,multi,2,True
2508,multi_train,multi,5,False
2502,multi_train,multi,1,True
2503,multi_train,multi,2,True
2504,multi_train,multi,10,False
2505,multi_train,multi,2,True
6684,multi_train,multi,9,False
6686,multi_train,multi,4,False
2046,multi_train,multi,1,True
2047,multi_train,multi,7,False
8756,multi_train,multi,4,False
8759,multi_train,multi,2,True
8760,multi_train,multi,3,True
243,multi_train,multi,1,True
244,multi_train,multi,2,True
7396,multi_train,multi,2,True
2513,multi_train,multi,6,False
2515,multi_train,multi,6,False
2510,multi_train,multi,1,True
2511,multi_train,multi,8,False
2516,multi_train,multi,6,False
2517,multi_train,multi,6,False
2518,multi_train,multi,1,True
2519,multi_train,multi,1,True
7584,multi_train,multi,4,False
7585,multi_train,multi,2,True
7586,multi_train,multi,1,True
6749,multi_train,multi,1,True
6750,multi_train,multi,6,False
6751,multi_train,multi,4,False
6498,multi_train,multi,2,True
7204,multi_train,multi,2,True
7205,multi_train,multi,2,True
7206,multi_train,multi,2,True
7207,multi_train,multi,1,True
7196,multi_train,multi,2,True
7197,multi_train,multi,2,True
7198,multi_train,multi,1,True
7199,multi_train,multi,1,True
7200,multi_train,multi,2,True
7202,multi_train,multi,2,True
3720,multi_train,multi,2,True
3721,multi_train,multi,1,True
3722,multi_train,multi,2,True
3723,multi_train,multi,4,False
3724,multi_train,multi,1,True
2241,multi_train,multi,1,True
2242,multi_train,multi,4,False
2243,multi_train,multi,4,False
5064,multi_train,multi,8,False
2312,multi_train,multi,3,True
2313,multi_train,multi,3,True
2314,multi_train,multi,1,True
2355,multi_train,multi,2,True
2356,multi_train,multi,1,True
2357,multi_train,multi,4,False
2359,multi_train,multi,4,False
2360,multi_train,multi,1,True
2361,multi_train,multi,1,True
2364,multi_train,multi,4,False
2049,multi_train,multi,1,True
1453,multi_train,multi,2,True
6595,multi_train,multi,12,False
6597,multi_train,multi,1,True
6598,multi_train,multi,1,True
6599,multi_train,multi,1,True
4391,multi_train,multi,10,False
4392,multi_train,multi,1,True
4394,multi_train,multi,2,True
3954,multi_train,multi,2,True
3955,multi_train,multi,2,True
866,multi_train,multi,8,False
868,multi_train,multi,6,False
869,multi_train,multi,6,False
7540,multi_train,multi,6,False
7541,multi_train,multi,1,True
7543,multi_train,multi,2,True
2266,multi_train,multi,2,True
2267,multi_train,multi,2,True
2268,multi_train,multi,2,True
2269,multi_train,multi,1,True
5499,multi_train,multi,4,False
5502,multi_train,multi,1,True
4314,multi_train,multi,3,True
5114,multi_train,multi,2,True
5115,multi_train,multi,3,True
5116,multi_train,multi,1,True
5117,multi_train,multi,4,False
5106,multi_train,multi,1,True
5107,multi_train,multi,4,False
5109,multi_train,multi,6,False
5110,multi_train,multi,4,False
5111,multi_train,multi,4,False
5112,multi_train,multi,1,True
5113,multi_train,multi,5,False
2026,multi_train,multi,2,True
4507,multi_train,multi,1,True
4508,multi_train,multi,5,False
5303,multi_train,multi,8,False
5304,multi_train,multi,2,True
5305,multi_train,multi,1,True
5306,multi_train,multi,3,True
2896,multi_train,multi,1,True
2897,multi_train,multi,5,False
2898,multi_train,multi,5,False
2899,multi_train,multi,1,True
2903,multi_train,multi,5,False
2904,multi_train,multi,4,False
2905,multi_train,multi,1,True
7049,multi_train,multi,20,False
7051,multi_train,multi,1,True
886,multi_train,multi,2,True
887,multi_train,multi,5,False
889,multi_train,multi,1,True
5930,multi_train,multi,2,True
5931,multi_train,multi,1,True
5932,multi_train,multi,1,True
5927,multi_train,multi,1,True
5928,multi_train,multi,1,True
5929,multi_train,multi,2,True
3428,multi_train,multi,1,True
3429,multi_train,multi,4,False
3430,multi_train,multi,4,False
3433,multi_train,multi,1,True
3434,multi_train,multi,2,True
3426,multi_train,multi,1,True
3427,multi_train,multi,2,True
3660,multi_train,multi,1,True
5316,multi_train,multi,5,False
5318,multi_train,multi,2,True
7463,multi_train,multi,1,True
7464,multi_train,multi,10,False
2368,multi_train,multi,1,True
2369,multi_train,multi,54,False
8092,multi_train,multi,9,False
8093,multi_train,multi,15,False
1524,multi_train,multi,25,False
682,multi_train,multi,1,True
683,multi_train,multi,2,True
684,multi_train,multi,3,True
672,multi_train,multi,2,True
673,multi_train,multi,3,True
674,multi_train,multi,2,True
675,multi_train,multi,1,True
676,multi_train,multi,1,True
6165,multi_train,multi,1,True
6166,multi_train,multi,1,True
6167,multi_train,multi,1,True
6169,multi_train,multi,5,False
6247,multi_train,multi,8,False
5586,multi_train,multi,5,False
5587,multi_train,multi,8,False
5588,multi_train,multi,1,True
5475,multi_train,multi,1,True
5476,multi_train,multi,5,False
6021,multi_train,multi,1,True
6023,multi_train,multi,1,True
6014,multi_train,multi,1,True
6015,multi_train,multi,2,True
6016,multi_train,multi,6,False
4350,multi_train,multi,7,False
6261,multi_train,multi,1,True
6262,multi_train,multi,1,True
6263,multi_train,multi,2,True
6264,multi_train,multi,4,False
6989,multi_train,multi,4,False
6991,multi_train,multi,2,True
5485,multi_train,multi,2,True
6193,multi_train,multi,11,False
1044,multi_train,multi,1,True
1045,multi_train,multi,2,True
1046,multi_train,multi,2,True
9286,multi_train,multi,4,False
9287,multi_train,multi,2,True
9288,multi_train,multi,1,True
9292,multi_train,multi,4,False
8434,multi_train,multi,1,True
8436,multi_train,multi,2,True
8437,multi_train,multi,1,True
8438,multi_train,multi,2,True
8429,multi_train,multi,2,True
8430,multi_train,multi,4,False
8431,multi_train,multi,1,True
8432,multi_train,multi,4,False
8433,multi_train,multi,2,True
8440,multi_train,multi,2,True
8441,multi_train,multi,1,True
8442,multi_train,multi,1,True
8443,multi_train,multi,2,True
6114,multi_train,multi,4,False
2817,multi_train,multi,6,False
2818,multi_train,multi,4,False
2820,multi_train,multi,7,False
2821,multi_train,multi,6,False
2822,multi_train,multi,5,False
2823,multi_train,multi,1,True
2824,multi_train,multi,12,False
2825,multi_train,multi,1,True
2826,multi_train,multi,6,False
2827,multi_train,multi,1,True
2828,multi_train,multi,6,False
2829,multi_train,multi,6,False
3789,multi_train,multi,2,True
3791,multi_train,multi,2,True
3782,multi_train,multi,1,True
3783,multi_train,multi,2,True
8120,multi_train,multi,17,False
2585,multi_train,multi,9,False
2586,multi_train,multi,2,True
2587,multi_train,multi,1,True
2588,multi_train,multi,4,False
2589,multi_train,multi,6,False
2590,multi_train,multi,2,True
2581,multi_train,multi,2,True
2012,multi_train,multi,1,True
2013,multi_train,multi,2,True
2014,multi_train,multi,2,True
2015,multi_train,multi,2,True
8230,multi_train,multi,4,False
8231,multi_train,multi,34,False
8232,multi_train,multi,1,True
8233,multi_train,multi,2,True
8234,multi_train,multi,3,True
1674,multi_train,multi,5,False
1675,multi_train,multi,4,False
1676,multi_train,multi,6,False
1677,multi_train,multi,2,True
1678,multi_train,multi,4,False
4620,multi_train,multi,2,True
7421,multi_train,multi,23,False
7422,multi_train,multi,2,True
7423,multi_train,multi,2,True
6588,multi_train,multi,1,True
6589,multi_train,multi,18,False
6590,multi_train,multi,2,True
6592,multi_train,multi,2,True
6593,multi_train,multi,1,True
2230,multi_train,multi,2,True
2231,multi_train,multi,3,True
2232,multi_train,multi,3,True
2233,multi_train,multi,3,True
2234,multi_train,multi,1,True
39,multi_train,multi,1,True
36,multi_train,multi,2,True
37,multi_train,multi,6,False
38,multi_train,multi,2,True
40,multi_train,multi,2,True
41,multi_train,multi,2,True
4945,multi_train,multi,1,True
4946,multi_train,multi,2,True
4947,multi_train,multi,2,True
4948,multi_train,multi,4,False
4949,multi_train,multi,2,True
4955,multi_train,multi,1,True
4956,multi_train,multi,2,True
4957,multi_train,multi,2,True
4950,multi_train,multi,1,True
4951,multi_train,multi,6,False
4952,multi_train,multi,2,True
4953,multi_train,multi,2,True
4954,multi_train,multi,2,True
8354,multi_train,multi,1,True
8355,multi_train,multi,4,False
8356,multi_train,multi,2,True
8357,multi_train,multi,2,True
8349,multi_train,multi,4,False
8011,multi_train,multi,1,True
8012,multi_train,multi,1,True
8014,multi_train,multi,2,True
8015,multi_train,multi,1,True
9314,multi_train,multi,8,False
9317,multi_train,multi,1,True
9311,multi_train,multi,3,True
7928,multi_train,multi,30,False
2036,multi_train,multi,1,True
2037,multi_train,multi,8,False
2038,multi_train,multi,4,False
7534,multi_train,multi,2,True
7535,multi_train,multi,1,True
7536,multi_train,multi,3,True
7537,multi_train,multi,4,False
7411,multi_train,multi,1,True
425,multi_train,multi,1,True
426,multi_train,multi,4,False
428,multi_train,multi,16,False
6386,multi_train,multi,1,True
1663,multi_train,multi,1,True
1715,multi_train,multi,13,False
1717,multi_train,multi,6,False
1718,multi_train,multi,6,False
4412,multi_train,multi,1,True
4413,multi_train,multi,3,True
6485,multi_train,multi,16,False
6486,multi_train,multi,1,True
6488,multi_train,multi,2,True
6489,multi_train,multi,18,False
4454,multi_train,multi,5,False
4455,multi_train,multi,2,True
4112,multi_train,multi,5,False
4114,multi_train,multi,13,False
4115,multi_train,multi,1,True
4117,multi_train,multi,9,False
7771,multi_train,multi,1,True
7772,multi_train,multi,3,True
7773,multi_train,multi,2,True
5480,multi_train,multi,2,True
5408,multi_train,multi,8,False
5409,multi_train,multi,1,True
5410,multi_train,multi,8,False
3204,multi_train,multi,1,True
3205,multi_train,multi,4,False
3206,multi_train,multi,1,True
3207,multi_train,multi,4,False
3208,multi_train,multi,1,True
3209,multi_train,multi,4,False
996,multi_train,multi,1,True
997,multi_train,multi,2,True
999,multi_train,multi,2,True
1000,multi_train,multi,2,True
1476,multi_train,multi,1,True
2174,multi_train,multi,6,False
2176,multi_train,multi,1,True
3751,multi_train,multi,1,True
3754,multi_train,multi,12,False
3755,multi_train,multi,7,False
2632,multi_train,multi,2,True
2634,multi_train,multi,2,True
2635,multi_train,multi,2,True
2636,multi_train,multi,1,True
2637,multi_train,multi,2,True
2638,multi_train,multi,1,True
8076,multi_train,multi,1,True
964,multi_train,multi,1,True
965,multi_train,multi,5,False
966,multi_train,multi,4,False
967,multi_train,multi,12,False
5664,multi_train,multi,4,False
5665,multi_train,multi,2,True
5666,multi_train,multi,1,True
5667,multi_train,multi,8,False
4595,multi_train,multi,1,True
4596,multi_train,multi,6,False
7090,multi_train,multi,19,False
7091,multi_train,multi,21,False
5922,multi_train,multi,1,True
5923,multi_train,multi,3,True
5924,multi_train,multi,2,True
5925,multi_train,multi,2,True
5926,multi_train,multi,1,True
1021,multi_train,multi,6,False
1022,multi_train,multi,6,False
1023,multi_train,multi,4,False
1024,multi_train,multi,1,True
8209,multi_train,multi,2,True
8210,multi_train,multi,4,False
3141,multi_train,multi,1,True
3131,multi_train,multi,1,True
3133,multi_train,multi,2,True
3134,multi_train,multi,9,False
3135,multi_train,multi,12,False
3136,multi_train,multi,1,True
3909,multi_train,multi,8,False
3911,multi_train,multi,1,True
3913,multi_train,multi,2,True
5623,multi_train,multi,4,False
5624,multi_train,multi,1,True
5625,multi_train,multi,4,False
5626,multi_train,multi,1,True
8994,multi_train,multi,46,False
8998,multi_train,multi,14,False
8999,multi_train,multi,3,True
9000,multi_train,multi,1,True
9001,multi_train,multi,2,True
8996,multi_train,multi,25,False
1100,multi_train,multi,6,False
1101,multi_train,multi,6,False
1098,multi_train,multi,6,False
1102,multi_train,multi,2,True
1099,multi_train,multi,1,True
1360,multi_train,multi,2,True
3395,multi_train,multi,2,True
3396,multi_train,multi,1,True
3398,multi_train,multi,2,True
5388,multi_train,multi,1,True
5390,multi_train,multi,3,True
5391,multi_train,multi,2,True
2140,multi_train,multi,2,True
2142,multi_train,multi,2,True
2144,multi_train,multi,1,True
6054,multi_train,multi,16,False
3347,multi_train,multi,27,False
3341,multi_train,multi,2,True
3342,multi_train,multi,37,False
3345,multi_train,multi,13,False
7846,multi_train,multi,1,True
7847,multi_train,multi,1,True
7848,multi_train,multi,2,True
7766,multi_train,multi,1,True
7767,multi_train,multi,2,True
7768,multi_train,multi,4,False
8473,multi_train,multi,16,False
8475,multi_train,multi,8,False
8467,multi_train,multi,15,False
8468,multi_train,multi,23,False
8470,multi_train,multi,5,False
8471,multi_train,multi,8,False
8738,multi_train,multi,2,True
8739,multi_train,multi,2,True
8740,multi_train,multi,1,True
8741,multi_train,multi,1,True
8742,multi_train,multi,1,True
2443,multi_train,multi,1,True
2448,multi_train,multi,2,True
2452,multi_train,multi,16,False
2453,multi_train,multi,1,True
2454,multi_train,multi,1,True
2455,multi_train,multi,2,True
2456,multi_train,multi,15,False
1446,multi_train,multi,6,False
1447,multi_train,multi,7,False
1450,multi_train,multi,6,False
1445,multi_train,multi,4,False
2010,multi_train,multi,6,False
6389,multi_train,multi,2,True
6390,multi_train,multi,1,True
7336,multi_train,multi,5,False
8113,multi_train,multi,9,False
2297,multi_train,multi,2,True
7821,multi_train,multi,2,True
7822,multi_train,multi,1,True
7823,multi_train,multi,2,True
8423,multi_train,multi,1,True
8425,multi_train,multi,4,False
8419,multi_train,multi,2,True
8420,multi_train,multi,1,True
7383,multi_train,multi,1,True
7385,multi_train,multi,2,True
7261,multi_train,multi,2,True
7257,multi_train,multi,10,False
7258,multi_train,multi,5,False
7259,multi_train,multi,10,False
7265,multi_train,multi,2,True
7267,multi_train,multi,1,True
7268,multi_train,multi,2,True
3317,multi_train,multi,3,True
3318,multi_train,multi,1,True
3319,multi_train,multi,2,True
3320,multi_train,multi,2,True
1614,multi_train,multi,1,True
918,multi_train,multi,2,True
920,multi_train,multi,1,True
4467,multi_train,multi,5,False
4468,multi_train,multi,7,False
6895,multi_train,multi,2,True
6898,multi_train,multi,4,False
7849,multi_train,multi,1,True
7850,multi_train,multi,3,True
7852,multi_train,multi,1,True
1429,multi_train,multi,4,False
1430,multi_train,multi,10,False
1431,multi_train,multi,1,True
1432,multi_train,multi,2,True
6089,multi_train,multi,2,True
6090,multi_train,multi,2,True
6091,multi_train,multi,2,True
6092,multi_train,multi,1,True
6093,multi_train,multi,3,True
5534,multi_train,multi,2,True
5535,multi_train,multi,1,True
1233,multi_train,multi,2,True
1237,multi_train,multi,1,True
1236,multi_train,multi,1,True
8839,multi_train,multi,1,True
8841,multi_train,multi,1,True
7448,multi_train,multi,1,True
7449,multi_train,multi,2,True
7450,multi_train,multi,2,True
7451,multi_train,multi,1,True
7452,multi_train,multi,1,True
4968,multi_train,multi,9,False
4970,multi_train,multi,5,False
4971,multi_train,multi,1,True
1092,multi_train,multi,4,False
5552,multi_train,multi,1,True
5554,multi_train,multi,2,True
5555,multi_train,multi,2,True
4774,multi_train,multi,3,True
4449,multi_train,multi,2,True
4450,multi_train,multi,2,True
4452,multi_train,multi,2,True
4443,multi_train,multi,3,True
4444,multi_train,multi,2,True
4445,multi_train,multi,1,True
4446,multi_train,multi,10,False
1272,multi_train,multi,2,True
1273,multi_train,multi,2,True
3979,multi_train,multi,2,True
3980,multi_train,multi,2,True
3981,multi_train,multi,1,True
256,multi_train,multi,1,True
257,multi_train,multi,13,False
258,multi_train,multi,1,True
259,multi_train,multi,4,False
6424,multi_train,multi,3,True
6425,multi_train,multi,12,False
8716,multi_train,multi,1,True
8717,multi_train,multi,1,True
8719,multi_train,multi,2,True
8720,multi_train,multi,2,True
8721,multi_train,multi,2,True
8722,multi_train,multi,1,True
8723,multi_train,multi,2,True
8724,multi_train,multi,4,False
6659,multi_train,multi,1,True
6661,multi_train,multi,11,False
6663,multi_train,multi,22,False
4060,multi_train,multi,8,False
1525,multi_train,multi,1,True
1526,multi_train,multi,27,False
1264,multi_train,multi,13,False
1265,multi_train,multi,10,False
8,multi_train,multi,6,False
9,multi_train,multi,2,True
10,multi_train,multi,2,True
11,multi_train,multi,1,True
1536,multi_train,multi,3,True
1537,multi_train,multi,2,True
1538,multi_train,multi,1,True
6378,multi_train,multi,1,True
6379,multi_train,multi,72,False
6380,multi_train,multi,6,False
6381,multi_train,multi,6,False
3307,multi_train,multi,3,True
3308,multi_train,multi,1,True
3309,multi_train,multi,6,False
3314,multi_train,multi,2,True
3315,multi_train,multi,2,True
3310,multi_train,multi,1,True
3311,multi_train,multi,3,True
3312,multi_train,multi,1,True
3313,multi_train,multi,2,True
3987,multi_train,multi,1,True
3990,multi_train,multi,8,False
3991,multi_train,multi,20,False
6131,multi_train,multi,2,True
6132,multi_train,multi,1,True
7312,multi_train,multi,8,False
7313,multi_train,multi,17,False
7310,multi_train,multi,7,False
7311,multi_train,multi,1,True
7303,multi_train,multi,38,False
7306,multi_train,multi,5,False
7307,multi_train,multi,6,False
165,multi_train,multi,8,False
167,multi_train,multi,4,False
168,multi_train,multi,2,True
8989,multi_train,multi,17,False
8986,multi_train,multi,12,False
8987,multi_train,multi,7,False
278,multi_train,multi,1,True
279,multi_train,multi,3,True
280,multi_train,multi,3,True
281,multi_train,multi,8,False
282,multi_train,multi,1,True
2914,multi_train,multi,1,True
2915,multi_train,multi,1,True
2906,multi_train,multi,2,True
2909,multi_train,multi,1,True
2911,multi_train,multi,2,True
2913,multi_train,multi,2,True
956,multi_train,multi,3,True
960,multi_train,multi,2,True
961,multi_train,multi,2,True
7379,multi_train,multi,2,True
7380,multi_train,multi,7,False
7381,multi_train,multi,1,True
7382,multi_train,multi,1,True
877,multi_train,multi,1,True
878,multi_train,multi,4,False
880,multi_train,multi,13,False
308,multi_train,multi,2,True
309,multi_train,multi,4,False
310,multi_train,multi,1,True
6556,multi_train,multi,27,False
8255,multi_train,multi,8,False
1161,multi_train,multi,10,False
3621,multi_train,multi,2,True
3622,multi_train,multi,2,True
3612,multi_train,multi,1,True
3613,multi_train,multi,2,True
3614,multi_train,multi,2,True
3615,multi_train,multi,2,True
3616,multi_train,multi,4,False
3618,multi_train,multi,3,True
7098,multi_train,multi,21,False
7099,multi_train,multi,1,True
7094,multi_train,multi,1,True
7095,multi_train,multi,24,False
7096,multi_train,multi,23,False
7097,multi_train,multi,1,True
7092,multi_train,multi,1,True
7093,multi_train,multi,21,False
8288,multi_train,multi,1,True
8290,multi_train,multi,18,False
401,multi_train,multi,2,True
402,multi_train,multi,1,True
4254,multi_train,multi,1,True
4255,multi_train,multi,8,False
4256,multi_train,multi,28,False
4257,multi_train,multi,7,False
5334,multi_train,multi,1,True
5335,multi_train,multi,2,True
5336,multi_train,multi,1,True
5337,multi_train,multi,1,True
9471,multi_train,multi,1,True
9472,multi_train,multi,6,False
9473,multi_train,multi,3,True
9475,multi_train,multi,2,True
9484,multi_train,multi,2,True
9485,multi_train,multi,2,True
9483,multi_train,multi,1,True
9486,multi_train,multi,1,True
9477,multi_train,multi,1,True
9478,multi_train,multi,2,True
9479,multi_train,multi,2,True
9480,multi_train,multi,2,True
6375,multi_train,multi,2,True
6376,multi_train,multi,13,False
6377,multi_train,multi,2,True
3083,multi_train,multi,1,True
3084,multi_train,multi,11,False
3085,multi_train,multi,6,False
3086,multi_train,multi,7,False
3076,multi_train,multi,1,True
3077,multi_train,multi,2,True
3078,multi_train,multi,13,False
3079,multi_train,multi,6,False
3080,multi_train,multi,4,False
3081,multi_train,multi,4,False
3082,multi_train,multi,1,True
6618,multi_train,multi,2,True
2126,multi_train,multi,5,False
2127,multi_train,multi,1,True
2129,multi_train,multi,3,True
2130,multi_train,multi,3,True
3245,multi_train,multi,7,False
3246,multi_train,multi,7,False
3236,multi_train,multi,7,False
3239,multi_train,multi,1,True
1569,multi_train,multi,3,True
2177,multi_train,multi,1,True
2179,multi_train,multi,2,True
2180,multi_train,multi,10,False
5356,multi_train,multi,9,False
5357,multi_train,multi,1,True
5358,multi_train,multi,6,False
5359,multi_train,multi,2,True
5360,multi_train,multi,1,True
6600,multi_train,multi,1,True
6601,multi_train,multi,8,False
6603,multi_train,multi,5,False
2671,multi_train,multi,1,True
2663,multi_train,multi,2,True
2665,multi_train,multi,2,True
2667,multi_train,multi,2,True
2668,multi_train,multi,1,True
4426,multi_train,multi,5,False
4427,multi_train,multi,1,True
1238,multi_train,multi,1,True
1241,multi_train,multi,4,False
1242,multi_train,multi,1,True
6533,multi_train,multi,11,False
6535,multi_train,multi,1,True
4471,multi_train,multi,4,False
4472,multi_train,multi,10,False
4473,multi_train,multi,1,True
4474,multi_train,multi,2,True
5245,multi_train,multi,1,True
5246,multi_train,multi,5,False
3400,multi_train,multi,2,True
3401,multi_train,multi,2,True
3402,multi_train,multi,2,True
3403,multi_train,multi,2,True
3404,multi_train,multi,1,True
2052,multi_train,multi,2,True
4381,multi_train,multi,8,False
4382,multi_train,multi,10,False
4383,multi_train,multi,1,True
8146,multi_train,multi,1,True
8147,multi_train,multi,4,False
8148,multi_train,multi,1,True
8149,multi_train,multi,2,True
504,multi_train,multi,1,True
505,multi_train,multi,2,True
506,multi_train,multi,3,True
507,multi_train,multi,2,True
508,multi_train,multi,6,False
509,multi_train,multi,6,False
510,multi_train,multi,1,True
1352,multi_train,multi,2,True
5426,multi_train,multi,2,True
5428,multi_train,multi,12,False
1599,multi_train,multi,6,False
1600,multi_train,multi,1,True
3006,multi_train,multi,1,True
3007,multi_train,multi,2,True
3010,multi_train,multi,2,True
3011,multi_train,multi,1,True
3012,multi_train,multi,3,True
3013,multi_train,multi,3,True
3002,multi_train,multi,1,True
3003,multi_train,multi,2,True
4557,multi_train,multi,4,False
4558,multi_train,multi,87,False
4559,multi_train,multi,1,True
846,multi_train,multi,2,True
5592,multi_train,multi,1,True
5593,multi_train,multi,5,False
5594,multi_train,multi,6,False
9421,multi_train,multi,2,True
9422,multi_train,multi,2,True
9423,multi_train,multi,2,True
9424,multi_train,multi,1,True
9425,multi_train,multi,4,False
7679,multi_train,multi,2,True
7680,multi_train,multi,2,True
7681,multi_train,multi,1,True
7682,multi_train,multi,1,True
7683,multi_train,multi,2,True
8577,multi_train,multi,3,True
8578,multi_train,multi,4,False
8579,multi_train,multi,1,True
8580,multi_train,multi,1,True
8581,multi_train,multi,2,True
8582,multi_train,multi,2,True
8583,multi_train,multi,2,True
8584,multi_train,multi,1,True
8574,multi_train,multi,4,False
8575,multi_train,multi,1,True
8576,multi_train,multi,2,True
3137,multi_train,multi,1,True
3138,multi_train,multi,7,False
276,multi_train,multi,1,True
277,multi_train,multi,11,False
2391,multi_train,multi,3,True
2392,multi_train,multi,1,True
2003,multi_train,multi,3,True
2004,multi_train,multi,2,True
2005,multi_train,multi,1,True
211,multi_train,multi,15,False
7695,multi_train,multi,2,True
7696,multi_train,multi,1,True
7697,multi_train,multi,1,True
8238,multi_train,multi,21,False
7594,multi_train,multi,2,True
7595,multi_train,multi,1,True
7596,multi_train,multi,3,True
7597,multi_train,multi,1,True
5652,multi_train,multi,6,False
5653,multi_train,multi,1,True
5654,multi_train,multi,21,False
6220,multi_train,multi,1,True
6221,multi_train,multi,12,False
1012,multi_train,multi,2,True
5635,multi_train,multi,2,True
5636,multi_train,multi,1,True
5637,multi_train,multi,4,False
5638,multi_train,multi,2,True
5639,multi_train,multi,1,True
5980,multi_train,multi,7,False
5982,multi_train,multi,7,False
5983,multi_train,multi,1,True
5984,multi_train,multi,7,False
5987,multi_train,multi,1,True
5988,multi_train,multi,1,True
5989,multi_train,multi,2,True
5975,multi_train,multi,1,True
5978,multi_train,multi,1,True
8083,multi_train,multi,12,False
8085,multi_train,multi,5,False
8086,multi_train,multi,5,False
6210,multi_train,multi,2,True
6211,multi_train,multi,1,True
6212,multi_train,multi,2,True
6213,multi_train,multi,2,True
6214,multi_train,multi,1,True
1505,multi_train,multi,2,True
6450,multi_train,multi,6,False
6451,multi_train,multi,2,True
6452,multi_train,multi,1,True
5524,multi_train,multi,8,False
5525,multi_train,multi,1,True
5526,multi_train,multi,3,True
419,multi_train,multi,1,True
420,multi_train,multi,2,True
421,multi_train,multi,1,True
8201,multi_train,multi,2,True
8202,multi_train,multi,2,True
8203,multi_train,multi,1,True
4335,multi_train,multi,12,False
4336,multi_train,multi,1,True
3694,multi_train,multi,6,False
3695,multi_train,multi,5,False
3696,multi_train,multi,4,False
3697,multi_train,multi,16,False
3698,multi_train,multi,1,True
4715,multi_train,multi,19,False
4716,multi_train,multi,23,False
4717,multi_train,multi,22,False
4718,multi_train,multi,27,False
9405,multi_train,multi,4,False
9406,multi_train,multi,1,True
9407,multi_train,multi,1,True
9408,multi_train,multi,2,True
9409,multi_train,multi,1,True
9400,multi_train,multi,2,True
9401,multi_train,multi,4,False
9402,multi_train,multi,1,True
9404,multi_train,multi,1,True
9403,multi_train,multi,2,True
9411,multi_train,multi,1,True
1539,multi_train,multi,1,True
1540,multi_train,multi,5,False
1541,multi_train,multi,2,True
1544,multi_train,multi,2,True
1542,multi_train,multi,1,True
4995,multi_train,multi,1,True
4996,multi_train,multi,14,False
4997,multi_train,multi,17,False
4998,multi_train,multi,7,False
4999,multi_train,multi,18,False
5000,multi_train,multi,10,False
5001,multi_train,multi,1,True
4991,multi_train,multi,1,True
4992,multi_train,multi,23,False
4993,multi_train,multi,24,False
4994,multi_train,multi,38,False
5859,multi_train,multi,3,True
5861,multi_train,multi,1,True
5862,multi_train,multi,1,True
5863,multi_train,multi,1,True
5865,multi_train,multi,1,True
5866,multi_train,multi,8,False
5867,multi_train,multi,8,False
5868,multi_train,multi,1,True
119,multi_train,multi,2,True
118,multi_train,multi,1,True
1456,multi_train,multi,1,True
1457,multi_train,multi,6,False
1459,multi_train,multi,1,True
604,multi_train,multi,6,False
605,multi_train,multi,15,False
606,multi_train,multi,7,False
607,multi_train,multi,5,False
608,multi_train,multi,1,True
610,multi_train,multi,5,False
613,multi_train,multi,4,False
9053,multi_train,multi,20,False
9047,multi_train,multi,7,False
9048,multi_train,multi,1,True
9049,multi_train,multi,17,False
9051,multi_train,multi,5,False
9052,multi_train,multi,10,False
9055,multi_train,multi,6,False
9056,multi_train,multi,10,False
7703,multi_train,multi,17,False
8777,multi_train,multi,2,True
8780,multi_train,multi,2,True
8781,multi_train,multi,2,True
8782,multi_train,multi,1,True
8787,multi_train,multi,2,True
8788,multi_train,multi,1,True
8789,multi_train,multi,2,True
8790,multi_train,multi,1,True
8792,multi_train,multi,2,True
8783,multi_train,multi,2,True
8785,multi_train,multi,2,True
8786,multi_train,multi,1,True
1590,multi_train,multi,1,True
1591,multi_train,multi,8,False
1592,multi_train,multi,2,True
988,multi_train,multi,2,True
1844,multi_train,multi,28,False
1845,multi_train,multi,33,False
1245,multi_train,multi,1,True
6882,multi_train,multi,2,True
7784,multi_train,multi,1,True
4638,multi_train,multi,9,False
5807,multi_train,multi,1,True
5800,multi_train,multi,9,False
5802,multi_train,multi,3,True
1497,multi_train,multi,6,False
1499,multi_train,multi,4,False
6001,multi_train,multi,3,True
6002,multi_train,multi,1,True
6010,multi_train,multi,5,False
6013,multi_train,multi,5,False
6006,multi_train,multi,2,True
6007,multi_train,multi,5,False
6008,multi_train,multi,3,True
2688,multi_train,multi,5,False
2689,multi_train,multi,2,True
2690,multi_train,multi,5,False
2684,multi_train,multi,2,True
2686,multi_train,multi,5,False
8932,multi_train,multi,1,True
8933,multi_train,multi,1,True
8934,multi_train,multi,2,True
8935,multi_train,multi,2,True
8928,multi_train,multi,1,True
8930,multi_train,multi,1,True
8923,multi_train,multi,1,True
8924,multi_train,multi,6,False
8925,multi_train,multi,6,False
8926,multi_train,multi,6,False
8927,multi_train,multi,2,True
3249,multi_train,multi,15,False
3250,multi_train,multi,8,False
3254,multi_train,multi,8,False
3258,multi_train,multi,43,False
3251,multi_train,multi,40,False
3253,multi_train,multi,6,False
8385,multi_train,multi,35,False
8387,multi_train,multi,10,False
8389,multi_train,multi,13,False
8390,multi_train,multi,11,False
8391,multi_train,multi,13,False
8393,multi_train,multi,1,True
8383,multi_train,multi,33,False
9385,multi_train,multi,2,True
9386,multi_train,multi,1,True
9387,multi_train,multi,2,True
9388,multi_train,multi,2,True
5414,multi_train,multi,1,True
5415,multi_train,multi,2,True
5416,multi_train,multi,1,True
6891,multi_train,multi,10,False
6892,multi_train,multi,29,False
6893,multi_train,multi,1,True
9449,multi_train,multi,2,True
9450,multi_train,multi,2,True
9438,multi_train,multi,1,True
9439,multi_train,multi,2,True
9440,multi_train,multi,2,True
9441,multi_train,multi,2,True
9442,multi_train,multi,2,True
9443,multi_train,multi,2,True
1063,multi_train,multi,3,True
6974,multi_train,multi,1,True
3992,multi_train,multi,2,True
3993,multi_train,multi,1,True
4374,multi_train,multi,5,False
8618,multi_train,multi,4,False
8619,multi_train,multi,2,True
8620,multi_train,multi,2,True
8621,multi_train,multi,1,True
8622,multi_train,multi,1,True
4287,multi_train,multi,22,False
4288,multi_train,multi,33,False
4290,multi_train,multi,2,True
4291,multi_train,multi,6,False
4292,multi_train,multi,1,True
4293,multi_train,multi,1,True
4294,multi_train,multi,6,False
4296,multi_train,multi,20,False
4297,multi_train,multi,34,False
511,multi_train,multi,4,False
512,multi_train,multi,3,True
513,multi_train,multi,2,True
514,multi_train,multi,1,True
515,multi_train,multi,8,False
7705,multi_train,multi,2,True
7706,multi_train,multi,1,True
7707,multi_train,multi,1,True
7708,multi_train,multi,1,True
7704,multi_train,multi,2,True
1066,multi_train,multi,2,True
1067,multi_train,multi,5,False
1068,multi_train,multi,5,False
1069,multi_train,multi,1,True
1070,multi_train,multi,1,True
1071,multi_train,multi,4,False
4129,multi_train,multi,4,False
4130,multi_train,multi,1,True
4131,multi_train,multi,8,False
4132,multi_train,multi,1,True
4133,multi_train,multi,6,False
538,multi_train,multi,1,True
539,multi_train,multi,2,True
540,multi_train,multi,3,True
541,multi_train,multi,7,False
534,multi_train,multi,5,False
535,multi_train,multi,2,True
536,multi_train,multi,1,True
537,multi_train,multi,1,True
531,multi_train,multi,1,True
532,multi_train,multi,2,True
533,multi_train,multi,5,False
529,multi_train,multi,1,True
530,multi_train,multi,1,True
6614,multi_train,multi,40,False
6615,multi_train,multi,29,False
6616,multi_train,multi,34,False
6617,multi_train,multi,34,False
8047,multi_train,multi,6,False
8048,multi_train,multi,3,True
8049,multi_train,multi,1,True
8050,multi_train,multi,6,False
8051,multi_train,multi,3,True
8052,multi_train,multi,1,True
9359,multi_train,multi,1,True
9360,multi_train,multi,2,True
9355,multi_train,multi,2,True
9356,multi_train,multi,1,True
9357,multi_train,multi,5,False
9358,multi_train,multi,2,True
9361,multi_train,multi,3,True
9363,multi_train,multi,2,True
5844,multi_train,multi,10,False
5846,multi_train,multi,1,True
5848,multi_train,multi,5,False
5835,multi_train,multi,2,True
5836,multi_train,multi,6,False
5837,multi_train,multi,5,False
5838,multi_train,multi,1,True
5839,multi_train,multi,1,True
5840,multi_train,multi,1,True
5842,multi_train,multi,14,False
2225,multi_train,multi,1,True
2226,multi_train,multi,1,True
2227,multi_train,multi,2,True
2228,multi_train,multi,3,True
6702,multi_train,multi,10,False
6703,multi_train,multi,1,True
6704,multi_train,multi,1,True
6288,multi_train,multi,9,False
5901,multi_train,multi,2,True
5904,multi_train,multi,1,True
5911,multi_train,multi,2,True
5912,multi_train,multi,1,True
5913,multi_train,multi,2,True
5907,multi_train,multi,14,False
5908,multi_train,multi,1,True
5909,multi_train,multi,1,True
9549,multi_train,multi,1,True
9550,multi_train,multi,2,True
9551,multi_train,multi,2,True
9552,multi_train,multi,1,True
9553,multi_train,multi,1,True
4304,multi_train,multi,3,True
8566,multi_train,multi,2,True
8568,multi_train,multi,1,True
8569,multi_train,multi,2,True
8570,multi_train,multi,1,True
8571,multi_train,multi,2,True
8572,multi_train,multi,1,True
8563,multi_train,multi,2,True
8565,multi_train,multi,1,True
1764,multi_train,multi,1,True
1765,multi_train,multi,3,True
1766,multi_train,multi,8,False
1767,multi_train,multi,9,False
9196,multi_train,multi,2,True
9197,multi_train,multi,32,False
9198,multi_train,multi,1,True
9199,multi_train,multi,4,False
8677,multi_train,multi,2,True
8678,multi_train,multi,1,True
8679,multi_train,multi,2,True
8680,multi_train,multi,1,True
8681,multi_train,multi,1,True
8682,multi_train,multi,1,True
8673,multi_train,multi,2,True
8674,multi_train,multi,1,True
8675,multi_train,multi,2,True
8676,multi_train,multi,2,True
6825,multi_train,multi,18,False
6826,multi_train,multi,1,True
6827,multi_train,multi,29,False
1874,multi_train,multi,1,True
1875,multi_train,multi,8,False
1876,multi_train,multi,3,True
1877,multi_train,multi,2,True
3175,multi_train,multi,1,True
3824,multi_train,multi,9,False
3825,multi_train,multi,6,False
3826,multi_train,multi,24,False
8138,multi_train,multi,1,True
8139,multi_train,multi,4,False
8140,multi_train,multi,3,True
8142,multi_train,multi,14,False
5347,multi_train,multi,10,False
5348,multi_train,multi,10,False
5350,multi_train,multi,4,False
5351,multi_train,multi,1,True
5352,multi_train,multi,5,False
4001,multi_train,multi,10,False
4003,multi_train,multi,1,True
2016,multi_train,multi,1,True
2017,multi_train,multi,4,False
2018,multi_train,multi,2,True
1211,multi_train,multi,3,True
1213,multi_train,multi,2,True
6361,multi_train,multi,6,False
6362,multi_train,multi,1,True
6363,multi_train,multi,26,False
380,multi_train,multi,3,True
381,multi_train,multi,2,True
382,multi_train,multi,1,True
823,multi_train,multi,3,True
825,multi_train,multi,2,True
822,multi_train,multi,4,False
819,multi_train,multi,20,False
820,multi_train,multi,29,False
815,multi_train,multi,1,True
816,multi_train,multi,2,True
817,multi_train,multi,4,False
818,multi_train,multi,2,True
4479,multi_train,multi,2,True
4480,multi_train,multi,1,True
4481,multi_train,multi,2,True
2198,multi_train,multi,6,False
2199,multi_train,multi,6,False
2200,multi_train,multi,6,False
2201,multi_train,multi,5,False
2202,multi_train,multi,1,True
2388,multi_train,multi,2,True
2389,multi_train,multi,2,True
2390,multi_train,multi,5,False
4077,multi_train,multi,2,True
4078,multi_train,multi,21,False
3729,multi_train,multi,1,True
3730,multi_train,multi,5,False
7842,multi_train,multi,29,False
6630,multi_train,multi,7,False
1304,multi_train,multi,4,False
1305,multi_train,multi,2,True
1308,multi_train,multi,4,False
5732,multi_train,multi,2,True
5733,multi_train,multi,2,True
5734,multi_train,multi,1,True
5735,multi_train,multi,6,False
5736,multi_train,multi,6,False
2931,multi_train,multi,1,True
2932,multi_train,multi,1,True
2934,multi_train,multi,4,False
7721,multi_train,multi,2,True
7722,multi_train,multi,1,True
7005,multi_train,multi,4,False
7006,multi_train,multi,1,True
7007,multi_train,multi,7,False
7008,multi_train,multi,4,False
4126,multi_train,multi,1,True
4127,multi_train,multi,2,True
4128,multi_train,multi,3,True
5580,multi_train,multi,26,False
320,multi_train,multi,3,True
321,multi_train,multi,1,True
322,multi_train,multi,4,False
323,multi_train,multi,4,False
1060,multi_train,multi,4,False
1062,multi_train,multi,2,True
2620,multi_train,multi,1,True
2621,multi_train,multi,1,True
2622,multi_train,multi,1,True
2623,multi_train,multi,2,True
2612,multi_train,multi,2,True
2613,multi_train,multi,2,True
2614,multi_train,multi,1,True
2615,multi_train,multi,2,True
2617,multi_train,multi,1,True
2618,multi_train,multi,1,True
2619,multi_train,multi,6,False
368,multi_train,multi,1,True
367,multi_train,multi,1,True
5727,multi_train,multi,3,True
5728,multi_train,multi,2,True
5729,multi_train,multi,6,False
5730,multi_train,multi,3,True
5731,multi_train,multi,1,True
5737,multi_train,multi,1,True
5738,multi_train,multi,2,True
5739,multi_train,multi,2,True
5740,multi_train,multi,2,True
5741,multi_train,multi,2,True
1465,multi_train,multi,4,False
5247,multi_train,multi,1,True
5248,multi_train,multi,2,True
5249,multi_train,multi,2,True
4042,multi_train,multi,15,False
4043,multi_train,multi,1,True
3321,multi_train,multi,2,True
3322,multi_train,multi,1,True
3323,multi_train,multi,3,True
3324,multi_train,multi,2,True
3326,multi_train,multi,3,True
3327,multi_train,multi,1,True
4867,multi_train,multi,1,True
4868,multi_train,multi,5,False
4869,multi_train,multi,2,True
1482,multi_train,multi,2,True
1483,multi_train,multi,2,True
1484,multi_train,multi,4,False
1485,multi_train,multi,2,True
1486,multi_train,multi,2,True
1749,multi_train,multi,3,True
1390,multi_train,multi,2,True
1392,multi_train,multi,8,False
1393,multi_train,multi,6,False
6721,multi_train,multi,2,True
6723,multi_train,multi,2,True
6724,multi_train,multi,1,True
1811,multi_train,multi,2,True
1812,multi_train,multi,15,False
1813,multi_train,multi,2,True
1814,multi_train,multi,2,True
1815,multi_train,multi,2,True
1816,multi_train,multi,1,True
8163,multi_train,multi,13,False
8164,multi_train,multi,1,True
6314,multi_train,multi,17,False
6315,multi_train,multi,13,False
8346,multi_train,multi,1,True
8347,multi_train,multi,1,True
8348,multi_train,multi,4,False
6819,multi_train,multi,2,True
6820,multi_train,multi,9,False
4729,multi_train,multi,7,False
4730,multi_train,multi,2,True
4731,multi_train,multi,7,False
4732,multi_train,multi,2,True
4733,multi_train,multi,1,True
5673,multi_train,multi,2,True
5674,multi_train,multi,2,True
5675,multi_train,multi,1,True
1217,multi_train,multi,2,True
1215,multi_train,multi,1,True
1216,multi_train,multi,1,True
1218,multi_train,multi,2,True
1728,multi_train,multi,3,True
1729,multi_train,multi,3,True
1730,multi_train,multi,52,False
7484,multi_train,multi,1,True
7485,multi_train,multi,2,True
7486,multi_train,multi,1,True
3869,multi_train,multi,4,False
3870,multi_train,multi,2,True
3871,multi_train,multi,1,True
3873,multi_train,multi,4,False
3874,multi_train,multi,2,True
3875,multi_train,multi,1,True
3876,multi_train,multi,5,False
3866,multi_train,multi,2,True
3867,multi_train,multi,6,False
3868,multi_train,multi,1,True
3435,multi_train,multi,4,False
3436,multi_train,multi,4,False
3437,multi_train,multi,1,True
3438,multi_train,multi,6,False
3439,multi_train,multi,6,False
3440,multi_train,multi,6,False
3441,multi_train,multi,1,True
3442,multi_train,multi,2,True
3443,multi_train,multi,1,True
3444,multi_train,multi,4,False
3445,multi_train,multi,6,False
3446,multi_train,multi,4,False
7710,multi_train,multi,2,True
7711,multi_train,multi,2,True
7714,multi_train,multi,2,True
2280,multi_train,multi,2,True
2281,multi_train,multi,2,True
2283,multi_train,multi,1,True
5602,multi_train,multi,2,True
5603,multi_train,multi,2,True
1324,multi_train,multi,2,True
1325,multi_train,multi,2,True
2209,multi_train,multi,3,True
2211,multi_train,multi,3,True
2212,multi_train,multi,15,False
2213,multi_train,multi,2,True
4875,multi_train,multi,14,False
4876,multi_train,multi,4,False
4877,multi_train,multi,1,True
4871,multi_train,multi,2,True
4872,multi_train,multi,1,True
4873,multi_train,multi,3,True
4874,multi_train,multi,2,True
8477,multi_train,multi,4,False
8478,multi_train,multi,2,True
8479,multi_train,multi,1,True
8484,multi_train,multi,2,True
8485,multi_train,multi,2,True
8486,multi_train,multi,1,True
8487,multi_train,multi,2,True
8488,multi_train,multi,1,True
8489,multi_train,multi,1,True
8480,multi_train,multi,2,True
8481,multi_train,multi,2,True
8482,multi_train,multi,1,True
8483,multi_train,multi,1,True
9170,multi_train,multi,20,False
9167,multi_train,multi,33,False
9168,multi_train,multi,11,False
9169,multi_train,multi,3,True
9163,multi_train,multi,31,False
5896,multi_train,multi,1,True
5897,multi_train,multi,6,False
5898,multi_train,multi,3,True
5899,multi_train,multi,1,True
5900,multi_train,multi,16,False
5893,multi_train,multi,7,False
5894,multi_train,multi,6,False
5895,multi_train,multi,1,True
4629,multi_train,multi,7,False
4631,multi_train,multi,2,True
4632,multi_train,multi,14,False
1338,multi_train,multi,1,True
1339,multi_train,multi,6,False
1341,multi_train,multi,6,False
1342,multi_train,multi,13,False
1340,multi_train,multi,6,False
4734,multi_train,multi,1,True
6937,multi_train,multi,2,True
6938,multi_train,multi,2,True
6940,multi_train,multi,2,True
1439,multi_train,multi,2,True
1440,multi_train,multi,2,True
3291,multi_train,multi,2,True
3292,multi_train,multi,3,True
3293,multi_train,multi,2,True
3294,multi_train,multi,2,True
3281,multi_train,multi,1,True
3282,multi_train,multi,2,True
3284,multi_train,multi,2,True
4184,multi_train,multi,5,False
4186,multi_train,multi,1,True
4614,multi_train,multi,6,False
4615,multi_train,multi,1,True
5640,multi_train,multi,3,True
5641,multi_train,multi,1,True
5642,multi_train,multi,4,False
8944,multi_train,multi,2,True
8945,multi_train,multi,18,False
8946,multi_train,multi,4,False
8939,multi_train,multi,27,False
8941,multi_train,multi,13,False
2366,multi_train,multi,1,True
2367,multi_train,multi,10,False
4423,multi_train,multi,8,False
4424,multi_train,multi,2,True
4425,multi_train,multi,1,True
2797,multi_train,multi,4,False
2798,multi_train,multi,4,False
2800,multi_train,multi,6,False
5214,multi_train,multi,5,False
5215,multi_train,multi,2,True
5216,multi_train,multi,1,True
4542,multi_train,multi,6,False
4543,multi_train,multi,1,True
3502,multi_train,multi,2,True
3506,multi_train,multi,4,False
3493,multi_train,multi,1,True
3495,multi_train,multi,1,True
3496,multi_train,multi,3,True
3498,multi_train,multi,2,True
3499,multi_train,multi,1,True
3500,multi_train,multi,1,True
3501,multi_train,multi,2,True
5,multi_train,multi,2,True
6,multi_train,multi,1,True
7,multi_train,multi,2,True
3748,multi_train,multi,1,True
3749,multi_train,multi,1,True
5422,multi_train,multi,1,True
5423,multi_train,multi,2,True
5425,multi_train,multi,1,True
6669,multi_train,multi,6,False
6671,multi_train,multi,7,False
6673,multi_train,multi,6,False
6672,multi_train,multi,1,True
4197,multi_train,multi,6,False
4198,multi_train,multi,1,True
4200,multi_train,multi,12,False
4203,multi_train,multi,7,False
968,multi_train,multi,2,True
969,multi_train,multi,2,True
8725,multi_train,multi,1,True
8726,multi_train,multi,2,True
8727,multi_train,multi,1,True
8728,multi_train,multi,2,True
8729,multi_train,multi,1,True
862,multi_train,multi,2,True
864,multi_train,multi,2,True
8160,multi_train,multi,21,False
8161,multi_train,multi,1,True
8162,multi_train,multi,10,False
2259,multi_train,multi,18,False
6334,multi_train,multi,2,True
4978,multi_train,multi,6,False
4980,multi_train,multi,6,False
4972,multi_train,multi,9,False
4974,multi_train,multi,9,False
4975,multi_train,multi,9,False
4976,multi_train,multi,1,True
3675,multi_train,multi,21,False
3677,multi_train,multi,11,False
1847,multi_train,multi,16,False
5404,multi_train,multi,8,False
5405,multi_train,multi,9,False
5406,multi_train,multi,9,False
5407,multi_train,multi,4,False
2146,multi_train,multi,2,True
2147,multi_train,multi,1,True
429,multi_train,multi,3,True
430,multi_train,multi,1,True
431,multi_train,multi,2,True
432,multi_train,multi,2,True
6348,multi_train,multi,1,True
6349,multi_train,multi,4,False
6352,multi_train,multi,1,True
4603,multi_train,multi,1,True
4604,multi_train,multi,2,True
4605,multi_train,multi,5,False
6445,multi_train,multi,1,True
6446,multi_train,multi,2,True
6447,multi_train,multi,3,True
6448,multi_train,multi,1,True
6449,multi_train,multi,3,True
4720,multi_train,multi,1,True
4721,multi_train,multi,2,True
4722,multi_train,multi,10,False
4723,multi_train,multi,12,False
6018,multi_train,multi,1,True
6019,multi_train,multi,3,True
1750,multi_train,multi,1,True
1751,multi_train,multi,1,True
1752,multi_train,multi,1,True
1753,multi_train,multi,4,False
8110,multi_train,multi,5,False
2496,multi_train,multi,2,True
2497,multi_train,multi,1,True
2498,multi_train,multi,14,False
2499,multi_train,multi,1,True
2491,multi_train,multi,1,True
2492,multi_train,multi,2,True
2494,multi_train,multi,8,False
2495,multi_train,multi,2,True
237,multi_train,multi,3,True
238,multi_train,multi,2,True
239,multi_train,multi,1,True
1880,multi_train,multi,6,False
1881,multi_train,multi,1,True
1882,multi_train,multi,2,True
1883,multi_train,multi,10,False
1884,multi_train,multi,6,False
7581,multi_train,multi,1,True
7582,multi_train,multi,1,True
7583,multi_train,multi,4,False
6100,multi_train,multi,4,False
6102,multi_train,multi,5,False
2750,multi_train,multi,2,True
2751,multi_train,multi,5,False
2752,multi_train,multi,1,True
2753,multi_train,multi,2,True
2747,multi_train,multi,6,False
2748,multi_train,multi,1,True
2749,multi_train,multi,2,True
2741,multi_train,multi,2,True
2743,multi_train,multi,2,True
2744,multi_train,multi,6,False
2745,multi_train,multi,1,True
2746,multi_train,multi,1,True
1774,multi_train,multi,2,True
1776,multi_train,multi,2,True
311,multi_train,multi,3,True
312,multi_train,multi,1,True
313,multi_train,multi,2,True
7945,multi_train,multi,29,False
7947,multi_train,multi,21,False
7948,multi_train,multi,20,False
3391,multi_train,multi,2,True
3392,multi_train,multi,1,True
3394,multi_train,multi,1,True
1120,multi_train,multi,1,True
1124,multi_train,multi,1,True
7801,multi_train,multi,4,False
858,multi_train,multi,2,True
859,multi_train,multi,1,True
860,multi_train,multi,6,False
861,multi_train,multi,6,False
1988,multi_train,multi,4,False
1990,multi_train,multi,1,True
1992,multi_train,multi,2,True
1993,multi_train,multi,4,False
4482,multi_train,multi,3,True
4483,multi_train,multi,2,True
4484,multi_train,multi,1,True
4321,multi_train,multi,1,True
4323,multi_train,multi,5,False
4325,multi_train,multi,5,False
4326,multi_train,multi,9,False
7981,multi_train,multi,2,True
7982,multi_train,multi,1,True
7983,multi_train,multi,2,True
145,multi_train,multi,14,False
147,multi_train,multi,1,True
143,multi_train,multi,2,True
144,multi_train,multi,1,True
146,multi_train,multi,1,True
6774,multi_train,multi,2,True
6776,multi_train,multi,2,True
6777,multi_train,multi,3,True
6778,multi_train,multi,9,False
3584,multi_train,multi,7,False
3585,multi_train,multi,7,False
3577,multi_train,multi,1,True
3580,multi_train,multi,2,True
3581,multi_train,multi,1,True
3573,multi_train,multi,2,True
3574,multi_train,multi,5,False
3575,multi_train,multi,1,True
3576,multi_train,multi,2,True
1691,multi_train,multi,3,True
1692,multi_train,multi,2,True
1693,multi_train,multi,1,True
6697,multi_train,multi,9,False
6698,multi_train,multi,19,False
6699,multi_train,multi,9,False
1725,multi_train,multi,3,True
1726,multi_train,multi,2,True
4240,multi_train,multi,44,False
4235,multi_train,multi,5,False
4243,multi_train,multi,9,False
2558,multi_train,multi,5,False
2559,multi_train,multi,2,True
2560,multi_train,multi,1,True
2561,multi_train,multi,2,True
2563,multi_train,multi,2,True
2564,multi_train,multi,6,False
2565,multi_train,multi,1,True
2566,multi_train,multi,2,True
2568,multi_train,multi,2,True
7471,multi_train,multi,2,True
7472,multi_train,multi,4,False
7473,multi_train,multi,1,True
2154,multi_train,multi,4,False
2155,multi_train,multi,1,True
8247,multi_train,multi,1,True
6410,multi_train,multi,28,False
6411,multi_train,multi,34,False
6412,multi_train,multi,1,True
6413,multi_train,multi,8,False
6415,multi_train,multi,1,True
1368,multi_train,multi,2,True
1369,multi_train,multi,6,False
7289,multi_train,multi,1,True
7283,multi_train,multi,2,True
7285,multi_train,multi,1,True
7287,multi_train,multi,2,True
7291,multi_train,multi,4,False
7292,multi_train,multi,1,True
8556,multi_train,multi,2,True
8557,multi_train,multi,1,True
8558,multi_train,multi,12,False
8559,multi_train,multi,1,True
8560,multi_train,multi,2,True
8561,multi_train,multi,2,True
8553,multi_train,multi,1,True
8554,multi_train,multi,2,True
8555,multi_train,multi,2,True
68,multi_train,multi,2,True
69,multi_train,multi,2,True
70,multi_train,multi,6,False
71,multi_train,multi,1,True
52,multi_train,multi,1,True
53,multi_train,multi,6,False
54,multi_train,multi,1,True
55,multi_train,multi,6,False
64,multi_train,multi,1,True
66,multi_train,multi,2,True
67,multi_train,multi,4,False
62,multi_train,multi,6,False
63,multi_train,multi,2,True
61,multi_train,multi,1,True
6752,multi_train,multi,7,False
6753,multi_train,multi,1,True
6754,multi_train,multi,36,False
7870,multi_train,multi,1,True
7871,multi_train,multi,1,True
204,multi_train,multi,8,False
205,multi_train,multi,1,True
305,multi_train,multi,10,False
307,multi_train,multi,7,False
306,multi_train,multi,1,True
7725,multi_train,multi,1,True
7726,multi_train,multi,1,True
2204,multi_train,multi,1,True
2205,multi_train,multi,4,False
2206,multi_train,multi,1,True
6745,multi_train,multi,8,False
6746,multi_train,multi,9,False
6747,multi_train,multi,1,True
422,multi_train,multi,2,True
423,multi_train,multi,8,False
8099,multi_train,multi,9,False
8100,multi_train,multi,24,False
8102,multi_train,multi,13,False
6757,multi_train,multi,2,True
6758,multi_train,multi,1,True
6759,multi_train,multi,1,True
6760,multi_train,multi,2,True
6761,multi_train,multi,2,True
6762,multi_train,multi,2,True
7686,multi_train,multi,5,False
2482,multi_train,multi,2,True
2483,multi_train,multi,4,False
2484,multi_train,multi,9,False
2485,multi_train,multi,1,True
2486,multi_train,multi,3,True
4691,multi_train,multi,2,True
4692,multi_train,multi,4,False
8914,multi_train,multi,44,False
8915,multi_train,multi,17,False
8916,multi_train,multi,6,False
8917,multi_train,multi,25,False
8919,multi_train,multi,39,False
8920,multi_train,multi,10,False
8921,multi_train,multi,43,False
8922,multi_train,multi,1,True
5777,multi_train,multi,2,True
5778,multi_train,multi,2,True
5782,multi_train,multi,2,True
5783,multi_train,multi,2,True
5784,multi_train,multi,1,True
5779,multi_train,multi,1,True
5780,multi_train,multi,1,True
5781,multi_train,multi,2,True
3914,multi_train,multi,1,True
3760,multi_train,multi,1,True
7515,multi_train,multi,1,True
7516,multi_train,multi,2,True
7517,multi_train,multi,2,True
7518,multi_train,multi,4,False
9557,multi_train,multi,1,True
9558,multi_train,multi,1,True
9554,multi_train,multi,2,True
9556,multi_train,multi,1,True
9559,multi_train,multi,1,True
3762,multi_train,multi,1,True
3763,multi_train,multi,9,False
3765,multi_train,multi,17,False
6491,multi_train,multi,8,False
6492,multi_train,multi,7,False
6493,multi_train,multi,1,True
2643,multi_train,multi,8,False
2644,multi_train,multi,2,True
2645,multi_train,multi,2,True
2646,multi_train,multi,1,True
8451,multi_train,multi,2,True
8453,multi_train,multi,1,True
8444,multi_train,multi,1,True
8445,multi_train,multi,4,False
8446,multi_train,multi,2,True
8447,multi_train,multi,2,True
8448,multi_train,multi,2,True
8449,multi_train,multi,1,True
8450,multi_train,multi,1,True
1853,multi_train,multi,1,True
1854,multi_train,multi,2,True
1855,multi_train,multi,1,True
1856,multi_train,multi,2,True
1857,multi_train,multi,2,True
5231,multi_train,multi,1,True
25,multi_train,multi,4,False
26,multi_train,multi,6,False
21,multi_train,multi,2,True
22,multi_train,multi,1,True
23,multi_train,multi,2,True
24,multi_train,multi,1,True
8401,multi_train,multi,1,True
8403,multi_train,multi,2,True
8404,multi_train,multi,1,True
926,multi_train,multi,11,False
927,multi_train,multi,1,True
5876,multi_train,multi,2,True
5877,multi_train,multi,7,False
5878,multi_train,multi,1,True
5879,multi_train,multi,2,True
5885,multi_train,multi,1,True
5886,multi_train,multi,6,False
5887,multi_train,multi,1,True
5881,multi_train,multi,1,True
5882,multi_train,multi,2,True
5883,multi_train,multi,1,True
4460,multi_train,multi,7,False
4461,multi_train,multi,5,False
4462,multi_train,multi,1,True
159,multi_train,multi,6,False
6875,multi_train,multi,10,False
6876,multi_train,multi,9,False
5292,multi_train,multi,2,True
5293,multi_train,multi,2,True
8026,multi_train,multi,1,True
4546,multi_train,multi,13,False
4547,multi_train,multi,10,False
4548,multi_train,multi,1,True
4549,multi_train,multi,10,False
4550,multi_train,multi,10,False
3905,multi_train,multi,4,False
4430,multi_train,multi,1,True
4431,multi_train,multi,2,True
4433,multi_train,multi,2,True
177,multi_train,multi,2,True
178,multi_train,multi,8,False
179,multi_train,multi,2,True
180,multi_train,multi,1,True
7554,multi_train,multi,1,True
7555,multi_train,multi,2,True
7556,multi_train,multi,1,True
7557,multi_train,multi,2,True
4809,multi_train,multi,2,True
4805,multi_train,multi,1,True
4806,multi_train,multi,2,True
4807,multi_train,multi,2,True
4803,multi_train,multi,3,True
2852,multi_train,multi,3,True
2855,multi_train,multi,6,False
8370,multi_train,multi,1,True
8371,multi_train,multi,2,True
8372,multi_train,multi,1,True
8373,multi_train,multi,11,False
8374,multi_train,multi,2,True
8375,multi_train,multi,2,True
8376,multi_train,multi,2,True
8377,multi_train,multi,1,True
8378,multi_train,multi,1,True
8379,multi_train,multi,2,True
8380,multi_train,multi,1,True
8381,multi_train,multi,4,False
8382,multi_train,multi,4,False
5465,multi_train,multi,2,True
5467,multi_train,multi,6,False
9520,multi_train,multi,2,True
9521,multi_train,multi,1,True
9522,multi_train,multi,1,True
7344,multi_train,multi,4,False
7346,multi_train,multi,1,True
7347,multi_train,multi,3,True
7348,multi_train,multi,2,True
7349,multi_train,multi,3,True
4438,multi_train,multi,1,True
8156,multi_train,multi,1,True
8157,multi_train,multi,2,True
8158,multi_train,multi,2,True
8159,multi_train,multi,1,True
4049,multi_train,multi,1,True
4050,multi_train,multi,2,True
412,multi_train,multi,2,True
414,multi_train,multi,5,False
413,multi_train,multi,1,True
7434,multi_train,multi,16,False
7435,multi_train,multi,18,False
4369,multi_train,multi,10,False
4370,multi_train,multi,10,False
4371,multi_train,multi,10,False
4372,multi_train,multi,1,True
50,multi_train,multi,1,True
49,multi_train,multi,2,True
51,multi_train,multi,2,True
4436,multi_train,multi,6,False
4677,multi_train,multi,25,False
4678,multi_train,multi,25,False
4679,multi_train,multi,25,False
4681,multi_train,multi,1,True
4682,multi_train,multi,1,True
2044,multi_train,multi,1,True
2045,multi_train,multi,8,False
589,multi_train,multi,1,True
590,multi_train,multi,7,False
582,multi_train,multi,6,False
584,multi_train,multi,4,False
587,multi_train,multi,1,True
4633,multi_train,multi,4,False
4634,multi_train,multi,2,True
4635,multi_train,multi,1,True
4636,multi_train,multi,6,False
4637,multi_train,multi,2,True
5269,multi_train,multi,3,True
3812,multi_train,multi,4,False
3813,multi_train,multi,23,False
3814,multi_train,multi,24,False
3815,multi_train,multi,1,True
3816,multi_train,multi,4,False
3817,multi_train,multi,17,False
3819,multi_train,multi,27,False
3820,multi_train,multi,27,False
3810,multi_train,multi,4,False
3811,multi_train,multi,9,False
4576,multi_train,multi,3,True
4577,multi_train,multi,2,True
4578,multi_train,multi,1,True
4624,multi_train,multi,7,False
4625,multi_train,multi,1,True
4626,multi_train,multi,4,False
4627,multi_train,multi,4,False
4628,multi_train,multi,2,True
7921,multi_train,multi,3,True
7923,multi_train,multi,3,True
8198,multi_train,multi,1,True
1601,multi_train,multi,2,True
1602,multi_train,multi,2,True
1603,multi_train,multi,2,True
4388,multi_train,multi,2,True
4389,multi_train,multi,1,True
4390,multi_train,multi,3,True
2270,multi_train,multi,5,False
2271,multi_train,multi,2,True
2272,multi_train,multi,5,False
2273,multi_train,multi,1,True
1586,multi_train,multi,1,True
1587,multi_train,multi,5,False
1588,multi_train,multi,6,False
1589,multi_train,multi,1,True
8358,multi_train,multi,1,True
8359,multi_train,multi,1,True
8360,multi_train,multi,2,True
8367,multi_train,multi,1,True
8368,multi_train,multi,2,True
8362,multi_train,multi,4,False
8363,multi_train,multi,2,True
899,multi_train,multi,4,False
900,multi_train,multi,1,True
901,multi_train,multi,4,False
902,multi_train,multi,2,True
6081,multi_train,multi,1,True
6083,multi_train,multi,1,True
3699,multi_train,multi,2,True
3700,multi_train,multi,1,True
3898,multi_train,multi,1,True
3899,multi_train,multi,4,False
3900,multi_train,multi,2,True
3901,multi_train,multi,2,True
3902,multi_train,multi,5,False
2835,multi_train,multi,6,False
2836,multi_train,multi,1,True
2837,multi_train,multi,11,False
2839,multi_train,multi,7,False
2840,multi_train,multi,5,False
2841,multi_train,multi,1,True
2832,multi_train,multi,1,True
2833,multi_train,multi,3,True
2299,multi_train,multi,2,True
2300,multi_train,multi,1,True
2301,multi_train,multi,1,True
2302,multi_train,multi,2,True
3106,multi_train,multi,2,True
3107,multi_train,multi,1,True
3108,multi_train,multi,1,True
3109,multi_train,multi,2,True
3100,multi_train,multi,1,True
3101,multi_train,multi,2,True
3102,multi_train,multi,1,True
3103,multi_train,multi,3,True
3104,multi_train,multi,1,True
3105,multi_train,multi,3,True
870,multi_train,multi,4,False
4861,multi_train,multi,1,True
4865,multi_train,multi,2,True
4866,multi_train,multi,2,True
4853,multi_train,multi,1,True
4855,multi_train,multi,4,False
4857,multi_train,multi,4,False
2883,multi_train,multi,1,True
2884,multi_train,multi,4,False
2330,multi_train,multi,1,True
2332,multi_train,multi,3,True
5439,multi_train,multi,1,True
5440,multi_train,multi,4,False
5441,multi_train,multi,3,True
5764,multi_train,multi,2,True
5765,multi_train,multi,1,True
5766,multi_train,multi,1,True
5767,multi_train,multi,3,True
5768,multi_train,multi,4,False
2924,multi_train,multi,2,True
2926,multi_train,multi,7,False
2927,multi_train,multi,1,True
2928,multi_train,multi,1,True
2929,multi_train,multi,4,False
2930,multi_train,multi,6,False
2400,multi_train,multi,2,True
2626,multi_train,multi,1,True
2627,multi_train,multi,2,True
2628,multi_train,multi,2,True
2629,multi_train,multi,1,True
2630,multi_train,multi,8,False
2631,multi_train,multi,6,False
5065,multi_train,multi,1,True
5066,multi_train,multi,3,True
5067,multi_train,multi,1,True
5068,multi_train,multi,2,True
5361,multi_train,multi,2,True
5362,multi_train,multi,5,False
1653,multi_train,multi,4,False
1654,multi_train,multi,4,False
4985,multi_train,multi,2,True
4987,multi_train,multi,2,True
4982,multi_train,multi,10,False
6464,multi_train,multi,1,True
6465,multi_train,multi,9,False
6466,multi_train,multi,16,False
6467,multi_train,multi,9,False
4738,multi_train,multi,2,True
4739,multi_train,multi,1,True
4740,multi_train,multi,1,True
4741,multi_train,multi,2,True
5607,multi_train,multi,2,True
5608,multi_train,multi,1,True
5609,multi_train,multi,1,True
4923,multi_train,multi,1,True
4915,multi_train,multi,32,False
4916,multi_train,multi,1,True
4917,multi_train,multi,5,False
4918,multi_train,multi,11,False
4919,multi_train,multi,13,False
4920,multi_train,multi,6,False
4921,multi_train,multi,15,False
3673,multi_train,multi,5,False
3674,multi_train,multi,11,False
7427,multi_train,multi,13,False
7428,multi_train,multi,1,True
6279,multi_train,multi,7,False
6281,multi_train,multi,2,True
6282,multi_train,multi,2,True
1433,multi_train,multi,2,True
1434,multi_train,multi,6,False
1436,multi_train,multi,1,True
5182,multi_train,multi,3,True
5185,multi_train,multi,8,False
1320,multi_train,multi,1,True
1322,multi_train,multi,4,False
1323,multi_train,multi,4,False
2439,multi_train,multi,6,False
2432,multi_train,multi,2,True
2433,multi_train,multi,2,True
2434,multi_train,multi,2,True
2435,multi_train,multi,2,True
6227,multi_train,multi,1,True
8700,multi_train,multi,1,True
8701,multi_train,multi,2,True
8702,multi_train,multi,2,True
8703,multi_train,multi,1,True
8689,multi_train,multi,1,True
8692,multi_train,multi,2,True
8696,multi_train,multi,2,True
8698,multi_train,multi,1,True
5251,multi_train,multi,9,False
5252,multi_train,multi,1,True
5719,multi_train,multi,4,False
5720,multi_train,multi,4,False
1798,multi_train,multi,1,True
1799,multi_train,multi,2,True
1800,multi_train,multi,1,True
1802,multi_train,multi,1,True
1803,multi_train,multi,1,True
2164,multi_train,multi,1,True
4724,multi_train,multi,4,False
4725,multi_train,multi,1,True
4726,multi_train,multi,2,True
4727,multi_train,multi,3,True
4728,multi_train,multi,4,False
1174,multi_train,multi,2,True
1175,multi_train,multi,1,True
371,multi_train,multi,2,True
370,multi_train,multi,2,True
372,multi_train,multi,1,True
373,multi_train,multi,2,True
374,multi_train,multi,1,True
369,multi_train,multi,2,True
1558,multi_train,multi,2,True
2377,multi_train,multi,1,True
2378,multi_train,multi,4,False
2379,multi_train,multi,3,True
2380,multi_train,multi,2,True
6692,multi_train,multi,2,True
5521,multi_train,multi,1,True
5522,multi_train,multi,10,False
5523,multi_train,multi,3,True
4395,multi_train,multi,10,False
4396,multi_train,multi,11,False
4397,multi_train,multi,1,True
4398,multi_train,multi,10,False
4399,multi_train,multi,1,True
1958,multi_train,multi,2,True
4621,multi_train,multi,1,True
4622,multi_train,multi,5,False
4623,multi_train,multi,10,False
5173,multi_train,multi,9,False
5174,multi_train,multi,1,True
829,multi_train,multi,6,False
830,multi_train,multi,5,False
831,multi_train,multi,1,True
832,multi_train,multi,6,False
8457,multi_train,multi,1,True
8458,multi_train,multi,9,False
8459,multi_train,multi,25,False
8460,multi_train,multi,1,True
8461,multi_train,multi,10,False
8462,multi_train,multi,1,True
8463,multi_train,multi,7,False
8464,multi_train,multi,21,False
8465,multi_train,multi,19,False
8466,multi_train,multi,30,False
8455,multi_train,multi,7,False
8456,multi_train,multi,22,False
8771,multi_train,multi,2,True
8775,multi_train,multi,2,True
8776,multi_train,multi,1,True
8770,multi_train,multi,1,True
375,multi_train,multi,3,True
376,multi_train,multi,4,False
377,multi_train,multi,2,True
378,multi_train,multi,2,True
379,multi_train,multi,1,True
6831,multi_train,multi,7,False
6833,multi_train,multi,7,False
6835,multi_train,multi,6,False
1554,multi_train,multi,1,True
1555,multi_train,multi,6,False
1556,multi_train,multi,1,True
1557,multi_train,multi,6,False
8144,multi_train,multi,4,False
8145,multi_train,multi,4,False
7927,multi_train,multi,14,False
3567,multi_train,multi,2,True
3569,multi_train,multi,1,True
3570,multi_train,multi,2,True
3571,multi_train,multi,2,True
3559,multi_train,multi,2,True
3560,multi_train,multi,2,True
3561,multi_train,multi,1,True
7386,multi_train,multi,15,False
7388,multi_train,multi,1,True
7575,multi_train,multi,5,False
7576,multi_train,multi,1,True
7577,multi_train,multi,2,True
3889,multi_train,multi,3,True
3890,multi_train,multi,3,True
3893,multi_train,multi,15,False
3894,multi_train,multi,3,True
3895,multi_train,multi,3,True
3896,multi_train,multi,21,False
3897,multi_train,multi,1,True
3891,multi_train,multi,1,True
3892,multi_train,multi,2,True
5699,multi_train,multi,3,True
5700,multi_train,multi,2,True
5701,multi_train,multi,1,True
3074,multi_train,multi,4,False
3075,multi_train,multi,4,False
3069,multi_train,multi,4,False
3070,multi_train,multi,1,True
3072,multi_train,multi,2,True
3073,multi_train,multi,4,False
937,multi_train,multi,1,True
938,multi_train,multi,6,False
1741,multi_train,multi,1,True
1742,multi_train,multi,18,False
5344,multi_train,multi,4,False
5346,multi_train,multi,8,False
5656,multi_train,multi,18,False
5657,multi_train,multi,1,True
5658,multi_train,multi,14,False
5659,multi_train,multi,1,True
7550,multi_train,multi,1,True
7551,multi_train,multi,2,True
4904,multi_train,multi,2,True
4906,multi_train,multi,2,True
4908,multi_train,multi,9,False
4909,multi_train,multi,8,False
4910,multi_train,multi,1,True
4911,multi_train,multi,2,True
4912,multi_train,multi,2,True
4913,multi_train,multi,1,True
4914,multi_train,multi,5,False
6944,multi_train,multi,6,False
6945,multi_train,multi,6,False
5253,multi_train,multi,1,True
5254,multi_train,multi,2,True
5255,multi_train,multi,2,True
5256,multi_train,multi,2,True
5257,multi_train,multi,1,True
3718,multi_train,multi,6,False
6434,multi_train,multi,1,True
6436,multi_train,multi,6,False
6880,multi_train,multi,1,True
6881,multi_train,multi,27,False
6856,multi_train,multi,1,True
6857,multi_train,multi,8,False
6858,multi_train,multi,8,False
3116,multi_train,multi,1,True
3117,multi_train,multi,3,True
3118,multi_train,multi,2,True
3119,multi_train,multi,3,True
3113,multi_train,multi,2,True
3114,multi_train,multi,2,True
3115,multi_train,multi,3,True
3416,multi_train,multi,4,False
3417,multi_train,multi,1,True
3418,multi_train,multi,2,True
3419,multi_train,multi,1,True
3420,multi_train,multi,2,True
3421,multi_train,multi,2,True
3422,multi_train,multi,2,True
3423,multi_train,multi,2,True
3424,multi_train,multi,1,True
3413,multi_train,multi,8,False
3414,multi_train,multi,1,True
3415,multi_train,multi,1,True
34,multi_train,multi,6,False
32,multi_train,multi,6,False
35,multi_train,multi,2,True
33,multi_train,multi,1,True
6147,multi_train,multi,10,False
4565,multi_train,multi,2,True
4566,multi_train,multi,12,False
4567,multi_train,multi,1,True
3379,multi_train,multi,2,True
3380,multi_train,multi,2,True
3382,multi_train,multi,1,True
3383,multi_train,multi,4,False
3384,multi_train,multi,3,True
3385,multi_train,multi,1,True
3387,multi_train,multi,4,False
3390,multi_train,multi,4,False
6339,multi_train,multi,3,True
6340,multi_train,multi,4,False
6342,multi_train,multi,1,True
1783,multi_train,multi,2,True
1784,multi_train,multi,7,False
1785,multi_train,multi,4,False
1786,multi_train,multi,1,True
7528,multi_train,multi,2,True
7531,multi_train,multi,2,True
7532,multi_train,multi,1,True
7533,multi_train,multi,2,True
4683,multi_train,multi,16,False
4684,multi_train,multi,1,True
4685,multi_train,multi,16,False
7651,multi_train,multi,1,True
7652,multi_train,multi,47,False
7653,multi_train,multi,4,False
1375,multi_train,multi,3,True
1376,multi_train,multi,4,False
7111,multi_train,multi,6,False
7109,multi_train,multi,1,True
7110,multi_train,multi,9,False
3276,multi_train,multi,1,True
3278,multi_train,multi,4,False
3274,multi_train,multi,2,True
3269,multi_train,multi,3,True
3272,multi_train,multi,7,False
3273,multi_train,multi,5,False
7667,multi_train,multi,20,False
7669,multi_train,multi,2,True
3758,multi_train,multi,26,False
4582,multi_train,multi,10,False
3541,multi_train,multi,2,True
3533,multi_train,multi,1,True
3535,multi_train,multi,2,True
5627,multi_train,multi,1,True
3376,multi_train,multi,6,False
3377,multi_train,multi,4,False
3378,multi_train,multi,1,True
3372,multi_train,multi,1,True
3373,multi_train,multi,6,False
3374,multi_train,multi,4,False
3375,multi_train,multi,6,False
3369,multi_train,multi,4,False
3370,multi_train,multi,6,False
3371,multi_train,multi,1,True
9121,multi_train,multi,2,True
9127,multi_train,multi,1,True
9123,multi_train,multi,1,True
9124,multi_train,multi,10,False
6624,multi_train,multi,10,False
6625,multi_train,multi,8,False
6626,multi_train,multi,15,False
6627,multi_train,multi,8,False
6628,multi_train,multi,1,True
7854,multi_train,multi,2,True
7856,multi_train,multi,16,False
765,multi_train,multi,1,True
767,multi_train,multi,14,False
768,multi_train,multi,17,False
773,multi_train,multi,57,False
769,multi_train,multi,7,False
772,multi_train,multi,7,False
4771,multi_train,multi,4,False
4170,multi_train,multi,1,True
4171,multi_train,multi,2,True
4172,multi_train,multi,4,False
1977,multi_train,multi,6,False
1978,multi_train,multi,6,False
6059,multi_train,multi,1,True
6061,multi_train,multi,37,False
5742,multi_train,multi,2,True
5743,multi_train,multi,1,True
5744,multi_train,multi,5,False
5745,multi_train,multi,8,False
5746,multi_train,multi,1,True
5747,multi_train,multi,3,True
5748,multi_train,multi,2,True
5749,multi_train,multi,2,True
191,multi_train,multi,6,False
194,multi_train,multi,1,True
6621,multi_train,multi,14,False
6622,multi_train,multi,1,True
6959,multi_train,multi,7,False
6960,multi_train,multi,1,True
2530,multi_train,multi,10,False
2532,multi_train,multi,2,True
2534,multi_train,multi,8,False
2523,multi_train,multi,5,False
2526,multi_train,multi,3,True
7872,multi_train,multi,21,False
7873,multi_train,multi,1,True
7874,multi_train,multi,1,True
7875,multi_train,multi,1,True
7876,multi_train,multi,21,False
7807,multi_train,multi,2,True
7808,multi_train,multi,1,True
7809,multi_train,multi,1,True
7810,multi_train,multi,2,True
7811,multi_train,multi,1,True
8668,multi_train,multi,2,True
8670,multi_train,multi,4,False
8671,multi_train,multi,1,True
6674,multi_train,multi,1,True
6676,multi_train,multi,9,False
5660,multi_train,multi,3,True
5661,multi_train,multi,3,True
5662,multi_train,multi,1,True
5663,multi_train,multi,9,False
4816,multi_train,multi,4,False
4817,multi_train,multi,1,True
4818,multi_train,multi,2,True
4819,multi_train,multi,1,True
4820,multi_train,multi,9,False
4821,multi_train,multi,14,False
4812,multi_train,multi,8,False
4813,multi_train,multi,7,False
4814,multi_train,multi,1,True
4815,multi_train,multi,7,False
7459,multi_train,multi,1,True
7460,multi_train,multi,4,False
7461,multi_train,multi,1,True
3998,multi_train,multi,2,True
3999,multi_train,multi,4,False
4000,multi_train,multi,1,True
4795,multi_train,multi,2,True
8300,multi_train,multi,2,True
8301,multi_train,multi,2,True
8302,multi_train,multi,2,True
8303,multi_train,multi,1,True
1191,multi_train,multi,1,True
1192,multi_train,multi,16,False
1193,multi_train,multi,2,True
290,multi_train,multi,94,False
8035,multi_train,multi,11,False
8036,multi_train,multi,8,False
8037,multi_train,multi,2,True
8038,multi_train,multi,5,False
6440,multi_train,multi,15,False
6441,multi_train,multi,6,False
6442,multi_train,multi,7,False
6443,multi_train,multi,1,True
8178,multi_train,multi,1,True
8179,multi_train,multi,47,False
8180,multi_train,multi,8,False
8181,multi_train,multi,47,False
8182,multi_train,multi,35,False
8183,multi_train,multi,47,False
8866,multi_train,multi,1,True
8867,multi_train,multi,2,True
8868,multi_train,multi,1,True
8870,multi_train,multi,2,True
8862,multi_train,multi,2,True
8863,multi_train,multi,1,True
7078,multi_train,multi,2,True
7079,multi_train,multi,2,True
7080,multi_train,multi,2,True
7075,multi_train,multi,11,False
7077,multi_train,multi,2,True
7083,multi_train,multi,2,True
161,multi_train,multi,10,False
162,multi_train,multi,11,False
163,multi_train,multi,2,True
164,multi_train,multi,1,True
3821,multi_train,multi,27,False
3822,multi_train,multi,21,False
3823,multi_train,multi,1,True
7643,multi_train,multi,14,False
7644,multi_train,multi,1,True
4502,multi_train,multi,4,False
4504,multi_train,multi,6,False
8351,multi_train,multi,1,True
8352,multi_train,multi,4,False
8353,multi_train,multi,1,True
4046,multi_train,multi,1,True
4047,multi_train,multi,30,False
2943,multi_train,multi,1,True
2944,multi_train,multi,2,True
2945,multi_train,multi,2,True
2946,multi_train,multi,1,True
2948,multi_train,multi,2,True
2952,multi_train,multi,1,True
2953,multi_train,multi,4,False
9003,multi_train,multi,11,False
9002,multi_train,multi,1,True
9004,multi_train,multi,1,True
9005,multi_train,multi,2,True
9008,multi_train,multi,4,False
9009,multi_train,multi,12,False
7615,multi_train,multi,12,False
7617,multi_train,multi,4,False
3772,multi_train,multi,26,False
3774,multi_train,multi,1,True
3776,multi_train,multi,42,False
3777,multi_train,multi,12,False
3779,multi_train,multi,25,False
3780,multi_train,multi,2,True
4494,multi_train,multi,1,True
4495,multi_train,multi,5,False
4496,multi_train,multi,2,True
1950,multi_train,multi,4,False
127,multi_train,multi,2,True
124,multi_train,multi,1,True
2193,multi_train,multi,8,False
2194,multi_train,multi,1,True
8985,multi_train,multi,12,False
3454,multi_train,multi,1,True
3455,multi_train,multi,1,True
3457,multi_train,multi,4,False
3447,multi_train,multi,5,False
3449,multi_train,multi,5,False
3450,multi_train,multi,1,True
3451,multi_train,multi,7,False
3452,multi_train,multi,3,True
4034,multi_train,multi,4,False
4036,multi_train,multi,2,True
5217,multi_train,multi,3,True
5219,multi_train,multi,1,True
5221,multi_train,multi,2,True
1998,multi_train,multi,1,True
2190,multi_train,multi,9,False
2192,multi_train,multi,1,True
5324,multi_train,multi,2,True
5325,multi_train,multi,2,True
291,multi_train,multi,1,True
292,multi_train,multi,1,True
293,multi_train,multi,11,False
294,multi_train,multi,16,False
4384,multi_train,multi,2,True
4385,multi_train,multi,1,True
4387,multi_train,multi,8,False
1187,multi_train,multi,5,False
9295,multi_train,multi,2,True
9296,multi_train,multi,1,True
8226,multi_train,multi,13,False
8227,multi_train,multi,1,True
8229,multi_train,multi,19,False
2406,multi_train,multi,1,True
2408,multi_train,multi,6,False
2410,multi_train,multi,1,True
2412,multi_train,multi,15,False
2414,multi_train,multi,6,False
2416,multi_train,multi,6,False
4606,multi_train,multi,1,True
4608,multi_train,multi,4,False
4610,multi_train,multi,4,False
3829,multi_train,multi,5,False
3831,multi_train,multi,1,True
1833,multi_train,multi,8,False
1834,multi_train,multi,2,True
1835,multi_train,multi,1,True
1836,multi_train,multi,11,False
1837,multi_train,multi,2,True
133,multi_train,multi,4,False
4611,multi_train,multi,6,False
4612,multi_train,multi,4,False
4613,multi_train,multi,2,True
1808,multi_train,multi,6,False
1809,multi_train,multi,1,True
1810,multi_train,multi,1,True
1679,multi_train,multi,1,True
1680,multi_train,multi,6,False
1681,multi_train,multi,1,True
1682,multi_train,multi,6,False
7571,multi_train,multi,1,True
7572,multi_train,multi,6,False
1618,multi_train,multi,5,False
6805,multi_train,multi,4,False
6806,multi_train,multi,1,True
6807,multi_train,multi,4,False
9289,multi_train,multi,2,True
9290,multi_train,multi,2,True
9291,multi_train,multi,1,True
6258,multi_train,multi,2,True
6260,multi_train,multi,2,True
4065,multi_train,multi,2,True
4066,multi_train,multi,7,False
1131,multi_train,multi,1,True
1132,multi_train,multi,2,True
1134,multi_train,multi,2,True
7607,multi_train,multi,2,True
7608,multi_train,multi,1,True
7610,multi_train,multi,2,True
7611,multi_train,multi,9,False
2079,multi_train,multi,2,True
4098,multi_train,multi,1,True
4099,multi_train,multi,10,False
4100,multi_train,multi,2,True
4101,multi_train,multi,3,True
4102,multi_train,multi,2,True
7360,multi_train,multi,3,True
4174,multi_train,multi,19,False
4175,multi_train,multi,1,True
4176,multi_train,multi,17,False
4177,multi_train,multi,12,False
3507,multi_train,multi,6,False
3508,multi_train,multi,1,True
3509,multi_train,multi,5,False
3510,multi_train,multi,1,True
3512,multi_train,multi,6,False
3513,multi_train,multi,7,False
3514,multi_train,multi,8,False
3515,multi_train,multi,6,False
3516,multi_train,multi,6,False
3517,multi_train,multi,1,True
3518,multi_train,multi,7,False
314,multi_train,multi,1,True
316,multi_train,multi,2,True
315,multi_train,multi,2,True
1378,multi_train,multi,1,True
1379,multi_train,multi,15,False
1381,multi_train,multi,2,True
4761,multi_train,multi,1,True
4762,multi_train,multi,16,False
1566,multi_train,multi,7,False
6190,multi_train,multi,2,True
6453,multi_train,multi,5,False
6456,multi_train,multi,11,False
6457,multi_train,multi,15,False
7338,multi_train,multi,4,False
7339,multi_train,multi,1,True
7340,multi_train,multi,4,False
7341,multi_train,multi,5,False
7343,multi_train,multi,9,False
266,multi_train,multi,2,True
267,multi_train,multi,1,True
6127,multi_train,multi,1,True
6128,multi_train,multi,2,True
6129,multi_train,multi,2,True
1570,multi_train,multi,1,True
1571,multi_train,multi,4,False
1572,multi_train,multi,8,False
1573,multi_train,multi,2,True
7603,multi_train,multi,1,True
7604,multi_train,multi,6,False
7605,multi_train,multi,1,True
7606,multi_train,multi,6,False
8096,multi_train,multi,2,True
7186,multi_train,multi,4,False
7187,multi_train,multi,1,True
7188,multi_train,multi,4,False
7192,multi_train,multi,47,False
7194,multi_train,multi,4,False
7190,multi_train,multi,4,False
7191,multi_train,multi,1,True
6269,multi_train,multi,2,True
6270,multi_train,multi,2,True
6271,multi_train,multi,1,True
4747,multi_train,multi,2,True
4748,multi_train,multi,1,True
4749,multi_train,multi,2,True
6182,multi_train,multi,71,False
4893,multi_train,multi,14,False
4894,multi_train,multi,1,True
4895,multi_train,multi,2,True
4899,multi_train,multi,2,True
4900,multi_train,multi,10,False
4901,multi_train,multi,1,True
4902,multi_train,multi,1,True
4897,multi_train,multi,14,False
4898,multi_train,multi,14,False
8130,multi_train,multi,2,True
8131,multi_train,multi,4,False
8132,multi_train,multi,4,False
8133,multi_train,multi,5,False
8134,multi_train,multi,2,True
2675,multi_train,multi,2,True
2676,multi_train,multi,2,True
2677,multi_train,multi,1,True
2678,multi_train,multi,4,False
2679,multi_train,multi,1,True
2682,multi_train,multi,2,True
6932,multi_train,multi,19,False
1405,multi_train,multi,1,True
1406,multi_train,multi,6,False
1407,multi_train,multi,6,False
3858,multi_train,multi,1,True
3859,multi_train,multi,4,False
3857,multi_train,multi,1,True
3861,multi_train,multi,1,True
3862,multi_train,multi,11,False
3863,multi_train,multi,1,True
3864,multi_train,multi,1,True
3865,multi_train,multi,5,False
263,multi_train,multi,4,False
260,multi_train,multi,2,True
261,multi_train,multi,1,True
262,multi_train,multi,1,True
264,multi_train,multi,13,False
337,multi_train,multi,11,False
338,multi_train,multi,1,True
340,multi_train,multi,2,True
341,multi_train,multi,9,False
342,multi_train,multi,1,True
343,multi_train,multi,7,False
344,multi_train,multi,2,True
2918,multi_train,multi,7,False
2919,multi_train,multi,6,False
2920,multi_train,multi,1,True
2921,multi_train,multi,1,True
2922,multi_train,multi,1,True
7698,multi_train,multi,14,False
7699,multi_train,multi,1,True
6916,multi_train,multi,7,False
6917,multi_train,multi,1,True
9244,multi_train,multi,4,False
9245,multi_train,multi,5,False
9246,multi_train,multi,1,True
9247,multi_train,multi,4,False
9249,multi_train,multi,24,False
9250,multi_train,multi,24,False
9251,multi_train,multi,24,False
415,multi_train,multi,30,False
416,multi_train,multi,30,False
417,multi_train,multi,1,True
418,multi_train,multi,6,False
8272,multi_train,multi,1,True
8273,multi_train,multi,2,True
8274,multi_train,multi,2,True
8275,multi_train,multi,2,True
8276,multi_train,multi,1,True
8104,multi_train,multi,6,False
8106,multi_train,multi,19,False
8108,multi_train,multi,5,False
5616,multi_train,multi,2,True
5617,multi_train,multi,9,False
2699,multi_train,multi,1,True
2700,multi_train,multi,10,False
6906,multi_train,multi,1,True
6907,multi_train,multi,25,False
6908,multi_train,multi,18,False
6909,multi_train,multi,27,False
6910,multi_train,multi,33,False
2022,multi_train,multi,1,True
2023,multi_train,multi,2,True
3969,multi_train,multi,2,True
3971,multi_train,multi,1,True
3972,multi_train,multi,3,True
2083,multi_train,multi,2,True
2085,multi_train,multi,2,True
6664,multi_train,multi,1,True
6665,multi_train,multi,2,True
6666,multi_train,multi,17,False
6667,multi_train,multi,2,True
3023,multi_train,multi,2,True
3024,multi_train,multi,2,True
3025,multi_train,multi,2,True
3026,multi_train,multi,1,True
3020,multi_train,multi,2,True
3021,multi_train,multi,2,True
3022,multi_train,multi,1,True
3015,multi_train,multi,2,True
3019,multi_train,multi,2,True
2846,multi_train,multi,2,True
2847,multi_train,multi,1,True
2848,multi_train,multi,1,True
2849,multi_train,multi,5,False
2851,multi_train,multi,5,False
2842,multi_train,multi,3,True
2843,multi_train,multi,2,True
2844,multi_train,multi,1,True
9269,multi_train,multi,2,True
9270,multi_train,multi,2,True
9271,multi_train,multi,1,True
9272,multi_train,multi,4,False
8982,multi_train,multi,1,True
8983,multi_train,multi,2,True
8984,multi_train,multi,1,True
8972,multi_train,multi,4,False
8973,multi_train,multi,3,True
8974,multi_train,multi,1,True
8975,multi_train,multi,2,True
8976,multi_train,multi,1,True
8977,multi_train,multi,2,True
8978,multi_train,multi,2,True
8980,multi_train,multi,1,True
8981,multi_train,multi,1,True
8979,multi_train,multi,1,True
1176,multi_train,multi,2,True
1177,multi_train,multi,2,True
1178,multi_train,multi,2,True
1258,multi_train,multi,6,False
9192,multi_train,multi,2,True
9194,multi_train,multi,5,False
9180,multi_train,multi,4,False
9181,multi_train,multi,2,True
9182,multi_train,multi,1,True
9184,multi_train,multi,1,True
9187,multi_train,multi,18,False
9188,multi_train,multi,22,False
1441,multi_train,multi,8,False
1442,multi_train,multi,2,True
1443,multi_train,multi,2,True
1444,multi_train,multi,1,True
1139,multi_train,multi,6,False
1142,multi_train,multi,8,False
1143,multi_train,multi,6,False
1140,multi_train,multi,3,True
1141,multi_train,multi,5,False
3349,multi_train,multi,44,False
3350,multi_train,multi,1,True
3351,multi_train,multi,44,False
3355,multi_train,multi,2,True
3356,multi_train,multi,2,True
3353,multi_train,multi,5,False
3354,multi_train,multi,2,True
6201,multi_train,multi,11,False
759,multi_train,multi,2,True
762,multi_train,multi,1,True
763,multi_train,multi,1,True
753,multi_train,multi,2,True
754,multi_train,multi,1,True
755,multi_train,multi,1,True
756,multi_train,multi,4,False
758,multi_train,multi,4,False
8277,multi_train,multi,2,True
8278,multi_train,multi,1,True
8279,multi_train,multi,2,True
7125,multi_train,multi,2,True
7126,multi_train,multi,1,True
7128,multi_train,multi,1,True
7134,multi_train,multi,1,True
7135,multi_train,multi,2,True
7136,multi_train,multi,2,True
7130,multi_train,multi,2,True
7131,multi_train,multi,1,True
6726,multi_train,multi,9,False
6727,multi_train,multi,1,True
6728,multi_train,multi,1,True
3399,multi_train,multi,4,False
6103,multi_train,multi,2,True
6104,multi_train,multi,2,True
6105,multi_train,multi,2,True
6106,multi_train,multi,1,True
6107,multi_train,multi,2,True
7962,multi_train,multi,10,False
7963,multi_train,multi,4,False
7964,multi_train,multi,10,False
8204,multi_train,multi,2,True
8206,multi_train,multi,1,True
3089,multi_train,multi,1,True
3093,multi_train,multi,4,False
3094,multi_train,multi,2,True
3095,multi_train,multi,2,True
3096,multi_train,multi,1,True
3090,multi_train,multi,1,True
3091,multi_train,multi,4,False
3092,multi_train,multi,10,False
4245,multi_train,multi,1,True
4246,multi_train,multi,14,False
4247,multi_train,multi,2,True
4248,multi_train,multi,11,False
4249,multi_train,multi,12,False
4251,multi_train,multi,1,True
4253,multi_train,multi,12,False
2381,multi_train,multi,4,False
2382,multi_train,multi,1,True
2383,multi_train,multi,7,False
7403,multi_train,multi,2,True
7405,multi_train,multi,2,True
7406,multi_train,multi,2,True
4029,multi_train,multi,2,True
4030,multi_train,multi,2,True
4031,multi_train,multi,1,True
1426,multi_train,multi,2,True
1427,multi_train,multi,1,True
1428,multi_train,multi,3,True
7272,multi_train,multi,9,False
7273,multi_train,multi,3,True
7274,multi_train,multi,1,True
7276,multi_train,multi,2,True
7277,multi_train,multi,2,True
7282,multi_train,multi,3,True
7269,multi_train,multi,2,True
7270,multi_train,multi,3,True
7271,multi_train,multi,1,True
5621,multi_train,multi,2,True
5622,multi_train,multi,1,True
2109,multi_train,multi,10,False
2113,multi_train,multi,7,False
6058,multi_train,multi,29,False
833,multi_train,multi,1,True
835,multi_train,multi,2,True
1103,multi_train,multi,5,False
1104,multi_train,multi,10,False
1105,multi_train,multi,1,True
1106,multi_train,multi,2,True
1107,multi_train,multi,10,False
6291,multi_train,multi,4,False
6292,multi_train,multi,1,True
6809,multi_train,multi,2,True
6810,multi_train,multi,2,True
6811,multi_train,multi,2,True
6813,multi_train,multi,2,True
5199,multi_train,multi,1,True
911,multi_train,multi,2,True
910,multi_train,multi,2,True
912,multi_train,multi,1,True
913,multi_train,multi,4,False
828,multi_train,multi,5,False
7327,multi_train,multi,14,False
5190,multi_train,multi,2,True
5191,multi_train,multi,4,False
5192,multi_train,multi,1,True
5193,multi_train,multi,2,True
5194,multi_train,multi,4,False
5195,multi_train,multi,5,False
3364,multi_train,multi,2,True
3365,multi_train,multi,2,True
3368,multi_train,multi,2,True
3358,multi_train,multi,2,True
3359,multi_train,multi,2,True
6997,multi_train,multi,10,False
6998,multi_train,multi,18,False
6999,multi_train,multi,1,True
7000,multi_train,multi,4,False
6995,multi_train,multi,4,False
6996,multi_train,multi,16,False
7001,multi_train,multi,1,True
7002,multi_train,multi,9,False
7003,multi_train,multi,13,False
7004,multi_train,multi,2,True
1409,multi_train,multi,7,False
8532,multi_train,multi,2,True
8533,multi_train,multi,2,True
8534,multi_train,multi,1,True
8537,multi_train,multi,1,True
8527,multi_train,multi,1,True
8528,multi_train,multi,2,True
8529,multi_train,multi,1,True
8530,multi_train,multi,3,True
8531,multi_train,multi,2,True
8538,multi_train,multi,1,True
8539,multi_train,multi,2,True
8541,multi_train,multi,2,True
8543,multi_train,multi,2,True
7520,multi_train,multi,2,True
2328,multi_train,multi,2,True
3651,multi_train,multi,6,False
2029,multi_train,multi,7,False
2659,multi_train,multi,1,True
2660,multi_train,multi,1,True
2661,multi_train,multi,4,False
2662,multi_train,multi,4,False
2656,multi_train,multi,1,True
2657,multi_train,multi,4,False
2658,multi_train,multi,1,True
2653,multi_train,multi,4,False
2654,multi_train,multi,3,True
2655,multi_train,multi,1,True
3665,multi_train,multi,4,False
5790,multi_train,multi,2,True
5791,multi_train,multi,3,True
5792,multi_train,multi,1,True
5793,multi_train,multi,8,False
5794,multi_train,multi,2,True
5795,multi_train,multi,1,True
5796,multi_train,multi,2,True
5785,multi_train,multi,1,True
5786,multi_train,multi,12,False
5788,multi_train,multi,2,True
5789,multi_train,multi,3,True
6311,multi_train,multi,1,True
8398,multi_train,multi,1,True
8399,multi_train,multi,2,True
8400,multi_train,multi,4,False
7715,multi_train,multi,1,True
7716,multi_train,multi,1,True
7717,multi_train,multi,2,True
4661,multi_train,multi,5,False
4662,multi_train,multi,2,True
4663,multi_train,multi,1,True
4664,multi_train,multi,5,False
4665,multi_train,multi,14,False
907,multi_train,multi,4,False
908,multi_train,multi,2,True
909,multi_train,multi,1,True
6795,multi_train,multi,2,True
300,multi_train,multi,2,True
302,multi_train,multi,9,False
304,multi_train,multi,7,False
6565,multi_train,multi,8,False
6566,multi_train,multi,2,True
6427,multi_train,multi,13,False
6428,multi_train,multi,4,False
6429,multi_train,multi,1,True
6430,multi_train,multi,13,False
2393,multi_train,multi,1,True
2394,multi_train,multi,3,True
2395,multi_train,multi,1,True
2396,multi_train,multi,2,True
6345,multi_train,multi,6,False
6347,multi_train,multi,1,True
1301,multi_train,multi,5,False
1302,multi_train,multi,1,True
4537,multi_train,multi,2,True
4538,multi_train,multi,5,False
4539,multi_train,multi,5,False
4540,multi_train,multi,1,True
4541,multi_train,multi,2,True
2303,multi_train,multi,4,False
2304,multi_train,multi,5,False
2306,multi_train,multi,1,True
7366,multi_train,multi,2,True
728,multi_train,multi,13,False
724,multi_train,multi,3,True
726,multi_train,multi,2,True
721,multi_train,multi,2,True
722,multi_train,multi,15,False
6569,multi_train,multi,2,True
6570,multi_train,multi,2,True
731,multi_train,multi,5,False
733,multi_train,multi,20,False
1885,multi_train,multi,2,True
1887,multi_train,multi,2,True
896,multi_train,multi,2,True
5632,multi_train,multi,1,True
5633,multi_train,multi,7,False
471,multi_train,multi,1,True
472,multi_train,multi,2,True
473,multi_train,multi,2,True
474,multi_train,multi,2,True
1642,multi_train,multi,4,False
1643,multi_train,multi,4,False
1644,multi_train,multi,2,True
1646,multi_train,multi,2,True
5938,multi_train,multi,1,True
5939,multi_train,multi,2,True
5940,multi_train,multi,2,True
5595,multi_train,multi,2,True
5596,multi_train,multi,7,False
5597,multi_train,multi,1,True
5378,multi_train,multi,1,True
5380,multi_train,multi,1,True
5381,multi_train,multi,2,True
5382,multi_train,multi,2,True
5383,multi_train,multi,1,True
6477,multi_train,multi,1,True
6478,multi_train,multi,2,True
6479,multi_train,multi,1,True
403,multi_train,multi,1,True
404,multi_train,multi,21,False
405,multi_train,multi,80,False
482,multi_train,multi,1,True
476,multi_train,multi,1,True
477,multi_train,multi,3,True
483,multi_train,multi,3,True
484,multi_train,multi,1,True
486,multi_train,multi,4,False
3645,multi_train,multi,2,True
3646,multi_train,multi,1,True
3640,multi_train,multi,12,False
3643,multi_train,multi,1,True
3635,multi_train,multi,1,True
3636,multi_train,multi,1,True
3637,multi_train,multi,2,True
7670,multi_train,multi,19,False
7671,multi_train,multi,1,True
7672,multi_train,multi,5,False
6097,multi_train,multi,2,True
6098,multi_train,multi,2,True
6099,multi_train,multi,1,True
6432,multi_train,multi,20,False
6433,multi_train,multi,18,False
490,multi_train,multi,20,False
491,multi_train,multi,11,False
492,multi_train,multi,21,False
493,multi_train,multi,1,True
2150,multi_train,multi,2,True
2151,multi_train,multi,1,True
2152,multi_train,multi,1,True
2153,multi_train,multi,2,True
3301,multi_train,multi,6,False
3303,multi_train,multi,1,True
3304,multi_train,multi,6,False
3305,multi_train,multi,1,True
3306,multi_train,multi,1,True
3296,multi_train,multi,6,False
3297,multi_train,multi,6,False
3298,multi_train,multi,6,False
3299,multi_train,multi,1,True
1918,multi_train,multi,1,True
1919,multi_train,multi,1,True
1620,multi_train,multi,41,False
5451,multi_train,multi,1,True
5452,multi_train,multi,4,False
5453,multi_train,multi,4,False
7759,multi_train,multi,2,True
7761,multi_train,multi,1,True
6215,multi_train,multi,1,True
6216,multi_train,multi,4,False
6218,multi_train,multi,6,False
8009,multi_train,multi,23,False
3097,multi_train,multi,1,True
3098,multi_train,multi,2,True
3099,multi_train,multi,2,True
5171,multi_train,multi,2,True
2728,multi_train,multi,4,False
2729,multi_train,multi,1,True
2730,multi_train,multi,4,False
2731,multi_train,multi,2,True
2732,multi_train,multi,2,True
2733,multi_train,multi,6,False
2734,multi_train,multi,1,True
2736,multi_train,multi,6,False
4439,multi_train,multi,1,True
4440,multi_train,multi,5,False
4441,multi_train,multi,3,True
4442,multi_train,multi,6,False
230,multi_train,multi,3,True
227,multi_train,multi,1,True
228,multi_train,multi,2,True
229,multi_train,multi,2,True
231,multi_train,multi,2,True
232,multi_train,multi,3,True
4360,multi_train,multi,16,False
4361,multi_train,multi,1,True
1702,multi_train,multi,2,True
1703,multi_train,multi,2,True
1704,multi_train,multi,1,True
7869,multi_train,multi,2,True
8625,multi_train,multi,2,True
8626,multi_train,multi,1,True
8635,multi_train,multi,1,True
8636,multi_train,multi,2,True
8637,multi_train,multi,1,True
8638,multi_train,multi,1,True
8630,multi_train,multi,1,True
8631,multi_train,multi,2,True
8632,multi_train,multi,4,False
8633,multi_train,multi,2,True
2114,multi_train,multi,2,True
2116,multi_train,multi,1,True
2118,multi_train,multi,2,True
5412,multi_train,multi,2,True
7827,multi_train,multi,4,False
7828,multi_train,multi,5,False
4570,multi_train,multi,1,True
4571,multi_train,multi,5,False
1712,multi_train,multi,1,True
2315,multi_train,multi,12,False
2316,multi_train,multi,1,True
2317,multi_train,multi,6,False
9469,multi_train,multi,6,False
9470,multi_train,multi,12,False
9466,multi_train,multi,4,False
9467,multi_train,multi,1,True
9462,multi_train,multi,1,True
9463,multi_train,multi,8,False
9464,multi_train,multi,4,False
1314,multi_train,multi,2,True
1315,multi_train,multi,1,True
1316,multi_train,multi,2,True
1317,multi_train,multi,2,True
1318,multi_train,multi,1,True
6086,multi_train,multi,1,True
7100,multi_train,multi,1,True
7102,multi_train,multi,2,True
7105,multi_train,multi,1,True
7106,multi_train,multi,1,True
409,multi_train,multi,2,True
411,multi_train,multi,2,True
1084,multi_train,multi,2,True
1086,multi_train,multi,2,True
6171,multi_train,multi,15,False
6173,multi_train,multi,10,False
4932,multi_train,multi,8,False
4933,multi_train,multi,1,True
4934,multi_train,multi,4,False
4935,multi_train,multi,2,True
4924,multi_train,multi,2,True
4925,multi_train,multi,1,True
4926,multi_train,multi,4,False
4928,multi_train,multi,2,True
4929,multi_train,multi,4,False
4930,multi_train,multi,1,True
4931,multi_train,multi,2,True
853,multi_train,multi,4,False
855,multi_train,multi,3,True
856,multi_train,multi,2,True
857,multi_train,multi,7,False
2437,multi_train,multi,15,False
5237,multi_train,multi,1,True
5238,multi_train,multi,2,True
7838,multi_train,multi,18,False
7839,multi_train,multi,1,True
7840,multi_train,multi,18,False
1865,multi_train,multi,1,True
1866,multi_train,multi,6,False
1867,multi_train,multi,2,True
1868,multi_train,multi,2,True
8304,multi_train,multi,2,True
8305,multi_train,multi,1,True
8306,multi_train,multi,1,True
8307,multi_train,multi,2,True
8309,multi_train,multi,1,True
8310,multi_train,multi,1,True
1489,multi_train,multi,4,False
1490,multi_train,multi,6,False
1488,multi_train,multi,1,True
5039,multi_train,multi,4,False
5043,multi_train,multi,1,True
5044,multi_train,multi,4,False
5046,multi_train,multi,4,False
5048,multi_train,multi,4,False
5049,multi_train,multi,1,True
5050,multi_train,multi,1,True
5052,multi_train,multi,4,False
5053,multi_train,multi,1,True
9129,multi_train,multi,15,False
9132,multi_train,multi,1,True
9137,multi_train,multi,6,False
9138,multi_train,multi,87,False
9133,multi_train,multi,23,False
9134,multi_train,multi,1,True
9135,multi_train,multi,7,False
7790,multi_train,multi,4,False
7791,multi_train,multi,4,False
7793,multi_train,multi,1,True
1932,multi_train,multi,11,False
1933,multi_train,multi,2,True
1934,multi_train,multi,1,True
1935,multi_train,multi,4,False
1936,multi_train,multi,3,True
1937,multi_train,multi,6,False
2428,multi_train,multi,3,True
2429,multi_train,multi,1,True
2430,multi_train,multi,2,True
2431,multi_train,multi,1,True
2419,multi_train,multi,2,True
2420,multi_train,multi,1,True
2421,multi_train,multi,5,False
2422,multi_train,multi,3,True
2423,multi_train,multi,3,True
2425,multi_train,multi,2,True
2426,multi_train,multi,2,True
1199,multi_train,multi,2,True
1200,multi_train,multi,1,True
1201,multi_train,multi,3,True
3923,multi_train,multi,2,True
3924,multi_train,multi,2,True
3925,multi_train,multi,19,False
4524,multi_train,multi,4,False
4525,multi_train,multi,1,True
4526,multi_train,multi,8,False
556,multi_train,multi,1,True
557,multi_train,multi,3,True
558,multi_train,multi,2,True
559,multi_train,multi,2,True
560,multi_train,multi,2,True
561,multi_train,multi,1,True
562,multi_train,multi,2,True
563,multi_train,multi,2,True
564,multi_train,multi,2,True
565,multi_train,multi,2,True
566,multi_train,multi,1,True
1087,multi_train,multi,6,False
1088,multi_train,multi,6,False
1089,multi_train,multi,6,False
1090,multi_train,multi,1,True
7019,multi_train,multi,1,True
7021,multi_train,multi,7,False
7017,multi_train,multi,17,False
7123,multi_train,multi,15,False
7350,multi_train,multi,1,True
7351,multi_train,multi,1,True
7352,multi_train,multi,1,True
7353,multi_train,multi,2,True
7354,multi_train,multi,2,True
435,multi_train,multi,1,True
436,multi_train,multi,1,True
437,multi_train,multi,4,False
438,multi_train,multi,3,True
439,multi_train,multi,7,False
5283,multi_train,multi,5,False
5284,multi_train,multi,1,True
5285,multi_train,multi,4,False
5286,multi_train,multi,2,True
5287,multi_train,multi,1,True
4600,multi_train,multi,12,False
4601,multi_train,multi,7,False
4711,multi_train,multi,2,True
4712,multi_train,multi,1,True
4713,multi_train,multi,6,False
4714,multi_train,multi,20,False
4068,multi_train,multi,3,True
4069,multi_train,multi,2,True
4770,multi_train,multi,7,False
7729,multi_train,multi,4,False
7730,multi_train,multi,1,True
7731,multi_train,multi,1,True
7732,multi_train,multi,2,True
7733,multi_train,multi,1,True
7734,multi_train,multi,1,True
9230,multi_train,multi,2,True
9231,multi_train,multi,1,True
9232,multi_train,multi,1,True
9237,multi_train,multi,2,True
9238,multi_train,multi,2,True
9240,multi_train,multi,1,True
9234,multi_train,multi,2,True
9235,multi_train,multi,1,True
9236,multi_train,multi,5,False
1051,multi_train,multi,4,False
1920,multi_train,multi,1,True
1921,multi_train,multi,1,True
1922,multi_train,multi,1,True
1924,multi_train,multi,3,True
4572,multi_train,multi,2,True
4573,multi_train,multi,1,True
4574,multi_train,multi,1,True
4575,multi_train,multi,12,False
8192,multi_train,multi,1,True
8193,multi_train,multi,9,False
8194,multi_train,multi,7,False
8195,multi_train,multi,10,False
2371,multi_train,multi,32,False
2372,multi_train,multi,1,True
5340,multi_train,multi,8,False
5341,multi_train,multi,12,False
5343,multi_train,multi,1,True
6409,multi_train,multi,3,True
6359,multi_train,multi,4,False
1421,multi_train,multi,2,True
1422,multi_train,multi,4,False
8001,multi_train,multi,2,True
8002,multi_train,multi,1,True
2120,multi_train,multi,5,False
5446,multi_train,multi,20,False
5447,multi_train,multi,1,True
7296,multi_train,multi,1,True
7297,multi_train,multi,3,True
7299,multi_train,multi,5,False
7301,multi_train,multi,1,True
7302,multi_train,multi,14,False
2940,multi_train,multi,1,True
2941,multi_train,multi,2,True
2942,multi_train,multi,2,True
2324,multi_train,multi,4,False
2325,multi_train,multi,2,True
2327,multi_train,multi,5,False
5682,multi_train,multi,4,False
7878,multi_train,multi,6,False
7879,multi_train,multi,1,True
7881,multi_train,multi,16,False
3806,multi_train,multi,16,False
3807,multi_train,multi,6,False
3808,multi_train,multi,3,True
3809,multi_train,multi,2,True
3802,multi_train,multi,4,False
3803,multi_train,multi,26,False
206,multi_train,multi,1,True
207,multi_train,multi,26,False
713,multi_train,multi,2,True
714,multi_train,multi,2,True
715,multi_train,multi,1,True
716,multi_train,multi,1,True
717,multi_train,multi,4,False
718,multi_train,multi,2,True
719,multi_train,multi,5,False
720,multi_train,multi,16,False
2247,multi_train,multi,4,False
2249,multi_train,multi,1,True
2250,multi_train,multi,8,False
2251,multi_train,multi,1,True
502,multi_train,multi,1,True
495,multi_train,multi,6,False
6884,multi_train,multi,4,False
6885,multi_train,multi,5,False
6887,multi_train,multi,10,False
7646,multi_train,multi,4,False
7647,multi_train,multi,40,False
7649,multi_train,multi,7,False
785,multi_train,multi,8,False
786,multi_train,multi,2,True
787,multi_train,multi,2,True
788,multi_train,multi,3,True
789,multi_train,multi,1,True
555,multi_train,multi,2,True
553,multi_train,multi,1,True
549,multi_train,multi,2,True
548,multi_train,multi,7,False
550,multi_train,multi,1,True
551,multi_train,multi,1,True
543,multi_train,multi,3,True
544,multi_train,multi,2,True
545,multi_train,multi,1,True
546,multi_train,multi,3,True
542,multi_train,multi,1,True
9369,multi_train,multi,4,False
9370,multi_train,multi,9,False
9371,multi_train,multi,1,True
9372,multi_train,multi,2,True
9366,multi_train,multi,1,True
9367,multi_train,multi,3,True
9368,multi_train,multi,4,False
9373,multi_train,multi,1,True
9374,multi_train,multi,4,False
6510,multi_train,multi,2,True
6511,multi_train,multi,2,True
2263,multi_train,multi,5,False
6198,multi_train,multi,1,True
6199,multi_train,multi,4,False
6200,multi_train,multi,4,False
6507,multi_train,multi,2,True
80,multi_train,multi,1,True
81,multi_train,multi,1,True
82,multi_train,multi,6,False
83,multi_train,multi,2,True
84,multi_train,multi,2,True
85,multi_train,multi,2,True
91,multi_train,multi,2,True
93,multi_train,multi,1,True
94,multi_train,multi,6,False
92,multi_train,multi,2,True
77,multi_train,multi,1,True
79,multi_train,multi,2,True
78,multi_train,multi,2,True
86,multi_train,multi,6,False
87,multi_train,multi,1,True
88,multi_train,multi,2,True
89,multi_train,multi,6,False
90,multi_train,multi,2,True
73,multi_train,multi,1,True
74,multi_train,multi,6,False
75,multi_train,multi,1,True
76,multi_train,multi,2,True
72,multi_train,multi,2,True
3916,multi_train,multi,1,True
3917,multi_train,multi,2,True
3918,multi_train,multi,2,True
647,multi_train,multi,1,True
648,multi_train,multi,2,True
640,multi_train,multi,13,False
641,multi_train,multi,2,True
643,multi_train,multi,13,False
644,multi_train,multi,2,True
646,multi_train,multi,2,True
2208,multi_train,multi,2,True
2404,multi_train,multi,6,False
1309,multi_train,multi,2,True
1310,multi_train,multi,6,False
1311,multi_train,multi,1,True
1312,multi_train,multi,6,False
1313,multi_train,multi,4,False
5101,multi_train,multi,1,True
5103,multi_train,multi,2,True
5104,multi_train,multi,4,False
5105,multi_train,multi,4,False
5090,multi_train,multi,1,True
5091,multi_train,multi,4,False
5092,multi_train,multi,1,True
5093,multi_train,multi,4,False
5094,multi_train,multi,3,True
5095,multi_train,multi,1,True
5096,multi_train,multi,8,False
5098,multi_train,multi,8,False
5099,multi_train,multi,6,False
5100,multi_train,multi,8,False
5713,multi_train,multi,4,False
5715,multi_train,multi,7,False
4839,multi_train,multi,2,True
4840,multi_train,multi,2,True
4841,multi_train,multi,1,True
4842,multi_train,multi,2,True
4843,multi_train,multi,2,True
4306,multi_train,multi,3,True
9394,multi_train,multi,4,False
9395,multi_train,multi,1,True
9396,multi_train,multi,2,True
9397,multi_train,multi,1,True
9398,multi_train,multi,2,True
9399,multi_train,multi,2,True
7332,multi_train,multi,1,True
7333,multi_train,multi,6,False
7334,multi_train,multi,15,False
8394,multi_train,multi,1,True
8395,multi_train,multi,2,True
8396,multi_train,multi,2,True
8397,multi_train,multi,2,True
3597,multi_train,multi,1,True
3589,multi_train,multi,1,True
3590,multi_train,multi,1,True
3591,multi_train,multi,2,True
3592,multi_train,multi,3,True
3593,multi_train,multi,1,True
3586,multi_train,multi,1,True
3587,multi_train,multi,2,True
3588,multi_train,multi,2,True
7690,multi_train,multi,6,False
2006,multi_train,multi,2,True
7490,multi_train,multi,4,False
7492,multi_train,multi,1,True
7493,multi_train,multi,2,True
9155,multi_train,multi,4,False
9157,multi_train,multi,3,True
9158,multi_train,multi,4,False
9159,multi_train,multi,4,False
9161,multi_train,multi,4,False
9151,multi_train,multi,3,True
9152,multi_train,multi,3,True
9153,multi_train,multi,4,False
9154,multi_train,multi,1,True
8127,multi_train,multi,34,False
8128,multi_train,multi,1,True
8129,multi_train,multi,6,False
2098,multi_train,multi,2,True
4706,multi_train,multi,1,True
4707,multi_train,multi,2,True
4708,multi_train,multi,13,False
4709,multi_train,multi,6,False
4710,multi_train,multi,1,True
6682,multi_train,multi,2,True
6683,multi_train,multi,8,False
5888,multi_train,multi,1,True
5889,multi_train,multi,1,True
5890,multi_train,multi,3,True
5891,multi_train,multi,4,False
5892,multi_train,multi,1,True
8490,multi_train,multi,23,False
8492,multi_train,multi,24,False
8494,multi_train,multi,25,False
8495,multi_train,multi,35,False
8498,multi_train,multi,35,False
1705,multi_train,multi,2,True
1706,multi_train,multi,1,True
1707,multi_train,multi,4,False
6160,multi_train,multi,2,True
6161,multi_train,multi,2,True
6163,multi_train,multi,3,True
5364,multi_train,multi,3,True
5365,multi_train,multi,3,True
7745,multi_train,multi,2,True
7746,multi_train,multi,2,True
7747,multi_train,multi,1,True
1382,multi_train,multi,6,False
1383,multi_train,multi,1,True
1384,multi_train,multi,1,True
1385,multi_train,multi,5,False
1386,multi_train,multi,6,False
1387,multi_train,multi,1,True
1364,multi_train,multi,2,True
1366,multi_train,multi,4,False
1367,multi_train,multi,25,False
5956,multi_train,multi,2,True
5958,multi_train,multi,2,True
5959,multi_train,multi,6,False
5960,multi_train,multi,2,True
5962,multi_train,multi,1,True
5964,multi_train,multi,2,True
5952,multi_train,multi,2,True
5954,multi_train,multi,1,True
738,multi_train,multi,1,True
739,multi_train,multi,2,True
735,multi_train,multi,4,False
736,multi_train,multi,1,True
5449,multi_train,multi,4,False
7902,multi_train,multi,4,False
7903,multi_train,multi,9,False
7904,multi_train,multi,11,False
948,multi_train,multi,2,True
949,multi_train,multi,6,False
950,multi_train,multi,1,True
951,multi_train,multi,5,False
952,multi_train,multi,2,True
9103,multi_train,multi,3,True
9105,multi_train,multi,1,True
9092,multi_train,multi,2,True
9093,multi_train,multi,2,True
9094,multi_train,multi,1,True
9098,multi_train,multi,2,True
9101,multi_train,multi,2,True
9099,multi_train,multi,2,True
8600,multi_train,multi,2,True
8601,multi_train,multi,2,True
8602,multi_train,multi,2,True
8603,multi_train,multi,1,True
2346,multi_train,multi,6,False
2347,multi_train,multi,6,False
2348,multi_train,multi,1,True
2349,multi_train,multi,6,False
2351,multi_train,multi,6,False
2352,multi_train,multi,6,False
2353,multi_train,multi,1,True
2354,multi_train,multi,6,False
489,multi_train,multi,8,False
2333,multi_train,multi,16,False
2334,multi_train,multi,2,True
2335,multi_train,multi,1,True
3480,multi_train,multi,8,False
3487,multi_train,multi,6,False
3489,multi_train,multi,6,False
3490,multi_train,multi,6,False
3491,multi_train,multi,7,False
3484,multi_train,multi,6,False
3485,multi_train,multi,1,True
4155,multi_train,multi,5,False
1229,multi_train,multi,1,True
1231,multi_train,multi,2,True
45,multi_train,multi,2,True
46,multi_train,multi,4,False
47,multi_train,multi,1,True
48,multi_train,multi,1,True
5471,multi_train,multi,2,True
3736,multi_train,multi,1,True
3737,multi_train,multi,8,False
6609,multi_train,multi,1,True
6611,multi_train,multi,2,True
6612,multi_train,multi,2,True
99,multi_train,multi,17,False
101,multi_train,multi,18,False
5933,multi_train,multi,1,True
5934,multi_train,multi,3,True
5935,multi_train,multi,3,True
5936,multi_train,multi,2,True
5937,multi_train,multi,1,True
6072,multi_train,multi,43,False
6073,multi_train,multi,8,False
6074,multi_train,multi,1,True
1671,multi_train,multi,2,True
1673,multi_train,multi,2,True
4308,multi_train,multi,1,True
8333,multi_train,multi,2,True
8334,multi_train,multi,4,False
8335,multi_train,multi,1,True
9413,multi_train,multi,4,False
9414,multi_train,multi,1,True
9415,multi_train,multi,4,False
9416,multi_train,multi,2,True
9417,multi_train,multi,2,True
8827,multi_train,multi,2,True
8829,multi_train,multi,2,True
8830,multi_train,multi,1,True
8822,multi_train,multi,1,True
8823,multi_train,multi,1,True
8824,multi_train,multi,2,True
8825,multi_train,multi,2,True
8165,multi_train,multi,8,False
8167,multi_train,multi,1,True
8168,multi_train,multi,8,False
8169,multi_train,multi,5,False
6947,multi_train,multi,1,True
6948,multi_train,multi,1,True
6949,multi_train,multi,1,True
6950,multi_train,multi,2,True
6951,multi_train,multi,6,False
3334,multi_train,multi,2,True
3336,multi_train,multi,1,True
3330,multi_train,multi,26,False
3331,multi_train,multi,11,False
3337,multi_train,multi,8,False
3338,multi_train,multi,2,True
3339,multi_train,multi,2,True
3340,multi_train,multi,2,True
6844,multi_train,multi,6,False
6845,multi_train,multi,5,False
6846,multi_train,multi,6,False
6847,multi_train,multi,1,True
6848,multi_train,multi,6,False
1165,multi_train,multi,1,True
1166,multi_train,multi,3,True
1167,multi_train,multi,3,True
5629,multi_train,multi,30,False
5630,multi_train,multi,7,False
5631,multi_train,multi,1,True
1823,multi_train,multi,1,True
1824,multi_train,multi,3,True
1826,multi_train,multi,2,True
1827,multi_train,multi,2,True
8170,multi_train,multi,1,True
8171,multi_train,multi,2,True
8173,multi_train,multi,2,True
8174,multi_train,multi,1,True
5583,multi_train,multi,3,True
5584,multi_train,multi,2,True
5585,multi_train,multi,1,True
2693,multi_train,multi,5,False
2694,multi_train,multi,6,False
2695,multi_train,multi,5,False
2696,multi_train,multi,1,True
2697,multi_train,multi,6,False
2701,multi_train,multi,6,False
2703,multi_train,multi,1,True
7806,multi_train,multi,33,False
7824,multi_train,multi,1,True
7826,multi_train,multi,4,False
254,multi_train,multi,6,False
5159,multi_train,multi,1,True
5161,multi_train,multi,2,True
5164,multi_train,multi,12,False
1647,multi_train,multi,2,True
4798,multi_train,multi,3,True
3230,multi_train,multi,3,True
3232,multi_train,multi,4,False
3233,multi_train,multi,3,True
3222,multi_train,multi,4,False
3224,multi_train,multi,4,False
106,multi_train,multi,1,True
9276,multi_train,multi,2,True
9277,multi_train,multi,8,False
9278,multi_train,multi,1,True
9282,multi_train,multi,4,False
9283,multi_train,multi,1,True
9284,multi_train,multi,2,True
9285,multi_train,multi,2,True
9279,multi_train,multi,1,True
9280,multi_train,multi,2,True
9281,multi_train,multi,2,True
6964,multi_train,multi,4,False
6965,multi_train,multi,2,True
6966,multi_train,multi,4,False
8222,multi_train,multi,4,False
8223,multi_train,multi,3,True
8224,multi_train,multi,1,True
8225,multi_train,multi,3,True
8858,multi_test,multi,2,True
8859,multi_test,multi,1,True
8860,multi_test,multi,2,True
8081,multi_test,multi,23,False
6038,multi_test,multi,1,True
6039,multi_test,multi,2,True
7416,multi_test,multi,4,False
1249,multi_test,multi,1,True
1250,multi_test,multi,2,True
1251,multi_test,multi,2,True
1252,multi_test,multi,2,True
7816,multi_test,multi,9,False
7817,multi_test,multi,14,False
7819,multi_test,multi,1,True
8311,multi_test,multi,1,True
8312,multi_test,multi,2,True
8313,multi_test,multi,1,True
8314,multi_test,multi,2,True
1033,multi_test,multi,2,True
1031,multi_test,multi,7,False
6194,multi_test,multi,1,True
6195,multi_test,multi,3,True
2469,multi_test,multi,2,True
2470,multi_test,multi,5,False
2473,multi_test,multi,2,True
2474,multi_test,multi,6,False
2475,multi_test,multi,1,True
5918,multi_test,multi,2,True
5919,multi_test,multi,2,True
5920,multi_test,multi,1,True
5921,multi_test,multi,1,True
5914,multi_test,multi,2,True
5296,multi_test,multi,4,False
5297,multi_test,multi,1,True
6576,multi_test,multi,7,False
6578,multi_test,multi,4,False
4376,multi_test,multi,7,False
4378,multi_test,multi,8,False
4379,multi_test,multi,3,True
4405,multi_test,multi,12,False
4406,multi_test,multi,1,True
4407,multi_test,multi,4,False
4408,multi_test,multi,1,True
631,multi_test,multi,2,True
634,multi_test,multi,2,True
626,multi_test,multi,2,True
627,multi_test,multi,1,True
629,multi_test,multi,2,True
630,multi_test,multi,1,True
628,multi_test,multi,1,True
635,multi_test,multi,1,True
636,multi_test,multi,2,True
638,multi_test,multi,1,True
6579,multi_test,multi,9,False
6580,multi_test,multi,2,True
9499,multi_test,multi,2,True
9501,multi_test,multi,1,True
9502,multi_test,multi,1,True
9500,multi_test,multi,1,True
9503,multi_test,multi,1,True
7408,multi_test,multi,5,False
1660,multi_test,multi,2,True
1661,multi_test,multi,1,True
1662,multi_test,multi,2,True
6863,multi_test,multi,3,True
1606,multi_test,multi,1,True
1202,multi_test,multi,2,True
1203,multi_test,multi,1,True
1204,multi_test,multi,4,False
1206,multi_test,multi,4,False
1205,multi_test,multi,7,False
383,multi_test,multi,6,False
384,multi_test,multi,1,True
385,multi_test,multi,4,False
386,multi_test,multi,4,False
8122,multi_test,multi,14,False
1002,multi_test,multi,19,False
1003,multi_test,multi,23,False
1004,multi_test,multi,32,False
1006,multi_test,multi,2,True
5512,multi_test,multi,4,False
5514,multi_test,multi,16,False
5644,multi_test,multi,4,False
1473,multi_test,multi,24,False
1474,multi_test,multi,16,False
8711,multi_test,multi,1,True
8712,multi_test,multi,1,True
8713,multi_test,multi,2,True
8714,multi_test,multi,2,True
8715,multi_test,multi,2,True
8707,multi_test,multi,2,True
8708,multi_test,multi,2,True
8709,multi_test,multi,1,True
8710,multi_test,multi,2,True
8704,multi_test,multi,2,True
8706,multi_test,multi,2,True
4141,multi_test,multi,4,False
4142,multi_test,multi,10,False
4497,multi_test,multi,3,True
4498,multi_test,multi,1,True
4499,multi_test,multi,4,False
6468,multi_test,multi,32,False
6471,multi_test,multi,33,False
6472,multi_test,multi,34,False
6473,multi_test,multi,29,False
4753,multi_test,multi,16,False
4754,multi_test,multi,6,False
4755,multi_test,multi,1,True
6482,multi_test,multi,4,False
6483,multi_test,multi,1,True
8053,multi_test,multi,6,False
8054,multi_test,multi,1,True
8055,multi_test,multi,4,False
8056,multi_test,multi,6,False
8057,multi_test,multi,1,True
2691,multi_test,multi,2,True
6062,multi_test,multi,30,False
6063,multi_test,multi,1,True
6066,multi_test,multi,19,False
9418,multi_test,multi,1,True
9419,multi_test,multi,2,True
9420,multi_test,multi,2,True
8031,multi_test,multi,1,True
8032,multi_test,multi,27,False
8034,multi_test,multi,1,True
2399,multi_test,multi,8,False
9535,multi_test,multi,1,True
9536,multi_test,multi,4,False
9537,multi_test,multi,2,True
2718,multi_test,multi,3,True
2719,multi_test,multi,1,True
2720,multi_test,multi,4,False
2725,multi_test,multi,1,True
2726,multi_test,multi,5,False
2722,multi_test,multi,1,True
2723,multi_test,multi,2,True
2724,multi_test,multi,8,False
1512,multi_test,multi,2,True
1513,multi_test,multi,1,True
1514,multi_test,multi,2,True
1516,multi_test,multi,10,False
5206,multi_test,multi,6,False
5207,multi_test,multi,1,True
5208,multi_test,multi,3,True
6977,multi_test,multi,1,True
4475,multi_test,multi,7,False
4477,multi_test,multi,1,True
5565,multi_test,multi,4,False
5566,multi_test,multi,1,True
5567,multi_test,multi,4,False
7176,multi_test,multi,3,True
7177,multi_test,multi,5,False
7178,multi_test,multi,5,False
7168,multi_test,multi,1,True
7169,multi_test,multi,3,True
7170,multi_test,multi,2,True
7171,multi_test,multi,4,False
7172,multi_test,multi,6,False
7175,multi_test,multi,2,True
2105,multi_test,multi,1,True
2107,multi_test,multi,4,False
3657,multi_test,multi,1,True
3658,multi_test,multi,5,False
7797,multi_test,multi,6,False
6326,multi_test,multi,6,False
6328,multi_test,multi,3,True
2086,multi_test,multi,1,True
2087,multi_test,multi,6,False
2088,multi_test,multi,2,True
677,multi_test,multi,2,True
678,multi_test,multi,4,False
679,multi_test,multi,1,True
680,multi_test,multi,3,True
681,multi_test,multi,1,True
2770,multi_test,multi,4,False
2772,multi_test,multi,1,True
2773,multi_test,multi,7,False
2779,multi_test,multi,1,True
2780,multi_test,multi,6,False
2781,multi_test,multi,4,False
2774,multi_test,multi,1,True
2775,multi_test,multi,2,True
2776,multi_test,multi,2,True
2777,multi_test,multi,1,True
2778,multi_test,multi,4,False
4517,multi_test,multi,21,False
3662,multi_test,multi,4,False
3663,multi_test,multi,3,True
9490,multi_test,multi,2,True
9492,multi_test,multi,1,True
9493,multi_test,multi,2,True
9494,multi_test,multi,2,True
9491,multi_test,multi,2,True
9498,multi_test,multi,4,False
9496,multi_test,multi,1,True
9497,multi_test,multi,2,True
9487,multi_test,multi,1,True
9488,multi_test,multi,2,True
9489,multi_test,multi,2,True
2253,multi_test,multi,4,False
2255,multi_test,multi,1,True
2256,multi_test,multi,1,True
466,multi_test,multi,11,False
467,multi_test,multi,8,False
8291,multi_test,multi,2,True
8292,multi_test,multi,2,True
8293,multi_test,multi,1,True
8294,multi_test,multi,1,True
8295,multi_test,multi,4,False
8220,multi_test,multi,22,False
3741,multi_test,multi,2,True
3742,multi_test,multi,1,True
3743,multi_test,multi,28,False
7445,multi_test,multi,1,True
7446,multi_test,multi,1,True
2166,multi_test,multi,3,True
2168,multi_test,multi,2,True
6223,multi_test,multi,1,True
6224,multi_test,multi,2,True
6225,multi_test,multi,10,False
6226,multi_test,multi,14,False
7478,multi_test,multi,6,False
6956,multi_test,multi,2,True
6957,multi_test,multi,1,True
2801,multi_test,multi,3,True
2803,multi_test,multi,2,True
4362,multi_test,multi,7,False
4363,multi_test,multi,1,True
4364,multi_test,multi,7,False
4365,multi_test,multi,2,True
5232,multi_test,multi,2,True
1687,multi_test,multi,2,True
1688,multi_test,multi,1,True
1689,multi_test,multi,2,True
1690,multi_test,multi,1,True
9545,multi_test,multi,2,True
9546,multi_test,multi,1,True
9547,multi_test,multi,2,True
9548,multi_test,multi,2,True
9544,multi_test,multi,1,True
7883,multi_test,multi,11,False
7884,multi_test,multi,28,False
5990,multi_test,multi,1,True
5991,multi_test,multi,1,True
5992,multi_test,multi,3,True
5993,multi_test,multi,2,True
1755,multi_test,multi,1,True
1757,multi_test,multi,6,False
6918,multi_test,multi,1,True
6919,multi_test,multi,12,False
6705,multi_test,multi,18,False
795,multi_test,multi,18,False
796,multi_test,multi,2,True
797,multi_test,multi,5,False
798,multi_test,multi,4,False
799,multi_test,multi,5,False
790,multi_test,multi,15,False
791,multi_test,multi,5,False
792,multi_test,multi,13,False
793,multi_test,multi,2,True
7039,multi_test,multi,4,False
7040,multi_test,multi,6,False
7041,multi_test,multi,25,False
7043,multi_test,multi,5,False
7430,multi_test,multi,1,True
7431,multi_test,multi,2,True
7432,multi_test,multi,2,True
7591,multi_test,multi,1,True
7592,multi_test,multi,2,True
7593,multi_test,multi,1,True
2754,multi_test,multi,4,False
2755,multi_test,multi,8,False
2756,multi_test,multi,1,True
2757,multi_test,multi,8,False
2758,multi_test,multi,2,True
2759,multi_test,multi,2,True
7319,multi_test,multi,2,True
7320,multi_test,multi,2,True
7321,multi_test,multi,1,True
7315,multi_test,multi,1,True
7316,multi_test,multi,2,True
7317,multi_test,multi,3,True
7318,multi_test,multi,2,True
7322,multi_test,multi,1,True
7323,multi_test,multi,1,True
7324,multi_test,multi,2,True
2069,multi_test,multi,2,True
2070,multi_test,multi,1,True
2071,multi_test,multi,2,True
4073,multi_test,multi,34,False
4074,multi_test,multi,1,True
4075,multi_test,multi,1,True
4261,multi_test,multi,2,True
4262,multi_test,multi,1,True
4263,multi_test,multi,6,False
4264,multi_test,multi,2,True
4265,multi_test,multi,6,False
4266,multi_test,multi,1,True
4267,multi_test,multi,4,False
4268,multi_test,multi,1,True
4269,multi_test,multi,2,True
4270,multi_test,multi,5,False
4259,multi_test,multi,9,False
4260,multi_test,multi,4,False
1684,multi_test,multi,2,True
1685,multi_test,multi,1,True
4178,multi_test,multi,11,False
4179,multi_test,multi,1,True
4180,multi_test,multi,18,False
4181,multi_test,multi,2,True
6921,multi_test,multi,7,False
6922,multi_test,multi,10,False
6923,multi_test,multi,1,True
5154,multi_test,multi,1,True
5155,multi_test,multi,1,True
5156,multi_test,multi,4,False
5157,multi_test,multi,8,False
5158,multi_test,multi,4,False
5145,multi_test,multi,4,False
5147,multi_test,multi,2,True
5148,multi_test,multi,1,True
5150,multi_test,multi,4,False
5151,multi_test,multi,1,True
5152,multi_test,multi,4,False
5153,multi_test,multi,6,False
9273,multi_test,multi,4,False
9274,multi_test,multi,1,True
9275,multi_test,multi,2,True
9241,multi_test,multi,1,True
9242,multi_test,multi,23,False
9243,multi_test,multi,20,False
1114,multi_test,multi,2,True
1115,multi_test,multi,4,False
1116,multi_test,multi,2,True
9444,multi_test,multi,1,True
9445,multi_test,multi,2,True
9446,multi_test,multi,2,True
9447,multi_test,multi,2,True
9448,multi_test,multi,2,True
891,multi_test,multi,1,True
892,multi_test,multi,4,False
893,multi_test,multi,1,True
894,multi_test,multi,4,False
3145,multi_test,multi,6,False
3146,multi_test,multi,7,False
3147,multi_test,multi,1,True
3148,multi_test,multi,5,False
3149,multi_test,multi,6,False
3150,multi_test,multi,1,True
8269,multi_test,multi,1,True
8270,multi_test,multi,1,True
8271,multi_test,multi,21,False
2235,multi_test,multi,1,True
2236,multi_test,multi,6,False
2238,multi_test,multi,17,False
2239,multi_test,multi,12,False
2240,multi_test,multi,6,False
7754,multi_test,multi,11,False
7755,multi_test,multi,7,False
7756,multi_test,multi,10,False
365,multi_test,multi,3,True
745,multi_test,multi,1,True
746,multi_test,multi,1,True
747,multi_test,multi,2,True
740,multi_test,multi,1,True
741,multi_test,multi,15,False
742,multi_test,multi,2,True
743,multi_test,multi,7,False
744,multi_test,multi,2,True
749,multi_test,multi,2,True
750,multi_test,multi,1,True
748,multi_test,multi,2,True
7612,multi_test,multi,20,False
7614,multi_test,multi,1,True
1939,multi_test,multi,4,False
1940,multi_test,multi,1,True
1943,multi_test,multi,4,False
6417,multi_test,multi,2,True
4137,multi_test,multi,1,True
4138,multi_test,multi,5,False
6784,multi_test,multi,2,True
6785,multi_test,multi,1,True
6786,multi_test,multi,11,False
6788,multi_test,multi,1,True
6789,multi_test,multi,3,True
6869,multi_test,multi,17,False
3216,multi_test,multi,1,True
3217,multi_test,multi,6,False
3212,multi_test,multi,6,False
3213,multi_test,multi,5,False
3214,multi_test,multi,6,False
3215,multi_test,multi,5,False
3218,multi_test,multi,2,True
3219,multi_test,multi,6,False
3220,multi_test,multi,1,True
6186,multi_test,multi,2,True
881,multi_test,multi,8,False
882,multi_test,multi,8,False
883,multi_test,multi,7,False
884,multi_test,multi,11,False
4355,multi_test,multi,1,True
4356,multi_test,multi,16,False
4357,multi_test,multi,2,True
4358,multi_test,multi,3,True
1358,multi_test,multi,6,False
1359,multi_test,multi,1,True
6030,multi_test,multi,1,True
6031,multi_test,multi,4,False
6032,multi_test,multi,6,False
6033,multi_test,multi,5,False
6034,multi_test,multi,1,True
6035,multi_test,multi,12,False
6036,multi_test,multi,1,True
6037,multi_test,multi,6,False
6024,multi_test,multi,6,False
6025,multi_test,multi,1,True
6026,multi_test,multi,6,False
6027,multi_test,multi,5,False
6028,multi_test,multi,6,False
5212,multi_test,multi,3,True
7886,multi_test,multi,2,True
7887,multi_test,multi,2,True
7888,multi_test,multi,1,True
327,multi_test,multi,2,True
328,multi_test,multi,2,True
329,multi_test,multi,1,True
330,multi_test,multi,2,True
8815,multi_test,multi,4,False
8817,multi_test,multi,1,True
8818,multi_test,multi,2,True
2713,multi_test,multi,1,True
2714,multi_test,multi,1,True
2715,multi_test,multi,6,False
2716,multi_test,multi,1,True
2717,multi_test,multi,2,True
2705,multi_test,multi,6,False
2706,multi_test,multi,1,True
2707,multi_test,multi,7,False
2708,multi_test,multi,7,False
2710,multi_test,multi,6,False
2711,multi_test,multi,2,True
2712,multi_test,multi,1,True
6655,multi_test,multi,18,False
6657,multi_test,multi,1,True
3985,multi_test,multi,15,False
4118,multi_test,multi,1,True
4119,multi_test,multi,1,True
1073,multi_test,multi,1,True
1074,multi_test,multi,5,False
1075,multi_test,multi,2,True
1072,multi_test,multi,1,True
4366,multi_test,multi,1,True
4367,multi_test,multi,7,False
4368,multi_test,multi,12,False
1018,multi_test,multi,6,False
1019,multi_test,multi,1,True
1020,multi_test,multi,1,True
9527,multi_test,multi,2,True
9528,multi_test,multi,2,True
9529,multi_test,multi,1,True
3907,multi_test,multi,2,True
8187,multi_test,multi,4,False
8189,multi_test,multi,31,False
8190,multi_test,multi,19,False
8191,multi_test,multi,1,True
2131,multi_test,multi,1,True
2132,multi_test,multi,2,True
2133,multi_test,multi,3,True
1623,multi_test,multi,11,False
1624,multi_test,multi,2,True
1625,multi_test,multi,10,False
9339,multi_test,multi,8,False
9340,multi_test,multi,1,True
9335,multi_test,multi,2,True
9336,multi_test,multi,1,True
9337,multi_test,multi,1,True
9338,multi_test,multi,8,False
9332,multi_test,multi,1,True
9333,multi_test,multi,2,True
9334,multi_test,multi,1,True
3935,multi_test,multi,2,True
3936,multi_test,multi,1,True
3939,multi_test,multi,2,True
4702,multi_test,multi,8,False
4703,multi_test,multi,1,True
4704,multi_test,multi,11,False
4705,multi_test,multi,4,False
7558,multi_test,multi,2,True
7559,multi_test,multi,1,True
7561,multi_test,multi,2,True
1656,multi_test,multi,1,True
1657,multi_test,multi,6,False
1658,multi_test,multi,8,False
8799,multi_test,multi,1,True
8800,multi_test,multi,4,False
8802,multi_test,multi,4,False
8796,multi_test,multi,4,False
8797,multi_test,multi,7,False
8798,multi_test,multi,4,False
8793,multi_test,multi,1,True
8794,multi_test,multi,4,False
8795,multi_test,multi,4,False
8150,multi_test,multi,6,False
8152,multi_test,multi,1,True
524,multi_test,multi,2,True
525,multi_test,multi,1,True
527,multi_test,multi,1,True
528,multi_test,multi,1,True
519,multi_test,multi,1,True
520,multi_test,multi,2,True
522,multi_test,multi,2,True
518,multi_test,multi,2,True
516,multi_test,multi,3,True
517,multi_test,multi,1,True
8853,multi_test,multi,17,False
8854,multi_test,multi,1,True
8855,multi_test,multi,23,False
8850,multi_test,multi,5,False
8857,multi_test,multi,22,False
2935,multi_test,multi,1,True
2936,multi_test,multi,2,True
2937,multi_test,multi,1,True
2938,multi_test,multi,3,True
2939,multi_test,multi,9,False
6524,multi_test,multi,1,True
5061,multi_test,multi,7,False
5055,multi_test,multi,1,True
5056,multi_test,multi,2,True
5057,multi_test,multi,4,False
5058,multi_test,multi,11,False
2171,multi_test,multi,6,False
2173,multi_test,multi,1,True
4666,multi_test,multi,2,True
4667,multi_test,multi,1,True
4668,multi_test,multi,2,True
4669,multi_test,multi,14,False
9518,multi_test,multi,1,True
9519,multi_test,multi,2,True
9516,multi_test,multi,1,True
9517,multi_test,multi,2,True
9513,multi_test,multi,2,True
9514,multi_test,multi,1,True
9515,multi_test,multi,2,True
7587,multi_test,multi,1,True
7588,multi_test,multi,2,True
7589,multi_test,multi,4,False
7590,multi_test,multi,4,False
7066,multi_test,multi,4,False
7067,multi_test,multi,4,False
7069,multi_test,multi,1,True
7070,multi_test,multi,2,True
7071,multi_test,multi,4,False
7072,multi_test,multi,2,True
7073,multi_test,multi,6,False
7074,multi_test,multi,2,True
7778,multi_test,multi,2,True
7779,multi_test,multi,1,True
7780,multi_test,multi,1,True
7781,multi_test,multi,2,True
7782,multi_test,multi,1,True
1995,multi_test,multi,6,False
6275,multi_test,multi,6,False
6277,multi_test,multi,2,True
153,multi_test,multi,3,True
154,multi_test,multi,2,True
155,multi_test,multi,6,False
157,multi_test,multi,1,True
6634,multi_test,multi,22,False
6635,multi_test,multi,20,False
6636,multi_test,multi,25,False
5610,multi_test,multi,1,True
5611,multi_test,multi,8,False
5612,multi_test,multi,10,False
5613,multi_test,multi,8,False
5614,multi_test,multi,2,True
5615,multi_test,multi,8,False
2284,multi_test,multi,2,True
2285,multi_test,multi,2,True
2286,multi_test,multi,1,True
2287,multi_test,multi,1,True
2288,multi_test,multi,6,False
2289,multi_test,multi,1,True
2156,multi_test,multi,3,True
2157,multi_test,multi,1,True
2160,multi_test,multi,2,True
2161,multi_test,multi,1,True
1039,multi_test,multi,2,True
1041,multi_test,multi,8,False
1042,multi_test,multi,7,False
1043,multi_test,multi,7,False
1040,multi_test,multi,1,True
196,multi_test,multi,1,True
209,multi_test,multi,1,True
210,multi_test,multi,2,True
4697,multi_test,multi,5,False
4698,multi_test,multi,15,False
4699,multi_test,multi,14,False
4700,multi_test,multi,2,True
4701,multi_test,multi,1,True
6543,multi_test,multi,1,True
962,multi_test,multi,5,False
963,multi_test,multi,2,True
6122,multi_test,multi,2,True
6126,multi_test,multi,4,False
7998,multi_test,multi,18,False
8000,multi_test,multi,1,True
7376,multi_test,multi,24,False
7377,multi_test,multi,22,False
7378,multi_test,multi,11,False
1126,multi_test,multi,6,False
7965,multi_test,multi,1,True
1479,multi_test,multi,2,True
1480,multi_test,multi,1,True
1481,multi_test,multi,2,True
2195,multi_test,multi,1,True
2196,multi_test,multi,8,False
2385,multi_test,multi,2,True
2386,multi_test,multi,1,True
2387,multi_test,multi,3,True
2889,multi_test,multi,6,False
2890,multi_test,multi,1,True
2891,multi_test,multi,14,False
2892,multi_test,multi,14,False
2893,multi_test,multi,5,False
2894,multi_test,multi,1,True
2886,multi_test,multi,5,False
2887,multi_test,multi,1,True
8005,multi_test,multi,18,False
8007,multi_test,multi,17,False
141,multi_test,multi,1,True
142,multi_test,multi,6,False
1225,multi_test,multi,2,True
1227,multi_test,multi,11,False
6952,multi_test,multi,1,True
6953,multi_test,multi,2,True
6954,multi_test,multi,1,True
